20:31:52.552 << $GPGSV,4,4,13,20,01,331,*49
20:31:52.553 << $GPRMC,013152.000,A,4153.0291,N,08748.2197,W,0.59,19.59,240107,,,A*47
20:31:53.532 << $GPGGA,013153.000,4153.0284,N,08748.2194,W,1,6,2.09,235.8,M,-34.0,M,,*60
20:31:53.535 << $GPGSA,A,3,07,27,08,14,30,22,,,,,,,2.26,2.09,0.86*0D
20:31:53.537 << $GPGSV,4,1,13,07,80,319,33,08,68,079,30,30,40,307,27,09,34,207,*7C
20:31:53.538 << $GPGSV,4,2,13,27,32,049,22,46,26,232,,14,23,267,23,02,23,130,*76
20:31:53.539 << $GPGSV,4,3,13,04,13,178,,16,09,070,,01,07,148,,22,06,259,22*7E
20:31:54.004 << $GPGSV,4,4,13,20,01,331,*49
20:31:54.006 << $GPRMC,013153.000,A,4153.0284,N,08748.2194,W,0.28,19.59,240107,,,A*47
20:31:54.495 << $GPGGA,013154.000,4153.0279,N,08748.2192,W,1,6,2.09,235.5,M,-34.0,M,,*6E
20:31:54.498 << $GPGSA,A,3,07,27,08,14,30,22,,,,,,,2.26,2.09,0.86*0D
20:31:54.500 << $GPGSV,4,1,13,07,80,319,33,08,68,079,30,30,40,307,27,09,34,207,*7C
20:31:54.501 << $GPGSV,4,2,13,27,32,049,22,46,26,232,,14,23,267,23,02,23,130,*76
20:31:54.501 << $GPGSV,4,3,13,04,13,178,,16,09,070,,01,07,148,,22,06,259,22*7E
20:31:54.502 << $GPGSV,4,4,13,20,01,331,*49
20:31:54.503 << $GPRMC,013154.000,A,4153.0279,N,08748.2192,W,0.22,19.59,240107,,,A*4E
20:31:55.482 << $GPGGA,013155.000,4153.0280,N,08748.2190,W,1,6,2.09,235.0,M,-34.0,M,,*6E
20:31:55.484 << $GPGSA,A,3,07,27,08,14,30,22,,,,,,,2.26,2.09,0.86*0D
20:31:55.486 << $GPGSV,4,1,13,07,80,319,33,08,68,079,30,30,40,307,27,09,34,207,*7C
20:31:55.487 << $GPGSV,4,2,13,27,32,049,22,46,26,232,,14,23,267,23,02,23,130,*76
20:31:55.488 << $GPGSV,4,3,13,04,13,178,,16,09,070,,01,07,148,,22,06,259,21*7D
20:31:55.489 << $GPGSV,4,4,13,20,01,331,*49
20:31:55.490 << $GPRMC,013155.000,A,4153.0280,N,08748.2190,W,0.22,19.59,240107,,,A*4B
20:31:56.469 << $GPGGA,013156.000,4153.0282,N,08748.2190,W,1,6,2.09,234.5,M,-34.0,M,,*6B
20:31:56.471 << $GPGSA,A,3,07,27,08,14,30,22,,,,,,,2.26,2.09,0.86*0D
20:31:56.473 << $GPGSV,4,1,13,07,80,319,33,08,68,079,30,30,40,307,27,09,34,207,*7C
20:31:56.474 << $GPGSV,4,2,13,27,32,049,22,46,26,232,,14,23,267,23,02,23,130,*76
20:31:56.475 << $GPGSV,4,3,13,04,13,178,,16,09,070,,01,07,148,,22,06,259,21*7D
20:31:56.475 << $GPGSV,4,4,13,20,01,331,*49
20:31:56.476 << $GPRMC,013156.000,A,4153.0282,N,08748.2190,W,0.24,19.59,240107,,,A*4C
20:31:57.444 << $GPGGA,013157.000,4153.0282,N,08748.2190,W,1,6,2.13,234.5,M,-34.0,M,,*61
20:31:57.447 << $GPGSA,A,3,07,27,08,14,30,22,,,,,,,2.73,2.13,1.70*0E
20:31:57.449 << $GPGSV,4,1,13,07,80,319,33,08,68,079,30,30,40,307,27,09,34,207,*7C
20:31:57.450 << $GPGSV,4,2,13,27,32,049,22,46,26,232,,14,23,267,23,02,23,130,*76
20:31:57.451 << $GPGSV,4,3,13,04,13,178,,16,09,070,,01,07,148,,22,06,259,21*7D
20:31:57.451 << $GPGSV,4,4,13,20,01,331,*49
20:31:57.452 << $GPRMC,013157.000,A,4153.0282,N,08748.2190,W,0.19,19.59,240107,,,A*43
20:31:58.427 << $GPGGA,013158.000,4153.0282,N,08748.2190,W,1,6,2.09,234.4,M,-34.0,M,,*64
20:31:58.430 << $GPGSA,A,3,07,27,08,14,30,22,,,,,,,2.26,2.09,0.86*0D
20:31:58.431 << $GPGSV,4,1,13,07,80,319,33,08,68,079,30,30,40,307,27,09,34,207,*7C
20:31:58.432 << $GPGSV,4,2,13,27,32,049,22,46,26,232,,14,23,267,23,02,23,130,*76
20:31:58.433 << $GPGSV,4,3,13,04,13,178,,16,09,070,,01,07,148,,22,06,259,21*7D
20:31:58.434 << $GPGSV,4,4,13,20,01,331,*49
20:31:58.434 << $GPRMC,013158.000,A,4153.0282,N,08748.2190,W,0.31,19.59,240107,,,A*46
20:31:59.410 << $GPGGA,013159.000,4153.0282,N,08748.2189,W,1,6,2.09,234.4,M,-34.0,M,,*6D
20:31:59.413 << $GPGSA,A,3,07,27,08,14,30,22,,,,,,,2.26,2.09,0.86*0D
20:31:59.415 << $GPGSV,4,1,13,07,80,319,33,08,68,078,30,30,40,307,27,09,34,207,*7D
20:31:59.416 << $GPGSV,4,2,13,27,32,049,22,46,26,232,,14,23,267,23,02,23,130,*76
20:31:59.417 << $GPGSV,4,3,13,04,13,178,,16,09,070,,01,07,148,,22,06,259,21*7D
20:31:59.418 << $GPGSV,4,4,13,20,01,331,*49
20:31:59.851 << $GPRMC,013159.000,A,4153.0282,N,08748.2189,W,0.30,19.59,240107,,,A*4E
20:32:00.339 << $GPGGA,013200.000,4153.0282,N,08748.2188,W,1,6,2.09,234.4,M,-34.0,M,,*63
20:32:00.342 << $GPGSA,A,3,07,27,08,14,30,22,,,,,,,2.26,2.09,0.86*0D
20:32:00.344 << $GPGSV,4,1,13,07,80,319,33,08,68,078,30,30,40,307,27,09,34,207,*7D
20:32:00.345 << $GPGSV,4,2,13,27,32,049,22,46,26,232,,14,23,267,22,02,23,130,*77
20:32:00.346 << $GPGSV,4,3,13,04,13,178,,16,09,070,,01,07,148,,22,06,259,20*7C
20:32:00.399 << $GPGSV,4,4,13,20,01,331,*49
20:32:00.400 << $GPRMC,013200.000,A,4153.0282,N,08748.2188,W,0.50,19.59,240107,,,A*46
20:32:01.318 << $GPGGA,013201.000,4153.0283,N,08748.2186,W,1,6,2.09,234.3,M,-34.0,M,,*6A
20:32:01.321 << $GPGSA,A,3,07,27,08,14,30,22,,,,,,,2.26,2.09,0.86*0D
20:32:01.322 << $GPGSV,4,1,13,07,80,319,33,08,68,078,30,30,40,307,26,09,34,207,*7C
20:32:01.323 << $GPGSV,4,2,13,27,32,049,22,46,26,232,,14,23,267,22,02,23,130,*77
20:32:01.324 << $GPGSV,4,3,13,04,13,178,,16,09,070,,01,07,148,,22,06,259,20*7C
20:32:01.325 << $GPGSV,4,4,13,20,01,331,*49
20:32:01.803 << $GPRMC,013201.000,A,4153.0283,N,08748.2186,W,0.39,19.59,240107,,,A*47
20:32:02.291 << $GPGGA,013202.000,4153.0284,N,08748.2185,W,1,6,2.09,234.3,M,-34.0,M,,*6D
20:32:02.294 << $GPGSA,A,3,07,27,08,14,30,22,,,,,,,2.26,2.09,0.86*0D
20:32:02.296 << $GPGSV,4,1,13,07,80,319,33,08,68,078,30,30,40,307,26,09,34,207,*7C
20:32:02.297 << $GPGSV,4,2,13,27,32,049,22,14,23,267,21,02,23,130,,04,13,178,*79
20:32:02.297 << $GPGSV,4,3,13,16,09,070,,01,07,148,,22,06,259,20,33,04,102,*73
20:32:02.781 << $GPGSV,4,4,13,20,01,331,*49
20:32:02.783 << $GPRMC,013202.000,A,4153.0284,N,08748.2185,W,0.35,19.59,240107,,,A*4C
20:32:03.762 << $GPGGA,013203.000,4153.0284,N,08748.2184,W,1,6,2.09,234.3,M,-34.0,M,,*6D
20:32:03.765 << $GPGSA,A,3,07,27,08,14,30,22,,,,,,,2.26,2.09,0.86*0D
20:32:03.766 << $GPGSV,4,1,13,07,80,319,33,08,68,078,30,30,40,307,25,09,34,207,*7F
20:32:03.767 << $GPGSV,4,2,13,27,32,049,22,14,23,267,20,02,23,130,,04,13,178,*78
20:32:03.768 << $GPGSV,4,3,13,16,09,070,,01,07,148,,22,06,259,20,33,04,102,*73
20:32:03.769 << $GPGSV,4,4,13,20,01,331,*49
20:32:03.770 << $GPRMC,013203.000,A,4153.0284,N,08748.2184,W,0.35,19.59,240107,,,A*4C
20:32:04.742 << $GPGGA,013204.000,4153.0286,N,08748.2184,W,1,6,2.09,234.3,M,-34.0,M,,*68
20:32:04.745 << $GPGSA,A,3,07,27,08,14,30,22,,,,,,,2.26,2.09,0.86*0D
20:32:04.747 << $GPGSV,4,1,13,07,80,319,33,08,68,078,30,30,40,307,25,09,34,207,*7F
20:32:04.748 << $GPGSV,4,2,13,27,32,049,22,14,23,267,20,02,23,130,,04,13,178,*78
20:32:04.749 << $GPGSV,4,3,13,16,09,070,,01,07,148,,22,06,259,19,33,04,102,*79
20:32:04.749 << $GPGSV,4,4,13,20,01,331,*49
20:32:04.751 << $GPRMC,013204.000,A,4153.0286,N,08748.2184,W,0.81,339.55,240107,,,A*7B
20:32:05.727 << $GPGGA,013205.000,4153.0290,N,08748.2184,W,1,6,2.09,233.9,M,-34.0,M,,*63
20:32:05.730 << $GPGSA,A,3,07,27,08,14,30,22,,,,,,,2.26,2.09,0.86*0D
20:32:05.731 << $GPGSV,4,1,13,07,80,319,33,08,68,078,30,30,40,307,25,09,34,207,*7F
20:32:05.732 << $GPGSV,4,2,13,27,32,049,22,14,24,267,20,02,23,130,,04,13,178,*7F
20:32:05.733 << $GPGSV,4,3,13,16,09,070,,01,07,148,,22,06,259,19,33,04,102,*79
20:32:05.734 << $GPGSV,4,4,13,20,01,331,*49
20:32:05.735 << $GPRMC,013205.000,A,4153.0290,N,08748.2184,W,0.86,347.26,240107,,,A*77
20:32:06.711 << $GPGGA,013206.000,4153.0290,N,08748.2185,W,1,6,2.13,233.3,M,-34.0,M,,*60
20:32:06.713 << $GPGSA,A,3,07,27,08,14,30,22,,,,,,,2.73,2.13,1.70*0E
20:32:06.715 << $GPGSV,4,1,13,07,80,319,33,08,68,078,30,30,40,307,25,09,34,207,*7F
20:32:06.718 << $GPGSV,4,2,13,27,32,049,22,14,24,267,20,02,23,130,,04,13,178,*7F
20:32:06.719 << $GPGSV,4,3,13,16,09,070,,01,07,148,,22,06,259,19,33,04,102,*79
20:32:06.719 << $GPGSV,4,4,13,20,01,331,*49
20:32:06.720 << $GPRMC,013206.000,A,4153.0290,N,08748.2185,W,0.59,350.63,240107,,,A*70
20:32:07.690 << $GPGGA,013207.000,4153.0289,N,08748.2183,W,1,6,2.14,232.7,M,-34.0,M,,*6D
20:32:07.692 << $GPGSA,A,3,07,27,08,14,30,22,,,,,,,2.73,2.14,1.70*09
20:32:08.143 << $GPGSV,4,1,13,07,80,319,33,08,68,078,30,30,40,307,25,09,34,207,*7F
20:32:08.144 << $GPGSV,4,2,13,27,32,049,22,14,24,267,20,02,23,130,,04,13,178,*7F
20:32:08.145 << $GPGSV,4,3,13,16,09,070,,01,07,148,,22,06,259,19,33,04,102,*79
20:32:08.146 << $GPGSV,4,4,13,20,01,331,*49
20:32:08.147 << $GPRMC,013207.000,A,4153.0289,N,08748.2183,W,0.59,0.25,240107,,,A*7B
20:32:08.631 << $GPGGA,013208.000,4153.0284,N,08748.2180,W,1,6,2.14,232.4,M,-34.0,M,,*6F
20:32:08.633 << $GPGSA,A,3,07,27,08,14,30,22,,,,,,,2.73,2.14,1.70*09
20:32:08.635 << $GPGSV,4,1,13,07,80,319,33,08,68,078,30,30,40,307,25,09,34,207,*7F
20:32:08.636 << $GPGSV,4,2,13,27,32,049,22,14,24,267,20,02,23,130,,04,13,178,*7F
20:32:08.637 << $GPGSV,4,3,13,16,09,070,,01,07,148,,22,06,259,19,33,04,102,*79
20:32:08.638 << $GPGSV,4,4,13,20,01,331,*49
20:32:08.639 << $GPRMC,013208.000,A,4153.0284,N,08748.2180,W,0.37,0.25,240107,,,A*72
20:32:09.620 << $GPGGA,013209.000,4153.0287,N,08748.2184,W,1,7,1.28,232.1,M,-34.0,M,,*61
20:32:09.623 << $GPGSA,A,3,07,27,08,14,30,09,22,,,,,,1.55,1.28,0.86*03
20:32:09.625 << $GPGSV,4,1,13,07,80,319,34,08,68,078,30,30,40,307,25,09,34,207,17*7E
20:32:09.626 << $GPGSV,4,2,13,27,32,049,22,14,24,267,20,02,23,130,,04,13,178,*7F
20:32:09.627 << $GPGSV,4,3,13,16,09,070,,01,07,148,,22,06,259,19,33,04,102,*79
20:32:09.627 << $GPGSV,4,4,13,20,01,331,*49
20:32:09.628 << $GPRMC,013209.000,A,4153.0287,N,08748.2184,W,0.36,0.25,240107,,,A*75
20:32:10.612 << $GPGGA,013210.000,4153.0284,N,08748.2181,W,1,7,1.35,231.6,M,-34.0,M,,*67
20:32:10.614 << $GPGSA,A,3,07,27,08,14,30,09,22,,,,,,2.17,1.35,1.70*02
20:32:10.616 << $GPGSV,4,1,13,07,80,319,34,08,68,078,30,30,40,307,25,09,34,207,18*71
20:32:10.617 << $GPGSV,4,2,13,27,32,049,22,14,24,267,20,02,23,130,,04,13,178,*7F
20:32:10.618 << $GPGSV,4,3,13,16,09,070,,01,07,148,,22,06,259,20,33,04,102,*73
20:32:11.071 << $GPGSV,4,4,13,20,01,331,*49
20:32:11.073 << $GPRMC,013210.000,A,4153.0284,N,08748.2181,W,0.32,0.25,240107,,,A*7F
20:32:11.554 << $GPGGA,013211.000,4153.0282,N,08748.2179,W,1,7,1.28,231.0,M,-34.0,M,,*6D
20:32:11.557 << $GPGSA,A,3,07,27,08,14,30,09,22,,,,,,1.55,1.28,0.86*03
20:32:11.559 << $GPGSV,4,1,13,07,80,319,34,08,68,078,30,30,40,307,25,09,34,207,17*7E
20:32:11.560 << $GPGSV,4,2,13,44,33,219,,27,32,049,22,14,24,267,20,02,23,130,*7D
20:32:12.045 << $GPGSV,4,3,13,04,13,178,,16,09,070,,01,07,148,,22,06,259,20*7C
20:32:12.046 << $GPGSV,4,4,13,20,01,331,*49
20:32:12.048 << $GPRMC,013211.000,A,4153.0282,N,08748.2179,W,0.35,0.25,240107,,,A*78
20:32:12.528 << $GPGGA,013212.000,4153.0282,N,08748.2177,W,1,7,1.28,231.0,M,-34.0,M,,*60
20:32:12.531 << $GPGSA,A,3,07,27,08,14,30,09,22,,,,,,1.55,1.28,0.86*03
20:32:12.533 << $GPGSV,4,1,13,07,80,319,34,08,68,078,30,30,40,307,25,09,34,207,17*7E
20:32:12.534 << $GPGSV,4,2,13,44,33,219,,27,32,049,22,14,24,267,19,02,23,130,*77
20:32:12.535 << $GPGSV,4,3,13,04,13,178,,16,09,070,,01,07,148,,22,06,259,19*76
20:32:12.536 << $GPGSV,4,4,13,20,01,331,*49
20:32:12.537 << $GPRMC,013212.000,A,4153.0282,N,08748.2177,W,0.43,0.25,240107,,,A*74
20:32:13.514 << $GPGGA,013213.000,4153.0282,N,08748.2176,W,1,7,1.28,231.0,M,-34.0,M,,*60
20:32:13.517 << $GPGSA,A,3,07,27,08,14,30,09,22,,,,,,1.55,1.28,0.86*03
20:32:13.518 << $GPGSV,4,1,13,07,80,319,34,08,68,078,30,30,40,307,25,09,34,207,17*7E
20:32:13.520 << $GPGSV,4,2,13,44,33,219,,27,32,049,22,14,24,267,19,02,23,130,*77
20:32:13.989 << $GPGSV,4,3,13,04,13,178,,16,09,070,,22,07,259,19,01,07,148,*77
20:32:13.990 << $GPGSV,4,4,13,20,01,331,*49
20:32:13.992 << $GPRMC,013213.000,A,4153.0282,N,08748.2176,W,0.38,0.25,240107,,,A*78
20:32:14.483 << $GPGGA,013214.000,4153.0282,N,08748.2174,W,1,7,1.28,231.0,M,-34.0,M,,*65
20:32:14.485 << $GPGSA,A,3,07,27,08,14,30,09,22,,,,,,1.55,1.28,0.86*03
20:32:14.487 << $GPGSV,4,1,13,07,80,319,34,08,68,078,30,30,40,307,25,09,34,207,17*7E
20:32:14.488 << $GPGSV,4,2,13,44,33,219,28,27,32,049,22,14,24,267,19,02,23,130,*7D
20:32:14.489 << $GPGSV,4,3,13,04,13,178,,16,09,070,,22,07,259,19,01,07,148,*77
20:32:14.490 << $GPGSV,4,4,13,20,01,331,*49
20:32:14.491 << $GPRMC,013214.000,A,4153.0282,N,08748.2174,W,0.35,0.25,240107,,,A*70
20:32:15.469 << $GPGGA,013215.000,4153.0282,N,08748.2173,W,1,7,1.28,230.9,M,-34.0,M,,*6B
20:32:15.472 << $GPGSA,A,3,07,27,08,14,30,09,22,,,,,,1.55,1.28,0.86*03
20:32:15.473 << $GPGSV,4,1,13,07,80,319,34,08,68,078,30,30,40,307,25,09,34,207,17*7E
20:32:15.474 << $GPGSV,4,2,13,44,33,219,28,27,32,049,22,14,24,267,19,02,23,130,*7D
20:32:15.475 << $GPGSV,4,3,13,04,13,178,,16,09,070,,22,07,259,19,01,07,148,*77
20:32:15.476 << $GPGSV,4,4,13,20,01,331,*49
20:32:15.477 << $GPRMC,013215.000,A,4153.0282,N,08748.2173,W,0.18,0.25,240107,,,A*79
20:32:16.459 << $GPGGA,013216.000,4153.0282,N,08748.2173,W,1,7,1.28,230.9,M,-34.0,M,,*68
20:32:16.461 << $GPGSA,A,3,07,27,08,14,30,09,22,,,,,,1.55,1.28,0.86*03
20:32:16.463 << $GPGSV,4,1,13,07,80,319,34,08,68,078,30,30,40,307,25,09,34,207,17*7E
20:32:16.464 << $GPGSV,4,2,13,44,33,219,,27,32,049,22,14,24,267,19,02,23,130,*77
20:32:16.464 << $GPGSV,4,3,13,04,13,178,,16,09,070,,22,07,259,18,01,07,148,*76
20:32:16.465 << $GPGSV,4,4,13,20,01,331,*49
20:32:16.466 << $GPRMC,013216.000,A,4153.0282,N,08748.2173,W,0.21,0.25,240107,,,A*70
20:32:17.444 << $GPGGA,013217.000,4153.0281,N,08748.2172,W,1,7,1.28,230.9,M,-34.0,M,,*6B
20:32:17.447 << $GPGSA,A,3,07,27,08,14,30,09,22,,,,,,1.55,1.28,0.86*03
20:32:17.448 << $GPGSV,4,1,13,07,80,319,34,08,68,078,30,30,40,307,24,09,34,207,17*7F
20:32:17.449 << $GPGSV,4,2,13,44,33,219,,27,32,049,22,14,24,267,19,02,23,130,*77
20:32:17.450 << $GPGSV,4,3,13,04,13,178,,16,09,070,,22,07,259,18,01,07,148,*76
20:32:17.450 << $GPGSV,4,4,13,20,01,331,*49
20:32:17.452 << $GPRMC,013217.000,A,4153.0281,N,08748.2172,W,0.40,0.25,240107,,,A*74
20:32:18.380 << $GPGGA,013218.000,4153.0280,N,08748.2173,W,1,7,1.28,230.9,M,-34.0,M,,*64
20:32:18.382 << $GPGSA,A,3,07,27,08,14,30,09,22,,,,,,1.55,1.28,0.86*03
20:32:18.384 << $GPGSV,4,1,13,07,80,319,34,08,68,078,30,30,40,307,25,09,34,207,17*7E
20:32:18.385 << $GPGSV,4,2,13,44,33,219,,27,32,049,22,14,24,267,19,02,23,130,*77
20:32:18.386 << $GPGSV,4,3,13,04,13,178,,16,09,070,,22,07,259,18,01,07,148,*76
20:32:18.863 << $GPGSV,4,4,13,20,01,331,*49
20:32:18.865 << $GPRMC,013218.000,A,4153.0280,N,08748.2173,W,0.48,0.25,240107,,,A*73
20:32:19.353 << $GPGGA,013219.000,4153.0279,N,08748.2173,W,1,7,1.28,230.8,M,-34.0,M,,*62
20:32:19.356 << $GPGSA,A,3,07,27,08,14,30,09,22,,,,,,1.55,1.28,0.86*03
20:32:19.358 << $GPGSV,4,1,13,07,80,319,34,08,68,078,30,30,40,307,25,09,34,207,17*7E
20:32:19.359 << $GPGSV,4,2,13,44,33,219,,27,32,049,22,14,24,267,20,02,23,130,*7D
20:32:19.360 << $GPGSV,4,3,13,04,13,178,,16,09,070,,22,07,259,18,01,07,148,*76
20:32:19.360 << $GPGSV,4,4,13,20,01,331,*49
20:32:19.362 << $GPRMC,013219.000,A,4153.0279,N,08748.2173,W,0.25,0.25,240107,,,A*7F
20:32:20.343 << $GPGGA,013220.000,4153.0278,N,08748.2172,W,1,7,1.28,230.8,M,-34.0,M,,*68
20:32:20.346 << $GPGSA,A,3,07,27,08,14,30,09,22,,,,,,1.55,1.28,0.86*03
20:32:20.347 << $GPGSV,4,1,13,07,80,319,34,08,68,078,30,30,40,307,25,09,34,207,17*7E
20:32:20.348 << $GPGSV,4,2,13,44,33,219,,27,32,049,22,14,24,267,20,02,23,130,*7D
20:32:20.349 << $GPGSV,4,3,13,04,13,178,,16,09,070,,22,07,259,18,01,07,148,*76
20:32:20.350 << $GPGSV,4,4,13,20,01,331,*49
20:32:20.351 << $GPRMC,013220.000,A,4153.0278,N,08748.2172,W,0.12,0.25,240107,,,A*71
20:32:21.329 << $GPGGA,013221.000,4153.0278,N,08748.2172,W,1,7,1.28,230.8,M,-34.0,M,,*69
20:32:21.332 << $GPGSA,A,3,07,27,08,14,30,09,22,,,,,,1.55,1.28,0.86*03
20:32:21.334 << $GPGSV,4,1,13,07,80,319,34,08,68,078,30,30,40,307,24,09,34,207,17*7F
20:32:21.335 << $GPGSV,4,2,13,44,33,219,,27,32,049,23,14,24,267,19,02,23,130,*76
20:32:21.336 << $GPGSV,4,3,13,04,13,178,,16,09,070,,22,07,259,18,01,07,148,*76
20:32:21.337 << $GPGSV,4,4,13,20,01,331,*49
20:32:21.338 << $GPRMC,013221.000,A,4153.0278,N,08748.2172,W,0.11,0.25,240107,,,A*73
20:32:22.770 << $GPGGA,013222.000,4153.0277,N,08748.2172,W,1,7,1.28,230.8,M,-34.0,M,,*65
20:32:22.773 << $GPGSA,A,3,07,27,08,14,30,09,22,,,,,,1.55,1.28,0.86*03
20:32:22.775 << $GPGSV,4,1,13,07,80,319,34,08,68,078,30,30,40,307,24,09,34,207,17*7F
20:32:22.776 << $GPGSV,4,2,13,44,33,219,28,27,32,049,23,14,24,267,19,02,23,130,*7C
20:32:22.777 << $GPGSV,4,3,13,04,13,178,,16,09,070,,22,07,259,18,01,07,148,*76
20:32:22.778 << $GPGSV,4,4,13,20,01,331,*49
20:32:22.779 << $GPRMC,013222.000,A,4153.0277,N,08748.2172,W,0.22,0.25,240107,,,A*7F
20:32:23.751 << $GPGGA,013223.000,4153.0277,N,08748.2173,W,1,6,2.10,230.8,M,-34.0,M,,*6C
20:32:23.753 << $GPGSA,A,3,07,27,08,14,30,22,,,,,,,2.27,2.10,0.86*04
20:32:23.754 << $GPGSV,4,1,13,07,80,319,34,08,68,078,30,30,40,307,24,09,34,207,16*7E
20:32:23.755 << $GPGSV,4,2,13,44,33,219,27,27,32,049,22,14,24,267,19,02,23,130,*72
20:32:23.755 << $GPGSV,4,3,13,04,13,178,,16,09,070,,22,07,259,18,01,07,148,*76
20:32:23.756 << $GPGSV,4,4,13,20,01,331,*49
20:32:23.756 << $GPRMC,013223.000,A,4153.0277,N,08748.2173,W,0.11,0.25,240107,,,A*7F
20:32:24.733 << $GPGGA,013224.000,4153.0277,N,08748.2174,W,1,7,1.28,230.8,M,-34.0,M,,*65
20:32:24.737 << $GPGSA,A,3,07,27,08,14,30,09,22,,,,,,1.55,1.28,0.86*03
20:32:24.739 << $GPGSV,4,1,13,07,80,319,34,08,68,078,30,30,40,307,24,09,34,207,16*7E
20:32:24.740 << $GPGSV,4,2,13,44,33,219,28,27,32,049,22,14,24,267,19,02,23,130,*7D
20:32:24.741 << $GPGSV,4,3,13,04,13,178,,16,09,070,,22,07,259,18,01,07,148,*76
20:32:24.742 << $GPGSV,4,4,13,20,01,331,*49
20:32:24.742 << $GPRMC,013224.000,A,4153.0277,N,08748.2174,W,0.25,0.25,240107,,,A*78
20:32:25.719 << $GPGGA,013225.000,4153.0278,N,08748.2175,W,1,7,1.28,230.8,M,-34.0,M,,*6A
20:32:25.722 << $GPGSA,A,3,07,27,08,14,30,09,22,,,,,,1.55,1.28,0.86*03
20:32:25.724 << $GPGSV,4,1,13,07,80,319,34,08,68,078,30,30,40,307,23,09,34,207,16*79
20:32:25.725 << $GPGSV,4,2,13,44,33,219,,27,32,049,22,14,24,267,19,02,23,130,*77
20:32:25.726 << $GPGSV,4,3,13,04,13,178,,16,09,070,,22,07,259,18,01,07,148,*76
20:32:25.727 << $GPGSV,4,4,13,20,01,331,*49
20:32:25.728 << $GPRMC,013225.000,A,4153.0278,N,08748.2175,W,0.31,0.25,240107,,,A*72
20:32:26.707 << $GPGGA,013226.000,4153.0278,N,08748.2175,W,1,7,1.28,230.8,M,-34.0,M,,*69
20:32:26.711 << $GPGSA,A,3,07,27,08,14,30,09,22,,,,,,1.55,1.28,0.86*03
20:32:26.712 << $GPGSV,4,1,13,07,80,319,34,08,68,078,30,30,40,307,23,09,34,207,16*79
20:32:26.714 << $GPGSV,4,2,13,44,33,219,,27,32,049,22,14,24,267,20,02,23,130,*7D
20:32:26.715 << $GPGSV,4,3,13,04,13,178,,16,09,070,,22,07,259,18,01,07,148,*76
20:32:26.715 << $GPGSV,4,4,13,20,01,331,*49
20:32:27.153 << $GPRMC,013226.000,A,4153.0278,N,08748.2175,W,0.32,0.25,240107,,,A*72
20:32:27.645 << $GPGGA,013227.000,4153.0278,N,08748.2177,W,1,6,2.10,230.7,M,-34.0,M,,*6C
20:32:27.648 << $GPGSA,A,3,07,27,08,14,30,22,,,,,,,2.27,2.10,0.86*04
20:32:27.650 << $GPGSV,4,1,13,07,80,319,34,08,68,078,30,30,40,307,22,09,34,207,16*78
20:32:27.651 << $GPGSV,4,2,13,44,33,219,,27,32,049,22,14,24,267,20,02,23,130,*7D
20:32:27.652 << $GPGSV,4,3,13,04,12,178,,16,09,070,,22,07,259,18,01,07,148,*77
20:32:27.653 << $GPGSV,4,4,13,20,01,331,*49
20:32:27.654 << $GPRMC,013227.000,A,4153.0278,N,08748.2177,W,0.22,0.25,240107,,,A*70
20:32:28.631 << $GPGGA,013228.000,4153.0278,N,08748.2177,W,1,6,2.10,230.7,M,-34.0,M,,*63
20:32:28.634 << $GPGSA,A,3,07,27,08,14,30,22,,,,,,,2.27,2.10,0.86*04
20:32:28.636 << $GPGSV,4,1,13,07,80,319,35,08,68,078,30,30,40,307,22,09,34,207,16*79
20:32:28.637 << $GPGSV,4,2,13,44,33,219,,27,32,049,22,14,24,267,20,02,23,130,*7D
20:32:28.637 << $GPGSV,4,3,13,04,12,178,,16,09,070,,22,07,259,18,01,07,148,*77
20:32:29.101 << $GPGSV,4,4,13,20,01,331,*49
20:32:29.103 << $GPRMC,013228.000,A,4153.0278,N,08748.2177,W,0.23,0.25,240107,,,A*7E
20:32:29.591 << $GPGGA,013229.000,4153.0278,N,08748.2177,W,1,6,2.10,230.7,M,-34.0,M,,*62
20:32:29.594 << $GPGSA,A,3,07,27,08,14,30,22,,,,,,,2.27,2.10,0.86*04
20:32:29.596 << $GPGSV,4,1,13,07,80,319,35,08,68,078,30,30,40,307,22,09,34,207,16*79
20:32:29.597 << $GPGSV,4,2,13,44,33,219,,27,32,049,22,14,24,267,20,02,23,130,*7D
20:32:29.598 << $GPGSV,4,3,13,04,12,178,,16,09,070,,22,07,259,18,01,07,148,*77
20:32:29.598 << $GPGSV,4,4,13,20,01,331,*49
20:32:29.599 << $GPRMC,013229.000,A,4153.0278,N,08748.2177,W,0.27,0.25,240107,,,A*7B
20:32:30.580 << $GPGGA,013230.000,4153.0277,N,08748.2177,W,1,6,2.10,230.7,M,-34.0,M,,*65
20:32:30.583 << $GPGSA,A,3,07,27,08,14,30,22,,,,,,,2.27,2.10,0.86*04
20:32:30.585 << $GPGSV,4,1,13,07,80,319,35,08,68,078,30,30,40,307,22,09,34,207,15*7A
20:32:30.586 << $GPGSV,4,2,13,44,33,219,,27,32,049,22,14,24,267,20,02,23,130,*7D
20:32:30.587 << $GPGSV,4,3,13,04,12,178,,16,09,070,,22,07,259,18,01,07,148,*77
20:32:30.587 << $GPGSV,4,4,13,20,01,331,*49
20:32:30.588 << $GPRMC,013230.000,A,4153.0277,N,08748.2177,W,0.26,0.25,240107,,,A*7D
20:32:31.568 << $GPGGA,013231.000,4153.0276,N,08748.2177,W,1,6,2.10,230.7,M,-34.0,M,,*65
20:32:31.571 << $GPGSA,A,3,07,27,08,14,30,22,,,,,,,2.27,2.10,0.86*04
20:32:31.573 << $GPGSV,4,1,13,07,80,319,35,08,67,078,30,30,40,307,22,09,34,207,15*75
20:32:31.574 << $GPGSV,4,2,13,44,33,219,,27,32,049,22,14,24,267,20,02,23,130,*7D
20:32:31.575 << $GPGSV,4,3,13,04,12,178,,16,09,070,,22,07,259,18,01,07,148,*77
20:32:31.575 << $GPGSV,4,4,13,20,01,331,*49
20:32:31.576 << $GPRMC,013231.000,A,4153.0276,N,08748.2177,W,0.30,0.25,240107,,,A*7A
20:32:32.546 << $GPGGA,013232.000,4153.0275,N,08748.2178,W,1,6,2.10,230.6,M,-34.0,M,,*6B
20:32:32.549 << $GPGSA,A,3,07,27,08,14,30,22,,,,,,,2.27,2.10,0.86*04
20:32:32.551 << $GPGSV,4,1,13,07,80,319,35,08,67,078,30,30,40,307,22,09,33,206,15*73
20:32:32.552 << $GPGSV,4,2,13,44,33,219,,27,32,049,22,14,24,267,20,02,23,130,*7D
20:32:32.553 << $GPGSV,4,3,13,04,12,178,,16,09,070,,22,07,259,18,01,07,148,*77
20:32:32.553 << $GPGSV,4,4,13,20,01,331,*49
20:32:32.554 << $GPRMC,013232.000,A,4153.0275,N,08748.2178,W,0.14,0.25,240107,,,A*73
20:32:33.526 << $GPGGA,013233.000,4153.0275,N,08748.2178,W,1,6,2.10,230.6,M,-34.0,M,,*6A
20:32:33.530 << $GPGSA,A,3,07,27,08,14,30,22,,,,,,,2.27,2.10,0.86*04
20:32:33.531 << $GPGSV,4,1,13,07,80,319,35,08,67,078,30,30,40,307,22,09,33,206,14*72
20:32:33.532 << $GPGSV,4,2,13,44,33,219,,27,32,049,22,14,24,267,20,02,23,130,*7D
20:32:33.533 << $GPGSV,4,3,13,04,12,178,,16,09,070,,22,07,259,18,01,07,148,*77
20:32:33.534 << $GPGSV,4,4,13,20,01,331,*49
20:32:33.535 << $GPRMC,013233.000,A,4153.0275,N,08748.2178,W,0.29,0.25,240107,,,A*7C
20:32:34.464 << $GPGGA,013234.000,4153.0275,N,08748.2177,W,1,6,2.10,230.6,M,-34.0,M,,*62
20:32:34.520 << $GPGSA,A,3,07,27,08,14,30,22,,,,,,,2.27,2.10,0.86*04
20:32:34.522 << $GPGSV,4,1,13,07,80,319,35,08,67,078,30,30,40,307,23,09,33,206,14*73
20:32:34.523 << $GPGSV,4,2,13,44,33,219,,27,32,049,21,14,24,267,20,02,23,130,*7E
20:32:34.523 << $GPGSV,4,3,13,04,12,178,,16,09,070,,22,07,259,18,01,07,148,*77
20:32:34.524 << $GPGSV,4,4,13,20,01,331,*49
20:32:34.948 << $GPRMC,013234.000,A,4153.0275,N,08748.2177,W,0.03,0.25,240107,,,A*7C
20:32:35.444 << $GPGGA,013235.000,4153.0274,N,08748.2177,W,1,6,2.10,230.6,M,-34.0,M,,*62
20:32:35.447 << $GPGSA,A,3,07,27,08,14,30,22,,,,,,,2.27,2.10,0.86*04
20:32:35.448 << $GPGSV,4,1,13,07,80,319,35,08,67,078,30,30,40,307,23,09,33,206,14*73
20:32:35.450 << $GPGSV,4,2,13,44,33,219,,27,32,049,21,14,24,267,20,02,23,130,*7E
20:32:35.450 << $GPGSV,4,3,13,04,12,178,,16,09,070,,22,07,259,18,01,07,148,*77
20:32:35.451 << $GPGSV,4,4,13,20,01,331,*49
20:32:35.452 << $GPRMC,013235.000,A,4153.0274,N,08748.2177,W,0.17,0.25,240107,,,A*79
20:32:36.426 << $GPGGA,013236.000,4153.0274,N,08748.2178,W,1,6,2.10,230.6,M,-34.0,M,,*6E
20:32:36.429 << $GPGSA,A,3,07,27,08,14,30,22,,,,,,,2.27,2.10,0.86*04
20:32:36.431 << $GPGSV,4,1,13,07,80,319,35,08,67,078,30,30,40,307,23,09,33,206,*76
20:32:36.432 << $GPGSV,4,2,13,44,33,219,,27,32,049,21,14,24,267,20,02,23,130,*7E
20:32:36.432 << $GPGSV,4,3,13,04,12,178,,16,09,070,,22,07,259,18,01,07,148,*77
20:32:36.433 << $GPGSV,4,4,13,20,01,331,*49
20:32:36.905 << $GPRMC,013236.000,A,4153.0274,N,08748.2178,W,0.18,0.25,240107,,,A*7A
20:32:37.391 << $GPGGA,013237.000,4153.0274,N,08748.2177,W,1,7,1.28,230.5,M,-34.0,M,,*6A
20:32:37.394 << $GPGSA,A,3,07,27,08,14,30,09,22,,,,,,1.54,1.28,0.86*02
20:32:37.396 << $GPGSV,4,1,13,07,80,319,35,08,67,078,30,30,40,307,23,09,33,206,16*71
20:32:37.397 << $GPGSV,4,2,13,44,33,219,,27,32,049,22,14,24,267,20,02,23,130,*7D
20:32:37.398 << $GPGSV,4,3,13,04,12,178,,16,09,070,,22,07,259,18,01,07,148,*77
20:32:37.399 << $GPGSV,4,4,13,20,01,331,*49
20:32:37.400 << $GPRMC,013237.000,A,4153.0274,N,08748.2177,W,0.33,0.25,240107,,,A*7D
20:32:38.380 << $GPGGA,013238.000,4153.0273,N,08748.2178,W,1,6,2.10,230.5,M,-34.0,M,,*64
20:32:38.383 << $GPGSA,A,3,07,27,08,14,30,22,,,,,,,2.27,2.10,0.86*04
20:32:38.385 << $GPGSV,4,1,13,07,80,319,35,08,67,078,30,30,40,307,24,09,33,206,15*75
20:32:38.386 << $GPGSV,4,2,13,44,33,219,,27,32,049,22,14,24,267,20,02,23,130,*7D
20:32:38.386 << $GPGSV,4,3,13,04,12,178,,16,09,070,,22,07,259,18,01,07,148,*77
20:32:38.387 << $GPGSV,4,4,13,20,01,331,*49
20:32:38.388 << $GPRMC,013238.000,A,4153.0273,N,08748.2178,W,0.17,0.25,240107,,,A*7C
20:32:39.369 << $GPGGA,013239.000,4153.0273,N,08748.2178,W,1,6,2.10,230.5,M,-34.0,M,,*65
20:32:39.372 << $GPGSA,A,3,07,27,08,14,30,22,,,,,,,2.27,2.10,0.86*04
20:32:39.374 << $GPGSV,4,1,13,07,80,319,35,08,67,078,30,30,40,307,24,09,33,206,16*76
20:32:39.375 << $GPGSV,4,2,13,44,33,219,,27,32,049,23,14,24,267,20,02,23,130,*7C
20:32:39.376 << $GPGSV,4,3,13,04,12,178,,16,08,070,,22,07,259,18,01,07,148,*76
20:32:39.376 << $GPGSV,4,4,13,20,01,331,*49
20:32:39.377 << $GPRMC,013239.000,A,4153.0273,N,08748.2178,W,0.22,0.25,240107,,,A*7B
20:32:40.349 << $GPGGA,013240.000,4153.0272,N,08748.2177,W,1,6,2.10,230.5,M,-34.0,M,,*65
20:32:40.352 << $GPGSA,A,3,07,27,08,14,30,22,,,,,,,2.27,2.10,0.86*04
20:32:40.354 << $GPGSV,4,1,13,07,80,319,35,08,67,078,30,30,40,307,24,09,33,206,16*76
20:32:40.355 << $GPGSV,4,2,13,44,33,219,,27,32,049,23,14,24,267,20,02,23,130,*7C
20:32:40.356 << $GPGSV,4,3,13,04,12,178,,16,08,070,,22,07,259,18,01,07,148,*76
20:32:40.356 << $GPGSV,4,4,13,20,01,331,*49
20:32:40.357 << $GPRMC,013240.000,A,4153.0272,N,08748.2177,W,0.31,0.25,240107,,,A*79
20:32:41.336 << $GPGGA,013241.000,4153.0271,N,08748.2177,W,1,6,2.10,230.5,M,-34.0,M,,*67
20:32:41.339 << $GPGSA,A,3,07,27,08,14,30,22,,,,,,,2.27,2.10,0.86*04
20:32:41.341 << $GPGSV,4,1,13,07,80,319,35,08,67,078,30,30,40,307,24,09,33,206,16*76
20:32:41.342 << $GPGSV,4,2,13,44,33,219,,27,32,049,23,14,24,267,20,02,23,130,*7C
20:32:41.343 << $GPGSV,4,3,13,04,12,178,,16,08,070,,22,07,259,18,01,07,148,*76
20:32:41.344 << $GPGSV,4,4,13,20,01,331,*49
20:32:41.345 << $GPRMC,013241.000,A,4153.0271,N,08748.2177,W,0.33,0.25,240107,,,A*79
20:32:42.751 << $GPGGA,013242.000,4153.0270,N,08748.2177,W,1,7,1.28,230.5,M,-34.0,M,,*6C
20:32:43.241 << $GPGSA,A,3,07,27,08,14,30,09,22,,,,,,1.54,1.28,0.86*02
20:32:43.243 << $GPGSV,4,1,13,07,80,319,35,08,67,078,30,30,40,307,24,51,37,207,*79
20:32:43.245 << $GPGSV,4,2,13,09,33,206,16,27,32,049,23,14,24,267,21,02,23,130,*7D
20:32:43.246 << $GPGSV,4,3,13,04,12,178,,16,08,070,,22,07,259,18,01,07,148,*76
20:32:43.246 << $GPGSV,4,4,13,20,01,331,*49
20:32:43.248 << $GPRMC,013242.000,A,4153.0270,N,08748.2177,W,0.41,0.25,240107,,,A*7E
20:32:43.731 << $GPGGA,013243.000,4153.0269,N,08748.2176,W,1,6,2.10,230.5,M,-34.0,M,,*6D
20:32:43.734 << $GPGSA,A,3,07,27,08,14,30,22,,,,,,,2.27,2.10,0.86*04
20:32:43.736 << $GPGSV,4,1,13,07,80,319,35,08,67,078,30,30,40,307,24,51,37,207,*79
20:32:43.737 << $GPGSV,4,2,13,09,33,206,16,27,32,049,23,14,24,267,21,02,23,130,*7D
20:32:43.738 << $GPGSV,4,3,13,04,12,178,,16,08,070,,22,07,259,18,01,07,148,*76
20:32:43.738 << $GPGSV,4,4,13,20,01,331,*49
20:32:43.739 << $GPRMC,013243.000,A,4153.0269,N,08748.2176,W,0.46,0.25,240107,,,A*71
20:32:44.710 << $GPGGA,013244.000,4153.0268,N,08748.2176,W,1,6,2.10,230.5,M,-34.0,M,,*6B
20:32:44.712 << $GPGSA,A,3,07,27,08,14,30,22,,,,,,,2.27,2.10,0.86*04
20:32:44.714 << $GPGSV,4,1,13,07,80,319,35,08,67,078,30,30,40,307,24,51,37,207,*79
20:32:44.715 << $GPGSV,4,2,13,09,33,206,16,27,32,049,23,14,24,267,21,02,23,130,*7D
20:32:44.716 << $GPGSV,4,3,13,04,12,178,,16,08,070,,22,07,259,18,01,07,148,*76
20:32:44.716 << $GPGSV,4,4,13,20,01,331,*49
20:32:45.195 << $GPRMC,013244.000,A,4153.0268,N,08748.2176,W,0.50,0.25,240107,,,A*70
20:32:45.683 << $GPGGA,013245.000,4153.0267,N,08748.2174,W,1,7,1.28,230.5,M,-34.0,M,,*6E
20:32:45.686 << $GPGSA,A,3,07,27,08,14,30,09,22,,,,,,1.54,1.28,0.86*02
20:32:45.688 << $GPGSV,4,1,13,07,80,319,35,08,67,078,30,30,40,307,24,51,37,207,*79
20:32:45.689 << $GPGSV,4,2,13,09,33,206,16,27,32,049,23,14,24,267,20,02,23,130,*7C
20:32:45.690 << $GPGSV,4,3,13,04,12,178,,16,08,070,,22,07,259,18,01,07,148,*76
20:32:45.690 << $GPGSV,4,4,13,20,01,331,*49
20:32:45.692 << $GPRMC,013245.000,A,4153.0267,N,08748.2174,W,0.51,0.25,240107,,,A*7D
20:32:46.675 << $GPGGA,013246.000,4153.0266,N,08748.2173,W,1,7,1.28,230.5,M,-34.0,M,,*6B
20:32:46.678 << $GPGSA,A,3,07,27,08,14,30,09,22,,,,,,1.54,1.28,0.86*02
20:32:46.679 << $GPGSV,4,1,13,07,80,319,35,08,67,078,30,30,40,307,24,51,37,207,*79
20:32:46.680 << $GPGSV,4,2,13,09,33,206,16,27,32,049,23,14,24,267,20,02,23,130,*7C
20:32:46.681 << $GPGSV,4,3,13,04,12,178,,16,08,070,,22,07,259,18,01,07,148,*76
20:32:46.682 << $GPGSV,4,4,13,20,01,331,*49
20:32:46.683 << $GPRMC,013246.000,A,4153.0266,N,08748.2173,W,0.53,0.25,240107,,,A*7A
20:32:47.665 << $GPGGA,013247.000,4153.0266,N,08748.2171,W,1,7,1.28,230.5,M,-34.0,M,,*68
20:32:47.668 << $GPGSA,A,3,07,27,08,14,30,09,22,,,,,,1.54,1.28,0.86*02
20:32:47.670 << $GPGSV,4,1,13,07,80,319,35,08,67,078,30,30,40,307,25,51,37,207,*78
20:32:47.671 << $GPGSV,4,2,13,09,33,206,16,27,32,049,23,14,24,267,20,02,23,130,*7C
20:32:47.672 << $GPGSV,4,3,13,04,12,178,,16,08,070,,22,07,259,18,01,07,148,*76
20:32:47.672 << $GPGSV,4,4,13,20,01,331,*49
20:32:47.674 << $GPRMC,013247.000,A,4153.0266,N,08748.2171,W,0.63,108.38,240107,,,A*7F
20:32:48.648 << $GPGGA,013248.000,4153.0254,N,08748.2163,W,1,7,1.28,230.2,M,-34.0,M,,*62
20:32:48.651 << $GPGSA,A,3,07,27,08,14,30,09,22,,,,,,1.54,1.28,0.86*02
20:32:48.653 << $GPGSV,4,1,13,07,80,319,35,08,67,078,30,30,40,307,25,51,37,207,*78
20:32:48.654 << $GPGSV,4,2,13,09,33,206,16,27,32,049,23,14,24,267,20,02,23,130,*7C
20:32:48.655 << $GPGSV,4,3,13,04,12,178,,16,08,070,,22,07,259,18,01,07,148,*76
20:32:48.655 << $GPGSV,4,4,13,20,01,331,*49
20:32:48.656 << $GPRMC,013248.000,A,4153.0254,N,08748.2163,W,0.60,107.28,240107,,,A*7F
20:32:49.577 << $GPGGA,013249.000,4153.0246,N,08748.2163,W,1,7,1.28,230.0,M,-34.0,M,,*62
20:32:49.580 << $GPGSA,A,3,07,27,08,14,30,09,22,,,,,,1.54,1.28,0.86*02
20:32:49.581 << $GPGSV,4,1,13,07,80,319,35,08,67,078,30,30,40,307,25,51,37,207,*78
20:32:49.582 << $GPGSV,4,2,13,09,33,206,16,27,32,049,23,14,24,267,20,02,23,130,*7C
20:32:49.583 << $GPGSV,4,3,13,04,12,178,,16,08,070,,22,07,259,18,01,07,148,*76
20:32:49.584 << $GPGSV,4,4,13,20,01,331,*49
20:32:49.585 << $GPRMC,013249.000,A,4153.0246,N,08748.2163,W,0.45,107.28,240107,,,A*7A
20:32:50.559 << $GPGGA,013250.000,4153.0243,N,08748.2163,W,1,7,1.28,229.8,M,-34.0,M,,*6F
20:32:50.561 << $GPGSA,A,3,07,27,08,14,30,09,22,,,,,,1.54,1.28,0.86*02
20:32:50.563 << $GPGSV,4,1,13,07,80,319,35,08,67,078,30,30,40,307,25,51,37,207,*78
20:32:50.564 << $GPGSV,4,2,13,09,33,206,16,27,32,049,23,14,24,267,20,02,23,130,*7C
20:32:50.565 << $GPGSV,4,3,13,04,12,178,,16,08,070,,22,07,259,18,01,07,148,*76
20:32:50.565 << $GPGSV,4,4,13,20,01,331,*49
20:32:50.566 << $GPRMC,013250.000,A,4153.0243,N,08748.2163,W,0.28,107.28,240107,,,A*7C
20:32:51.540 << $GPGGA,013251.000,4153.0242,N,08748.2167,W,1,7,1.28,229.7,M,-34.0,M,,*64
20:32:51.543 << $GPGSA,A,3,07,27,08,14,30,09,22,,,,,,1.54,1.28,0.86*02
20:32:51.545 << $GPGSV,4,1,13,07,80,319,35,08,67,078,30,30,40,307,25,09,33,206,16*77
20:32:51.546 << $GPGSV,4,2,13,27,32,049,23,48,28,228,,14,24,267,20,02,23,130,*78
20:32:51.546 << $GPGSV,4,3,13,04,12,178,,16,08,070,,22,07,259,18,01,07,148,*76
20:32:51.547 << $GPGSV,4,4,13,20,01,331,*49
20:32:51.548 << $GPRMC,013251.000,A,4153.0242,N,08748.2167,W,0.27,107.28,240107,,,A*77
20:32:52.519 << $GPGGA,013252.000,4153.0237,N,08748.2165,W,1,7,1.28,229.4,M,-34.0,M,,*64
20:32:52.523 << $GPGSA,A,3,07,27,08,14,30,09,22,,,,,,1.54,1.28,0.86*02
20:32:52.524 << $GPGSV,4,1,13,07,80,319,35,08,67,078,30,30,40,307,25,09,33,206,16*77
20:32:52.525 << $GPGSV,4,2,13,27,32,049,23,48,28,228,,14,24,267,20,02,23,130,*78
20:32:52.995 << $GPGSV,4,3,13,04,12,178,,16,08,070,,22,07,259,18,01,07,148,*76
20:32:52.996 << $GPGSV,4,4,13,20,01,331,*49
20:32:52.997 << $GPRMC,013252.000,A,4153.0237,N,08748.2165,W,0.25,107.28,240107,,,A*76
20:32:53.480 << $GPGGA,013253.000,4153.0237,N,08748.2165,W,1,6,2.11,229.4,M,-34.0,M,,*6D
20:32:53.483 << $GPGSA,A,3,07,27,08,14,30,22,,,,,,,2.28,2.11,0.86*0A
20:32:53.485 << $GPGSV,4,1,13,07,80,319,35,08,67,078,30,30,40,307,25,09,33,206,16*77
20:32:53.486 << $GPGSV,4,2,13,27,32,049,23,48,28,228,,14,24,267,19,02,23,130,*72
20:32:53.487 << $GPGSV,4,3,13,04,12,178,,16,08,070,,22,07,259,18,01,07,148,*76
20:32:53.970 << $GPGSV,4,4,13,20,01,331,*49
20:32:53.972 << $GPRMC,013253.000,A,4153.0237,N,08748.2165,W,0.22,107.28,240107,,,A*70
20:32:54.460 << $GPGGA,013254.000,4153.0236,N,08748.2164,W,1,6,2.11,229.4,M,-34.0,M,,*6A
20:32:54.462 << $GPGSA,A,3,07,27,08,14,30,22,,,,,,,2.28,2.11,0.86*0A
20:32:54.464 << $GPGSV,4,1,13,07,80,319,35,08,67,078,30,30,40,307,25,09,33,206,16*77
20:32:54.465 << $GPGSV,4,2,13,27,32,049,23,48,28,228,,14,24,267,18,02,23,130,*73
20:32:54.466 << $GPGSV,4,3,13,04,12,178,,16,08,070,,22,07,259,18,01,07,148,*76
20:32:54.940 << $GPGSV,4,4,13,20,01,331,*49
20:32:54.942 << $GPRMC,013254.000,A,4153.0236,N,08748.2164,W,0.25,107.28,240107,,,A*70
20:32:55.430 << $GPGGA,013255.000,4153.0235,N,08748.2164,W,1,7,1.28,229.4,M,-34.0,M,,*60
20:32:55.432 << $GPGSA,A,3,07,27,08,14,30,09,22,,,,,,1.54,1.28,0.86*02
20:32:55.434 << $GPGSV,4,1,13,07,80,319,35,08,67,078,30,30,40,307,25,09,33,206,16*77
20:32:55.435 << $GPGSV,4,2,13,27,32,049,23,48,28,228,,14,24,267,18,02,23,130,*73
20:32:55.436 << $GPGSV,4,3,13,04,12,178,,16,08,070,,22,07,259,18,01,07,148,*76
20:32:55.436 << $GPGSV,4,4,13,20,01,331,*49
20:32:55.437 << $GPRMC,013255.000,A,4153.0235,N,08748.2164,W,0.21,107.28,240107,,,A*76
20:32:56.413 << $GPGGA,013256.000,4153.0235,N,08748.2165,W,1,7,1.28,229.4,M,-34.0,M,,*62
20:32:56.416 << $GPGSA,A,3,07,27,08,14,30,09,22,,,,,,1.54,1.28,0.86*02
20:32:56.418 << $GPGSV,4,1,13,07,80,319,35,08,67,078,30,30,40,307,25,09,33,206,16*77
20:32:56.419 << $GPGSV,4,2,13,27,32,049,23,48,28,228,,14,24,267,18,02,23,130,*73
20:32:56.420 << $GPGSV,4,3,13,04,12,178,,16,08,070,,22,07,259,18,01,07,147,*79
20:32:56.420 << $GPGSV,4,4,13,20,01,331,*49
20:32:56.422 << $GPRMC,013256.000,A,4153.0235,N,08748.2165,W,0.38,107.28,240107,,,A*7C
20:32:57.389 << $GPGGA,013257.000,4153.0234,N,08748.2166,W,1,7,1.28,229.4,M,-34.0,M,,*61
20:32:57.392 << $GPGSA,A,3,07,27,08,14,30,09,22,,,,,,1.54,1.28,0.86*02
20:32:57.394 << $GPGSV,4,1,13,07,80,319,35,08,67,078,30,30,40,307,25,09,33,206,16*77
20:32:57.395 << $GPGSV,4,2,13,27,32,049,22,48,28,228,,14,24,267,18,02,23,129,*7A
20:32:57.396 << $GPGSV,4,3,13,04,12,178,,16,08,070,,22,07,259,18,01,07,147,*79
20:32:57.397 << $GPGSV,4,4,13,20,01,331,*49
20:32:57.398 << $GPRMC,013257.000,A,4153.0234,N,08748.2166,W,0.28,107.28,240107,,,A*7E
20:32:58.374 << $GPGGA,013258.000,4153.0233,N,08748.2165,W,1,7,1.28,229.4,M,-34.0,M,,*6A
20:32:58.377 << $GPGSA,A,3,07,27,08,14,30,09,22,,,,,,1.54,1.28,0.86*02
20:32:58.379 << $GPGSV,4,1,13,07,80,319,35,08,67,078,30,30,40,307,26,09,33,206,16*74
20:32:58.380 << $GPGSV,4,2,13,27,32,049,22,48,28,228,,14,24,267,19,02,23,129,*7B
20:32:58.381 << $GPGSV,4,3,13,04,12,178,,16,08,070,,22,07,259,18,01,07,147,*79
20:32:58.381 << $GPGSV,4,4,13,20,01,331,*49
20:32:58.383 << $GPRMC,013258.000,A,4153.0233,N,08748.2165,W,0.51,107.28,240107,,,A*7B
20:32:59.359 << $GPGGA,013259.000,4153.0232,N,08748.2164,W,1,6,2.11,229.4,M,-34.0,M,,*63
20:32:59.361 << $GPGSA,A,3,07,27,08,14,30,22,,,,,,,2.28,2.11,0.86*0A
20:32:59.363 << $GPGSV,4,1,13,07,80,319,35,08,67,078,30,30,40,307,26,09,33,206,16*74
20:32:59.364 << $GPGSV,4,2,13,27,32,049,22,48,28,228,,14,24,267,19,02,23,129,*7B
20:32:59.365 << $GPGSV,4,3,13,04,12,178,,16,08,070,,22,07,259,18,01,07,147,*79
20:32:59.366 << $GPGSV,4,4,13,20,01,331,*49
20:32:59.366 << $GPRMC,013259.000,A,4153.0232,N,08748.2164,W,0.55,107.28,240107,,,A*7E
20:33:00.335 << $GPGGA,013300.000,4153.0232,N,08748.2162,W,1,7,1.28,229.4,M,-34.0,M,,*60
20:33:00.338 << $GPGSA,A,3,07,27,08,14,30,09,22,,,,,,1.54,1.28,0.86*02
20:33:00.340 << $GPGSV,4,1,13,07,80,319,35,08,67,078,30,30,40,307,26,09,33,206,16*74
20:33:00.341 << $GPGSV,4,2,13,27,32,049,22,48,28,228,,14,24,267,19,02,23,129,*7B
20:33:00.342 << $GPGSV,4,3,13,04,12,178,,16,08,070,,22,07,259,17,01,07,147,*76
20:33:00.342 << $GPGSV,4,4,13,20,01,331,*49
20:33:00.344 << $GPRMC,013300.000,A,4153.0232,N,08748.2162,W,0.38,107.28,240107,,,A*7E
20:33:01.765 << $GPGGA,013301.000,4153.0231,N,08748.2161,W,1,6,2.11,229.4,M,-34.0,M,,*69
20:33:01.768 << $GPGSA,A,3,07,27,08,14,30,22,,,,,,,2.28,2.11,0.86*0A
20:33:01.770 << $GPGSV,4,1,13,07,80,319,35,08,67,078,30,30,40,307,26,09,33,206,15*77
20:33:01.771 << $GPGSV,4,2,13,27,32,049,22,46,26,232,,14,24,267,19,02,23,129,*70
20:33:01.771 << $GPGSV,4,3,13,04,12,178,,16,08,070,,22,07,259,17,01,07,147,*76
20:33:01.772 << $GPGSV,4,4,13,20,01,331,*49
20:33:01.773 << $GPRMC,013301.000,A,4153.0231,N,08748.2161,W,0.45,107.28,240107,,,A*75
20:33:02.755 << $GPGGA,013302.000,4153.0230,N,08748.2160,W,1,6,2.11,229.4,M,-34.0,M,,*6A
20:33:02.758 << $GPGSA,A,3,07,27,08,14,30,22,,,,,,,2.28,2.11,0.86*0A
20:33:02.760 << $GPGSV,4,1,13,07,81,319,35,08,67,078,30,30,40,307,26,09,33,206,*72
20:33:02.761 << $GPGSV,4,2,13,27,32,049,21,46,26,232,,14,24,267,18,02,23,129,*72
20:33:02.762 << $GPGSV,4,3,13,04,12,178,,16,08,070,,22,07,259,16,01,07,147,*77
20:33:02.762 << $GPGSV,4,4,13,20,01,331,*49
20:33:02.764 << $GPRMC,013302.000,A,4153.0230,N,08748.2160,W,0.03,107.28,240107,,,A*74
20:33:03.738 << $GPGGA,013303.000,4153.0230,N,08748.2160,W,1,6,2.11,229.4,M,-34.0,M,,*6B
20:33:03.742 << $GPGSA,A,3,07,27,08,14,30,22,,,,,,,2.28,2.11,0.86*0A
20:33:03.743 << $GPGSV,4,1,13,07,81,319,35,08,67,077,30,30,40,307,26,09,33,206,*7D
20:33:03.744 << $GPGSV,4,2,13,27,32,049,20,46,26,232,,14,24,267,19,02,23,129,*72
20:33:03.745 << $GPGSV,4,3,13,04,12,178,,16,08,070,,22,07,259,15,01,07,147,*74
20:33:03.746 << $GPGSV,4,4,13,20,01,331,*49
20:33:03.747 << $GPRMC,013303.000,A,4153.0230,N,08748.2160,W,0.41,107.28,240107,,,A*73
20:33:04.729 << $GPGGA,013304.000,4153.0229,N,08748.2159,W,1,6,2.11,229.4,M,-34.0,M,,*6E
20:33:04.732 << $GPGSA,A,3,07,27,08,14,30,22,,,,,,,2.28,2.11,0.86*0A
20:33:04.734 << $GPGSV,4,1,13,07,81,319,35,08,67,077,30,30,40,307,26,09,33,206,*7D
20:33:04.735 << $GPGSV,4,2,13,27,32,049,19,46,26,232,,14,24,267,18,02,23,129,*79
20:33:04.736 << $GPGSV,4,3,13,04,12,178,,16,08,070,,22,07,259,15,01,07,147,*74
20:33:04.736 << $GPGSV,4,4,13,20,01,331,*49
20:33:04.738 << $GPRMC,013304.000,A,4153.0229,N,08748.2159,W,0.19,107.28,240107,,,A*7B
20:33:05.712 << $GPGGA,013305.000,4153.0230,N,08748.2158,W,1,6,2.11,229.4,M,-34.0,M,,*66
20:33:05.715 << $GPGSA,A,3,07,27,08,14,30,22,,,,,,,2.28,2.11,0.86*0A
20:33:05.717 << $GPGSV,4,1,13,07,81,319,35,08,67,077,30,30,40,307,26,09,33,206,*7D
20:33:05.718 << $GPGSV,4,2,13,27,32,049,19,46,26,232,,14,24,267,18,02,23,129,*79
20:33:05.718 << $GPGSV,4,3,13,04,12,178,,16,08,070,,22,07,259,16,01,07,147,*77
20:33:05.719 << $GPGSV,4,4,13,20,01,331,*49
20:33:05.720 << $GPRMC,013305.000,A,4153.0230,N,08748.2158,W,0.19,107.28,240107,,,A*73
20:33:06.643 << $GPGGA,013306.000,4153.0230,N,08748.2158,W,1,6,2.11,229.4,M,-34.0,M,,*65
20:33:06.646 << $GPGSA,A,3,07,27,08,14,30,22,,,,,,,2.28,2.11,0.86*0A
20:33:06.647 << $GPGSV,4,1,13,07,81,319,35,08,67,077,30,30,40,307,26,09,33,206,*7D
20:33:06.648 << $GPGSV,4,2,13,27,32,049,19,46,26,232,,14,24,267,18,02,23,129,*79
20:33:06.649 << $GPGSV,4,3,13,04,12,178,,16,08,070,,22,07,259,16,01,07,147,*77
20:33:06.650 << $GPGSV,4,4,13,20,01,331,*49
20:33:06.651 << $GPRMC,013306.000,A,4153.0230,N,08748.2158,W,0.14,107.28,240107,,,A*7D
20:33:07.629 << $GPGGA,013307.000,4153.0230,N,08748.2158,W,1,6,2.11,229.4,M,-34.0,M,,*64
20:33:07.632 << $GPGSA,A,3,07,27,08,14,30,22,,,,,,,2.28,2.11,0.86*0A
20:33:07.634 << $GPGSV,4,1,13,07,81,319,35,08,67,077,30,30,40,307,26,09,33,206,*7D
20:33:07.635 << $GPGSV,4,2,13,27,32,049,19,46,26,232,,14,24,267,18,02,23,129,*79
20:33:07.635 << $GPGSV,4,3,13,04,12,178,,16,08,070,,22,07,259,16,01,07,147,*77
20:33:07.636 << $GPGSV,4,4,13,20,01,331,*49
20:33:07.637 << $GPRMC,013307.000,A,4153.0230,N,08748.2158,W,0.30,107.28,240107,,,A*7A
20:33:08.615 << $GPGGA,013308.000,4153.0229,N,08748.2157,W,1,6,2.11,229.4,M,-34.0,M,,*6C
20:33:08.618 << $GPGSA,A,3,07,27,08,14,30,22,,,,,,,2.28,2.11,0.86*0A
20:33:08.619 << $GPGSV,4,1,13,07,81,319,35,08,67,077,30,30,40,307,26,09,33,206,*7D
20:33:08.620 << $GPGSV,4,2,13,27,32,049,20,46,26,232,,14,24,267,18,02,23,129,*73
20:33:08.621 << $GPGSV,4,3,13,04,12,178,,16,08,070,,22,07,259,16,01,07,147,*77
20:33:08.622 << $GPGSV,4,4,13,20,01,331,*49
20:33:08.623 << $GPRMC,013308.000,A,4153.0229,N,08748.2157,W,0.54,107.28,240107,,,A*70
20:33:09.596 << $GPGGA,013309.000,4153.0227,N,08748.2157,W,1,6,2.11,229.4,M,-34.0,M,,*63
20:33:09.600 << $GPGSA,A,3,07,27,08,14,30,22,,,,,,,2.28,2.11,0.86*0A
20:33:09.601 << $GPGSV,4,1,13,07,81,319,35,08,67,077,30,30,40,307,27,09,33,206,*7C
20:33:09.602 << $GPGSV,4,2,13,27,32,049,20,46,26,232,,14,24,267,18,02,23,129,*73
20:33:09.603 << $GPGSV,4,3,13,04,12,178,,16,08,070,,22,07,259,16,01,07,147,*77
20:33:09.604 << $GPGSV,4,4,13,20,01,331,*49
20:33:10.051 << $GPRMC,013309.000,A,4153.0227,N,08748.2157,W,0.51,107.28,240107,,,A*7A
20:33:10.540 << $GPGGA,013310.000,4153.0226,N,08748.2157,W,1,6,2.11,229.4,M,-34.0,M,,*6A
20:33:10.543 << $GPGSA,A,3,07,27,08,14,30,22,,,,,,,2.28,2.11,0.86*0A
20:33:10.544 << $GPGSV,4,1,13,07,81,319,35,08,67,077,30,30,40,307,27,09,33,206,*7C
20:33:10.546 << $GPGSV,4,2,13,27,32,049,20,46,26,232,,14,24,267,18,02,23,129,*73
20:33:10.546 << $GPGSV,4,3,13,04,12,178,,16,08,070,,22,07,259,16,01,07,147,*77
20:33:10.547 << $GPGSV,4,4,13,20,01,331,*49
20:33:10.548 << $GPRMC,013310.000,A,4153.0226,N,08748.2157,W,0.59,148.61,240107,,,A*7D
20:33:11.529 << $GPGGA,013311.000,4153.0222,N,08748.2155,W,1,6,2.11,229.2,M,-34.0,M,,*6B
20:33:11.532 << $GPGSA,A,3,07,27,08,14,30,22,,,,,,,2.28,2.11,0.86*0A
20:33:11.534 << $GPGSV,4,1,13,07,81,319,35,08,67,077,30,30,40,307,27,09,33,206,*7C
20:33:11.535 << $GPGSV,4,2,13,27,32,049,20,14,24,267,18,02,23,129,,04,12,178,*7F
20:33:11.535 << $GPGSV,4,3,13,16,08,070,,22,07,259,16,01,07,147,,33,04,102,*79
20:33:12.000 << $GPGSV,4,4,13,20,01,331,*49
20:33:12.002 << $GPRMC,013311.000,A,4153.0222,N,08748.2155,W,0.77,154.67,240107,,,A*7D
20:33:12.495 << $GPGGA,013312.000,4153.0220,N,08748.2154,W,1,6,2.11,229.2,M,-34.0,M,,*6B
20:33:12.497 << $GPGSA,A,3,07,27,08,14,30,22,,,,,,,2.28,2.11,0.86*0A
20:33:12.498 << $GPGSV,4,1,13,07,81,319,35,08,67,077,30,30,40,307,27,09,33,206,*7C
20:33:12.499 << $GPGSV,4,2,13,27,32,049,21,14,24,267,18,02,23,129,,04,12,178,*7E
20:33:12.500 << $GPGSV,4,3,13,16,08,070,,22,07,259,16,01,07,147,,33,04,102,*79
20:33:12.501 << $GPGSV,4,4,13,20,01,331,*49
20:33:12.502 << $GPRMC,013312.000,A,4153.0220,N,08748.2154,W,0.61,155.23,240107,,,A*7B
20:33:13.476 << $GPGGA,013313.000,4153.0221,N,08748.2154,W,1,6,2.11,229.1,M,-34.0,M,,*68
20:33:13.479 << $GPGSA,A,3,07,27,08,14,30,22,,,,,,,2.28,2.11,0.86*0A
20:33:13.481 << $GPGSV,4,1,13,07,81,319,35,08,67,077,30,30,40,307,27,09,33,206,*7C
20:33:13.482 << $GPGSV,4,2,13,27,32,049,20,14,24,267,18,02,23,129,,04,12,178,*7F
20:33:13.483 << $GPGSV,4,3,13,16,08,070,,22,07,259,16,01,07,147,,33,04,102,*79
20:33:13.953 << $GPGSV,4,4,13,20,01,331,*49
20:33:13.955 << $GPRMC,013313.000,A,4153.0221,N,08748.2154,W,0.34,155.23,240107,,,A*7B
20:33:14.445 << $GPGGA,013314.000,4153.0218,N,08748.2155,W,1,6,2.11,228.9,M,-34.0,M,,*6D
20:33:14.448 << $GPGSA,A,3,07,27,08,14,30,22,,,,,,,2.28,2.11,0.86*0A
20:33:14.450 << $GPGSV,4,1,13,07,81,319,35,08,67,077,30,30,40,307,27,09,33,206,*7C
20:33:14.928 << $GPGSV,4,2,13,27,32,049,20,14,24,267,18,02,23,129,,04,12,178,*7F
20:33:14.930 << $GPGSV,4,3,13,16,08,070,,22,07,259,15,01,07,147,,33,04,102,*7A
20:33:14.930 << $GPGSV,4,4,13,20,01,331,*49
20:33:14.931 << $GPRMC,013314.000,A,4153.0218,N,08748.2155,W,0.30,155.23,240107,,,A*73
20:33:15.419 << $GPGGA,013315.000,4153.0217,N,08748.2159,W,1,6,2.11,228.8,M,-34.0,M,,*6E
20:33:15.421 << $GPGSA,A,3,07,27,08,14,30,22,,,,,,,2.28,2.11,0.86*0A
20:33:15.423 << $GPGSV,4,1,13,07,81,319,35,08,67,077,30,30,40,307,27,09,33,206,*7C
20:33:15.426 << $GPGSV,4,2,13,27,32,049,20,14,24,267,18,02,23,129,,04,12,178,*7F
20:33:15.427 << $GPGSV,4,3,13,16,08,070,,22,07,259,15,01,07,147,,33,04,102,*7A
20:33:15.898 << $GPGSV,4,4,13,20,01,331,*49
20:33:15.899 << $GPRMC,013315.000,A,4153.0217,N,08748.2159,W,0.25,155.23,240107,,,A*75
20:33:16.397 << $GPGGA,013316.000,4153.0219,N,08748.2160,W,1,6,2.11,228.6,M,-34.0,M,,*67
20:33:16.400 << $GPGSA,A,3,07,27,08,14,30,22,,,,,,,2.28,2.11,0.86*0A
20:33:16.402 << $GPGSV,4,1,13,07,81,319,35,08,67,077,30,30,40,307,27,09,33,206,*7C
20:33:16.403 << $GPGSV,4,2,13,27,32,049,20,14,24,267,18,02,23,129,,04,12,178,*7F
20:33:16.403 << $GPGSV,4,3,13,16,08,070,,22,07,259,15,01,07,147,,33,04,102,*7A
20:33:16.404 << $GPGSV,4,4,13,20,01,331,*49
20:33:16.405 << $GPRMC,013316.000,A,4153.0219,N,08748.2160,W,0.18,155.23,240107,,,A*7C
20:33:17.380 << $GPGGA,013317.000,4153.0219,N,08748.2160,W,1,6,2.16,228.6,M,-34.0,M,,*61
20:33:17.383 << $GPGSA,A,3,07,27,08,14,30,22,,,,,,,2.75,2.16,1.69*05
20:33:17.384 << $GPGSV,4,1,13,07,81,319,35,08,67,077,30,30,40,307,27,09,33,206,*7C
20:33:17.386 << $GPGSV,4,2,13,27,32,049,20,14,24,267,18,02,23,129,,04,12,178,*7F
20:33:17.386 << $GPGSV,4,3,13,16,08,070,,22,07,259,15,01,07,147,,33,04,102,*7A
20:33:17.387 << $GPGSV,4,4,13,20,01,331,*49
20:33:17.854 << $GPRMC,013317.000,A,4153.0219,N,08748.2160,W,0.30,155.23,240107,,,A*77
20:33:18.344 << $GPGGA,013318.000,4153.0220,N,08748.2160,W,1,6,2.16,228.7,M,-34.0,M,,*65
20:33:18.346 << $GPGSA,A,3,07,27,08,14,30,22,,,,,,,2.75,2.16,1.70*0D
20:33:18.348 << $GPGSV,4,1,13,07,81,319,35,08,67,077,30,30,40,307,27,09,33,206,*7C
20:33:18.349 << $GPGSV,4,2,13,27,32,049,20,14,24,267,18,02,23,129,,04,12,178,*7F
20:33:18.350 << $GPGSV,4,3,13,16,08,070,,22,07,259,15,01,07,147,,33,04,102,*7A
20:33:18.351 << $GPGSV,4,4,13,20,01,331,*49
20:33:18.352 << $GPRMC,013318.000,A,4153.0220,N,08748.2160,W,0.27,155.23,240107,,,A*74
20:33:19.327 << $GPGGA,013319.000,4153.0221,N,08748.2159,W,1,6,2.12,228.7,M,-34.0,M,,*6B
20:33:19.330 << $GPGSA,A,3,07,27,08,14,30,22,,,,,,,2.28,2.12,0.86*09
20:33:19.332 << $GPGSV,4,1,13,07,81,319,35,08,67,077,30,30,40,307,27,09,33,206,*7C
20:33:19.333 << $GPGSV,4,2,13,27,32,049,20,14,24,267,17,02,23,129,,04,12,178,*70
20:33:19.334 << $GPGSV,4,3,13,16,08,070,,22,07,259,15,01,07,147,,33,04,102,*7A
20:33:19.335 << $GPGSV,4,4,13,20,01,331,*49
20:33:19.799 << $GPRMC,013319.000,A,4153.0221,N,08748.2159,W,0.71,41.50,240107,,,A*4D
20:33:20.288 << $GPGGA,013320.000,4153.0221,N,08748.2155,W,1,6,2.12,228.4,M,-34.0,M,,*6E
20:33:20.291 << $GPGSA,A,3,07,27,08,14,30,22,,,,,,,2.28,2.12,0.86*09
20:33:20.292 << $GPGSV,4,1,13,07,81,319,35,08,67,077,30,30,40,307,27,09,33,206,*7C
20:33:20.294 << $GPGSV,4,2,13,27,32,049,21,14,24,267,17,02,23,129,,04,12,178,*71
20:33:20.295 << $GPGSV,4,3,13,16,08,070,,22,07,259,15,01,07,147,,20,01,331,*7F
20:33:20.348 << $GPGSV,4,4,13,34,,,*7C
20:33:20.350 << $GPRMC,013320.000,A,4153.0221,N,08748.2155,W,0.75,41.74,240107,,,A*49
20:33:21.754 << $GPGGA,013321.000,4153.0225,N,08748.2155,W,1,6,2.12,228.1,M,-34.0,M,,*6E
20:33:21.756 << $GPGSA,A,3,07,27,08,14,30,22,,,,,,,2.28,2.12,0.86*09
20:33:21.758 << $GPGSV,4,1,13,07,81,319,35,08,67,077,30,30,40,307,27,09,33,206,*7C
20:33:21.759 << $GPGSV,4,2,13,27,32,049,21,14,24,267,17,02,23,129,,04,12,178,*71
20:33:21.760 << $GPGSV,4,3,13,16,08,070,,22,07,259,15,01,07,147,,20,01,331,*7F
20:33:21.761 << $GPGSV,4,4,13,34,,,*7C
20:33:21.762 << $GPRMC,013321.000,A,4153.0225,N,08748.2155,W,0.78,40.04,240107,,,A*47
20:33:22.739 << $GPGGA,013322.000,4153.0233,N,08748.2160,W,1,6,2.12,227.9,M,-34.0,M,,*6B
20:33:22.741 << $GPGSA,A,3,07,27,08,14,30,22,,,,,,,2.29,2.12,0.86*08
20:33:22.742 << $GPGSV,4,1,13,07,81,319,35,08,67,077,30,30,40,307,27,09,33,206,*7C
20:33:22.742 << $GPGSV,4,2,13,27,31,049,20,14,24,267,17,02,23,129,,04,12,178,*73
20:33:22.742 << $GPGSV,4,3,13,16,08,070,,22,07,259,15,01,07,147,,20,01,331,*7F
20:33:22.742 << $GPGSV,4,4,13,34,,,*7C
20:33:22.743 << $GPRMC,013322.000,A,4153.0233,N,08748.2160,W,0.78,37.34,240107,,,A*46
20:33:23.717 << $GPGGA,013323.000,4153.0240,N,08748.2159,W,1,6,2.12,227.8,M,-34.0,M,,*65
20:33:23.720 << $GPGSA,A,3,07,27,08,14,30,22,,,,,,,2.29,2.12,0.86*08
20:33:23.722 << $GPGSV,4,1,13,07,81,319,35,08,67,077,30,30,40,307,27,09,33,206,*7C
20:33:23.723 << $GPGSV,4,2,13,27,31,049,20,14,24,267,17,02,23,129,,04,12,178,*73
20:33:23.724 << $GPGSV,4,3,13,16,08,070,,22,07,259,15,01,07,147,,20,01,331,*7F
20:33:23.724 << $GPGSV,4,4,13,34,,,*7C
20:33:23.726 << $GPRMC,013323.000,A,4153.0240,N,08748.2159,W,1.06,38.67,240107,,,A*48
20:33:24.705 << $GPGGA,013324.000,4153.0245,N,08748.2158,W,1,6,2.12,227.7,M,-34.0,M,,*69
20:33:24.708 << $GPGSA,A,3,07,27,08,14,30,22,,,,,,,2.29,2.12,0.86*08
20:33:24.710 << $GPGSV,4,1,13,07,81,319,35,08,67,077,30,30,40,307,27,09,33,206,*7C
20:33:24.711 << $GPGSV,4,2,13,27,31,049,20,14,24,267,17,02,23,129,,04,12,178,*73
20:33:24.712 << $GPGSV,4,3,13,16,08,070,,22,07,259,15,01,07,147,,20,01,331,*7F
20:33:24.712 << $GPGSV,4,4,13,34,,,*7C
20:33:24.713 << $GPRMC,013324.000,A,4153.0245,N,08748.2158,W,1.08,36.30,240107,,,A*49
20:33:25.679 << $GPGGA,013325.000,4153.0249,N,08748.2153,W,1,6,2.12,227.6,M,-34.0,M,,*6E
20:33:25.682 << $GPGSA,A,3,07,27,08,14,30,22,,,,,,,2.29,2.12,0.86*08
20:33:25.684 << $GPGSV,4,1,13,07,81,319,35,08,67,077,30,30,41,307,27,09,33,206,*7D
20:33:25.685 << $GPGSV,4,2,13,27,31,049,20,14,24,267,17,02,23,129,,04,12,178,*73
20:33:25.686 << $GPGSV,4,3,13,16,08,070,,22,07,259,15,01,07,147,,20,01,331,*7F
20:33:25.686 << $GPGSV,4,4,13,34,,,*7C
20:33:25.687 << $GPRMC,013325.000,A,4153.0249,N,08748.2153,W,1.32,40.37,240107,,,A*40
20:33:26.661 << $GPGGA,013326.000,4153.0252,N,08748.2156,W,1,6,2.12,227.5,M,-34.0,M,,*61
20:33:26.664 << $GPGSA,A,3,07,27,08,14,30,22,,,,,,,2.29,2.12,0.86*08
20:33:26.666 << $GPGSV,4,1,13,07,81,319,35,08,67,077,30,30,41,307,27,09,33,206,*7D
20:33:26.667 << $GPGSV,4,2,13,27,31,049,20,14,24,267,17,02,23,129,,04,12,178,*73
20:33:26.668 << $GPGSV,4,3,13,16,08,070,,22,07,259,15,01,07,147,,20,01,331,*7F
20:33:26.668 << $GPGSV,4,4,13,34,,,*7C
20:33:26.669 << $GPRMC,013326.000,A,4153.0252,N,08748.2156,W,1.30,39.63,240107,,,A*41
20:33:27.637 << $GPGGA,013327.000,4153.0250,N,08748.2156,W,1,6,2.12,227.4,M,-34.0,M,,*63
20:33:27.639 << $GPGSA,A,3,07,27,08,14,30,22,,,,,,,2.29,2.12,0.86*08
20:33:27.641 << $GPGSV,4,1,13,07,81,319,35,08,67,077,30,30,41,307,27,09,33,206,*7D
20:33:27.642 << $GPGSV,4,2,13,27,31,049,20,14,24,267,16,02,23,129,,04,12,178,*72
20:33:27.642 << $GPGSV,4,3,13,16,08,070,,22,07,259,15,01,07,147,,20,01,331,*7F
20:33:27.643 << $GPGSV,4,4,13,35,,,*7D
20:33:27.644 << $GPRMC,013327.000,A,4153.0250,N,08748.2156,W,1.01,42.15,240107,,,A*4D
20:33:28.622 << $GPGGA,013328.000,4153.0255,N,08748.2157,W,1,6,2.12,227.3,M,-34.0,M,,*6F
20:33:28.624 << $GPGSA,A,3,07,27,08,14,30,22,,,,,,,2.29,2.12,0.86*08
20:33:28.626 << $GPGSV,4,1,13,07,81,319,35,08,67,077,30,30,41,307,27,09,33,206,*7D
20:33:28.627 << $GPGSV,4,2,13,27,31,049,20,14,24,267,15,02,23,129,,04,12,178,*71
20:33:28.628 << $GPGSV,4,3,13,16,08,070,,01,08,147,,22,07,259,15,20,01,331,*70
20:33:28.628 << $GPGSV,4,4,13,35,,,*7D
20:33:29.063 << $GPRMC,013328.000,A,4153.0255,N,08748.2157,W,1.03,41.60,240107,,,A*45
20:33:29.551 << $GPGGA,013329.000,4153.0259,N,08748.2158,W,1,6,2.12,227.3,M,-34.0,M,,*6D
20:33:29.553 << $GPGSA,A,3,07,27,08,14,30,22,,,,,,,2.29,2.12,0.86*08
20:33:29.555 << $GPGSV,4,1,13,07,81,319,35,08,67,077,30,30,41,307,27,09,33,206,*7D
20:33:29.556 << $GPGSV,4,2,13,27,31,049,20,14,24,267,15,02,24,129,,04,12,178,*76
20:33:29.557 << $GPGSV,4,3,13,16,08,070,,01,08,147,,22,07,259,15,20,01,331,*70
20:33:29.610 << $GPGSV,4,4,13,35,,,*7D
20:33:29.612 << $GPRMC,013329.000,A,4153.0259,N,08748.2158,W,1.08,38.18,240107,,,A*4D
20:33:30.530 << $GPGGA,013330.000,4153.0261,N,08748.2161,W,1,5,2.33,227.4,M,-34.0,M,,*63
20:33:30.532 << $GPGSA,A,3,07,27,08,14,30,,,,,,,,2.51,2.33,0.92*01
20:33:30.534 << $GPGSV,4,1,13,07,81,319,35,08,67,077,30,30,41,307,27,09,33,206,*7D
20:33:30.535 << $GPGSV,4,2,13,27,31,049,21,14,24,267,15,02,24,129,,04,12,178,*77
20:33:30.536 << $GPGSV,4,3,13,16,08,070,,01,08,147,,22,07,259,,20,01,331,*74
20:33:30.536 << $GPGSV,4,4,13,35,,,*7D
20:33:31.016 << $GPRMC,013330.000,A,4153.0261,N,08748.2161,W,1.06,36.24,240107,,,A*4B
20:33:31.504 << $GPGGA,013331.000,4153.0265,N,08748.2164,W,1,5,2.33,227.5,M,-34.0,M,,*62
20:33:31.507 << $GPGSA,A,3,07,27,08,14,30,,,,,,,,2.51,2.33,0.92*01
20:33:31.508 << $GPGSV,4,1,13,07,81,319,35,08,67,077,30,30,41,307,27,09,33,206,*7D
20:33:31.510 << $GPGSV,4,2,13,27,31,049,21,14,24,267,15,02,24,129,,04,12,178,*77
20:33:31.510 << $GPGSV,4,3,13,16,08,070,,01,08,147,,22,07,259,,20,01,331,*74
20:33:31.991 << $GPGSV,4,4,13,35,,,*7D
20:33:31.992 << $GPRMC,013331.000,A,4153.0265,N,08748.2164,W,1.08,12.02,240107,,,A*47
20:33:32.482 << $GPGGA,013332.000,4153.0266,N,08748.2164,W,1,5,2.55,227.4,M,-34.0,M,,*63
20:33:32.484 << $GPGSA,A,3,07,27,08,14,30,,,,,,,,3.47,2.55,2.35*08
20:33:32.486 << $GPGSV,4,1,13,07,81,319,35,08,67,077,30,30,41,307,27,09,33,206,*7D
20:33:32.487 << $GPGSV,4,2,13,27,31,049,21,14,24,267,15,02,24,129,,04,12,178,*77
20:33:32.488 << $GPGSV,4,3,13,16,08,070,,01,08,147,,22,07,259,,20,01,331,*74
20:33:32.488 << $GPGSV,4,4,13,35,,,*7D
20:33:32.489 << $GPRMC,013332.000,A,4153.0266,N,08748.2164,W,0.77,29.09,240107,,,A*4D
20:33:33.467 << $GPGGA,013333.000,4153.0270,N,08748.2164,W,1,5,2.33,227.4,M,-34.0,M,,*65
20:33:33.470 << $GPGSA,A,3,07,27,08,14,30,,,,,,,,2.51,2.33,0.92*01
20:33:33.472 << $GPGSV,4,1,13,07,81,319,35,08,67,077,30,30,41,307,27,09,33,206,*7D
20:33:33.473 << $GPGSV,4,2,13,27,31,049,21,14,24,267,15,02,24,129,,04,12,178,*77
20:33:33.473 << $GPGSV,4,3,13,16,08,070,,01,08,147,,22,07,259,,20,01,331,*74
20:33:33.474 << $GPGSV,4,4,13,35,,,*7D
20:33:33.475 << $GPRMC,013333.000,A,4153.0270,N,08748.2164,W,0.59,30.08,240107,,,A*4E
20:33:34.445 << $GPGGA,013334.000,4153.0270,N,08748.2159,W,1,5,2.33,227.5,M,-34.0,M,,*6D
20:33:34.448 << $GPGSA,A,3,07,27,08,14,30,,,,,,,,2.51,2.33,0.92*01
20:33:34.450 << $GPGSV,3,1,12,07,81,319,35,08,67,077,30,30,41,307,27,09,33,206,*7B
20:33:34.451 << $GPGSV,3,2,12,27,31,049,21,14,24,267,15,02,24,129,,04,12,178,*71
20:33:34.451 << $GPGSV,3,3,12,16,08,070,,01,08,147,,22,07,259,,20,01,331,*72
20:33:34.453 << $GPRMC,013334.000,A,4153.0270,N,08748.2159,W,0.64,32.12,240107,,,A*40
20:33:35.422 << $GPGGA,013335.000,4153.0278,N,08748.2161,W,1,5,2.34,227.6,M,-34.0,M,,*6B
20:33:35.424 << $GPGSA,A,3,07,27,08,14,30,,,,,,,,2.51,2.34,0.92*06
20:33:35.427 << $GPGSV,3,1,12,07,81,319,35,08,67,077,30,30,41,307,27,09,33,206,*7B
20:33:35.428 << $GPGSV,3,2,12,27,31,049,21,14,24,267,15,02,24,129,,04,12,178,*71
20:33:35.428 << $GPGSV,3,3,12,16,08,070,,01,08,147,,22,07,259,,20,01,331,*72
20:33:35.429 << $GPRMC,013335.000,A,4153.0278,N,08748.2161,W,0.68,20.69,240107,,,A*41
20:33:36.404 << $GPGGA,013336.000,4153.0279,N,08748.2154,W,1,6,1.32,227.7,M,-34.0,M,,*68
20:33:36.407 << $GPGSA,A,3,07,27,08,14,30,09,,,,,,,1.60,1.32,0.90*09
20:33:36.409 << $GPGSV,4,1,13,07,81,319,35,08,67,077,30,30,41,307,27,09,33,206,17*7B
20:33:36.411 << $GPGSV,4,2,13,27,31,049,22,14,24,267,15,02,24,129,,04,12,178,*74
20:33:36.411 << $GPGSV,4,3,13,16,08,070,,01,08,147,,22,07,259,,20,01,331,*74
20:33:36.412 << $GPGSV,4,4,13,36,,,*7E
20:33:36.413 << $GPRMC,013336.000,A,4153.0279,N,08748.2154,W,0.71,21.62,240107,,,A*47
20:33:37.394 << $GPGGA,013337.000,4153.0276,N,08748.2151,W,1,5,1.47,227.8,M,-34.0,M,,*6D
20:33:37.397 << $GPGSA,A,3,07,27,08,30,09,,,,,,,,1.73,1.47,0.92*0E
20:33:37.399 << $GPGSV,4,1,13,07,81,319,35,08,67,077,30,30,41,307,27,09,33,206,17*7B
20:33:37.400 << $GPGSV,4,2,13,27,31,049,22,14,24,267,,02,24,129,,04,12,178,*70
20:33:37.400 << $GPGSV,4,3,13,16,08,070,,01,08,147,,22,07,259,,20,01,331,*74
20:33:37.401 << $GPGSV,4,4,13,36,,,*7E
20:33:37.402 << $GPRMC,013337.000,A,4153.0276,N,08748.2151,W,0.68,22.22,240107,,,A*43
20:33:38.329 << $GPGGA,013338.000,4153.0279,N,08748.2148,W,1,5,1.47,227.7,M,-34.0,M,,*6A
20:33:38.332 << $GPGSA,A,3,07,27,08,30,09,,,,,,,,1.73,1.47,0.92*0E
20:33:38.333 << $GPGSV,4,1,13,07,81,319,35,08,67,077,31,30,41,307,27,09,33,206,17*7A
20:33:38.334 << $GPGSV,4,2,13,27,31,049,22,14,24,267,,02,24,129,,04,12,178,*70
20:33:38.335 << $GPGSV,4,3,13,16,08,070,,01,08,147,,22,07,259,,20,01,331,*74
20:33:38.336 << $GPGSV,4,4,13,36,,,*7E
20:33:38.337 << $GPRMC,013338.000,A,4153.0279,N,08748.2148,W,0.72,23.19,240107,,,A*49
20:33:39.316 << $GPGGA,013339.000,4153.0283,N,08748.2141,W,1,5,1.47,227.6,M,-34.0,M,,*66
20:33:39.319 << $GPGSA,A,3,07,27,08,30,09,,,,,,,,1.73,1.47,0.92*0E
20:33:39.321 << $GPGSV,4,1,13,07,81,319,35,08,67,077,31,30,41,307,27,09,33,206,17*7A
20:33:39.322 << $GPGSV,4,2,13,27,31,049,22,14,24,267,,02,24,129,,04,12,178,*70
20:33:39.323 << $GPGSV,4,3,13,16,08,070,,01,08,147,,22,07,259,,20,01,331,*74
20:33:39.323 << $GPGSV,4,4,13,36,,,*7E
20:33:39.326 << $GPRMC,013339.000,A,4153.0283,N,08748.2141,W,0.94,25.71,240107,,,A*44
20:33:40.303 << $GPGGA,013340.000,4153.0284,N,08748.2143,W,1,5,1.47,227.6,M,-34.0,M,,*6D
20:33:40.306 << $GPGSA,A,3,07,27,08,30,09,,,,,,,,1.73,1.47,0.92*0E
20:33:40.307 << $GPGSV,4,1,13,07,81,319,35,08,67,077,31,30,41,307,27,09,33,206,17*7A
20:33:40.308 << $GPGSV,4,2,13,27,31,049,21,14,24,267,,02,24,129,,04,12,178,*73
20:33:40.309 << $GPGSV,4,3,13,16,08,070,,01,08,147,,22,07,259,,20,01,331,*74
20:33:40.310 << $GPGSV,4,4,13,36,,,*7E
20:33:40.311 << $GPRMC,013340.000,A,4153.0284,N,08748.2143,W,0.89,20.21,240107,,,A*43
20:33:41.743 << $GPGGA,013341.000,4153.0284,N,08748.2147,W,1,5,1.47,227.5,M,-34.0,M,,*6B
20:33:41.746 << $GPGSA,A,3,07,27,08,30,09,,,,,,,,1.73,1.47,0.92*0E
20:33:41.747 << $GPGSV,4,1,13,07,81,319,35,08,67,077,31,30,41,307,27,09,33,206,17*7A
20:33:41.748 << $GPGSV,4,2,13,27,31,049,21,14,24,267,,02,24,129,,04,12,178,*73
20:33:41.749 << $GPGSV,4,3,13,16,08,070,,01,08,147,,22,07,259,,20,01,331,*74
20:33:41.750 << $GPGSV,4,4,13,36,,,*7E
20:33:41.751 << $GPRMC,013341.000,A,4153.0284,N,08748.2147,W,0.52,20.21,240107,,,A*40
20:33:42.719 << $GPGGA,013342.000,4153.0284,N,08748.2147,W,1,5,1.47,227.4,M,-34.0,M,,*69
20:33:42.722 << $GPGSA,A,3,07,27,08,30,09,,,,,,,,2.74,1.47,2.32*02
20:33:42.723 << $GPGSV,4,1,13,07,81,319,35,08,67,077,31,30,41,307,27,09,33,206,18*75
20:33:42.725 << $GPGSV,4,2,13,27,31,049,21,14,24,267,,02,24,129,,04,12,178,*73
20:33:42.725 << $GPGSV,4,3,13,16,08,070,,01,08,147,,22,07,259,,20,01,331,*74
20:33:42.726 << $GPGSV,4,4,13,36,,,*7E
20:33:42.727 << $GPRMC,013342.000,A,4153.0284,N,08748.2147,W,0.50,20.21,240107,,,A*41
20:33:43.708 << $GPGGA,013343.000,4153.0282,N,08748.2145,W,1,5,1.47,227.2,M,-34.0,M,,*6A
20:33:43.711 << $GPGSA,A,3,07,27,08,30,09,,,,,,,,2.74,1.47,2.31*01
20:33:43.713 << $GPGSV,3,1,12,07,81,319,35,08,67,077,31,30,41,307,27,09,33,206,18*73
20:33:43.714 << $GPGSV,3,2,12,27,31,049,21,14,24,267,,02,24,129,,04,12,178,*75
20:33:43.714 << $GPGSV,3,3,12,16,08,071,,01,08,147,,22,07,259,,20,01,331,*73
20:33:43.716 << $GPRMC,013343.000,A,4153.0282,N,08748.2145,W,0.42,20.21,240107,,,A*47
20:33:44.691 << $GPGGA,013344.000,4153.0278,N,08748.2144,W,1,5,1.47,226.9,M,-34.0,M,,*63
20:33:44.694 << $GPGSA,A,3,07,27,08,30,09,,,,,,,,1.73,1.47,0.92*0E
20:33:44.695 << $GPGSV,3,1,12,07,81,319,35,08,67,077,31,30,41,307,27,09,33,206,18*73
20:33:44.696 << $GPGSV,3,2,12,27,31,049,21,14,24,267,,02,24,129,,04,12,178,*75
20:33:44.697 << $GPGSV,3,3,12,16,08,071,,01,08,147,,22,07,259,,20,01,331,*73
20:33:45.151 << $GPRMC,013344.000,A,4153.0278,N,08748.2144,W,0.24,20.21,240107,,,A*44
20:33:45.639 << $GPGGA,013345.000,4153.0279,N,08748.2144,W,1,5,1.47,227.0,M,-34.0,M,,*6B
20:33:45.642 << $GPGSA,A,3,07,27,08,30,09,,,,,,,,1.73,1.47,0.92*0E
20:33:45.643 << $GPGSV,3,1,12,07,81,319,35,08,67,077,31,30,41,307,27,09,33,206,18*73
20:33:45.644 << $GPGSV,3,2,12,27,31,049,21,14,24,267,,02,24,129,,04,12,178,*75
20:33:45.645 << $GPGSV,3,3,12,16,08,071,,01,08,147,,22,07,259,,20,01,331,*73
20:33:45.647 << $GPRMC,013345.000,A,4153.0279,N,08748.2144,W,0.26,20.21,240107,,,A*46
20:33:46.627 << $GPGGA,013346.000,4153.0279,N,08748.2144,W,1,5,1.47,227.0,M,-34.0,M,,*68
20:33:46.630 << $GPGSA,A,3,07,27,08,30,09,,,,,,,,1.73,1.47,0.92*0E
20:33:46.631 << $GPGSV,3,1,12,07,81,319,35,08,67,077,31,30,41,307,26,09,33,206,18*72
20:33:46.632 << $GPGSV,3,2,12,27,31,049,21,14,24,267,,02,24,129,,04,12,178,*75
20:33:46.633 << $GPGSV,3,3,12,16,08,071,,01,08,147,,22,07,259,,20,01,331,*73
20:33:46.634 << $GPRMC,013346.000,A,4153.0279,N,08748.2144,W,0.25,20.21,240107,,,A*46
20:33:47.613 << $GPGGA,013347.000,4153.0279,N,08748.2145,W,1,5,1.47,227.1,M,-34.0,M,,*69
20:33:47.616 << $GPGSA,A,3,07,27,08,30,09,,,,,,,,1.73,1.47,0.92*0E
20:33:47.619 << $GPGSV,3,1,12,07,81,319,35,08,67,077,31,30,41,307,26,09,33,206,18*72
20:33:47.620 << $GPGSV,3,2,12,27,31,049,21,14,24,267,,02,24,129,,04,12,178,*75
20:33:47.620 << $GPGSV,3,3,12,16,08,071,,01,08,147,,22,07,259,,20,02,331,*70
20:33:47.622 << $GPRMC,013347.000,A,4153.0279,N,08748.2145,W,0.25,20.21,240107,,,A*46
20:33:48.598 << $GPGGA,013348.000,4153.0279,N,08748.2146,W,1,5,1.47,227.1,M,-34.0,M,,*65
20:33:48.601 << $GPGSA,A,3,07,27,08,30,09,,,,,,,,1.73,1.47,0.92*0E
20:33:48.603 << $GPGSV,3,1,12,07,81,319,35,08,67,077,31,30,41,307,26,09,33,206,18*72
20:33:48.604 << $GPGSV,3,2,12,27,31,049,21,14,24,267,,02,24,129,,04,12,178,*75
20:33:48.604 << $GPGSV,3,3,12,16,08,071,,01,08,147,,22,07,259,,20,02,331,*70
20:33:48.606 << $GPRMC,013348.000,A,4153.0279,N,08748.2146,W,0.25,20.21,240107,,,A*4A
20:33:49.583 << $GPGGA,013349.000,4153.0279,N,08748.2147,W,1,5,1.47,227.1,M,-34.0,M,,*65
20:33:49.586 << $GPGSA,A,3,07,27,08,30,09,,,,,,,,1.73,1.47,0.92*0E
20:33:49.588 << $GPGSV,3,1,12,07,81,319,35,08,67,077,32,30,41,307,26,09,33,206,18*71
20:33:49.589 << $GPGSV,3,2,12,27,31,049,20,14,24,267,,02,24,129,,04,12,178,*74
20:33:49.589 << $GPGSV,3,3,12,16,08,071,,01,08,147,,22,07,259,,20,02,331,*70
20:33:49.591 << $GPRMC,013349.000,A,4153.0279,N,08748.2147,W,0.29,20.21,240107,,,A*46
20:33:50.516 << $GPGGA,013350.000,4153.0280,N,08748.2147,W,1,5,1.47,227.1,M,-34.0,M,,*6B
20:33:50.519 << $GPGSA,A,3,07,27,08,30,09,,,,,,,,1.73,1.47,0.92*0E
20:33:50.521 << $GPGSV,3,1,12,07,81,319,35,08,67,077,32,30,41,307,26,09,33,206,18*71
20:33:50.522 << $GPGSV,3,2,12,27,31,049,20,14,24,267,,02,24,129,,04,12,178,*74
20:33:50.523 << $GPGSV,3,3,12,16,08,071,,01,08,147,,22,07,259,,20,02,331,*70
20:33:50.524 << $GPRMC,013350.000,A,4153.0280,N,08748.2147,W,0.27,20.21,240107,,,A*46
20:33:51.496 << $GPGGA,013351.000,4153.0281,N,08748.2148,W,1,5,1.47,227.1,M,-34.0,M,,*64
20:33:51.499 << $GPGSA,A,3,07,27,08,30,09,,,,,,,,1.73,1.47,0.92*0E
20:33:51.501 << $GPGSV,3,1,12,07,81,319,35,08,67,077,32,30,41,307,25,09,33,206,19*73
20:33:51.502 << $GPGSV,3,2,12,27,31,049,20,14,24,267,,02,24,129,,04,12,178,*74
20:33:51.502 << $GPGSV,3,3,12,16,08,071,,01,08,147,,22,07,259,,20,02,331,*70
20:33:51.504 << $GPRMC,013351.000,A,4153.0281,N,08748.2148,W,0.29,20.21,240107,,,A*47
20:33:52.484 << $GPGGA,013352.000,4153.0281,N,08748.2149,W,1,5,1.47,227.1,M,-34.0,M,,*66
20:33:52.487 << $GPGSA,A,3,07,27,08,30,09,,,,,,,,1.73,1.47,0.92*0E
20:33:52.489 << $GPGSV,3,1,12,07,81,319,35,08,67,077,32,30,41,307,25,09,33,206,19*73
20:33:52.490 << $GPGSV,3,2,12,27,31,049,20,14,24,267,,02,24,129,,04,12,178,*74
20:33:52.491 << $GPGSV,3,3,12,16,08,071,,01,08,147,,22,07,259,,20,02,331,*70
20:33:52.492 << $GPRMC,013352.000,A,4153.0281,N,08748.2149,W,0.28,20.21,240107,,,A*44
20:33:53.467 << $GPGGA,013353.000,4153.0281,N,08748.2150,W,1,6,1.18,227.1,M,-34.0,M,,*66
20:33:53.470 << $GPGSA,A,3,07,27,02,08,30,09,,,,,,,1.48,1.18,0.90*0C
20:33:53.472 << $GPGSV,4,1,13,07,81,319,35,08,67,077,32,30,41,307,25,09,33,206,20*7F
20:33:53.473 << $GPGSV,4,2,13,27,31,049,19,14,24,267,,02,24,129,22,04,12,178,*78
20:33:53.473 << $GPGSV,4,3,13,16,08,071,,01,08,147,,22,07,259,,20,02,331,*76
20:33:53.474 << $GPGSV,4,4,13,38,,,*70
20:33:53.475 << $GPRMC,013353.000,A,4153.0281,N,08748.2150,W,0.45,20.21,240107,,,A*46
20:33:54.456 << $GPGGA,013354.000,4153.0282,N,08748.2151,W,1,6,1.18,227.1,M,-34.0,M,,*63
20:33:54.459 << $GPGSA,A,3,07,27,02,08,30,09,,,,,,,1.48,1.18,0.90*0C
20:33:54.461 << $GPGSV,4,1,13,07,81,319,35,08,67,077,32,30,41,307,25,09,33,206,20*7F
20:33:54.462 << $GPGSV,4,2,13,27,31,049,19,14,24,267,,02,24,129,23,04,12,178,*79
20:33:54.463 << $GPGSV,4,3,13,16,08,071,,01,08,147,,22,07,259,,20,02,331,*76
20:33:54.463 << $GPGSV,4,4,13,38,,,*70
20:33:54.465 << $GPRMC,013354.000,A,4153.0282,N,08748.2151,W,0.28,20.21,240107,,,A*48
20:33:55.436 << $GPGGA,013355.000,4153.0282,N,08748.2152,W,1,6,1.18,227.1,M,-34.0,M,,*61
20:33:55.437 << $GPGSA,A,3,07,27,02,08,30,09,,,,,,,1.48,1.18,0.90*0C
20:33:55.438 << $GPGSV,4,1,13,07,81,319,34,08,67,077,32,30,41,307,25,09,33,206,20*7E
20:33:55.438 << $GPGSV,4,2,13,27,31,049,19,14,24,267,,02,24,129,22,04,12,178,*78
20:33:55.439 << $GPGSV,4,3,13,16,08,071,,01,08,147,,22,07,259,,20,02,331,*76
20:33:55.439 << $GPGSV,4,4,13,38,,,*70
20:33:55.440 << $GPRMC,013355.000,A,4153.0282,N,08748.2152,W,0.08,20.21,240107,,,A*48
20:33:56.363 << $GPGGA,013356.000,4153.0282,N,08748.2152,W,1,6,1.18,227.1,M,-34.0,M,,*62
20:33:56.367 << $GPGSA,A,3,07,27,02,08,30,09,,,,,,,1.48,1.18,0.90*0C
20:33:56.422 << $GPGSV,4,1,13,07,81,319,34,08,67,077,32,30,41,307,25,09,33,206,21*7F
20:33:56.423 << $GPGSV,4,2,13,27,31,049,19,14,24,267,,02,24,129,23,04,12,178,*79
20:33:56.423 << $GPGSV,4,3,13,16,08,071,,01,08,147,,22,07,259,,20,02,331,*76
20:33:56.424 << $GPGSV,4,4,13,38,,,*70
20:33:56.426 << $GPRMC,013356.000,A,4153.0282,N,08748.2152,W,0.16,20.21,240107,,,A*44
20:33:57.340 << $GPGGA,013357.000,4153.0282,N,08748.2153,W,1,6,1.18,227.1,M,-34.0,M,,*62
20:33:57.343 << $GPGSA,A,3,07,27,02,08,30,09,,,,,,,1.48,1.18,0.90*0C
20:33:57.345 << $GPGSV,4,1,13,07,81,319,34,08,67,077,32,30,41,307,25,09,33,206,21*7F
20:33:57.347 << $GPGSV,4,2,13,27,31,049,19,14,24,267,,02,24,129,23,04,12,178,*79
20:33:57.347 << $GPGSV,4,3,13,16,08,071,,01,08,147,,22,07,259,,20,02,331,*76
20:33:57.348 << $GPGSV,4,4,13,38,,,*70
20:33:57.349 << $GPRMC,013357.000,A,4153.0282,N,08748.2153,W,0.23,20.21,240107,,,A*42
20:33:58.331 << $GPGGA,013358.000,4153.0281,N,08748.2153,W,1,6,1.18,227.1,M,-34.0,M,,*6E
20:33:58.334 << $GPGSA,A,3,07,27,02,08,30,09,,,,,,,1.48,1.18,0.90*0C
20:33:58.336 << $GPGSV,4,1,13,07,81,319,34,08,67,077,32,30,41,307,25,09,33,206,21*7F
20:33:58.337 << $GPGSV,4,2,13,27,31,049,19,14,24,267,,02,24,129,23,04,12,178,*79
20:33:58.338 << $GPGSV,4,3,13,16,08,071,,01,08,147,,22,07,259,,20,02,331,*76
20:33:58.338 << $GPGSV,4,4,13,38,,,*70
20:33:58.339 << $GPRMC,013358.000,A,4153.0281,N,08748.2153,W,0.15,20.21,240107,,,A*4B
20:33:59.317 << $GPGGA,013359.000,4153.0281,N,08748.2154,W,1,6,1.18,227.1,M,-34.0,M,,*68
20:33:59.321 << $GPGSA,A,3,07,27,02,08,30,09,,,,,,,1.48,1.18,0.90*0C
20:33:59.323 << $GPGSV,4,1,13,07,81,319,34,08,67,077,31,30,41,307,25,09,33,206,21*7C
20:33:59.324 << $GPGSV,4,2,13,27,31,049,19,14,24,267,,02,24,129,23,04,12,178,*79
20:33:59.324 << $GPGSV,4,3,13,16,08,071,,01,08,147,,22,07,259,,20,02,331,*76
20:33:59.325 << $GPGSV,4,4,13,41,,,*7E
20:33:59.778 << $GPRMC,013359.000,A,4153.0281,N,08748.2154,W,0.01,20.21,240107,,,A*48
20:34:00.270 << $GPGGA,013400.000,4153.0280,N,08748.2154,W,1,6,1.23,227.1,M,-34.0,M,,*6A
20:34:00.274 << $GPGSA,A,3,07,27,02,08,30,09,,,,,,,2.45,1.23,2.11*01
20:34:00.276 << $GPGSV,4,1,13,07,81,319,34,08,67,077,31,30,41,307,25,09,33,206,21*7C
20:34:00.276 << $GPGSV,4,2,13,27,31,049,19,14,24,267,,02,24,129,23,04,12,178,*79
20:34:00.277 << $GPGSV,4,3,13,16,08,071,,01,08,147,,22,07,259,,20,02,331,*76
20:34:00.278 << $GPGSV,4,4,13,41,,,*7E
20:34:00.279 << $GPRMC,013400.000,A,4153.0280,N,08748.2154,W,0.40,20.21,240107,,,A*47
20:34:01.727 << $GPGGA,013401.000,4153.0281,N,08748.2155,W,1,6,1.18,227.1,M,-34.0,M,,*63
20:34:01.731 << $GPGSA,A,3,07,27,02,08,30,09,,,,,,,1.48,1.18,0.90*0C
20:34:01.732 << $GPGSV,4,1,13,07,81,319,34,08,67,077,31,30,41,307,25,09,33,206,21*7C
20:34:01.733 << $GPGSV,4,2,13,27,31,049,19,14,24,267,,02,24,129,23,04,12,178,*79
20:34:01.734 << $GPGSV,4,3,13,16,08,071,,01,08,147,,22,07,259,,20,02,331,*76
20:34:01.734 << $GPGSV,4,4,13,41,,,*7E
20:34:02.216 << $GPRMC,013401.000,A,4153.0281,N,08748.2155,W,0.31,20.21,240107,,,A*40
20:34:02.704 << $GPGGA,013402.000,4153.0281,N,08748.2156,W,1,6,1.18,227.1,M,-34.0,M,,*63
20:34:02.707 << $GPGSA,A,3,07,27,02,08,30,09,,,,,,,1.48,1.18,0.90*0C
20:34:02.709 << $GPGSV,4,1,13,07,81,319,34,08,67,077,31,30,41,307,25,09,33,206,21*7C
20:34:02.710 << $GPGSV,4,2,13,27,31,049,19,14,24,267,,02,24,129,24,04,12,178,*7E
20:34:02.711 << $GPGSV,4,3,13,16,08,071,,01,08,147,,22,07,259,,20,02,331,*76
20:34:02.711 << $GPGSV,4,4,13,41,,,*7E
20:34:02.713 << $GPRMC,013402.000,A,4153.0281,N,08748.2156,W,0.20,20.21,240107,,,A*40
20:34:03.684 << $GPGGA,013403.000,4153.0281,N,08748.2156,W,1,6,1.18,227.0,M,-34.0,M,,*63
20:34:03.687 << $GPGSA,A,3,07,27,02,08,30,09,,,,,,,1.48,1.18,0.90*0C
20:34:03.689 << $GPGSV,4,1,13,07,81,319,34,08,67,077,31,30,41,307,25,09,33,206,21*7C
20:34:03.690 << $GPGSV,4,2,13,27,31,049,20,14,24,267,,02,24,129,25,04,12,178,*75
20:34:03.691 << $GPGSV,4,3,13,16,08,071,,01,08,147,,22,07,259,,20,02,331,*76
20:34:03.691 << $GPGSV,4,4,13,41,,,*7E
20:34:03.692 << $GPRMC,013403.000,A,4153.0281,N,08748.2156,W,0.32,20.21,240107,,,A*42
20:34:04.664 << $GPGGA,013404.000,4153.0280,N,08748.2156,W,1,6,1.18,227.0,M,-34.0,M,,*65
20:34:04.668 << $GPGSA,A,3,07,27,02,08,30,09,,,,,,,1.48,1.18,0.90*0C
20:34:04.670 << $GPGSV,4,1,13,07,81,319,34,08,67,077,31,30,41,307,25,09,33,206,21*7C
20:34:04.671 << $GPGSV,4,2,13,27,31,049,20,14,24,267,,02,24,129,26,04,12,178,*76
20:34:04.672 << $GPGSV,4,3,13,16,08,071,,01,08,147,,22,07,259,,20,02,331,*76
20:34:04.673 << $GPGSV,4,4,13,41,,,*7E
20:34:04.674 << $GPRMC,013404.000,A,4153.0280,N,08748.2156,W,0.47,20.21,240107,,,A*46
20:34:05.648 << $GPGGA,013405.000,4153.0278,N,08748.2157,W,1,6,1.18,227.0,M,-34.0,M,,*62
20:34:05.658 << $GPGSA,A,3,07,27,02,08,30,09,,,,,,,1.48,1.18,0.90*0C
20:34:05.658 << $GPGSV,4,1,13,07,81,319,34,08,67,077,31,30,41,307,25,09,33,206,21*7C
20:34:05.659 << $GPGSV,4,2,13,27,31,049,20,14,24,267,,02,24,129,26,04,12,178,*76
20:34:05.659 << $GPGSV,4,3,13,16,08,071,,01,08,147,,22,07,259,,20,02,331,*76
20:34:05.659 << $GPGSV,4,4,13,43,,,*7C
20:34:05.663 << $GPRMC,013405.000,A,4153.0278,N,08748.2157,W,0.49,20.21,240107,,,A*4F
20:34:06.636 << $GPGGA,013406.000,4153.0277,N,08748.2156,W,1,6,1.18,226.9,M,-34.0,M,,*67
20:34:06.639 << $GPGSA,A,3,07,27,02,08,30,09,,,,,,,1.48,1.18,0.90*0C
20:34:06.640 << $GPGSV,4,1,13,07,81,319,34,08,67,077,31,30,41,307,25,09,33,206,21*7C
20:34:06.642 << $GPGSV,4,2,13,27,31,049,19,14,24,267,,02,24,129,26,04,12,178,*7C
20:34:06.642 << $GPGSV,4,3,13,16,08,071,,01,08,147,,22,07,259,,20,02,331,*76
20:34:06.643 << $GPGSV,4,4,13,43,,,*7C
20:34:06.644 << $GPRMC,013406.000,A,4153.0277,N,08748.2156,W,0.58,20.21,240107,,,A*42
20:34:07.574 << $GPGGA,013407.000,4153.0275,N,08748.2155,W,1,6,1.18,226.9,M,-34.0,M,,*67
20:34:07.578 << $GPGSA,A,3,07,27,02,08,30,09,,,,,,,1.48,1.18,0.90*0C
20:34:07.633 << $GPGSV,4,1,13,07,81,319,34,08,67,076,31,30,41,307,26,09,33,206,22*7D
20:34:07.634 << $GPGSV,4,2,13,27,31,049,18,14,24,267,,02,24,129,26,04,12,178,*7D
20:34:07.635 << $GPGSV,4,3,13,16,08,071,,01,08,147,,22,07,259,,20,02,331,*76
20:34:07.635 << $GPGSV,4,4,13,43,,,*7C
20:34:07.637 << $GPRMC,013407.000,A,4153.0275,N,08748.2155,W,0.68,181.11,240107,,,A*78
20:34:08.554 << $GPGGA,013408.000,4153.0260,N,08748.2159,W,1,6,1.18,226.1,M,-34.0,M,,*68
20:34:08.556 << $GPGSA,A,3,07,27,02,08,30,09,,,,,,,1.48,1.18,0.90*0C
20:34:08.558 << $GPGSV,4,1,13,07,81,319,34,08,67,076,31,30,41,307,26,09,33,206,22*7D
20:34:08.559 << $GPGSV,4,2,13,27,31,049,17,14,24,267,,02,24,129,27,04,12,178,*73
20:34:08.559 << $GPGSV,4,3,13,16,08,071,,01,08,147,,22,07,259,,20,02,331,*76
20:34:08.560 << $GPGSV,4,4,13,43,,,*7C
20:34:08.561 << $GPRMC,013408.000,A,4153.0260,N,08748.2159,W,0.73,182.75,240107,,,A*74
20:34:09.542 << $GPGGA,013409.000,4153.0251,N,08748.2157,W,1,6,1.18,225.3,M,-34.0,M,,*64
20:34:09.545 << $GPGSA,A,3,07,27,02,08,30,09,,,,,,,1.48,1.18,0.90*0C
20:34:09.547 << $GPGSV,4,1,13,07,81,319,34,08,67,076,31,30,41,307,26,09,33,206,22*7D
20:34:09.548 << $GPGSV,4,2,13,27,31,049,17,14,24,267,,02,24,129,27,04,12,178,*73
20:34:09.549 << $GPGSV,4,3,13,16,08,071,,01,08,147,,22,07,259,,20,02,331,*76
20:34:09.549 << $GPGSV,4,4,13,43,,,*7C
20:34:09.550 << $GPRMC,013409.000,A,4153.0251,N,08748.2157,W,0.68,183.17,240107,,,A*76
20:34:10.516 << $GPGGA,013410.000,4153.0241,N,08748.2158,W,1,6,1.18,224.8,M,-34.0,M,,*68
20:34:10.519 << $GPGSA,A,3,07,27,02,08,30,09,,,,,,,1.48,1.18,0.90*0C
20:34:10.520 << $GPGSV,4,1,13,07,81,319,34,08,67,076,31,30,41,307,26,09,33,206,21*7E
20:34:10.521 << $GPGSV,4,2,13,27,31,049,17,14,24,267,,02,24,129,27,04,12,178,*73
20:34:10.522 << $GPGSV,4,3,13,16,08,071,,01,08,147,,22,07,259,,20,02,331,*76
20:34:10.523 << $GPGSV,4,4,13,43,,,*7C
20:34:10.997 << $GPRMC,013410.000,A,4153.0241,N,08748.2158,W,0.62,183.17,240107,,,A*7A
20:34:11.482 << $GPGGA,013411.000,4153.0232,N,08748.2161,W,1,6,1.18,224.9,M,-34.0,M,,*66
20:34:11.484 << $GPGSA,A,3,07,27,02,08,30,09,,,,,,,1.48,1.18,0.90*0C
20:34:11.486 << $GPGSV,4,1,13,07,81,319,33,08,67,076,31,30,41,307,26,09,33,206,21*79
20:34:11.487 << $GPGSV,4,2,13,27,31,049,17,14,24,267,,02,24,129,27,04,12,178,*73
20:34:11.488 << $GPGSV,4,3,13,16,08,071,,01,08,147,,22,07,259,,20,02,331,*76
20:34:11.489 << $GPGSV,4,4,13,43,,,*7C
20:34:11.490 << $GPRMC,013411.000,A,4153.0232,N,08748.2161,W,0.56,183.17,240107,,,A*72
20:34:12.471 << $GPGGA,013412.000,4153.0224,N,08748.2156,W,1,6,1.18,224.7,M,-34.0,M,,*68
20:34:12.474 << $GPGSA,A,3,07,27,02,08,30,09,,,,,,,1.48,1.18,0.90*0C
20:34:12.476 << $GPGSV,4,1,13,07,81,319,33,08,67,076,31,30,41,307,27,09,33,206,21*78
20:34:12.477 << $GPGSV,4,2,13,27,31,049,17,14,24,267,,02,24,129,27,04,12,178,*73
20:34:12.478 << $GPGSV,4,3,13,16,08,071,,01,08,147,,22,07,259,,20,02,331,*76
20:34:12.478 << $GPGSV,4,4,13,45,,,*7A
20:34:12.479 << $GPRMC,013412.000,A,4153.0224,N,08748.2156,W,0.34,183.17,240107,,,A*76
20:34:13.455 << $GPGGA,013413.000,4153.0216,N,08748.2158,W,1,7,1.18,224.8,M,-34.0,M,,*68
20:34:13.458 << $GPGSA,A,3,07,27,02,08,22,30,09,,,,,,1.48,1.18,0.90*0C
20:34:13.460 << $GPGSV,4,1,13,07,81,319,33,08,67,076,31,30,41,307,27,09,33,206,21*78
20:34:13.462 << $GPGSV,4,2,13,27,31,049,17,14,24,267,,02,24,129,27,04,12,178,*73
20:34:13.462 << $GPGSV,4,3,13,16,08,071,,01,08,147,,22,07,259,17,20,02,331,*70
20:34:13.463 << $GPGSV,4,4,13,45,,,*7A
20:34:13.464 << $GPRMC,013413.000,A,4153.0216,N,08748.2158,W,0.66,188.78,240107,,,A*7D
20:34:14.438 << $GPGGA,013414.000,4153.0210,N,08748.2153,W,1,7,1.18,224.5,M,-34.0,M,,*6F
20:34:14.441 << $GPGSA,A,3,07,27,02,08,22,30,09,,,,,,1.48,1.18,0.90*0C
20:34:14.442 << $GPGSV,4,1,13,07,81,319,33,08,67,076,31,30,41,307,27,09,33,206,21*78
20:34:14.443 << $GPGSV,4,2,13,27,31,049,17,14,24,267,,02,24,129,28,04,12,178,*7C
20:34:14.444 << $GPGSV,4,3,13,16,08,071,,01,08,147,,22,07,259,17,20,02,331,*70
20:34:14.445 << $GPGSV,4,4,13,45,,,*7A
20:34:14.447 << $GPRMC,013414.000,A,4153.0210,N,08748.2153,W,0.62,185.65,240107,,,A*72
20:34:15.374 << $GPGGA,013415.000,4153.0205,N,08748.2150,W,1,7,1.18,224.4,M,-34.0,M,,*68
20:34:15.377 << $GPGSA,A,3,07,27,02,08,22,30,09,,,,,,1.48,1.18,0.90*0C
20:34:15.379 << $GPGSV,4,1,13,07,81,319,33,08,67,076,31,30,41,307,27,09,33,206,21*78
20:34:15.433 << $GPGSV,4,2,13,27,31,049,17,14,24,267,,02,24,129,28,04,12,178,*7C
20:34:15.434 << $GPGSV,4,3,13,16,08,071,,01,08,147,,22,07,259,17,20,02,331,*70
20:34:15.435 << $GPGSV,4,4,13,45,,,*7A
20:34:15.436 << $GPRMC,013415.000,A,4153.0205,N,08748.2150,W,0.57,185.65,240107,,,A*72
20:34:16.356 << $GPGGA,013416.000,4153.0199,N,08748.2150,W,1,7,1.18,223.9,M,-34.0,M,,*67
20:34:16.359 << $GPGSA,A,3,07,27,02,08,22,30,09,,,,,,1.48,1.18,0.90*0C
20:34:16.361 << $GPGSV,4,1,13,07,81,319,33,08,67,076,31,30,41,307,27,09,33,206,20*79
20:34:16.362 << $GPGSV,4,2,13,27,31,049,17,14,24,267,,02,24,129,28,04,12,178,*7C
20:34:16.362 << $GPGSV,4,3,13,16,08,071,,01,08,147,,22,07,259,17,20,02,331,*70
20:34:16.363 << $GPGSV,4,4,13,45,,,*7A
20:34:16.364 << $GPRMC,013416.000,A,4153.0199,N,08748.2150,W,0.54,185.65,240107,,,A*74
20:34:17.335 << $GPGGA,013417.000,4153.0196,N,08748.2147,W,1,7,1.18,223.6,M,-34.0,M,,*60
20:34:17.338 << $GPGSA,A,3,07,27,02,08,22,30,09,,,,,,1.48,1.18,0.90*0C
20:34:17.340 << $GPGSV,4,1,13,07,81,319,33,08,67,076,31,30,41,307,28,09,33,206,20*76
20:34:17.341 << $GPGSV,4,2,13,27,31,049,17,14,24,267,,02,24,129,28,04,12,178,*7C
20:34:17.342 << $GPGSV,4,3,13,16,08,071,,01,08,147,,22,07,259,17,20,02,331,*70
20:34:17.342 << $GPGSV,4,4,13,45,,,*7A
20:34:17.344 << $GPRMC,013417.000,A,4153.0196,N,08748.2147,W,0.53,185.65,240107,,,A*7B
20:34:18.321 << $GPGGA,013418.000,4153.0192,N,08748.2144,W,1,7,1.18,223.0,M,-34.0,M,,*6E
20:34:18.796 << $GPGSA,A,3,07,27,02,08,22,30,09,,,,,,1.48,1.18,0.90*0C
20:34:18.798 << $GPGSV,4,1,13,07,81,319,33,08,67,076,31,30,41,307,28,09,33,206,20*76
20:34:18.799 << $GPGSV,4,2,13,27,31,049,17,14,24,267,,02,24,129,29,04,12,178,*7D
20:34:18.800 << $GPGSV,4,3,13,16,08,071,,01,08,147,,22,07,259,17,20,02,331,*70
20:34:18.801 << $GPGSV,4,4,13,47,,,*78
20:34:18.802 << $GPRMC,013418.000,A,4153.0192,N,08748.2144,W,0.49,185.65,240107,,,A*78
20:34:19.279 << $GPGGA,013419.000,4153.0191,N,08748.2144,W,1,7,1.18,223.0,M,-34.0,M,,*6C
20:34:19.282 << $GPGSA,A,3,07,27,02,08,22,30,09,,,,,,1.48,1.18,0.90*0C
20:34:19.284 << $GPGSV,4,1,13,07,81,319,33,08,67,076,31,30,41,307,29,09,33,206,20*77
20:34:19.285 << $GPGSV,4,2,13,27,31,049,16,14,24,267,,02,24,129,29,04,12,178,*7C
20:34:19.764 << $GPGSV,4,3,13,16,08,071,,01,08,147,,22,07,259,17,20,02,331,*70
20:34:19.765 << $GPGSV,4,4,13,47,,,*78
20:34:19.767 << $GPRMC,013419.000,A,4153.0191,N,08748.2144,W,0.43,185.65,240107,,,A*70
20:34:20.256 << $GPGGA,013420.000,4153.0189,N,08748.2145,W,1,7,1.18,223.0,M,-34.0,M,,*6E
20:34:20.258 << $GPGSA,A,3,07,27,02,08,22,30,09,,,,,,1.48,1.18,0.90*0C
20:34:20.260 << $GPGSV,4,1,13,07,81,319,32,08,67,076,31,30,41,307,29,09,33,206,20*76
20:34:20.261 << $GPGSV,4,2,13,27,31,049,16,14,24,267,,02,24,129,29,04,12,178,*7C
20:34:20.740 << $GPGSV,4,3,13,16,08,071,,01,08,147,,22,07,259,17,20,02,331,*70
20:34:20.741 << $GPGSV,4,4,13,47,,,*78
20:34:20.743 << $GPRMC,013420.000,A,4153.0189,N,08748.2145,W,0.46,185.65,240107,,,A*77
20:34:21.718 << $GPGGA,013421.000,4153.0188,N,08748.2145,W,1,7,1.18,223.0,M,-34.0,M,,*6E
20:34:21.721 << $GPGSA,A,3,07,27,02,08,22,30,09,,,,,,1.48,1.18,0.90*0C
20:34:21.723 << $GPGSV,4,1,13,07,81,319,32,08,67,076,32,30,41,307,29,09,33,206,21*74
20:34:21.724 << $GPGSV,4,2,13,27,31,049,16,14,24,267,,02,24,129,29,04,12,178,*7C
20:34:21.725 << $GPGSV,4,3,13,16,08,071,,01,08,147,,22,07,260,17,20,02,331,*7A
20:34:21.725 << $GPGSV,4,4,13,47,,,*78
20:34:21.726 << $GPRMC,013421.000,A,4153.0188,N,08748.2145,W,0.55,185.65,240107,,,A*75
20:34:22.707 << $GPGGA,013422.000,4153.0186,N,08748.2145,W,1,7,1.18,223.0,M,-34.0,M,,*63
20:34:22.710 << $GPGSA,A,3,07,27,02,08,22,30,09,,,,,,1.48,1.18,0.90*0C
20:34:22.712 << $GPGSV,4,1,13,07,81,319,32,08,67,076,32,30,41,307,28,09,33,206,21*75
20:34:22.713 << $GPGSV,4,2,13,27,31,049,15,14,24,267,,02,24,129,28,04,12,178,*7E
20:34:22.714 << $GPGSV,4,3,13,16,08,071,,01,08,147,,22,07,260,17,20,02,331,*7A
20:34:22.715 << $GPGSV,4,4,13,47,,,*78
20:34:22.716 << $GPRMC,013422.000,A,4153.0186,N,08748.2145,W,0.75,185.89,240107,,,A*78
20:34:23.692 << $GPGGA,013423.000,4153.0178,N,08748.2140,W,1,7,1.18,222.5,M,-34.0,M,,*62
20:34:23.695 << $GPGSA,A,3,07,27,02,08,22,30,09,,,,,,1.48,1.18,0.90*0C
20:34:23.697 << $GPGSV,4,1,13,07,81,319,32,08,67,076,32,30,41,307,28,09,33,206,20*74
20:34:23.698 << $GPGSV,4,2,13,27,31,049,16,14,24,267,,02,24,129,29,04,12,178,*7C
20:34:23.699 << $GPGSV,4,3,13,16,08,071,,01,08,147,,22,07,260,18,20,02,331,*75
20:34:23.700 << $GPGSV,4,4,13,47,,,*78
20:34:23.701 << $GPRMC,013423.000,A,4153.0178,N,08748.2140,W,0.76,179.43,240107,,,A*7B
20:34:24.679 << $GPGGA,013424.000,4153.0165,N,08748.2145,W,1,7,1.18,221.9,M,-34.0,M,,*63
20:34:24.682 << $GPGSA,A,3,07,27,02,08,22,30,09,,,,,,1.48,1.18,0.90*0C
20:34:24.684 << $GPGSV,4,1,13,07,81,319,31,08,67,076,32,30,41,307,29,09,33,206,21*77
20:34:24.685 << $GPGSV,4,2,13,27,31,049,16,14,24,267,,02,24,129,29,04,12,178,*7C
20:34:24.686 << $GPGSV,4,3,13,16,08,071,,01,08,147,,22,07,260,18,20,02,331,*75
20:34:24.687 << $GPGSV,4,4,13,47,,,*78
20:34:24.688 << $GPRMC,013424.000,A,4153.0165,N,08748.2145,W,0.95,180.86,240107,,,A*77
20:34:25.653 << $GPGGA,013425.000,4153.0159,N,08748.2150,W,1,7,1.18,221.7,M,-34.0,M,,*67
20:34:25.656 << $GPGSA,A,3,07,27,02,08,22,30,09,,,,,,1.48,1.18,0.90*0C
20:34:25.658 << $GPGSV,4,1,13,07,81,319,31,08,67,076,32,30,41,307,29,09,33,206,21*77
20:34:25.658 << $GPGSV,4,2,13,27,31,049,16,14,24,267,,02,24,129,29,04,12,178,*7C
20:34:25.659 << $GPGSV,4,3,13,16,08,071,,01,08,147,,22,07,260,18,20,02,331,*75
20:34:25.660 << $GPGSV,4,4,13,49,,,*76
20:34:25.661 << $GPRMC,013425.000,A,4153.0159,N,08748.2150,W,0.94,182.10,240107,,,A*71
20:34:26.633 << $GPGGA,013426.000,4153.0156,N,08748.2149,W,1,7,1.18,221.5,M,-34.0,M,,*61
20:34:26.636 << $GPGSA,A,3,07,27,02,08,22,30,09,,,,,,1.48,1.18,0.90*0C
20:34:26.638 << $GPGSV,4,1,13,07,81,319,32,08,67,076,32,30,41,307,29,09,33,206,22*77
20:34:26.639 << $GPGSV,4,2,13,27,31,049,16,14,24,267,,02,24,129,29,04,12,178,*7C
20:34:26.640 << $GPGSV,4,3,13,16,08,071,,01,08,147,,22,07,260,18,20,02,331,*75
20:34:26.641 << $GPGSV,4,4,13,49,,,*76
20:34:26.642 << $GPRMC,013426.000,A,4153.0156,N,08748.2149,W,0.94,182.99,240107,,,A*74
20:34:27.569 << $GPGGA,013427.000,4153.0150,N,08748.2149,W,1,7,1.18,221.0,M,-34.0,M,,*63
20:34:27.572 << $GPGSA,A,3,07,27,02,08,22,30,09,,,,,,1.48,1.18,0.90*0C
20:34:27.574 << $GPGSV,4,1,13,07,81,319,32,08,67,076,32,30,41,307,29,09,33,206,23*76
20:34:27.575 << $GPGSV,4,2,13,27,31,049,16,14,24,267,,02,24,129,29,04,12,178,*7C
20:34:27.576 << $GPGSV,4,3,13,16,08,071,,01,08,147,,22,07,260,18,20,02,331,*75
20:34:27.576 << $GPGSV,4,4,13,49,,,*76
20:34:27.577 << $GPRMC,013427.000,A,4153.0150,N,08748.2149,W,1.14,184.27,240107,,,A*79
20:34:28.550 << $GPGGA,013428.000,4153.0146,N,08748.2152,W,1,7,1.18,220.8,M,-34.0,M,,*68
20:34:28.553 << $GPGSA,A,3,07,27,02,08,22,30,09,,,,,,1.48,1.18,0.90*0C
20:34:28.554 << $GPGSV,4,1,13,07,81,319,32,08,67,076,31,30,41,307,29,09,33,206,23*75
20:34:28.555 << $GPGSV,4,2,13,27,31,049,16,14,24,267,,02,24,129,29,04,12,178,*7C
20:34:28.556 << $GPGSV,4,3,13,16,08,071,,01,08,147,,22,07,260,18,20,02,331,*75
20:34:28.557 << $GPGSV,4,4,13,49,,,*76
20:34:28.558 << $GPRMC,013428.000,A,4153.0146,N,08748.2152,W,1.08,203.30,240107,,,A*7C
20:34:29.538 << $GPGGA,013429.000,4153.0146,N,08748.2154,W,1,7,1.18,220.0,M,-34.0,M,,*67
20:34:29.541 << $GPGSA,A,3,07,27,02,08,22,30,09,,,,,,1.48,1.18,0.90*0C
20:34:29.543 << $GPGSV,4,1,13,07,81,319,32,08,67,076,31,30,41,307,29,09,33,206,24*72
20:34:29.544 << $GPGSV,4,2,13,27,31,049,16,14,24,267,,02,24,129,30,04,12,178,*74
20:34:29.545 << $GPGSV,4,3,13,16,08,071,,01,08,147,,22,07,260,18,20,02,331,*75
20:34:30.000 << $GPGSV,4,4,13,49,,,*76
20:34:30.002 << $GPRMC,013429.000,A,4153.0146,N,08748.2154,W,0.76,215.23,240107,,,A*76
20:34:30.489 << $GPGGA,013430.000,4153.0145,N,08748.2149,W,1,7,1.18,219.5,M,-34.0,M,,*6F
20:34:30.492 << $GPGSA,A,3,07,27,02,08,22,30,09,,,,,,1.48,1.18,0.90*0C
20:34:30.495 << $GPGSV,4,1,13,07,81,319,32,08,67,076,31,30,41,307,29,09,33,206,24*72
20:34:30.496 << $GPGSV,4,2,13,27,31,049,15,14,24,267,,02,24,129,31,04,12,178,*76
20:34:30.497 << $GPGSV,4,3,13,16,08,071,,01,08,147,,22,07,260,18,20,02,331,*75
20:34:30.498 << $GPGSV,4,4,13,49,,,*76
20:34:30.499 << $GPRMC,013430.000,A,4153.0145,N,08748.2149,W,0.71,213.16,240107,,,A*76
20:34:31.472 << $GPGGA,013431.000,4153.0147,N,08748.2148,W,1,7,1.18,219.4,M,-34.0,M,,*6C
20:34:31.475 << $GPGSA,A,3,07,27,02,08,22,30,09,,,,,,1.48,1.18,0.90*0C
20:34:31.477 << $GPGSV,4,1,13,07,81,319,32,08,67,076,31,30,41,307,29,09,33,206,24*72
20:34:31.478 << $GPGSV,4,2,13,44,33,219,,27,31,049,14,14,24,267,,02,24,129,31*74
20:34:31.478 << $GPGSV,4,3,13,04,12,178,,16,08,071,,01,08,147,,22,07,260,18*7D
20:34:31.479 << $GPGSV,4,4,13,20,02,331,*4A
20:34:31.480 << $GPRMC,013431.000,A,4153.0147,N,08748.2148,W,0.31,213.16,240107,,,A*70
20:34:32.462 << $GPGGA,013432.000,4153.0152,N,08748.2143,W,1,6,1.32,219.2,M,-34.0,M,,*6F
20:34:32.464 << $GPGSA,A,3,07,02,08,22,30,09,,,,,,,1.60,1.32,0.89*03
20:34:32.467 << $GPGSV,4,1,13,07,81,319,32,08,67,076,31,30,41,307,29,09,33,206,24*72
20:34:32.468 << $GPGSV,4,2,13,44,33,219,,27,31,049,,14,24,267,,02,24,129,31*71
20:34:32.468 << $GPGSV,4,3,13,04,12,178,,16,08,071,,01,08,147,,22,07,260,18*7D
20:34:32.469 << $GPGSV,4,4,13,20,02,331,*4A
20:34:32.470 << $GPRMC,013432.000,A,4153.0152,N,08748.2143,W,0.24,213.16,240107,,,A*78
20:34:33.443 << $GPGGA,013433.000,4153.0156,N,08748.2139,W,1,6,1.32,218.8,M,-34.0,M,,*6C
20:34:33.446 << $GPGSA,A,3,07,02,08,22,30,09,,,,,,,1.59,1.32,0.89*09
20:34:33.448 << $GPGSV,4,1,13,07,81,319,32,08,67,076,31,30,41,307,29,09,33,206,24*72
20:34:33.448 << $GPGSV,4,2,13,44,33,219,,27,31,049,,14,24,267,,02,24,129,31*71
20:34:33.449 << $GPGSV,4,3,13,04,12,178,,16,08,071,,01,08,147,,22,07,260,18*7D
20:34:33.450 << $GPGSV,4,4,13,20,02,331,*4A
20:34:33.451 << $GPRMC,013433.000,A,4153.0156,N,08748.2139,W,0.25,213.16,240107,,,A*71
20:34:34.431 << $GPGGA,013434.000,4153.0154,N,08748.2136,W,1,7,1.06,218.4,M,-34.0,M,,*6C
20:34:34.435 << $GPGSA,A,3,07,27,02,08,22,30,09,,,,,,1.35,1.06,0.84*0C
20:34:34.437 << $GPGSV,4,1,13,07,81,319,31,08,67,076,31,30,41,307,29,09,33,206,24*71
20:34:34.438 << $GPGSV,4,2,13,44,33,219,,27,31,049,16,14,24,267,,02,24,129,31*76
20:34:34.439 << $GPGSV,4,3,13,04,12,178,,16,08,071,,01,08,147,,22,07,260,18*7D
20:34:34.439 << $GPGSV,4,4,13,20,02,331,*4A
20:34:34.440 << $GPRMC,013434.000,A,4153.0154,N,08748.2136,W,0.27,213.16,240107,,,A*79
20:34:35.365 << $GPGGA,013435.000,4153.0154,N,08748.2135,W,1,6,1.32,218.4,M,-34.0,M,,*68
20:34:35.368 << $GPGSA,A,3,07,02,08,22,30,09,,,,,,,1.60,1.32,0.89*03
20:34:35.370 << $GPGSV,4,1,13,07,81,319,31,08,67,076,31,30,41,307,29,09,33,206,24*71
20:34:35.371 << $GPGSV,4,2,13,44,33,219,,27,31,049,,14,24,267,,02,24,129,31*71
20:34:35.372 << $GPGSV,4,3,13,04,11,178,,16,08,071,,01,08,147,,22,07,260,18*7E
20:34:35.372 << $GPGSV,4,4,13,20,02,331,*4A
20:34:35.373 << $GPRMC,013435.000,A,4153.0154,N,08748.2135,W,0.13,213.16,240107,,,A*7C
20:34:36.342 << $GPGGA,013436.000,4153.0154,N,08748.2134,W,1,6,1.32,218.3,M,-34.0,M,,*6D
20:34:36.345 << $GPGSA,A,3,07,02,08,22,30,09,,,,,,,1.60,1.32,0.89*03
20:34:36.347 << $GPGSV,4,1,13,07,81,319,31,08,67,076,31,30,41,307,29,09,33,206,24*71
20:34:36.348 << $GPGSV,4,2,13,44,33,219,,27,31,049,,14,24,267,,02,24,129,31*71
20:34:36.348 << $GPGSV,4,3,13,04,11,178,,16,08,071,,01,08,147,,22,07,260,18*7E
20:34:36.350 << $GPGSV,4,4,13,20,02,331,*4A
20:34:36.351 << $GPRMC,013436.000,A,4153.0154,N,08748.2134,W,0.01,213.16,240107,,,A*7D
20:34:37.330 << $GPGGA,013437.000,4153.0154,N,08748.2134,W,1,6,1.32,218.3,M,-34.0,M,,*6C
20:34:37.332 << $GPGSA,A,3,07,02,08,22,30,09,,,,,,,1.60,1.32,0.89*03
20:34:37.334 << $GPGSV,4,1,13,07,81,319,31,08,67,076,31,30,41,307,30,09,33,206,24*79
20:34:37.335 << $GPGSV,4,2,13,44,33,219,,27,31,049,,14,24,267,,02,24,129,31*71
20:34:37.336 << $GPGSV,4,3,13,04,11,178,,16,08,071,,01,08,147,,22,07,260,18*7E
20:34:37.337 << $GPGSV,4,4,13,20,02,331,*4A
20:34:37.799 << $GPRMC,013437.000,A,4153.0154,N,08748.2134,W,0.21,213.16,240107,,,A*7E
20:34:38.295 << $GPGGA,013438.000,4153.0154,N,08748.2133,W,1,6,1.32,218.3,M,-34.0,M,,*64
20:34:38.297 << $GPGSA,A,3,07,02,08,22,30,09,,,,,,,1.60,1.32,0.89*03
20:34:38.298 << $GPGSV,4,1,13,07,81,319,31,08,67,076,31,30,41,307,30,09,33,206,25*78
20:34:38.299 << $GPGSV,4,2,13,44,33,219,,27,31,049,,14,24,267,,02,24,129,31*71
20:34:38.299 << $GPGSV,4,3,13,04,11,178,,16,08,071,,01,08,147,,22,07,260,18*7E
20:34:38.299 << $GPGSV,4,4,13,20,02,331,*4A
20:34:38.300 << $GPRMC,013438.000,A,4153.0154,N,08748.2133,W,0.22,213.16,240107,,,A*75
20:34:39.753 << $GPGGA,013439.000,4153.0154,N,08748.2133,W,1,7,1.06,218.3,M,-34.0,M,,*63
20:34:39.756 << $GPGSA,A,3,07,27,02,08,22,30,09,,,,,,1.35,1.06,0.84*0C
20:34:39.758 << $GPGSV,4,1,13,07,81,319,30,08,67,076,31,30,41,307,30,09,33,206,25*79
20:34:39.759 << $GPGSV,4,2,13,44,33,219,27,27,31,049,17,14,24,267,,02,24,129,32*71
20:34:39.759 << $GPGSV,4,3,13,04,11,178,,16,08,071,,01,08,147,,22,07,260,18*7E
20:34:39.760 << $GPGSV,4,4,13,20,02,331,*4A
20:34:39.761 << $GPRMC,013439.000,A,4153.0154,N,08748.2133,W,0.16,213.16,240107,,,A*73
20:34:40.732 << $GPGGA,013440.000,4153.0154,N,08748.2132,W,1,7,1.06,218.3,M,-34.0,M,,*6C
20:34:40.735 << $GPGSA,A,3,07,27,02,08,22,30,09,,,,,,1.35,1.06,0.84*0C
20:34:40.736 << $GPGSV,4,1,13,07,81,319,30,08,67,076,31,30,41,307,30,09,33,206,26*7A
20:34:40.737 << $GPGSV,4,2,13,44,33,219,28,27,31,049,18,14,24,267,,02,24,129,32*71
20:34:40.738 << $GPGSV,4,3,13,04,11,178,,16,08,071,,01,08,147,,22,07,260,18*7E
20:34:40.739 << $GPGSV,4,4,13,20,02,331,*4A
20:34:40.740 << $GPRMC,013440.000,A,4153.0154,N,08748.2132,W,0.19,213.16,240107,,,A*73
20:34:41.715 << $GPGGA,013441.000,4153.0153,N,08748.2132,W,1,7,1.06,218.3,M,-34.0,M,,*6A
20:34:41.719 << $GPGSA,A,3,07,27,02,08,22,30,09,,,,,,1.35,1.06,0.84*0C
20:34:41.720 << $GPGSV,4,1,13,07,81,319,29,08,67,076,31,30,41,307,30,09,33,206,26*72
20:34:41.721 << $GPGSV,4,2,13,44,33,219,27,27,31,049,15,14,24,267,,02,24,129,32*73
20:34:41.722 << $GPGSV,4,3,13,04,11,178,,16,08,071,,01,08,147,,22,07,260,18*7E
20:34:41.723 << $GPGSV,4,4,13,20,02,331,*4A
20:34:41.724 << $GPRMC,013441.000,A,4153.0153,N,08748.2132,W,0.24,213.16,240107,,,A*7B
20:34:42.705 << $GPGGA,013442.000,4153.0153,N,08748.2132,W,1,7,1.06,218.3,M,-34.0,M,,*69
20:34:42.708 << $GPGSA,A,3,07,27,02,08,22,30,09,,,,,,1.35,1.06,0.84*0C
20:34:42.709 << $GPGSV,4,1,13,07,81,319,29,08,67,076,31,30,41,307,30,09,33,206,26*72
20:34:42.710 << $GPGSV,4,2,13,44,33,219,,27,31,049,15,14,24,267,,02,24,129,32*76
20:34:42.711 << $GPGSV,4,3,13,04,11,178,,16,08,071,,01,08,147,,22,07,260,18*7E
20:34:42.712 << $GPGSV,4,4,13,20,02,331,*4A
20:34:42.713 << $GPRMC,013442.000,A,4153.0153,N,08748.2132,W,0.51,213.16,240107,,,A*7A
20:34:43.690 << $GPGGA,013443.000,4153.0151,N,08748.2132,W,1,7,1.06,218.2,M,-34.0,M,,*6B
20:34:43.693 << $GPGSA,A,3,07,27,02,08,22,30,09,,,,,,1.35,1.06,0.84*0C
20:34:43.695 << $GPGSV,4,1,13,07,81,319,29,08,67,076,31,30,41,307,30,09,33,206,26*72
20:34:43.696 << $GPGSV,4,2,13,44,33,219,,27,31,049,15,14,24,267,,02,24,129,32*76
20:34:43.696 << $GPGSV,4,3,13,04,11,178,,16,08,071,,01,08,147,,22,07,260,18*7E
20:34:43.697 << $GPGSV,4,4,13,20,02,331,*4A
20:34:43.698 << $GPRMC,013443.000,A,4153.0151,N,08748.2132,W,0.36,213.16,240107,,,A*78
20:34:44.673 << $GPGGA,013444.000,4153.0150,N,08748.2133,W,1,7,1.06,218.2,M,-34.0,M,,*6C
20:34:44.674 << $GPGSA,A,3,07,27,02,08,22,30,09,,,,,,1.35,1.06,0.84*0C
20:34:44.675 << $GPGSV,4,1,13,07,81,319,29,08,67,076,31,30,41,307,31,09,33,206,26*73
20:34:44.675 << $GPGSV,4,2,13,44,33,219,,27,31,049,14,14,24,267,,02,24,129,31*74
20:34:45.113 << $GPGSV,4,3,13,04,11,178,,16,08,071,,01,08,147,,22,07,260,18*7E
20:34:45.114 << $GPGSV,4,4,13,20,02,331,*4A
20:34:45.115 << $GPRMC,013444.000,A,4153.0150,N,08748.2133,W,0.48,213.16,240107,,,A*76
20:34:45.602 << $GPGGA,013445.000,4153.0149,N,08748.2134,W,1,6,1.32,218.2,M,-34.0,M,,*64
20:34:45.603 << $GPGSA,A,3,07,02,08,22,30,09,,,,,,,1.60,1.32,0.89*03
20:34:45.604 << $GPGSV,4,1,13,07,81,319,28,08,67,076,30,30,41,307,31,09,33,206,26*73
20:34:45.604 << $GPGSV,4,2,13,44,33,219,,27,31,049,,14,24,268,,02,24,129,31*7E
20:34:45.605 << $GPGSV,4,3,13,04,11,178,,16,08,071,,01,08,147,,22,07,260,18*7E
20:34:45.605 << $GPGSV,4,4,13,20,02,331,*4A
20:34:46.088 << $GPRMC,013445.000,A,4153.0149,N,08748.2134,W,0.37,213.16,240107,,,A*70
20:34:46.576 << $GPGGA,013446.000,4153.0149,N,08748.2135,W,1,6,1.32,218.2,M,-34.0,M,,*66
20:34:46.579 << $GPGSA,A,3,07,02,08,22,30,09,,,,,,,1.60,1.32,0.89*03
20:34:46.581 << $GPGSV,4,1,13,07,81,319,28,08,67,076,30,30,41,307,31,09,33,206,26*73
20:34:46.582 << $GPGSV,4,2,13,44,33,219,,27,31,049,,14,24,268,,02,24,129,31*7E
20:34:46.583 << $GPGSV,4,3,13,04,11,178,,16,08,071,,01,08,147,,22,07,260,18*7E
20:34:47.060 << $GPGSV,4,4,13,20,02,331,*4A
20:34:47.061 << $GPRMC,013446.000,A,4153.0149,N,08748.2135,W,0.37,213.16,240107,,,A*72
20:34:47.557 << $GPGGA,013447.000,4153.0148,N,08748.2135,W,1,6,1.32,218.2,M,-34.0,M,,*66
20:34:47.560 << $GPGSA,A,3,07,02,08,22,30,09,,,,,,,1.59,1.32,0.89*09
20:34:47.564 << $GPGSV,4,1,13,07,81,319,28,08,67,076,30,30,41,307,31,09,33,206,26*73
20:34:47.567 << $GPGSV,4,2,13,44,33,219,,27,31,049,,14,24,268,,02,24,129,31*7E
20:34:47.568 << $GPGSV,4,3,13,04,11,178,,16,08,071,,01,08,147,,22,07,260,18*7E
20:34:48.044 << $GPGSV,4,4,13,20,02,331,*4A
20:34:48.046 << $GPRMC,013447.000,A,4153.0148,N,08748.2135,W,0.28,213.16,240107,,,A*7C
20:34:48.531 << $GPGGA,013448.000,4153.0147,N,08748.2135,W,1,7,1.06,218.2,M,-34.0,M,,*60
20:34:48.534 << $GPGSA,A,3,07,27,02,08,22,30,09,,,,,,1.35,1.06,0.84*0C
20:34:48.536 << $GPGSV,4,1,13,07,81,319,28,08,67,076,30,30,41,307,31,09,33,206,26*73
20:34:48.538 << $GPGSV,4,2,13,44,33,219,,27,31,049,15,14,24,268,,02,24,129,31*7A
20:34:49.011 << $GPGSV,4,3,13,04,11,178,,16,08,071,,01,08,147,,22,07,260,18*7E
20:34:49.012 << $GPGSV,4,4,13,20,02,331,*4A
20:34:49.014 << $GPRMC,013448.000,A,4153.0147,N,08748.2135,W,0.21,213.16,240107,,,A*75
20:34:49.502 << $GPGGA,013449.000,4153.0147,N,08748.2135,W,1,7,1.06,218.2,M,-34.0,M,,*61
20:34:49.506 << $GPGSA,A,3,07,27,02,08,22,30,09,,,,,,1.35,1.06,0.84*0C
20:34:49.507 << $GPGSV,4,1,13,07,81,319,28,08,67,076,30,30,41,307,31,09,33,206,26*73
20:34:49.508 << $GPGSV,4,2,13,44,33,219,,27,31,049,14,14,24,268,,02,24,129,31*7B
20:34:49.509 << $GPGSV,4,3,13,04,11,178,,16,08,071,,01,08,147,,22,07,260,19*7F
20:34:49.510 << $GPGSV,4,4,13,20,02,331,*4A
20:34:49.511 << $GPRMC,013449.000,A,4153.0147,N,08748.2135,W,0.22,213.16,240107,,,A*77
20:34:50.488 << $GPGGA,013450.000,4153.0147,N,08748.2134,W,1,7,1.28,218.2,M,-34.0,M,,*64
20:34:50.491 << $GPGSA,A,3,07,02,08,22,30,09,14,,,,,,1.56,1.28,0.89*08
20:34:50.492 << $GPGSV,4,1,13,07,81,319,28,08,67,076,30,30,41,307,31,09,33,206,26*73
20:34:50.494 << $GPGSV,4,2,13,44,33,219,,27,31,049,,14,24,268,17,02,24,129,31*78
20:34:50.494 << $GPGSV,4,3,13,04,11,178,,16,08,071,,01,08,147,,22,07,260,19*7F
20:34:50.495 << $GPGSV,4,4,13,20,02,331,*4A
20:34:50.496 << $GPRMC,013450.000,A,4153.0147,N,08748.2134,W,0.22,213.16,240107,,,A*7E
20:34:51.469 << $GPGGA,013451.000,4153.0146,N,08748.2133,W,1,7,1.29,218.2,M,-34.0,M,,*62
20:34:51.472 << $GPGSA,A,3,07,02,08,22,30,09,14,,,,,,1.56,1.29,0.89*09
20:34:51.473 << $GPGSV,4,1,13,07,81,319,28,08,67,076,30,30,41,307,31,09,33,206,26*73
20:34:51.474 << $GPGSV,4,2,13,44,33,219,,27,31,049,,14,24,268,16,02,24,129,31*79
20:34:51.475 << $GPGSV,4,3,13,04,11,178,,16,08,071,,01,08,147,,22,07,260,19*7F
20:34:51.476 << $GPGSV,4,4,13,20,02,331,*4A
20:34:51.477 << $GPRMC,013451.000,A,4153.0146,N,08748.2133,W,0.25,213.16,240107,,,A*7E
20:34:52.456 << $GPGGA,013452.000,4153.0146,N,08748.2133,W,1,7,1.29,218.2,M,-34.0,M,,*61
20:34:52.459 << $GPGSA,A,3,07,02,08,22,30,09,14,,,,,,1.56,1.29,0.89*09
20:34:52.460 << $GPGSV,4,1,13,07,81,319,28,08,67,076,30,30,41,307,31,09,33,206,26*73
20:34:52.461 << $GPGSV,4,2,13,44,33,219,,27,31,049,,14,24,268,16,02,24,129,31*79
20:34:52.462 << $GPGSV,4,3,13,04,11,178,,16,08,071,,01,08,147,,22,07,260,19*7F
20:34:52.463 << $GPGSV,4,4,13,20,02,331,*4A
20:34:52.464 << $GPRMC,013452.000,A,4153.0146,N,08748.2133,W,0.29,213.16,240107,,,A*71
20:34:53.438 << $GPGGA,013453.000,4153.0146,N,08748.2132,W,1,7,1.29,218.2,M,-34.0,M,,*61
20:34:53.441 << $GPGSA,A,3,07,02,08,22,30,09,14,,,,,,1.56,1.29,0.89*09
20:34:53.443 << $GPGSV,4,1,13,07,81,319,28,08,67,076,31,30,41,307,31,09,33,206,26*72
20:34:53.444 << $GPGSV,4,2,13,44,33,219,,27,31,049,,14,24,268,18,02,24,129,31*77
20:34:53.444 << $GPGSV,4,3,13,04,11,178,,16,08,071,,01,08,147,,22,07,260,19*7F
20:34:53.445 << $GPGSV,4,4,13,20,02,331,*4A
20:34:53.890 << $GPRMC,013453.000,A,4153.0146,N,08748.2132,W,0.30,213.16,240107,,,A*79
20:34:54.377 << $GPGGA,013454.000,4153.0146,N,08748.2131,W,1,8,1.02,218.2,M,-34.0,M,,*63
20:34:54.380 << $GPGSA,A,3,07,27,02,08,22,30,09,14,,,,,1.32,1.02,0.83*0D
20:34:54.382 << $GPGSV,4,1,13,07,81,319,29,08,67,076,32,30,41,307,31,09,33,206,26*70
20:34:54.383 << $GPGSV,4,2,13,44,33,219,,27,31,049,16,14,24,268,18,02,24,129,31*70
20:34:54.383 << $GPGSV,4,3,13,04,11,178,,16,08,071,,01,08,147,,22,07,260,19*7F
20:34:54.384 << $GPGSV,4,4,13,20,02,331,*4A
20:34:54.385 << $GPRMC,013454.000,A,4153.0146,N,08748.2131,W,0.17,213.16,240107,,,A*78
20:34:55.367 << $GPGGA,013455.000,4153.0147,N,08748.2130,W,1,7,1.28,218.2,M,-34.0,M,,*65
20:34:55.370 << $GPGSA,A,3,07,02,08,22,30,09,14,,,,,,1.56,1.28,0.89*08
20:34:55.372 << $GPGSV,4,1,13,07,81,319,28,08,67,076,32,30,41,307,30,09,33,206,26*70
20:34:55.373 << $GPGSV,4,2,13,44,33,219,,27,31,049,,14,24,268,18,02,24,129,30*76
20:34:55.836 << $GPGSV,4,3,13,04,11,178,,16,08,071,,01,08,147,,22,07,260,19*7F
20:34:55.896 << $GPGSV,4,4,13,20,02,331,*4A
20:34:55.898 << $GPRMC,013455.000,A,4153.0147,N,08748.2130,W,0.16,213.16,240107,,,A*78
20:34:56.332 << $GPGGA,013456.000,4153.0147,N,08748.2129,W,1,7,1.28,218.2,M,-34.0,M,,*6E
20:34:56.336 << $GPGSA,A,3,07,02,08,22,30,09,14,,,,,,1.56,1.28,0.89*08
20:34:56.337 << $GPGSV,4,1,13,07,81,319,27,08,67,076,32,30,41,307,30,09,33,206,26*7F
20:34:56.339 << $GPGSV,4,2,13,44,33,219,,27,31,049,,14,24,268,18,02,24,129,28*7F
20:34:56.339 << $GPGSV,4,3,13,04,11,178,,16,08,071,,01,08,147,,22,07,260,19*7F
20:34:56.340 << $GPGSV,4,4,13,20,02,331,*4A
20:34:56.341 << $GPRMC,013456.000,A,4153.0147,N,08748.2129,W,0.26,213.16,240107,,,A*70
20:34:57.305 << $GPGGA,013457.000,4153.0147,N,08748.2129,W,1,7,1.28,218.2,M,-34.0,M,,*6F
20:34:57.306 << $GPGSA,A,3,07,02,08,22,30,09,14,,,,,,1.56,1.28,0.89*08
20:34:57.307 << $GPGSV,4,1,13,07,81,319,27,08,67,076,32,30,41,307,30,09,33,206,26*7F
20:34:57.308 << $GPGSV,4,2,13,44,33,219,,27,31,049,,14,24,268,17,02,24,129,28*70
20:34:57.789 << $GPGSV,4,3,13,04,11,178,,16,08,071,,01,08,147,,22,07,260,19*7F
20:34:57.790 << $GPGSV,4,4,13,20,02,331,*4A
20:34:57.790 << $GPRMC,013457.000,A,4153.0147,N,08748.2129,W,0.10,213.16,240107,,,A*74
20:34:58.770 << $GPGGA,013458.000,4153.0147,N,08748.2129,W,1,7,1.28,218.2,M,-34.0,M,,*60
20:34:58.772 << $GPGSA,A,3,07,02,08,22,30,09,14,,,,,,1.56,1.28,0.89*08
20:34:58.773 << $GPGSV,4,1,13,07,81,319,26,08,67,076,31,30,41,307,29,09,33,206,25*76
20:34:58.773 << $GPGSV,4,2,13,44,33,219,,27,31,049,,14,24,268,17,02,24,129,27*7F
20:34:58.774 << $GPGSV,4,3,13,04,11,178,,16,08,071,,01,08,147,,22,07,260,18*7E
20:34:58.774 << $GPGSV,4,4,13,20,02,331,*4A
20:34:58.775 << $GPRMC,013458.000,A,4153.0147,N,08748.2129,W,0.21,213.16,240107,,,A*79
20:34:59.748 << $GPGGA,013459.000,4153.0146,N,08748.2129,W,1,7,1.28,218.1,M,-34.0,M,,*63
20:34:59.751 << $GPGSA,A,3,07,02,08,22,30,09,14,,,,,,1.56,1.28,0.89*08
20:34:59.753 << $GPGSV,4,1,13,07,81,319,25,08,67,076,31,30,41,307,29,51,37,207,*7A
20:34:59.754 << $GPGSV,4,2,13,09,33,206,24,27,31,049,,14,24,268,17,02,24,129,28*71
20:34:59.755 << $GPGSV,4,3,13,04,11,178,,16,08,071,,01,08,147,,22,07,260,18*7E
20:34:59.755 << $GPGSV,4,4,13,20,02,331,*4A
20:34:59.757 << $GPRMC,013459.000,A,4153.0146,N,08748.2129,W,0.42,213.16,240107,,,A*7C
20:35:00.733 << $GPGGA,013500.000,4153.0145,N,08748.2128,W,1,7,1.28,218.1,M,-34.0,M,,*6C
20:35:00.736 << $GPGSA,A,3,07,02,08,22,30,09,14,,,,,,1.56,1.28,0.89*08
20:35:00.737 << $GPGSV,4,1,13,07,81,319,25,08,67,076,31,30,41,307,29,51,37,207,*7A
20:35:00.738 << $GPGSV,4,2,13,09,33,206,24,27,31,049,,14,24,268,17,02,24,129,29*70
20:35:00.739 << $GPGSV,4,3,13,04,11,178,,16,08,071,,01,08,147,,22,07,260,18*7E
20:35:00.740 << $GPGSV,4,4,13,20,02,331,*4A
20:35:00.741 << $GPRMC,013500.000,A,4153.0145,N,08748.2128,W,0.37,213.16,240107,,,A*71
20:35:01.718 << $GPGGA,013501.000,4153.0144,N,08748.2128,W,1,7,1.28,218.1,M,-34.0,M,,*6C
20:35:01.720 << $GPGSA,A,3,07,02,08,22,30,09,14,,,,,,1.56,1.28,0.89*08
20:35:01.723 << $GPGSV,4,1,13,07,81,319,25,08,67,076,31,30,41,307,30,51,37,207,*72
20:35:01.724 << $GPGSV,4,2,13,09,33,206,24,27,31,049,,14,24,268,17,02,24,129,30*78
20:35:01.724 << $GPGSV,4,3,13,04,11,178,,16,08,071,,01,08,147,,22,07,260,18*7E
20:35:01.725 << $GPGSV,4,4,13,20,02,331,*4A
20:35:02.179 << $GPRMC,013501.000,A,4153.0144,N,08748.2128,W,0.29,213.16,240107,,,A*7E
20:35:02.668 << $GPGGA,013502.000,4153.0144,N,08748.2127,W,1,7,1.28,218.1,M,-34.0,M,,*60
20:35:02.671 << $GPGSA,A,3,07,02,08,22,30,09,14,,,,,,1.56,1.28,0.89*08
20:35:02.672 << $GPGSV,4,1,13,07,81,319,25,08,67,076,31,30,41,307,31,51,37,207,*73
20:35:02.674 << $GPGSV,4,2,13,09,33,206,25,27,31,049,,14,24,268,17,02,24,129,31*78
20:35:02.675 << $GPGSV,4,3,13,04,11,178,,16,08,071,,01,08,147,,22,07,260,18*7E
20:35:02.675 << $GPGSV,4,4,13,20,02,331,*4A
20:35:02.677 << $GPRMC,013502.000,A,4153.0144,N,08748.2127,W,0.27,213.16,240107,,,A*7C
20:35:03.654 << $GPGGA,013503.000,4153.0143,N,08748.2127,W,1,7,1.28,218.1,M,-34.0,M,,*66
20:35:03.657 << $GPGSA,A,3,07,02,08,22,30,09,14,,,,,,1.56,1.28,0.89*08
20:35:03.659 << $GPGSV,4,1,13,07,81,319,25,08,67,076,31,30,41,307,31,51,37,207,*73
20:35:03.660 << $GPGSV,4,2,13,09,33,206,26,27,31,049,,14,24,268,17,02,24,129,32*78
20:35:03.661 << $GPGSV,4,3,13,04,11,178,,16,08,071,,01,08,147,,22,07,260,19*7F
20:35:03.662 << $GPGSV,4,4,13,20,02,331,*4A
20:35:04.131 << $GPRMC,013503.000,A,4153.0143,N,08748.2127,W,0.22,213.16,240107,,,A*7F
20:35:04.620 << $GPGGA,013504.000,4153.0142,N,08748.2127,W,1,7,1.28,218.1,M,-34.0,M,,*60
20:35:04.623 << $GPGSA,A,3,07,02,08,22,30,09,14,,,,,,1.56,1.28,0.89*08
20:35:04.624 << $GPGSV,4,1,13,07,81,319,25,08,67,076,31,30,41,307,31,51,37,207,*73
20:35:04.626 << $GPGSV,4,2,13,09,33,206,26,27,31,049,,14,24,268,17,02,24,129,32*78
20:35:05.109 << $GPGSV,4,3,13,04,11,178,,16,08,071,,01,08,147,,22,07,260,20*75
20:35:05.110 << $GPGSV,4,4,13,20,02,331,*4A
20:35:05.112 << $GPRMC,013504.000,A,4153.0142,N,08748.2127,W,0.13,213.16,240107,,,A*7B
20:35:05.595 << $GPGGA,013505.000,4153.0142,N,08748.2128,W,1,7,1.28,218.1,M,-34.0,M,,*6E
20:35:05.597 << $GPGSA,A,3,07,02,08,22,30,09,14,,,,,,1.56,1.28,0.89*08
20:35:05.599 << $GPGSV,4,1,13,07,81,319,25,08,67,076,31,30,41,307,31,51,37,207,*73
20:35:05.600 << $GPGSV,4,2,13,09,33,206,26,27,31,049,,14,24,268,17,02,24,129,32*78
20:35:05.601 << $GPGSV,4,3,13,04,11,178,,16,08,071,,01,08,147,,22,07,260,21*74
20:35:05.601 << $GPGSV,4,4,13,20,02,331,*4A
20:35:05.603 << $GPRMC,013505.000,A,4153.0142,N,08748.2128,W,0.05,213.16,240107,,,A*72
20:35:06.578 << $GPGGA,013506.000,4153.0142,N,08748.2128,W,1,7,1.28,218.1,M,-34.0,M,,*6D
20:35:06.581 << $GPGSA,A,3,07,02,08,22,30,09,14,,,,,,1.56,1.28,0.89*08
20:35:06.583 << $GPGSV,4,1,13,07,81,319,25,08,67,076,31,30,41,307,31,51,37,207,*73
20:35:06.584 << $GPGSV,4,2,13,09,33,206,26,27,31,049,,14,24,268,17,02,24,129,32*78
20:35:06.585 << $GPGSV,4,3,13,04,11,178,,16,08,071,,01,08,147,,22,07,260,21*74
20:35:06.586 << $GPGSV,4,4,13,20,02,331,*4A
20:35:06.587 << $GPRMC,013506.000,A,4153.0142,N,08748.2128,W,0.09,213.16,240107,,,A*7D
20:35:07.566 << $GPGGA,013507.000,4153.0142,N,08748.2128,W,1,7,1.28,218.1,M,-34.0,M,,*6C
20:35:07.569 << $GPGSA,A,3,07,02,08,22,30,09,14,,,,,,1.56,1.28,0.89*08
20:35:07.571 << $GPGSV,4,1,13,07,81,319,25,08,67,076,31,30,41,307,31,51,37,207,*73
20:35:07.572 << $GPGSV,4,2,13,09,33,206,26,27,31,049,,14,24,268,17,02,24,129,32*78
20:35:07.572 << $GPGSV,4,3,13,04,11,178,,16,08,071,,01,08,147,,22,07,260,21*74
20:35:07.573 << $GPGSV,4,4,13,20,02,331,*4A
20:35:07.574 << $GPRMC,013507.000,A,4153.0142,N,08748.2128,W,0.09,213.16,240107,,,A*7C
20:35:08.546 << $GPGGA,013508.000,4153.0142,N,08748.2128,W,1,7,1.28,218.1,M,-34.0,M,,*63
20:35:08.549 << $GPGSA,A,3,07,02,08,22,30,09,14,,,,,,1.56,1.28,0.89*08
20:35:08.551 << $GPGSV,4,1,13,07,81,319,25,08,67,076,31,30,41,307,31,09,33,206,26*7F
20:35:08.552 << $GPGSV,4,2,13,27,31,049,,48,28,228,,14,24,268,17,02,24,129,32*7F
20:35:08.553 << $GPGSV,4,3,13,04,11,178,,16,08,071,,01,08,147,,22,07,260,21*74
20:35:08.553 << $GPGSV,4,4,13,20,02,331,*4A
20:35:08.555 << $GPRMC,013508.000,A,4153.0142,N,08748.2128,W,0.02,213.16,240107,,,A*78
20:35:09.527 << $GPGGA,013509.000,4153.0142,N,08748.2128,W,1,7,1.28,218.0,M,-34.0,M,,*63
20:35:09.529 << $GPGSA,A,3,07,02,08,22,30,09,14,,,,,,1.56,1.28,0.89*08
20:35:09.531 << $GPGSV,4,1,13,07,81,319,25,08,67,076,32,30,41,307,31,09,33,206,26*7C
20:35:09.532 << $GPGSV,4,2,13,27,31,049,,48,28,228,,14,24,268,17,02,24,129,31*7C
20:35:09.533 << $GPGSV,4,3,13,04,11,178,,16,08,071,,01,08,147,,22,07,260,21*74
20:35:09.533 << $GPGSV,4,4,13,20,02,331,*4A
20:35:09.979 << $GPRMC,013509.000,A,4153.0142,N,08748.2128,W,0.06,213.16,240107,,,A*7D
20:35:10.469 << $GPGGA,013510.000,4153.0142,N,08748.2128,W,1,7,1.28,218.0,M,-34.0,M,,*6B
20:35:10.471 << $GPGSA,A,3,07,02,08,22,30,09,14,,,,,,1.56,1.28,0.89*08
20:35:10.472 << $GPGSV,4,1,13,07,82,319,25,08,67,076,32,30,41,307,31,09,33,206,26*7F
20:35:10.473 << $GPGSV,4,2,13,27,31,049,,48,28,228,,14,24,268,17,02,24,129,31*7C
20:35:10.474 << $GPGSV,4,3,13,04,11,178,,16,08,071,,01,08,147,,22,07,260,21*74
20:35:10.475 << $GPGSV,4,4,13,20,02,331,*4A
20:35:10.476 << $GPRMC,013510.000,A,4153.0142,N,08748.2128,W,0.40,213.16,240107,,,A*77
20:35:11.456 << $GPGGA,013511.000,4153.0141,N,08748.2129,W,1,7,1.28,218.0,M,-34.0,M,,*68
20:35:11.459 << $GPGSA,A,3,07,02,08,22,30,09,14,,,,,,1.56,1.28,0.89*08
20:35:11.461 << $GPGSV,4,1,13,07,82,319,25,08,67,075,32,30,41,307,31,09,33,206,26*7C
20:35:11.462 << $GPGSV,4,2,13,27,31,049,,48,28,228,,14,24,268,17,02,24,129,31*7C
20:35:11.463 << $GPGSV,4,3,13,04,11,178,,16,08,071,,01,08,147,,22,07,260,21*74
20:35:11.464 << $GPGSV,4,4,13,20,02,331,*4A
20:35:11.929 << $GPRMC,013511.000,A,4153.0141,N,08748.2129,W,0.40,213.16,240107,,,A*74
20:35:12.416 << $GPGGA,013512.000,4153.0139,N,08748.2129,W,1,7,1.28,218.0,M,-34.0,M,,*64
20:35:12.418 << $GPGSA,A,3,07,02,08,22,30,09,14,,,,,,1.56,1.28,0.89*08
20:35:12.420 << $GPGSV,4,1,13,07,82,319,24,08,67,075,32,30,41,307,31,09,32,206,25*7F
20:35:12.421 << $GPGSV,4,2,13,27,31,049,,48,28,228,,14,24,268,17,02,24,129,31*7C
20:35:12.902 << $GPGSV,4,3,13,04,11,178,,16,08,071,,01,08,147,,22,07,260,21*74
20:35:12.903 << $GPGSV,4,4,13,20,02,331,*4A
20:35:12.905 << $GPRMC,013512.000,A,4153.0139,N,08748.2129,W,0.42,213.16,240107,,,A*7A
20:35:13.390 << $GPGGA,013513.000,4153.0138,N,08748.2129,W,1,7,1.28,218.0,M,-34.0,M,,*64
20:35:13.392 << $GPGSA,A,3,07,02,08,22,30,09,14,,,,,,1.56,1.28,0.89*08
20:35:13.395 << $GPGSV,4,1,13,07,82,319,24,08,67,075,32,30,41,307,31,09,32,206,25*7F
20:35:13.396 << $GPGSV,4,2,13,27,31,049,,48,28,228,,14,24,268,17,02,24,129,31*7C
20:35:13.396 << $GPGSV,4,3,13,04,11,178,,16,08,071,,01,08,147,,22,07,260,22*77
20:35:13.397 << $GPGSV,4,4,13,20,02,331,*4A
20:35:13.398 << $GPRMC,013513.000,A,4153.0138,N,08748.2129,W,0.43,213.16,240107,,,A*7B
20:35:14.376 << $GPGGA,013514.000,4153.0137,N,08748.2129,W,1,7,1.28,218.0,M,-34.0,M,,*6C
20:35:14.379 << $GPGSA,A,3,07,02,08,22,30,09,14,,,,,,1.56,1.28,0.89*08
20:35:14.380 << $GPGSV,4,1,13,07,82,319,23,08,67,075,32,30,41,307,31,09,32,206,25*78
20:35:14.382 << $GPGSV,4,2,13,27,31,049,,48,28,228,,14,24,268,17,02,24,129,31*7C
20:35:14.382 << $GPGSV,4,3,13,04,11,178,,16,08,071,,01,08,147,,22,07,260,22*77
20:35:14.383 << $GPGSV,4,4,13,20,02,331,*4A
20:35:14.384 << $GPRMC,013514.000,A,4153.0137,N,08748.2129,W,0.40,213.16,240107,,,A*70
20:35:15.365 << $GPGGA,013515.000,4153.0136,N,08748.2129,W,1,7,1.28,218.0,M,-34.0,M,,*6C
20:35:15.369 << $GPGSA,A,3,07,02,08,22,30,09,14,,,,,,1.56,1.28,0.89*08
20:35:15.370 << $GPGSV,4,1,13,07,82,319,22,08,67,075,32,30,41,307,31,09,32,206,25*79
20:35:15.372 << $GPGSV,4,2,13,27,31,049,,48,28,228,,14,24,268,17,02,24,129,31*7C
20:35:15.372 << $GPGSV,4,3,13,04,11,178,,16,08,071,,01,08,147,,22,07,260,21*74
20:35:15.373 << $GPGSV,4,4,13,20,02,331,*4A
20:35:15.374 << $GPRMC,013515.000,A,4153.0136,N,08748.2129,W,0.41,213.16,240107,,,A*71
20:35:16.347 << $GPGGA,013516.000,4153.0135,N,08748.2129,W,1,7,1.28,218.0,M,-34.0,M,,*6C
20:35:16.350 << $GPGSA,A,3,07,02,08,22,30,09,14,,,,,,1.56,1.28,0.89*08
20:35:16.352 << $GPGSV,4,1,13,07,82,319,22,08,67,075,32,30,41,307,31,09,32,206,25*79
20:35:16.353 << $GPGSV,4,2,13,27,31,049,,48,28,228,,14,24,268,17,02,24,129,31*7C
20:35:16.354 << $GPGSV,4,3,13,04,11,178,,16,08,071,,01,08,147,,22,07,260,21*74
20:35:16.354 << $GPGSV,4,4,13,20,02,331,*4A
20:35:16.355 << $GPRMC,013516.000,A,4153.0135,N,08748.2129,W,0.33,213.16,240107,,,A*74
20:35:17.335 << $GPGGA,013517.000,4153.0134,N,08748.2129,W,1,7,1.28,218.0,M,-34.0,M,,*6C
20:35:17.781 << $GPGSA,A,3,07,02,08,22,30,09,14,,,,,,1.56,1.28,0.89*08
20:35:17.783 << $GPGSV,4,1,13,07,82,319,22,08,67,075,32,30,41,307,32,09,32,206,25*7A
20:35:17.784 << $GPGSV,4,2,13,27,31,049,,48,28,228,,14,25,268,17,02,24,129,30*7C
20:35:17.785 << $GPGSV,4,3,13,04,11,178,,16,08,071,,01,08,147,,22,07,260,22*77
20:35:17.786 << $GPGSV,4,4,13,20,02,331,*4A
20:35:18.264 << $GPRMC,013517.000,A,4153.0134,N,08748.2129,W,0.23,213.16,240107,,,A*75
20:35:18.752 << $GPGGA,013518.000,4153.0133,N,08748.2129,W,1,7,1.28,218.0,M,-34.0,M,,*64
20:35:18.755 << $GPGSA,A,3,07,02,08,22,30,09,14,,,,,,1.56,1.28,0.89*08
20:35:18.756 << $GPGSV,4,1,13,07,82,319,22,08,67,075,32,30,41,307,32,09,32,206,25*7A
20:35:18.758 << $GPGSV,4,2,13,27,31,049,,46,26,232,,14,25,268,17,02,24,129,30*77
20:35:18.758 << $GPGSV,4,3,13,04,11,178,,16,08,071,,01,08,147,,22,07,260,22*77
20:35:18.759 << $GPGSV,4,4,13,20,02,331,*4A
20:35:18.760 << $GPRMC,013518.000,A,4153.0133,N,08748.2129,W,0.41,213.16,240107,,,A*79
20:35:19.742 << $GPGGA,013519.000,4153.0132,N,08748.2129,W,1,7,1.28,217.9,M,-34.0,M,,*62
20:35:19.744 << $GPGSA,A,3,07,02,08,22,30,09,14,,,,,,1.56,1.28,0.89*08
20:35:19.746 << $GPGSV,4,1,13,07,82,319,22,08,67,075,32,30,41,307,32,09,32,206,25*7A
20:35:19.747 << $GPGSV,4,2,13,27,31,049,,46,26,232,,14,25,268,17,02,24,129,30*77
20:35:19.748 << $GPGSV,4,3,13,04,11,178,,01,08,147,,16,07,071,,22,07,260,21*7B
20:35:19.749 << $GPGSV,4,4,13,20,02,331,*4A
20:35:20.211 << $GPRMC,013519.000,A,4153.0132,N,08748.2129,W,0.51,213.16,240107,,,A*78
20:35:20.702 << $GPGGA,013520.000,4153.0131,N,08748.2130,W,1,7,1.28,217.9,M,-34.0,M,,*63
20:35:20.705 << $GPGSA,A,3,07,02,08,22,30,09,14,,,,,,1.56,1.28,0.89*08
20:35:20.707 << $GPGSV,4,1,14,07,82,319,22,08,67,075,32,30,41,307,32,09,32,206,25*7D
20:35:20.708 << $GPGSV,4,2,14,27,31,049,,46,26,232,,14,25,268,17,02,24,129,30*70
20:35:20.761 << $GPGSV,4,3,14,04,11,178,,01,08,147,,16,07,071,,22,07,260,21*7C
20:35:20.762 << $GPGSV,4,4,14,20,02,331,,17,01,212,*7B
20:35:20.764 << $GPRMC,013520.000,A,4153.0131,N,08748.2130,W,0.42,213.16,240107,,,A*7B
20:35:21.682 << $GPGGA,013521.000,4153.0130,N,08748.2131,W,1,7,1.28,217.9,M,-34.0,M,,*62
20:35:21.685 << $GPGSA,A,3,07,02,08,22,30,09,14,,,,,,1.56,1.28,0.89*08
20:35:21.686 << $GPGSV,4,1,14,07,82,319,22,08,67,075,32,30,41,307,32,09,32,206,25*7D
20:35:21.687 << $GPGSV,4,2,14,27,31,049,,46,26,232,,14,25,268,17,02,24,129,30*70
20:35:21.688 << $GPGSV,4,3,14,04,11,178,,01,08,147,,16,07,071,,22,07,260,21*7C
20:35:21.689 << $GPGSV,4,4,14,20,02,331,,17,01,212,*7B
20:35:21.689 << $GPRMC,013521.000,A,4153.0130,N,08748.2131,W,0.30,213.16,240107,,,A*7F
20:35:22.669 << $GPGGA,013522.000,4153.0129,N,08748.2131,W,1,7,1.28,217.9,M,-34.0,M,,*69
20:35:22.672 << $GPGSA,A,3,07,02,08,22,30,09,14,,,,,,1.56,1.28,0.89*08
20:35:22.673 << $GPGSV,4,1,14,07,82,319,22,08,67,075,32,30,41,307,32,09,32,206,25*7D
20:35:22.674 << $GPGSV,4,2,14,27,31,049,,46,26,232,,14,25,268,17,02,24,129,30*70
20:35:22.675 << $GPGSV,4,3,14,04,11,178,,01,08,147,,16,07,071,,22,07,260,21*7C
20:35:22.676 << $GPGSV,4,4,14,20,02,331,,17,01,212,*7B
20:35:22.677 << $GPRMC,013522.000,A,4153.0129,N,08748.2131,W,0.35,213.16,240107,,,A*71
20:35:23.660 << $GPGGA,013523.000,4153.0128,N,08748.2132,W,1,7,1.28,217.9,M,-34.0,M,,*6A
20:35:23.663 << $GPGSA,A,3,07,02,08,22,30,09,14,,,,,,1.56,1.28,0.89*08
20:35:23.666 << $GPGSV,4,1,14,07,82,319,22,08,67,075,32,30,41,307,32,09,32,206,25*7D
20:35:23.667 << $GPGSV,4,2,14,27,31,049,,46,26,232,,14,25,268,17,02,24,129,29*78
20:35:23.667 << $GPGSV,4,3,14,04,11,178,,01,08,147,,16,07,071,,22,07,260,21*7C
20:35:23.668 << $GPGSV,4,4,14,20,02,331,,17,01,212,*7B
20:35:23.669 << $GPRMC,013523.000,A,4153.0128,N,08748.2132,W,0.24,213.16,240107,,,A*72
20:35:24.643 << $GPGGA,013524.000,4153.0127,N,08748.2132,W,1,7,1.28,217.9,M,-34.0,M,,*62
20:35:24.646 << $GPGSA,A,3,07,02,08,22,30,09,14,,,,,,1.56,1.28,0.89*08
20:35:24.647 << $GPGSV,4,1,14,07,82,319,23,08,67,075,32,30,41,307,32,09,32,206,25*7C
20:35:24.648 << $GPGSV,4,2,14,27,31,049,,46,26,232,,14,25,268,17,02,24,129,29*78
20:35:24.649 << $GPGSV,4,3,14,04,11,178,,01,08,147,,16,07,071,,22,07,260,21*7C
20:35:24.650 << $GPGSV,4,4,14,20,02,331,,17,01,212,*7B
20:35:24.651 << $GPRMC,013524.000,A,4153.0127,N,08748.2132,W,0.24,213.16,240107,,,A*7A
20:35:25.625 << $GPGGA,013525.000,4153.0127,N,08748.2133,W,1,7,1.28,217.9,M,-34.0,M,,*62
20:35:25.628 << $GPGSA,A,3,07,02,08,22,30,09,14,,,,,,1.56,1.28,0.89*08
20:35:25.629 << $GPGSV,4,1,14,07,82,319,23,08,67,075,32,30,41,307,32,09,32,206,25*7C
20:35:25.630 << $GPGSV,4,2,14,27,31,049,,46,26,232,,14,25,268,18,02,24,129,29*77
20:35:25.631 << $GPGSV,4,3,14,04,11,178,,22,08,260,21,01,08,147,,16,07,071,*73
20:35:25.632 << $GPGSV,4,4,14,20,02,331,,17,01,212,*7B
20:35:26.062 << $GPRMC,013525.000,A,4153.0127,N,08748.2133,W,0.44,213.16,240107,,,A*7C
20:35:26.554 << $GPGGA,013526.000,4153.0127,N,08748.2134,W,1,7,1.28,217.9,M,-34.0,M,,*66
20:35:26.556 << $GPGSA,A,3,07,02,08,22,30,09,14,,,,,,1.56,1.28,0.89*08
20:35:26.558 << $GPGSV,4,1,14,07,82,319,23,08,67,075,32,30,41,307,32,09,32,206,25*7C
20:35:26.559 << $GPGSV,4,2,14,27,31,049,,46,26,232,,14,25,268,18,02,24,129,29*77
20:35:26.560 << $GPGSV,4,3,14,04,11,178,,22,08,260,21,01,08,147,,16,07,071,*73
20:35:26.561 << $GPGSV,4,4,14,20,02,331,,17,01,212,*7B
20:35:26.561 << $GPRMC,013526.000,A,4153.0127,N,08748.2134,W,0.26,213.16,240107,,,A*7C
20:35:27.541 << $GPGGA,013527.000,4153.0127,N,08748.2135,W,1,7,1.28,217.9,M,-34.0,M,,*66
20:35:27.544 << $GPGSA,A,3,07,02,08,22,30,09,14,,,,,,1.56,1.28,0.89*08
20:35:27.546 << $GPGSV,4,1,14,07,82,319,23,08,67,075,32,30,41,307,32,09,32,206,25*7C
20:35:27.546 << $GPGSV,4,2,14,27,31,049,,14,25,268,18,02,24,129,29,04,11,178,*78
20:35:27.547 << $GPGSV,4,3,14,22,08,260,21,01,08,147,,16,07,071,,33,04,102,*7E
20:35:27.548 << $GPGSV,4,4,14,20,02,331,,17,01,212,*7B
20:35:27.549 << $GPRMC,013527.000,A,4153.0127,N,08748.2135,W,0.16,213.16,240107,,,A*7F
20:35:28.525 << $GPGGA,013528.000,4153.0126,N,08748.2136,W,1,7,1.28,217.9,M,-34.0,M,,*6B
20:35:28.527 << $GPGSA,A,3,07,02,08,22,30,09,14,,,,,,1.56,1.28,0.89*08
20:35:28.529 << $GPGSV,4,1,14,07,82,319,23,08,67,075,32,30,41,307,32,09,32,206,26*7F
20:35:28.530 << $GPGSV,4,2,14,27,31,049,,14,25,268,18,02,24,129,28,04,11,178,*79
20:35:28.531 << $GPGSV,4,3,14,22,08,260,21,01,08,147,,16,07,071,,33,04,102,*7E
20:35:28.532 << $GPGSV,4,4,14,20,02,331,,17,01,212,*7B
20:35:28.533 << $GPRMC,013528.000,A,4153.0126,N,08748.2136,W,0.10,213.16,240107,,,A*74
20:35:29.514 << $GPGGA,013529.000,4153.0127,N,08748.2135,W,1,7,1.28,217.9,M,-34.0,M,,*68
20:35:29.518 << $GPGSA,A,3,07,02,08,22,30,09,14,,,,,,1.56,1.28,0.89*08
20:35:29.520 << $GPGSV,4,1,14,07,82,319,23,08,67,075,32,30,41,307,32,09,32,206,26*7F
20:35:29.521 << $GPGSV,4,2,14,27,31,049,,14,25,268,18,02,24,129,27,04,11,178,*76
20:35:29.522 << $GPGSV,4,3,14,22,08,260,21,01,08,147,,16,07,071,,33,04,102,*7E
20:35:29.523 << $GPGSV,4,4,14,20,02,331,,17,01,212,*7B
20:35:29.524 << $GPRMC,013529.000,A,4153.0127,N,08748.2135,W,0.09,213.16,240107,,,A*7F
20:35:30.494 << $GPGGA,013530.000,4153.0127,N,08748.2135,W,1,7,1.28,217.8,M,-34.0,M,,*61
20:35:30.497 << $GPGSA,A,3,07,02,08,22,30,09,14,,,,,,1.56,1.28,0.89*08
20:35:30.499 << $GPGSV,4,1,14,07,82,319,23,08,67,075,32,30,41,307,32,09,32,206,26*7F
20:35:30.500 << $GPGSV,4,2,14,27,31,049,,14,25,268,18,02,24,129,26,04,11,178,*77
20:35:30.501 << $GPGSV,4,3,14,22,08,260,21,01,08,147,,16,07,071,,33,04,102,*7E
20:35:30.501 << $GPGSV,4,4,14,20,02,331,,17,01,212,*7B
20:35:30.502 << $GPRMC,013530.000,A,4153.0127,N,08748.2135,W,0.26,213.16,240107,,,A*7A
20:35:31.425 << $GPGGA,013531.000,4153.0128,N,08748.2135,W,1,7,1.28,217.8,M,-34.0,M,,*6F
20:35:31.428 << $GPGSA,A,3,07,02,08,22,30,09,14,,,,,,1.56,1.28,0.89*08
20:35:31.429 << $GPGSV,4,1,14,07,82,319,22,08,67,075,32,30,41,307,32,09,32,206,27*7F
20:35:31.430 << $GPGSV,4,2,14,27,31,049,,14,25,268,18,02,24,129,26,04,11,178,*77
20:35:31.484 << $GPGSV,4,3,14,22,08,260,21,01,08,147,,16,07,071,,33,04,102,*7E
20:35:31.485 << $GPGSV,4,4,14,20,02,331,,17,01,212,*7B
20:35:31.486 << $GPRMC,013531.000,A,4153.0128,N,08748.2135,W,0.26,213.16,240107,,,A*74
20:35:32.407 << $GPGGA,013532.000,4153.0128,N,08748.2135,W,1,7,1.56,217.8,M,-34.0,M,,*65
20:35:32.409 << $GPGSA,A,3,07,02,08,22,30,09,14,,,,,,2.51,1.56,1.97*0B
20:35:32.411 << $GPGSV,4,1,14,07,82,319,21,08,67,075,32,30,41,307,32,09,32,206,27*7C
20:35:32.412 << $GPGSV,4,2,14,27,31,049,,14,25,268,18,02,24,129,26,04,11,178,*77
20:35:32.413 << $GPGSV,4,3,14,22,08,260,21,01,08,147,,16,07,071,,33,04,102,*7E
20:35:32.414 << $GPGSV,4,4,14,20,02,331,,17,01,212,*7B
20:35:32.887 << $GPRMC,013532.000,A,4153.0128,N,08748.2135,W,0.14,213.16,240107,,,A*76
20:35:33.375 << $GPGGA,013533.000,4153.0129,N,08748.2135,W,1,7,1.28,217.8,M,-34.0,M,,*6C
20:35:33.378 << $GPGSA,A,3,07,02,08,22,30,09,14,,,,,,1.56,1.28,0.89*08
20:35:33.380 << $GPGSV,4,1,14,07,82,319,21,08,67,075,32,30,41,307,32,09,32,206,28*73
20:35:33.381 << $GPGSV,4,2,14,27,31,049,,14,25,268,18,02,24,129,26,04,11,178,*77
20:35:33.435 << $GPGSV,4,3,14,22,08,260,21,01,08,147,,16,07,071,,33,04,102,*7E
20:35:33.435 << $GPGSV,4,4,14,20,02,331,,17,01,212,*7B
20:35:33.437 << $GPRMC,013533.000,A,4153.0129,N,08748.2135,W,0.14,213.16,240107,,,A*76
20:35:34.355 << $GPGGA,013534.000,4153.0129,N,08748.2135,W,1,7,1.28,217.8,M,-34.0,M,,*6B
20:35:34.359 << $GPGSA,A,3,07,02,08,22,30,09,14,,,,,,1.56,1.28,0.89*08
20:35:34.361 << $GPGSV,4,1,14,07,82,319,21,08,67,075,32,30,41,307,32,09,32,206,28*73
20:35:34.362 << $GPGSV,4,2,14,27,31,049,,14,25,268,18,02,24,129,25,04,11,178,*74
20:35:34.362 << $GPGSV,4,3,14,22,08,260,21,01,08,147,,16,07,071,,33,04,102,*7E
20:35:34.363 << $GPGSV,4,4,14,20,02,331,,17,01,212,*7B
20:35:34.364 << $GPRMC,013534.000,A,4153.0129,N,08748.2135,W,0.14,213.16,240107,,,A*71
20:35:35.339 << $GPGGA,013535.000,4153.0129,N,08748.2135,W,1,7,1.28,217.8,M,-34.0,M,,*6A
20:35:35.342 << $GPGSA,A,3,07,02,08,22,30,09,14,,,,,,1.56,1.28,0.89*08
20:35:35.343 << $GPGSV,4,1,14,07,82,319,21,08,67,075,32,30,41,307,32,09,32,206,28*73
20:35:35.344 << $GPGSV,4,2,14,27,31,049,,14,25,268,19,02,24,129,25,04,11,178,*75
20:35:35.345 << $GPGSV,4,3,14,22,08,260,21,01,08,147,,16,07,071,,33,04,102,*7E
20:35:35.346 << $GPGSV,4,4,14,20,02,331,,17,01,212,*7B
20:35:35.347 << $GPRMC,013535.000,A,4153.0129,N,08748.2135,W,0.19,213.16,240107,,,A*7D
20:35:36.320 << $GPGGA,013536.000,4153.0130,N,08748.2136,W,1,7,1.28,217.8,M,-34.0,M,,*62
20:35:36.323 << $GPGSA,A,3,07,02,08,22,30,09,14,,,,,,1.56,1.28,0.89*08
20:35:36.324 << $GPGSV,4,1,14,07,82,319,21,08,67,075,32,30,41,307,32,09,32,206,28*73
20:35:36.325 << $GPGSV,4,2,14,27,31,049,,14,25,268,19,02,24,129,25,04,11,178,*75
20:35:36.792 << $GPGSV,4,3,14,22,08,260,21,01,08,147,,16,07,071,,33,04,102,*7E
20:35:36.793 << $GPGSV,4,4,14,20,02,331,,17,01,212,*7B
20:35:36.794 << $GPRMC,013536.000,A,4153.0130,N,08748.2136,W,0.07,213.16,240107,,,A*7A
20:35:37.772 << $GPGGA,013537.000,4153.0130,N,08748.2136,W,1,7,1.28,217.8,M,-34.0,M,,*63
20:35:37.775 << $GPGSA,A,3,07,02,08,22,30,09,14,,,,,,1.56,1.28,0.89*08
20:35:37.777 << $GPGSV,4,1,14,07,82,319,21,08,67,075,32,30,41,307,32,09,32,206,28*73
20:35:37.778 << $GPGSV,4,2,14,27,31,049,,14,25,268,18,02,24,128,25,04,11,178,*75
20:35:37.779 << $GPGSV,4,3,14,22,08,260,21,01,08,147,,16,07,071,,20,02,331,*78
20:35:37.780 << $GPGSV,4,4,14,17,01,212,,34,,,*4D
20:35:37.781 << $GPRMC,013537.000,A,4153.0130,N,08748.2136,W,0.10,213.16,240107,,,A*7D
20:35:38.746 << $GPGGA,013538.000,4153.0130,N,08748.2136,W,1,7,1.28,217.8,M,-34.0,M,,*6C
20:35:38.749 << $GPGSA,A,3,07,02,08,22,30,09,14,,,,,,1.56,1.28,0.89*08
20:35:38.750 << $GPGSV,4,1,14,07,82,319,21,08,67,075,32,30,41,307,32,09,32,206,27*7C
20:35:38.751 << $GPGSV,4,2,14,27,31,049,,14,25,268,18,02,24,128,25,04,11,178,*75
20:35:38.752 << $GPGSV,4,3,14,22,08,260,21,01,08,147,,16,07,071,,20,02,331,*78
20:35:38.753 << $GPGSV,4,4,14,17,01,212,,34,,,*4D
20:35:39.225 << $GPRMC,013538.000,A,4153.0130,N,08748.2136,W,0.10,213.16,240107,,,A*72
20:35:39.714 << $GPGGA,013539.000,4153.0130,N,08748.2136,W,1,7,1.28,217.8,M,-34.0,M,,*6D
20:35:39.716 << $GPGSA,A,3,07,02,08,22,30,09,14,,,,,,1.56,1.28,0.89*08
20:35:39.717 << $GPGSV,4,1,14,07,82,319,21,08,67,075,32,30,41,307,32,09,32,206,27*7C
20:35:39.717 << $GPGSV,4,2,14,27,31,049,,14,25,268,18,02,24,128,25,04,11,178,*75
20:35:39.772 << $GPGSV,4,3,14,22,08,260,21,01,08,147,,16,07,071,,20,02,331,*78
20:35:39.774 << $GPGSV,4,4,14,17,01,212,,34,,,*4D
20:35:39.774 << $GPRMC,013539.000,A,4153.0130,N,08748.2136,W,0.25,213.16,240107,,,A*75
20:35:40.689 << $GPGGA,013540.000,4153.0131,N,08748.2136,W,1,7,1.28,217.8,M,-34.0,M,,*62
20:35:40.691 << $GPGSA,A,3,07,02,08,22,30,09,14,,,,,,1.56,1.28,0.89*08
20:35:40.692 << $GPGSV,4,1,14,07,82,319,20,08,67,075,32,30,41,307,32,09,32,206,27*7D
20:35:40.692 << $GPGSV,4,2,14,27,31,049,,14,25,268,18,02,24,128,23,04,11,178,*73
20:35:40.693 << $GPGSV,4,3,14,22,08,260,21,01,08,147,,16,07,071,,20,02,331,*78
20:35:40.693 << $GPGSV,4,4,14,17,01,212,,34,,,*4D
20:35:40.694 << $GPRMC,013540.000,A,4153.0131,N,08748.2136,W,0.26,213.16,240107,,,A*79
20:35:41.676 << $GPGGA,013541.000,4153.0132,N,08748.2136,W,1,7,1.56,217.7,M,-34.0,M,,*66
20:35:41.679 << $GPGSA,A,3,07,02,08,22,30,09,14,,,,,,2.51,1.56,1.97*0B
20:35:41.681 << $GPGSV,4,1,14,07,82,319,19,08,67,075,32,30,41,307,32,09,32,206,27*77
20:35:41.682 << $GPGSV,4,2,14,27,31,049,,14,25,268,19,02,24,128,22,04,11,178,*73
20:35:41.683 << $GPGSV,4,3,14,22,08,260,21,01,08,147,,16,07,071,,20,02,331,*78
20:35:41.683 << $GPGSV,4,4,14,17,01,212,,34,,,*4D
20:35:41.685 << $GPRMC,013541.000,A,4153.0132,N,08748.2136,W,0.23,213.16,240107,,,A*7E

=== app started 2026-09-08 20:46:41 — traxi SM-G990U1, Android 16 ===

=== app started 2026-09-08 21:03:18 — traxi SM-G990U1, Android 16 ===
21:03:19.728 -- ensuring 00:1C:88:22:15:98 is bonded
21:03:19.735 -- already bonded
21:03:26.975 >> $PMTK605*31
21:03:27.535 << $GPGGA,020327.000,4153.0159,N,08748.2058,W,1,8,1.15,210.5,M,-34.0,M,,*69
21:03:27.536 << $GPGSA,A,3,07,30,14,02,09,01,22,08,,,,,1.46,1.15,0.91*0F
21:03:27.537 << $GPGSV,3,1,12,07,85,162,24,08,56,057,38,30,53,306,30,51,37,207,*75
21:03:27.538 << $GPGSV,3,2,12,14,34,277,23,02,34,117,31,09,20,200,23,27,19,047,*7C
21:03:27.540 << $GPGSV,3,3,12,01,18,139,33,22,17,268,28,17,12,215,,20,10,324,*7C
21:03:27.541 << $GPRMC,020327.000,A,4153.0159,N,08748.2058,W,0.04,309.24,240107,,,A*72
21:03:27.542 << $PMTK705,AXN_1.30-B_1.3_C01,0008,BT-Q1000XT,1.0*65
21:03:27.544 >> $PMTK182,2,2*39
21:03:27.857 << $PMTK182,3,2,000A1C3F*62
21:03:27.859 << $PMTK001,182,2,3*25
21:03:27.862 >> $PMTK182,2,3*38
21:03:28.293 << $GPGGA,020328.000,4153.0157,N,08748.2067,W,1,8,1.15,210.5,M,-34.0,M,,*64
21:03:28.294 << $GPGSA,A,3,07,30,14,02,09,01,22,08,,,,,1.46,1.15,0.91*0F
21:03:28.295 << $GPGSV,3,1,12,07,85,162,23,08,56,057,38,30,53,306,30,51,37,207,*72
21:03:28.295 << $GPGSV,3,2,12,14,34,277,23,02,34,117,31,09,20,200,23,27,19,047,*7C
21:03:28.295 << $GPGSV,3,3,12,01,18,139,33,22,17,268,28,17,12,215,,20,10,324,*7C
21:03:28.296 << $GPRMC,020328.000,A,4153.0157,N,08748.2067,W,0.02,309.24,240107,,,A*79
21:03:28.296 << $PMTK182,3,3,100*24
21:03:28.296 << $PMTK001,182,2,3*25
21:03:28.297 >> $PMTK182,2,7*3C
21:03:28.383 << $PMTK182,3,7,258*2E
21:03:28.383 << $PMTK001,182,2,3*25
21:03:28.385 >> $PMTK182,2,9*32
21:03:28.465 << $PMTK182,3,9,1C70171C*1E
21:03:28.466 << $PMTK001,182,2,3*25
21:03:28.467 >> $PMTK182,2,8*33
21:03:28.556 << $PMTK182,3,8,00021890*1C
21:03:28.557 << $PMTK001,182,2,3*25
21:03:29.255 << $GPGGA,020329.000,4153.0164,N,08748.2070,W,1,8,1.48,210.6,M,-34.0,M,,*68
21:03:29.260 << $GPGSA,A,3,07,30,14,02,09,01,22,08,,,,,2.60,1.48,2.14*0F
21:03:29.262 << $GPGSV,3,1,12,07,85,162,23,08,56,057,38,30,53,306,30,14,34,277,22*77
21:03:29.263 << $GPGSV,3,2,12,02,34,117,31,44,33,219,,09,20,200,23,27,19,047,*77
21:03:29.316 << $GPGSV,3,3,12,01,18,139,33,22,17,268,28,17,12,215,,20,10,324,*7C
21:03:29.317 << $GPRMC,020329.000,A,4153.0164,N,08748.2070,W,0.14,309.24,240107,,,A*79
21:03:30.298 << $GPGGA,020330.000,4153.0165,N,08748.2072,W,1,8,1.48,210.4,M,-34.0,M,,*61
21:03:30.305 << $GPGSA,A,3,07,30,14,02,09,01,22,08,,,,,2.60,1.48,2.14*0F
21:03:30.309 << $GPGSV,3,1,12,07,85,162,22,08,56,057,38,30,53,306,30,14,34,277,22*76
21:03:30.312 << $GPGSV,3,2,12,02,34,117,31,44,33,219,,09,20,200,23,27,19,047,*77
21:03:30.314 << $GPGSV,3,3,12,01,18,139,33,22,17,268,28,17,12,215,,20,10,324,*7C
21:03:30.317 << $GPRMC,020330.000,A,4153.0165,N,08748.2072,W,0.11,309.24,240107,,,A*77
21:03:31.313 << $GPGGA,020331.000,4153.0170,N,08748.2071,W,1,7,1.95,209.7,M,-34.0,M,,*63
21:03:31.318 << $GPGSA,A,3,30,14,02,09,01,22,08,,,,,,4.17,1.95,3.69*05
21:03:31.322 << $GPGSV,3,1,12,07,85,162,21,08,56,057,38,30,53,306,30,14,34,277,22*75
21:03:31.324 << $GPGSV,3,2,12,02,34,117,31,44,33,219,34,09,20,200,23,27,19,047,*70
21:03:31.325 << $GPGSV,3,3,12,01,18,139,34,22,17,268,28,17,12,215,,20,10,324,*7B
21:03:31.328 << $GPRMC,020331.000,A,4153.0170,N,08748.2071,W,0.29,309.24,240107,,,A*7A
21:03:32.312 << $GPGGA,020332.000,4153.0168,N,08748.2078,W,1,8,1.15,209.6,M,-34.0,M,,*66
21:03:32.319 << $GPGSA,A,3,07,30,14,02,09,01,22,08,,,,,1.46,1.15,0.91*0F
21:03:32.323 << $GPGSV,3,1,12,07,85,162,21,08,56,057,38,30,53,306,30,14,34,277,22*75
21:03:32.326 << $GPGSV,3,2,12,02,34,117,31,44,33,219,35,09,20,200,23,27,19,047,*71
21:03:32.383 << $GPGSV,3,3,12,01,18,139,34,22,17,268,28,17,12,215,,20,10,324,*7B
21:03:32.388 << $GPRMC,020332.000,A,4153.0168,N,08748.2078,W,0.09,309.24,240107,,,A*7B
21:03:33.283 << $GPGGA,020333.000,4153.0165,N,08748.2081,W,1,8,1.15,209.2,M,-34.0,M,,*68
21:03:33.289 << $GPGSA,A,3,07,30,14,02,09,01,22,08,,,,,1.46,1.15,0.91*0F
21:03:33.291 << $GPGSV,3,1,12,07,85,162,21,08,56,057,38,30,53,306,30,14,34,277,22*75
21:03:33.293 << $GPGSV,3,2,12,02,34,117,31,44,33,219,34,09,20,200,23,27,19,047,*70
21:03:33.294 << $GPGSV,3,3,12,01,18,139,34,22,17,268,28,17,12,215,,20,10,324,*7B
21:03:33.296 << $GPRMC,020333.000,A,4153.0165,N,08748.2081,W,0.20,309.24,240107,,,A*7A
21:03:34.302 << $GPGGA,020334.000,4153.0166,N,08748.2086,W,1,9,0.96,209.4,M,-34.0,M,,*66
21:03:34.307 << $GPGSA,A,3,07,30,14,02,09,01,22,20,08,,,,1.26,0.96,0.80*01
21:03:34.312 << $GPGSV,3,1,12,07,85,162,21,08,56,057,38,30,53,306,30,14,34,277,21*76
21:03:34.314 << $GPGSV,3,2,12,02,34,117,31,44,33,219,33,09,20,200,23,27,19,047,*77
21:03:34.316 << $GPGSV,3,3,12,01,18,139,34,22,17,268,28,17,12,215,,20,10,324,22*7B
21:03:34.319 << $GPRMC,020334.000,A,4153.0166,N,08748.2086,W,0.10,309.24,240107,,,A*7A
21:03:35.763 << $GPGGA,020335.000,4153.0168,N,08748.2091,W,1,9,0.96,209.4,M,-34.0,M,,*6F
21:03:35.768 << $GPGSA,A,3,07,30,14,02,09,01,22,20,08,,,,1.26,0.96,0.80*01
21:03:35.772 << $GPGSV,3,1,12,07,85,162,21,08,56,057,38,30,53,306,30,14,34,277,21*76
21:03:35.775 << $GPGSV,3,2,12,02,34,117,31,44,33,219,33,09,20,200,23,27,19,047,*77
21:03:35.777 << $GPGSV,3,3,12,01,18,139,34,22,17,268,28,17,12,215,,20,10,324,22*7B
21:03:35.780 << $GPRMC,020335.000,A,4153.0168,N,08748.2091,W,0.13,309.24,240107,,,A*70
21:03:36.766 << $GPGGA,020336.000,4153.0167,N,08748.2097,W,1,8,1.02,208.9,M,-34.0,M,,*64
21:03:36.771 << $GPGSA,A,3,30,14,02,09,01,22,20,08,,,,,2.00,1.02,1.73*00
21:03:36.774 << $GPGSV,3,1,12,07,85,162,19,08,56,057,38,30,53,306,30,14,34,277,21*7D
21:03:36.777 << $GPGSV,3,2,12,02,34,117,31,44,33,219,33,09,20,200,23,27,19,047,*77
21:03:36.778 << $GPGSV,3,3,12,01,18,139,34,22,17,268,28,17,12,215,,20,10,324,21*78
21:03:36.781 << $GPRMC,020336.000,A,4153.0167,N,08748.2097,W,0.16,309.24,240107,,,A*7F
21:03:37.715 << $GPGGA,020337.000,4153.0169,N,08748.2097,W,1,8,0.96,208.2,M,-34.0,M,,*6C
21:03:37.721 << $GPGSA,A,3,30,14,02,09,01,22,20,08,,,,,1.30,0.96,0.87*06
21:03:37.723 << $GPGSV,3,1,12,07,85,162,18,08,56,057,38,30,53,306,29,14,34,277,21*74
21:03:37.725 << $GPGSV,3,2,12,02,34,117,31,44,33,219,33,09,20,200,23,27,19,047,*77
21:03:37.727 << $GPGSV,3,3,12,01,18,139,33,22,17,268,28,17,12,215,,20,10,324,21*7F
21:03:37.729 << $GPRMC,020337.000,A,4153.0169,N,08748.2097,W,0.21,309.24,240107,,,A*74
21:03:38.712 << $GPGGA,020338.000,4153.0152,N,08748.2104,W,1,9,1.00,213.2,M,-34.0,M,,*65
21:03:38.717 << $GPGSA,A,3,07,30,14,02,09,01,22,20,08,,,,1.68,1.00,1.35*0A
21:03:38.719 << $GPGSV,3,1,12,07,85,162,31,08,56,057,38,30,53,306,28,14,34,277,22*7D
21:03:38.722 << $GPGSV,3,2,12,02,34,117,31,44,33,219,33,09,20,200,22,27,19,047,*76
21:03:38.725 << $GPGSV,3,3,12,01,18,139,33,22,17,268,27,17,12,215,,20,10,324,21*70
21:03:38.728 << $GPRMC,020338.000,A,4153.0152,N,08748.2104,W,0.03,309.24,240107,,,A*78
21:03:39.668 << $GPGGA,020339.000,4153.0149,N,08748.2108,W,1,9,0.96,214.3,M,-34.0,M,,*6A
21:03:39.674 << $GPGSA,A,3,07,30,14,02,09,01,22,20,08,,,,1.26,0.96,0.80*01
21:03:39.678 << $GPGSV,3,1,12,07,85,162,30,08,56,057,39,30,53,306,28,14,34,277,23*7C
21:03:39.681 << $GPGSV,3,2,12,02,34,117,31,44,33,219,33,09,20,200,22,27,19,047,*76
21:03:39.684 << $GPGSV,3,3,12,01,18,139,33,22,17,268,27,17,12,215,,20,10,324,20*71
21:03:39.688 << $GPRMC,020339.000,A,4153.0149,N,08748.2108,W,0.11,309.24,240107,,,A*7C
21:03:40.686 << $GPGGA,020340.000,4153.0146,N,08748.2110,W,1,9,0.96,214.7,M,-34.0,M,,*66
21:03:40.692 << $GPGSA,A,3,07,30,14,02,09,01,22,20,08,,,,1.26,0.96,0.80*01
21:03:40.696 << $GPGSV,3,1,12,07,85,162,30,08,56,057,39,30,53,306,27,14,34,277,24*74
21:03:40.698 << $GPGSV,3,2,12,02,34,117,31,44,33,219,33,09,20,200,22,27,19,047,*76
21:03:41.131 << $GPGSV,3,3,12,01,18,139,33,22,17,268,27,17,12,215,,20,10,324,20*71
21:03:41.136 << $GPRMC,020340.000,A,4153.0146,N,08748.2110,W,0.11,309.24,240107,,,A*74
21:03:41.614 << $GPGGA,020341.000,4153.0146,N,08748.2114,W,1,9,0.96,215.5,M,-34.0,M,,*60
21:03:41.620 << $GPGSA,A,3,07,30,14,02,09,01,22,20,08,,,,1.26,0.96,0.80*01
21:03:41.623 << $GPGSV,3,1,12,07,85,162,30,08,56,057,39,30,53,306,26,14,34,277,25*74
21:03:41.626 << $GPGSV,3,2,12,02,34,117,30,44,33,219,33,09,20,200,22,27,19,047,*77
21:03:42.095 << $GPGSV,3,3,12,01,18,139,33,22,17,268,27,17,12,215,,20,10,324,20*71
21:03:42.097 << $GPRMC,020341.000,A,4153.0146,N,08748.2114,W,0.15,309.24,240107,,,A*75
21:03:42.589 << $GPGGA,020342.000,4153.0147,N,08748.2118,W,1,9,0.96,215.1,M,-34.0,M,,*6A
21:03:42.595 << $GPGSA,A,3,07,30,14,02,09,01,22,20,08,,,,1.26,0.96,0.80*01
21:03:42.599 << $GPGSV,3,1,12,07,85,162,30,08,56,057,39,30,53,306,26,14,34,277,26*77
21:03:42.601 << $GPGSV,3,2,12,02,34,117,30,44,33,219,33,09,20,200,22,27,19,047,*77
21:03:42.603 << $GPGSV,3,3,12,01,18,139,33,22,17,268,27,17,12,215,,20,10,324,20*71
21:03:42.605 << $GPRMC,020342.000,A,4153.0147,N,08748.2118,W,0.07,309.24,240107,,,A*78
21:03:43.591 << $GPGGA,020343.000,4153.0147,N,08748.2122,W,1,9,0.96,215.5,M,-34.0,M,,*66
21:03:43.596 << $GPGSA,A,3,07,30,14,02,09,01,22,20,08,,,,1.26,0.96,0.80*01
21:03:43.598 << $GPGSV,3,1,12,07,85,162,30,08,56,057,39,30,53,306,26,14,34,277,26*77
21:03:43.600 << $GPGSV,3,2,12,02,34,117,30,44,33,219,34,09,20,200,22,27,19,047,*70
21:03:43.602 << $GPGSV,3,3,12,01,18,139,33,22,17,268,27,17,12,215,,20,10,324,20*71
21:03:43.604 << $GPRMC,020343.000,A,4153.0147,N,08748.2122,W,0.15,309.24,240107,,,A*73
21:03:44.585 << $GPGGA,020344.000,4153.0144,N,08748.2123,W,1,9,0.96,215.5,M,-34.0,M,,*63
21:03:44.587 << $GPGSA,A,3,07,30,14,02,09,01,22,20,08,,,,1.26,0.96,0.80*01
21:03:44.589 << $GPGSV,3,1,12,07,85,162,30,08,56,057,39,30,53,306,26,14,34,277,26*77
21:03:44.591 << $GPGSV,3,2,12,02,34,117,30,44,33,219,34,09,20,200,22,27,19,047,*70
21:03:45.021 << $GPGSV,3,3,12,01,18,139,33,22,17,268,27,17,12,215,,20,10,324,20*71
21:03:45.024 << $GPRMC,020344.000,A,4153.0144,N,08748.2123,W,0.12,309.24,240107,,,A*71
21:03:45.512 << $GPGGA,020345.000,4153.0143,N,08748.2132,W,1,9,0.96,215.8,M,-34.0,M,,*68
21:03:45.516 << $GPGSA,A,3,07,30,14,02,09,01,22,20,08,,,,1.26,0.96,0.80*01
21:03:45.518 << $GPGSV,3,1,12,07,85,162,30,08,56,057,39,30,53,306,26,14,34,277,26*77
21:03:45.991 << $GPGSV,3,2,12,02,34,117,30,44,33,219,34,09,20,200,22,27,19,047,*70
21:03:45.994 << $GPGSV,3,3,12,01,18,139,33,22,17,268,27,17,12,215,,20,10,324,20*71
21:03:45.995 << $GPRMC,020345.000,A,4153.0143,N,08748.2132,W,0.15,309.24,240107,,,A*70
21:03:46.488 << $GPGGA,020346.000,4153.0143,N,08748.2135,W,1,9,0.96,216.5,M,-34.0,M,,*62
21:03:46.490 << $GPGSA,A,3,07,30,14,02,09,01,22,20,08,,,,1.26,0.96,0.80*01
21:03:46.491 << $GPGSV,3,1,12,07,85,162,30,08,56,057,39,30,53,306,26,14,34,277,26*77
21:03:46.491 << $GPGSV,3,2,12,02,34,117,30,44,33,219,34,09,20,200,22,27,19,047,*70
21:03:46.491 << $GPGSV,3,3,12,01,18,139,33,22,17,268,27,17,12,215,,20,10,324,20*71
21:03:46.492 << $GPRMC,020346.000,A,4153.0143,N,08748.2135,W,0.14,309.24,240107,,,A*75
21:03:47.476 << $GPGGA,020347.000,4153.0141,N,08748.2140,W,1,9,0.96,217.0,M,-34.0,M,,*67
21:03:47.480 << $GPGSA,A,3,07,30,14,02,09,01,22,20,08,,,,1.26,0.96,0.80*01
21:03:47.484 << $GPGSV,3,1,12,07,85,162,30,08,56,057,39,30,53,306,26,14,34,277,26*77
21:03:47.487 << $GPGSV,3,2,12,02,34,117,30,44,33,219,34,09,20,200,22,27,19,047,*70
21:03:47.490 << $GPGSV,3,3,12,01,18,139,33,22,17,268,27,17,12,215,,20,10,324,19*7B
21:03:47.493 << $GPRMC,020347.000,A,4153.0141,N,08748.2140,W,0.24,309.24,240107,,,A*77
21:03:48.437 << $GPGGA,020348.000,4153.0140,N,08748.2143,W,1,9,0.96,216.5,M,-34.0,M,,*6E
21:03:48.442 << $GPGSA,A,3,07,30,14,02,09,01,22,20,08,,,,1.26,0.96,0.81*00
21:03:48.446 << $GPGSV,3,1,12,07,85,162,30,08,56,057,39,30,53,306,26,14,34,277,26*77
21:03:48.448 << $GPGSV,3,2,12,02,34,117,30,44,33,219,34,09,20,200,21,27,19,047,*73
21:03:48.450 << $GPGSV,3,3,12,01,18,139,33,22,17,268,27,17,12,215,,20,10,324,18*7A
21:03:48.453 << $GPRMC,020348.000,A,4153.0140,N,08748.2143,W,0.23,309.24,240107,,,A*7D
21:03:49.430 << $GPGGA,020349.000,4153.0138,N,08748.2144,W,1,9,0.96,215.9,M,-34.0,M,,*68
21:03:49.436 << $GPGSA,A,3,07,30,14,02,09,01,22,20,08,,,,1.26,0.96,0.81*00
21:03:49.440 << $GPGSV,3,1,12,07,85,162,30,08,56,057,39,30,53,306,26,14,34,277,26*77
21:03:49.443 << $GPGSV,3,2,12,02,34,117,30,44,33,219,34,09,20,200,20,27,19,047,*72
21:03:49.446 << $GPGSV,3,3,12,01,18,139,33,22,17,268,27,17,12,215,,20,10,324,18*7A
21:03:49.449 << $GPRMC,020349.000,A,4153.0138,N,08748.2144,W,0.07,309.24,240107,,,A*72
21:03:50.391 << $GPGGA,020350.000,4153.0136,N,08748.2150,W,1,9,0.96,215.3,M,-34.0,M,,*61
21:03:50.396 << $GPGSA,A,3,07,30,14,02,09,01,22,20,08,,,,1.26,0.96,0.80*01
21:03:50.400 << $GPGSV,3,1,12,07,85,162,30,08,56,057,39,30,53,306,26,14,34,277,27*76
21:03:50.403 << $GPGSV,3,2,12,02,34,117,30,44,33,219,34,09,20,200,19,27,19,047,*78
21:03:50.875 << $GPGSV,3,3,12,01,18,139,33,22,17,268,27,17,12,215,,20,10,324,18*7A
21:03:50.880 << $GPRMC,020350.000,A,4153.0136,N,08748.2150,W,0.23,309.24,240107,,,A*77
21:03:51.365 << $GPGGA,020351.000,4153.0133,N,08748.2151,W,1,9,0.96,215.4,M,-34.0,M,,*63
21:03:51.371 << $GPGSA,A,3,07,30,14,02,09,01,22,20,08,,,,1.26,0.96,0.80*01
21:03:51.374 << $GPGSV,3,1,12,07,85,162,31,08,56,057,39,30,53,306,26,14,34,277,27*77
21:03:51.377 << $GPGSV,3,2,12,02,34,117,30,44,33,219,34,09,20,200,19,27,19,047,*78
21:03:51.380 << $GPGSV,3,3,12,01,18,139,33,22,17,268,27,17,12,215,,20,10,324,18*7A
21:03:51.855 << $GPRMC,020351.000,A,4153.0133,N,08748.2151,W,0.19,309.24,240107,,,A*7B
21:03:52.338 << $GPGGA,020352.000,4153.0130,N,08748.2150,W,1,9,0.96,214.7,M,-34.0,M,,*60
21:03:52.344 << $GPGSA,A,3,07,30,14,02,09,01,22,20,08,,,,1.26,0.96,0.81*00
21:03:52.347 << $GPGSV,3,1,12,07,85,162,31,08,56,057,39,30,53,306,26,14,34,277,27*77
21:03:52.348 << $GPGSV,3,2,12,02,34,117,30,44,33,219,34,09,20,200,19,27,19,047,*78
21:03:52.350 << $GPGSV,3,3,12,01,18,139,33,22,17,268,27,17,12,215,,20,10,324,18*7A
21:03:52.353 << $GPRMC,020352.000,A,4153.0130,N,08748.2150,W,0.16,309.24,240107,,,A*75
21:03:53.347 << $GPGGA,020353.000,4153.0126,N,08748.2149,W,1,9,0.96,214.0,M,-34.0,M,,*69
21:03:53.352 << $GPGSA,A,3,07,30,14,02,09,01,22,20,08,,,,1.26,0.96,0.80*01
21:03:53.356 << $GPGSV,3,1,12,07,85,162,31,08,56,057,39,30,53,306,26,14,34,277,27*77
21:03:53.359 << $GPGSV,3,2,12,02,34,117,30,44,33,219,34,09,20,200,18,27,19,047,*79
21:03:53.362 << $GPGSV,3,3,12,01,18,139,33,22,17,268,27,17,12,215,,20,10,324,17*75
21:03:53.802 << $GPRMC,020353.000,A,4153.0126,N,08748.2149,W,0.22,309.24,240107,,,A*7C
21:03:54.789 << $GPGGA,020354.000,4153.0125,N,08748.2148,W,1,9,0.96,213.9,M,-34.0,M,,*62
21:03:54.795 << $GPGSA,A,3,07,30,14,02,09,01,22,20,08,,,,1.26,0.96,0.80*01
21:03:54.798 << $GPGSV,3,1,12,07,85,162,31,08,56,057,39,30,53,306,26,14,34,277,27*77
21:03:54.801 << $GPGSV,3,2,12,02,34,117,30,44,33,219,34,09,20,200,18,27,19,047,*79
21:03:54.804 << $GPGSV,3,3,12,01,18,139,33,22,17,268,27,17,12,215,,20,10,324,17*75
21:03:54.806 << $GPRMC,020354.000,A,4153.0125,N,08748.2148,W,0.19,309.24,240107,,,A*71
21:03:55.783 << $GPGGA,020355.000,4153.0125,N,08748.2148,W,1,9,0.96,213.9,M,-34.0,M,,*63
21:03:55.788 << $GPGSA,A,3,07,30,14,02,09,01,22,20,08,,,,1.26,0.96,0.81*00
21:03:55.792 << $GPGSV,3,1,12,07,85,162,31,08,56,057,39,30,53,306,26,14,34,277,27*77
21:03:55.795 << $GPGSV,3,2,12,02,34,117,30,44,33,219,35,09,20,200,18,27,19,047,*78
21:03:55.797 << $GPGSV,3,3,12,01,18,139,33,22,17,268,27,17,12,215,,20,10,324,17*75
21:03:55.800 << $GPRMC,020355.000,A,4153.0125,N,08748.2148,W,0.09,309.24,240107,,,A*71
21:03:56.728 << $GPGGA,020356.000,4153.0125,N,08748.2149,W,1,9,0.96,213.9,M,-34.0,M,,*61
21:03:56.733 << $GPGSA,A,3,07,30,14,02,09,01,22,20,08,,,,1.26,0.96,0.81*00
21:03:56.737 << $GPGSV,3,1,12,07,85,162,31,08,56,057,39,30,53,306,27,14,34,277,28*79
21:03:56.740 << $GPGSV,3,2,12,02,34,117,30,44,33,219,34,09,20,200,18,27,19,047,*79
21:03:56.743 << $GPGSV,3,3,12,01,18,139,33,22,17,268,27,17,12,215,,20,10,324,16*74
21:03:56.746 << $GPRMC,020356.000,A,4153.0125,N,08748.2149,W,0.22,309.24,240107,,,A*7A
21:03:57.729 << $GPGGA,020357.000,4153.0126,N,08748.2149,W,1,10,0.96,213.8,M,-34.0,M,,*5A
21:03:57.735 << $GPGSA,A,3,07,30,14,02,09,17,01,22,20,08,,,1.26,0.96,0.80*07
21:03:57.739 << $GPGSV,3,1,12,07,85,162,32,08,56,057,39,30,53,306,27,14,34,277,28*7A
21:03:57.741 << $GPGSV,3,2,12,02,34,117,30,44,33,219,34,09,20,200,18,27,19,047,*79
21:03:57.744 << $GPGSV,3,3,12,01,18,139,33,22,17,268,27,17,12,215,20,20,10,324,15*75
21:03:57.747 << $GPRMC,020357.000,A,4153.0126,N,08748.2149,W,0.20,309.24,240107,,,A*7A
21:03:58.672 << $GPGGA,020358.000,4153.0126,N,08748.2150,W,1,10,0.96,213.8,M,-34.0,M,,*5D
21:03:58.677 << $GPGSA,A,3,07,30,14,02,09,17,01,22,20,08,,,1.26,0.96,0.81*06
21:03:58.681 << $GPGSV,3,1,12,07,85,162,32,08,56,057,39,30,53,306,27,14,34,277,29*7B
21:03:58.683 << $GPGSV,3,2,12,02,34,117,30,44,33,219,34,09,20,200,18,27,19,047,*79
21:03:58.686 >> $PMTK182,2,8*33
21:03:58.702 << $GPGSV,3,3,12,01,18,139,33,22,17,268,27,17,12,215,21,20,10,324,15*74
21:03:58.704 << $GPRMC,020358.000,A,4153.0126,N,08748.2150,W,0.10,309.24,240107,,,A*7E
21:03:59.284 << $GPGGA,020359.000,4153.0126,N,08748.2149,W,1,10,0.96,213.8,M,-34.0,M,,*54
21:03:59.290 << $GPGSA,A,3,07,30,14,02,09,17,01,22,20,08,,,1.26,0.96,0.81*06
21:03:59.294 << $GPGSV,3,1,12,07,85,162,32,08,56,057,39,30,53,306,27,14,34,277,29*7B
21:03:59.313 << $GPGSV,3,2,12,02,34,117,30,44,33,219,34,09,20,200,18,27,19,047,*79
21:03:59.314 << $GPGSV,3,3,12,01,18,139,33,22,17,268,27,17,12,215,22,20,10,324,15*77
21:03:59.316 << $GPRMC,020359.000,A,4153.0126,N,08748.2149,W,0.20,309.24,240107,,,A*74
21:03:59.318 << $PMTK182,3,8,00021950*11
21:03:59.319 << $PMTK001,182,2,3*25
21:04:00.309 << $GPGGA,020400.000,4153.0127,N,08748.2149,W,1,10,0.96,213.8,M,-34.0,M,,*5E
21:04:00.314 << $GPGSA,A,3,07,30,14,02,09,17,01,22,20,08,,,1.26,0.96,0.81*06
21:04:00.318 << $GPGSV,3,1,12,07,85,162,32,08,56,057,39,30,53,306,27,14,34,277,29*7B
21:04:00.321 << $GPGSV,3,2,12,02,34,117,30,44,33,219,34,09,20,200,18,27,19,047,*79
21:04:00.379 << $GPGSV,3,3,12,01,18,139,33,22,17,268,27,17,12,215,22,20,10,324,15*77
21:04:00.383 << $GPRMC,020400.000,A,4153.0127,N,08748.2149,W,0.11,309.24,240107,,,A*7C
21:04:01.381 << $GPGGA,020401.000,4153.0127,N,08748.2148,W,1,9,1.15,213.7,M,-34.0,M,,*63
21:04:01.387 << $GPGSA,A,3,07,30,14,02,09,17,01,22,08,,,,1.46,1.15,0.91*09
21:04:01.390 << $GPGSV,3,1,12,07,85,162,33,08,56,057,39,30,53,306,28,14,34,277,29*75
21:04:01.394 << $GPGSV,3,2,12,02,34,117,30,44,33,219,34,09,20,200,18,27,19,047,*79
21:04:01.396 << $GPGSV,3,3,12,01,18,139,33,22,17,268,27,17,12,215,22,20,10,324,*73
21:04:01.400 << $GPRMC,020401.000,A,4153.0127,N,08748.2148,W,0.07,309.24,240107,,,A*7B
21:04:02.303 << $GPGGA,020402.000,4153.0127,N,08748.2148,W,1,9,1.15,213.7,M,-34.0,M,,*60
21:04:02.374 << $GPGSA,A,3,07,30,14,02,09,17,01,22,08,,,,1.46,1.15,0.91*09
21:04:02.378 << $GPGSV,3,1,12,07,85,162,33,08,56,057,39,30,53,306,28,14,34,277,29*75
21:04:02.381 << $GPGSV,3,2,12,02,34,117,30,44,33,219,34,09,20,200,18,27,19,047,*79
21:04:02.383 << $GPGSV,3,3,12,01,18,139,33,22,17,268,27,17,12,215,22,20,10,324,*73
21:04:02.387 << $GPRMC,020402.000,A,4153.0127,N,08748.2148,W,0.09,309.24,240107,,,A*76
21:04:03.292 << $GPGGA,020403.000,4153.0127,N,08748.2148,W,1,9,1.15,213.7,M,-34.0,M,,*61
21:04:03.297 << $GPGSA,A,3,07,30,14,02,09,17,01,22,08,,,,1.46,1.15,0.91*09
21:04:03.300 << $GPGSV,3,1,12,07,85,162,33,08,56,057,39,30,53,306,29,14,34,277,29*74
21:04:03.303 << $GPGSV,3,2,12,02,34,117,30,44,33,219,34,09,20,200,18,27,19,047,*79
21:04:03.362 << $GPGSV,3,3,12,01,18,139,33,22,17,268,27,17,12,215,22,20,10,324,*73
21:04:03.366 << $GPRMC,020403.000,A,4153.0127,N,08748.2148,W,0.14,309.24,240107,,,A*7B
21:04:04.525 << $GPGGA,020404.000,4153.0128,N,08748.2148,W,1,9,1.47,213.6,M,-34.0,M,,*6F
21:04:04.530 << $GPGSA,A,3,07,30,14,02,09,17,01,22,08,,,,2.60,1.47,2.14*06
21:04:04.534 << $GPGSV,3,1,12,07,85,162,34,08,56,057,39,30,53,306,29,14,34,277,29*73
21:04:04.537 << $GPGSV,3,2,12,02,34,117,30,44,33,219,34,09,20,200,17,27,19,047,*76
21:04:04.538 << $GPGSV,3,3,12,01,18,139,33,22,17,268,27,17,12,215,22,20,10,324,*73
21:04:04.541 << $GPRMC,020404.000,A,4153.0128,N,08748.2148,W,0.03,309.24,240107,,,A*75
21:04:05.527 << $GPGGA,020405.000,4153.0128,N,08748.2148,W,1,9,1.15,213.6,M,-34.0,M,,*69
21:04:05.533 << $GPGSA,A,3,07,30,14,02,09,17,01,22,08,,,,1.46,1.15,0.91*09
21:04:05.536 << $GPGSV,3,1,12,07,85,162,34,08,56,057,39,30,53,306,29,14,34,277,29*73
21:04:05.539 << $GPGSV,3,2,12,02,34,117,30,44,33,219,34,09,20,200,17,27,19,047,*76
21:04:05.991 << $GPGSV,3,3,12,01,18,139,33,22,17,268,27,17,12,215,22,20,10,324,*73
21:04:05.995 << $GPRMC,020405.000,A,4153.0128,N,08748.2148,W,0.14,309.24,240107,,,A*72
21:04:06.469 << $GPGGA,020406.000,4153.0128,N,08748.2147,W,1,9,1.15,213.6,M,-34.0,M,,*65
21:04:06.472 << $GPGSA,A,3,07,30,14,02,09,17,01,22,08,,,,1.46,1.15,0.91*09
21:04:06.474 << $GPGSV,3,1,12,07,85,162,34,08,56,057,39,30,53,306,29,14,34,277,29*73
21:04:06.475 << $GPGSV,3,2,12,02,34,117,30,44,33,219,34,09,20,200,17,27,19,047,*76
21:04:06.476 << $GPGSV,3,3,12,01,18,139,33,22,17,268,27,17,12,215,21,20,10,324,*70
21:04:06.478 << $GPRMC,020406.000,A,4153.0128,N,08748.2147,W,0.15,309.24,240107,,,A*7F
21:04:07.462 << $GPGGA,020407.000,4153.0128,N,08748.2147,W,1,9,1.04,213.5,M,-34.0,M,,*67
21:04:07.468 << $GPGSA,A,3,07,30,14,02,09,17,01,22,08,,,,1.38,1.04,0.91*00
21:04:07.471 << $GPGSV,3,1,12,07,85,162,34,08,56,057,39,30,53,306,29,14,34,277,29*73
21:04:07.473 << $GPGSV,3,2,12,02,34,117,30,44,33,219,33,09,20,200,17,27,19,047,*71
21:04:07.475 << $GPGSV,3,3,12,01,18,139,33,22,17,269,27,17,12,215,21,20,10,324,*71
21:04:07.478 << $GPRMC,020407.000,A,4153.0128,N,08748.2147,W,0.14,309.24,240107,,,A*7F
21:04:08.465 << $GPGGA,020408.000,4153.0129,N,08748.2146,W,1,9,1.04,213.5,M,-34.0,M,,*68
21:04:08.471 << $GPGSA,A,3,07,30,14,02,09,17,01,22,08,,,,1.38,1.04,0.91*00
21:04:08.474 << $GPGSV,3,1,12,07,85,162,34,08,56,057,39,30,53,306,29,14,34,277,29*73
21:04:08.476 << $GPGSV,3,2,12,02,34,117,30,44,33,219,33,09,20,200,17,27,19,047,*71
21:04:08.477 << $GPGSV,3,3,12,01,18,139,33,22,17,269,27,17,12,215,21,20,10,324,*71
21:04:08.480 << $GPRMC,020408.000,A,4153.0129,N,08748.2146,W,0.28,309.24,240107,,,A*7F
21:04:09.398 << $GPGGA,020409.000,4153.0129,N,08748.2145,W,1,9,1.04,213.5,M,-34.0,M,,*6A
21:04:09.404 << $GPGSA,A,3,07,30,14,02,09,17,01,22,08,,,,1.38,1.04,0.91*00
21:04:09.407 << $GPGSV,3,1,12,07,85,162,34,08,56,057,39,30,53,306,30,14,34,277,29*7B
21:04:09.410 << $GPGSV,3,2,12,02,34,117,29,44,33,219,33,09,20,200,17,27,19,047,*79
21:04:09.468 << $GPGSV,3,3,12,01,18,139,33,22,17,269,27,17,12,215,21,20,10,324,*71
21:04:09.473 << $GPRMC,020409.000,A,4153.0129,N,08748.2145,W,0.08,309.24,240107,,,A*7F
21:04:10.380 << $GPGGA,020410.000,4153.0129,N,08748.2145,W,1,9,1.04,213.5,M,-34.0,M,,*62
21:04:10.385 << $GPGSA,A,3,07,30,14,02,09,17,01,22,08,,,,1.38,1.04,0.91*00
21:04:10.389 << $GPGSV,3,1,12,07,85,162,34,08,56,057,39,30,53,306,30,14,34,277,29*7B
21:04:10.391 << $GPGSV,3,2,12,02,34,117,30,44,33,219,33,09,20,200,17,27,19,047,*71
21:04:10.394 << $GPGSV,3,3,12,01,18,139,32,22,17,269,27,17,12,215,21,20,10,324,*70
21:04:10.396 << $GPRMC,020410.000,A,4153.0129,N,08748.2145,W,0.16,309.24,240107,,,A*78
21:04:11.409 >> $PMTK182,7,00000000,00010000*23
21:04:12.298 << $GPGGA,020412.000,4153.0129,N,08748.2144,W,1,9,1.04,213.4,M,-34.0,M,,*60
21:04:12.306 << $GPGSA,A,3,07,30,14,02,09,17,01,22,08,,,,1.38,1.04,0.91*00
21:04:12.308 << $GPGSV,3,1,12,07,85,162,34,08,56,057,39,30,53,306,30,14,34,277,30*73
21:04:12.310 << $GPGSV,3,2,12,02,34,117,30,44,33,219,33,09,20,200,16,27,19,047,*70
21:04:12.323 << $GPGSV,3,3,12,01,18,139,32,22,17,269,27,17,12,215,23,20,10,324,*72
21:04:12.324 << $GPRMC,020412.000,A,4153.0129,N,08748.2144,W,0.26,309.24,240107,,,A*78
21:07:04.417 << $PMTK001,182,7,3*20
21:07:04.424 -- block 0x00000000 arrival gaps ms: 1346 694 441 463 464 776 430 466 1701 6329 7316 8280 7310 7317 7313 7800 6828 7309 7307 7318 7311 6817 7317 7316 7311 7314 6826 7314 6330 7319 7312 7307
21:07:04.427 -- block 0x00000000 65536/65536 bytes, 32 chunks, 173007 ms (0.4 KB/s)
21:07:04.455 >> $PMTK182,7,00010000,00010000*22
21:07:04.901 << $GPGGA,020701.000,4153.0239,N,08748.2069,W,1,5,1.46,211.7,M,-34.0,M,,*66
21:07:04.904 << $GPGSA,A,2,07,30,02,17,08,,,,,,,,1.74,1.46,0.95*06
21:07:04.905 << $GPGSV,3,1,12,07,83,160,36,08,55,056,39,30,55,305,39,14,35,278,*76
21:07:04.906 << $GPGSV,3,2,12,02,35,116,37,44,33,219,33,01,20,138,,09,19,199,*7E
21:07:04.909 << $GPGSV,3,3,12,22,18,270,,27,18,047,,17,14,216,21,20,11,323,*7C
21:07:04.912 << $GPRMC,020701.000,A,4153.0239,N,08748.2069,W,0.47,42.87,240107,,,A*47
21:07:04.914 << $GPGGA,020702.000,4153.0240,N,08748.2068,W,1,7,1.27,211.7,M,-34.0,M,,*6F
21:07:04.917 << $GPGSA,A,3,07,30,14,02,17,22,08,,,,,,1.57,1.27,0.92*03
21:07:04.919 << $GPGSV,3,1,12,07,83,160,37,08,55,056,39,30,55,305,39,14,35,278,28*7D
21:07:04.920 << $GPGSV,3,2,12,02,35,116,37,44,33,219,33,01,20,138,,09,19,199,*7E
21:07:04.921 << $GPGSV,3,3,12,22,18,270,27,27,18,047,,17,14,216,20,20,11,323,*78
21:07:04.922 << $GPRMC,020702.000,A,4153.0240,N,08748.2068,W,0.45,41.04,240107,,,A*41
21:07:04.924 << $GPGGA,020703.000,4153.0240,N,08748.2067,W,1,7,1.27,211.7,M,-34.0,M,,*61
21:07:04.926 << $GPGSA,A,3,07,30,14,02,17,22,08,,,,,,1.57,1.27,0.92*03
21:07:04.927 << $GPGSV,3,1,12,07,83,160,37,08,55,056,39,30,55,305,38,14,35,278,29*7D
21:07:04.928 << $GPGSV,3,2,12,02,35,116,37,44,33,219,33,01,20,138,,09,19,199,*7E
21:07:04.930 << $GPGSV,3,3,12,22,18,270,26,27,18,047,,17,14,216,19,20,11,323,*73
21:07:04.931 << $GPRMC,020703.000,A,4153.0240,N,08748.2067,W,0.01,40.77,240107,,,A*4A
21:07:04.932 << $GPGGA,020704.000,4153.0240,N,08748.2067,W,1,7,1.27,211.7,M,-34.0,M,,*66
21:07:04.933 << $GPGSA,A,3,07,30,14,02,17,22,08,,,,,,1.57,1.27,0.92*03
21:07:04.934 << $GPGSV,3,1,12,07,83,160,38,08,55,056,39,30,55,305,38,14,35,278,30*7A
21:07:04.934 << $GPGSV,3,2,12,02,35,116,37,44,33,219,33,01,20,138,,09,19,199,*7E
21:07:04.934 << $GPGSV,3,3,12,22,18,270,28,27,18,047,,17,14,216,18,20,11,323,*7C
21:07:04.935 << $GPRMC,020704.000,A,4153.0240,N,08748.2067,W,0.02,40.77,240107,,,A*4E
21:07:05.351 << $GPGGA,020705.000,4153.0240,N,08748.2068,W,1,8,1.10,211.8,M,-34.0,M,,*6C
21:07:05.353 << $GPGSA,A,3,07,30,14,02,09,17,22,08,,,,,1.43,1.10,0.92*0B
21:07:05.354 << $GPGSV,3,1,12,07,83,160,38,08,55,056,39,30,55,305,37,14,35,278,30*75
21:07:05.355 << $GPGSV,3,2,12,02,35,116,37,44,33,219,33,01,20,138,,09,19,199,24*78
21:07:05.355 << $GPGSV,3,3,12,22,18,270,28,27,18,047,,17,14,216,18,20,11,323,*7C
21:07:05.356 << $GPRMC,020705.000,A,4153.0240,N,08748.2068,W,0.03,40.77,240107,,,A*41
21:09:48.697 << $PMTK001,182,7,3*20
21:09:48.706 -- block 0x00010000 arrival gaps ms: 1334 820 357 444 472 726 446 458 2700 6831 6820 6814 6836 6823 6830 7308 6339 6822 6824 6833 6335 6830 6821 5848 7312 7313 5852 6823 7312 6824 6340 7798
21:09:48.707 -- block 0x00010000 65536/65536 bytes, 32 chunks, 164250 ms (0.4 KB/s)
21:09:48.737 >> $PMTK182,7,00020000,00010000*21
21:09:49.810 -- dropped malformed or bad-checksum line: 0946.000,A,4153.0253,N,08748.2061,W,0.56,40.77,240107,,,A*43
21:09:49.885 << $GPGGA,020947.000,4153.0244,N,08748.2058,W,1,6,1.32,213.8,M,-34.0,M,,*6F
21:09:49.951 << $GPGSA,A,3,07,30,14,02,17,08,,,,,,,1.62,1.32,0.94*07
21:09:49.954 << $GPGSV,3,1,12,07,82,159,45,30,56,305,38,08,53,056,37,14,36,279,28*7B
21:09:49.957 << $GPGSV,3,2,12,02,36,114,26,44,33,219,33,01,21,138,,22,19,270,*73
21:09:49.959 << $GPGSV,3,3,12,09,18,199,,27,17,047,,17,15,216,25,20,12,322,*79
21:09:49.962 << $GPRMC,020947.000,A,4153.0244,N,08748.2058,W,0.74,177.86,240107,,,A*75
21:09:49.985 << $GPGGA,020948.000,4153.0242,N,08748.2059,W,1,9,1.03,213.8,M,-34.0,M,,*6A
21:09:49.991 << $GPGSA,A,3,07,30,14,02,01,17,22,09,08,,,,1.37,1.03,0.91*08
21:09:49.994 << $GPGSV,3,1,12,07,82,159,45,30,56,305,38,08,53,056,37,14,36,279,30*72
21:09:49.998 << $GPGSV,3,2,12,02,36,114,30,44,33,219,34,01,21,138,23,22,19,270,20*70
21:09:50.003 << $GPGSV,3,3,12,09,18,199,23,27,17,047,,17,15,216,25,20,12,322,*78
21:09:50.008 << $GPRMC,020948.000,A,4153.0242,N,08748.2059,W,0.04,178.54,240107,,,A*7A
21:09:50.011 << $GPGGA,020949.000,4153.0234,N,08748.2066,W,1,9,1.03,213.8,M,-34.0,M,,*66
21:09:50.015 << $GPGSA,A,3,07,30,14,02,01,17,22,09,08,,,,1.37,1.03,0.91*08
21:09:50.018 << $GPGSV,3,1,12,07,82,159,45,30,56,305,38,08,53,056,37,14,36,279,31*73
21:09:50.020 << $GPGSV,3,2,12,02,36,114,30,44,33,219,34,01,21,138,24,22,19,270,21*76
21:09:50.023 << $GPGSV,3,3,12,09,18,199,24,27,17,047,,17,15,216,25,20,12,322,*7F
21:09:50.026 << $GPRMC,020949.000,A,4153.0234,N,08748.2066,W,0.04,178.54,240107,,,A*76
21:12:32.989 << $PMTK001,182,7,3*20
21:12:32.998 -- block 0x00020000 arrival gaps ms: 1679 453 461 749 412 461 684 469 467 5823 6829 6828 7308 6826 6825 6829 7800 7311 6335 7319 7306 6833 7793 7305 4882 6334 6833 6333 7312 7802 6824 6830
21:12:33.000 -- block 0x00020000 65536/65536 bytes, 32 chunks, 164260 ms (0.4 KB/s)
21:12:33.028 >> $PMTK182,7,00030000,00010000*20
21:12:33.542 << $GPGGA,021230.000,4153.0218,N,08748.2065,W,1,4,1.99,210.2,M,-34.0,M,,*68
21:12:33.544 << $GPGSA,A,2,07,30,17,08,,,,,,,,,2.20,1.99,0.95*04
21:12:33.545 << $GPGSV,3,1,12,07,80,158,45,30,57,304,38,08,52,055,36,14,37,280,*76
21:12:33.546 << $GPGSV,3,2,12,02,36,113,,44,33,219,34,01,22,137,,22,20,271,*70
21:12:33.546 << $GPGSV,3,3,12,09,16,198,,27,16,047,,17,16,216,24,20,12,321,*76
21:12:33.581 << $GPRMC,021230.000,A,4153.0218,N,08748.2065,W,0.22,178.54,240107,,,A*7B
21:12:33.582 << $GPGGA,021231.000,4153.0218,N,08748.2073,W,1,9,1.02,208.8,M,-34.0,M,,*62
21:12:33.585 << $GPGSA,A,3,07,30,14,02,01,17,22,09,08,,,,1.36,1.02,0.91*08
21:12:33.587 << $GPGSV,3,1,12,07,80,158,45,30,57,304,38,08,52,055,36,14,37,280,22*76
21:12:33.597 << $GPGSV,3,2,12,02,36,113,28,44,33,219,34,01,22,137,28,22,20,271,24*76
21:12:33.597 << $GPGSV,3,3,12,09,16,198,17,27,16,047,,17,16,216,22,20,12,321,*76
21:12:33.598 << $GPRMC,021231.000,A,4153.0218,N,08748.2073,W,0.26,178.54,240107,,,A*79
21:12:33.598 << $GPGGA,021232.000,4153.0218,N,08748.2081,W,1,7,1.19,207.5,M,-34.0,M,,*6A
21:12:33.600 << $GPGSA,A,3,07,30,02,01,17,22,08,,,,,,1.50,1.19,0.91*0E
21:12:33.601 << $GPGSV,3,1,12,07,80,158,45,30,57,304,38,08,52,055,36,14,37,280,*76
21:12:33.601 << $GPGSV,3,2,12,02,36,113,25,44,33,219,34,01,22,137,30,22,20,271,24*72
21:12:33.601 << $GPGSV,3,3,12,09,16,198,,27,16,047,,17,16,216,21,20,12,321,*73
21:12:33.602 << $GPRMC,021232.000,A,4153.0218,N,08748.2081,W,0.03,178.54,240107,,,A*70
21:12:33.603 << $GPGGA,021233.000,4153.0218,N,08748.2081,W,1,8,1.15,207.4,M,-34.0,M,,*69
21:12:33.604 << $GPGSA,A,3,07,30,14,02,01,17,22,08,,,,,1.47,1.15,0.91*01
21:12:33.605 << $GPGSV,3,1,12,07,80,158,45,30,57,304,38,08,52,055,36,14,37,280,22*76
21:12:33.606 << $GPGSV,3,2,12,02,36,113,27,44,33,219,34,01,22,137,30,22,20,271,27*73
21:12:33.607 << $GPGSV,3,3,12,09,16,198,,27,16,047,,17,16,216,21,20,12,321,*73
21:12:33.607 << $GPRMC,021233.000,A,4153.0218,N,08748.2081,W,0.07,178.54,240107,,,A*75
21:15:17.277 << $PMTK001,182,7,3*20
21:15:17.284 -- block 0x00030000 arrival gaps ms: 1087 445 446 766 422 458 821 369 444 3476 7313 7311 6824 6342 7308 7316 6825 7314 6830 6820 7788 7319 6828 7310 7315 6337 6828 7313 6334 7308 7799 6836
21:15:17.286 -- block 0x00030000 65536/65536 bytes, 32 chunks, 164256 ms (0.4 KB/s)
21:15:17.359 >> $PMTK182,7,00040000,00010000*27
21:15:17.765 << $GPGGA,021514.000,4153.0187,N,08748.2076,W,1,4,1.97,200.8,M,-34.0,M,,*6B
21:15:17.769 << $GPGSA,A,2,07,30,01,08,,,,,,,,,2.19,1.97,0.96*04
21:15:17.770 << $GPGSV,3,1,12,07,79,158,36,30,58,303,39,08,51,054,35,14,38,281,*72
21:15:17.772 << $GPGSV,3,2,12,02,37,112,,44,33,219,34,01,23,136,31,22,21,272,*70
21:15:17.773 << $GPGSV,3,3,12,17,17,217,,09,15,198,,27,15,047,,20,13,320,*70
21:15:17.777 << $GPRMC,021514.000,A,4153.0187,N,08748.2076,W,0.29,178.54,240107,,,A*76
21:15:17.779 << $GPGGA,021515.000,4153.0186,N,08748.2077,W,1,4,1.97,201.0,M,-34.0,M,,*63
21:15:17.781 << $GPGSA,A,3,07,30,01,08,,,,,,,,,2.19,1.97,0.96*05
21:15:17.783 << $GPGSV,3,1,12,07,79,158,36,30,58,303,40,08,51,054,35,14,38,281,*7C
21:15:17.784 << $GPGSV,3,2,12,02,37,112,,44,33,219,34,01,23,136,32,22,21,272,*73
21:15:17.787 << $GPGSV,3,3,12,17,17,217,,09,15,198,,27,15,047,,20,13,320,*70
21:15:17.789 << $GPRMC,021515.000,A,4153.0186,N,08748.2077,W,0.35,206.32,240107,,,A*70
21:15:17.790 << $GPGGA,021516.000,4153.0185,N,08748.2077,W,1,6,1.56,201.1,M,-34.0,M,,*6D
21:15:17.791 << $GPGSA,A,3,07,30,14,01,22,08,,,,,,,1.80,1.56,0.91*09
21:15:17.792 << $GPGSV,3,1,12,07,79,158,36,30,58,303,40,08,51,054,35,14,38,281,26*78
21:15:17.793 << $GPGSV,3,2,12,02,37,112,,44,33,219,34,01,23,136,33,22,21,272,28*78
21:15:17.794 << $GPGSV,3,3,12,17,17,217,,09,15,198,,27,15,047,,20,13,320,*70
21:15:17.795 << $GPRMC,021516.000,A,4153.0185,N,08748.2077,W,0.22,212.63,240107,,,A*77
21:15:17.797 << $GPGGA,021517.000,4153.0185,N,08748.2078,W,1,7,1.52,201.2,M,-34.0,M,,*65
21:15:17.798 << $GPGSA,A,3,07,30,14,02,01,22,08,,,,,,1.77,1.52,0.90*06
21:15:17.799 << $GPGSV,3,1,12,07,79,158,36,30,58,303,40,08,51,054,35,14,38,281,27*79
21:15:17.799 << $GPGSV,3,2,12,02,37,112,21,44,33,219,34,01,23,136,33,22,21,272,26*75
21:15:17.800 << $GPGSV,3,3,12,17,17,217,,09,15,198,,27,15,047,,20,13,320,*70
21:15:17.800 << $GPRMC,021517.000,A,4153.0185,N,08748.2078,W,0.18,213.69,240107,,,A*7B
21:17:58.635 << $PMTK001,182,7,3*20
21:17:58.643 -- block 0x00040000 arrival gaps ms: 950 578 563 464 480 828 331 453 463 5044 6825 7308 7310 6826 6825 7311 6826 6830 6336 6826 6334 6825 7316 6819 7310 5366 6824 6339 6828 7797 6829 7310
21:17:58.644 -- block 0x00040000 65536/65536 bytes, 32 chunks, 161278 ms (0.4 KB/s)
21:17:58.648 -- stopping: 2 consecutive unwritten blocks at 0x00050000
21:17:58.921 >> $PMTK182,2,8*33
21:17:59.128 << $GPGGA,021755.000,4153.0122,N,08748.2141,W,1,4,1.54,210.9,M,-34.0,M,,*69
21:17:59.131 << $GPGSA,A,2,30,02,17,08,,,,,,,,,1.83,1.54,0.99*06
21:17:59.134 << $GPGSV,3,1,12,07,78,158,,30,59,303,40,08,50,054,42,14,39,282,*7A
21:17:59.135 << $GPGSV,3,2,12,02,38,110,38,44,33,219,34,01,24,135,,22,21,273,*71
21:17:59.136 << $GPGSV,3,3,12,17,18,217,23,09,14,197,,27,14,047,,20,13,319,*7B
21:17:59.140 << $GPRMC,021755.000,A,4153.0122,N,08748.2141,W,0.14,207.33,240107,,,A*7F
21:17:59.141 << $GPGGA,021756.000,4153.0122,N,08748.2141,W,1,8,1.14,210.9,M,-34.0,M,,*62
21:17:59.142 << $GPGSA,A,3,07,30,14,02,01,22,17,08,,,,,1.46,1.14,0.90*00
21:17:59.143 << $GPGSV,3,1,12,07,78,158,34,30,59,303,40,08,50,054,42,14,39,282,29*76
21:17:59.144 << $GPGSV,3,2,12,02,38,110,38,44,33,219,35,01,24,135,31,22,21,273,27*77
21:17:59.145 << $GPGSV,3,3,12,17,18,217,23,09,14,197,,27,14,047,,20,13,319,*7B
21:17:59.146 << $GPRMC,021756.000,A,4153.0122,N,08748.2141,W,0.05,207.33,240107,,,A*7C
21:17:59.146 << $GPGGA,021757.000,4153.0122,N,08748.2141,W,1,8,1.14,210.9,M,-34.0,M,,*63
21:17:59.147 << $GPGSA,A,3,07,30,14,02,01,22,17,08,,,,,1.46,1.14,0.90*00
21:17:59.148 << $GPGSV,3,1,12,07,78,158,32,30,59,303,40,08,50,054,42,14,39,282,24*7D
21:17:59.148 << $GPGSV,3,2,12,02,38,110,38,44,33,219,35,01,24,135,28,22,21,273,26*7E
21:17:59.148 << $GPGSV,3,3,12,17,18,217,23,09,14,197,,27,14,047,,20,13,319,*7B
21:17:59.149 << $GPRMC,021757.000,A,4153.0122,N,08748.2141,W,0.02,207.33,240107,,,A*7A
21:17:59.150 << $GPGGA,021758.000,4153.0122,N,08748.2141,W,1,8,1.14,211.0,M,-34.0,M,,*64
21:17:59.151 << $GPGSA,A,3,07,30,14,02,01,22,17,08,,,,,1.46,1.14,0.90*00
21:17:59.152 << $GPGSV,3,1,12,07,78,158,32,30,59,303,40,08,50,054,42,14,39,282,30*78
21:17:59.152 << $GPGSV,3,2,12,02,38,110,38,44,33,219,35,01,24,135,30,22,21,273,28*79
21:17:59.152 << $GPGSV,3,3,12,17,18,217,23,09,14,197,,27,14,047,,20,13,319,*7B
21:17:59.153 << $GPRMC,021758.000,A,4153.0122,N,08748.2141,W,0.02,207.33,240107,,,A*75
21:17:59.349 << $GPGGA,021759.000,4153.0122,N,08748.2140,W,1,9,1.01,211.0,M,-34.0,M,,*61
21:17:59.351 << $GPGSA,A,3,07,30,14,02,01,22,17,09,08,,,,1.35,1.01,0.90*09
21:17:59.354 << $GPGSV,3,1,12,07,78,158,32,30,59,303,40,08,50,054,42,14,39,282,30*78
21:17:59.355 << $GPGSV,3,2,12,02,38,110,38,44,33,219,35,01,24,135,30,22,21,273,29*78
21:17:59.357 << $GPGSV,3,3,12,17,18,217,23,09,14,197,26,27,14,047,,20,13,319,*7F
21:17:59.359 << $GPRMC,021759.000,A,4153.0122,N,08748.2140,W,0.05,207.33,240107,,,A*72
21:17:59.360 << $PMTK182,3,8,00021A70*6B
21:17:59.361 << $PMTK001,182,2,3*25
21:18:00.365 << $GPGGA,021800.000,4153.0122,N,08748.2140,W,1,10,1.01,211.0,M,-34.0,M,,*5A
21:18:00.370 << $GPGSA,A,3,07,30,14,02,01,22,17,09,20,08,,,1.35,1.01,0.90*0B
21:18:00.373 << $GPGSV,3,1,12,07,78,158,32,30,59,303,40,08,50,054,42,14,39,282,30*78
21:18:00.375 << $GPGSV,3,2,12,02,38,110,38,44,33,219,35,01,24,135,29,22,21,273,29*70
21:18:00.377 << $GPGSV,3,3,12,17,18,217,23,09,14,197,26,27,14,047,,20,13,319,19*77
21:18:00.379 << $GPRMC,021800.000,A,4153.0122,N,08748.2140,W,0.05,207.33,240107,,,A*71
21:18:01.365 << $GPGGA,021801.000,4153.0121,N,08748.2140,W,1,10,1.01,211.1,M,-34.0,M,,*59
21:18:01.369 << $GPGSA,A,3,07,30,14,02,01,22,17,09,20,08,,,1.35,1.01,0.90*0B
21:18:01.373 << $GPGSV,3,1,12,07,78,158,32,30,59,303,40,08,50,054,42,14,39,282,30*78
21:18:01.375 << $GPGSV,3,2,12,02,38,110,38,44,33,219,35,01,24,135,30,22,21,273,29*78
21:18:01.377 << $GPGSV,3,3,12,17,18,217,23,09,14,197,26,27,14,047,,20,13,319,19*77
21:18:01.379 << $GPRMC,021801.000,A,4153.0121,N,08748.2140,W,0.04,207.33,240107,,,A*72
21:18:02.369 << $GPGGA,021802.000,4153.0121,N,08748.2140,W,1,10,1.01,211.2,M,-34.0,M,,*59
21:18:02.375 << $GPGSA,A,3,07,30,14,02,01,22,17,09,20,08,,,1.35,1.01,0.90*0B
21:18:02.378 << $GPGSV,3,1,12,07,78,158,32,30,59,303,40,08,50,054,42,14,39,282,30*78
21:18:02.379 << $GPGSV,3,2,12,02,38,110,37,44,33,219,34,01,24,135,31,22,21,273,29*77
21:18:02.382 << $GPGSV,3,3,12,17,18,217,23,09,14,197,26,27,14,047,,20,13,319,19*77
21:18:02.385 << $GPRMC,021802.000,A,4153.0121,N,08748.2140,W,0.03,207.33,240107,,,A*76
21:18:03.364 << $GPGGA,021803.000,4153.0121,N,08748.2140,W,1,10,1.01,211.2,M,-34.0,M,,*58
21:18:03.369 << $GPGSA,A,3,07,30,14,02,01,22,17,09,20,08,,,1.35,1.01,0.90*0B
21:18:03.371 << $GPGSV,3,1,12,07,78,158,32,30,59,303,40,08,50,054,42,14,39,282,30*78
21:18:03.372 << $GPGSV,3,2,12,02,38,110,37,44,33,219,34,01,24,135,31,22,21,273,29*77
21:18:03.374 << $GPGSV,3,3,12,17,18,217,23,09,14,197,26,27,14,047,,20,13,319,18*76
21:18:03.376 << $GPRMC,021803.000,A,4153.0121,N,08748.2140,W,0.02,207.33,240107,,,A*76
21:18:04.483 << $GPGGA,021804.000,4153.0121,N,08748.2140,W,1,10,0.87,211.3,M,-34.0,M,,*51
21:18:04.489 << $GPGSA,A,3,07,30,14,02,01,22,17,09,20,08,,,1.20,0.87,0.82*03
21:18:04.492 << $GPGSV,3,1,12,07,78,158,32,30,59,303,40,08,50,054,42,14,39,282,30*78
21:18:04.494 << $GPGSV,3,2,12,02,38,110,37,44,33,219,34,01,24,135,31,22,21,273,29*77
21:18:04.968 << $GPGSV,3,3,12,17,18,217,22,09,14,197,26,27,14,047,,20,13,319,18*77
21:18:04.971 << $GPRMC,021804.000,A,4153.0121,N,08748.2140,W,0.03,207.33,240107,,,A*70
21:18:05.456 << $GPGGA,021805.000,4153.0121,N,08748.2139,W,1,10,0.87,211.4,M,-34.0,M,,*59
21:18:05.460 << $GPGSA,A,3,07,30,14,02,01,22,17,09,20,08,,,1.20,0.87,0.82*03
21:18:05.515 << $GPGSV,3,1,12,07,78,158,32,30,59,303,40,08,50,054,42,14,39,282,30*78
21:18:05.517 << $GPGSV,3,2,12,02,38,110,37,44,33,219,34,01,24,135,31,22,21,273,29*77
21:18:05.518 << $GPGSV,3,3,12,17,18,217,22,09,14,197,27,27,14,047,,20,13,319,18*76
21:18:05.520 << $GPRMC,021805.000,A,4153.0121,N,08748.2139,W,0.01,207.33,240107,,,A*7D
21:18:06.437 << $GPGGA,021806.000,4153.0122,N,08748.2139,W,1,10,0.93,211.5,M,-34.0,M,,*5D
21:18:06.442 << $GPGSA,A,3,07,30,14,02,01,22,17,09,20,08,,,1.72,0.93,1.45*0B
21:18:06.444 << $GPGSV,3,1,12,07,78,158,32,30,59,303,40,08,50,054,42,14,39,282,30*78
21:18:06.449 << $GPGSV,3,2,12,02,38,110,37,44,33,219,34,01,24,135,30,22,21,273,29*76
21:18:06.450 << $GPGSV,3,3,12,17,18,217,22,09,14,197,27,27,14,047,,20,13,319,18*76
21:18:06.454 << $GPRMC,021806.000,A,4153.0122,N,08748.2139,W,0.04,207.33,240107,,,A*78
21:18:07.446 << $GPGGA,021807.000,4153.0121,N,08748.2139,W,1,10,0.87,211.5,M,-34.0,M,,*5A
21:18:07.451 << $GPGSA,A,3,07,30,14,02,01,22,17,09,20,08,,,1.20,0.87,0.82*03
21:18:07.454 << $GPGSV,3,1,12,07,78,158,32,30,59,303,40,08,50,054,42,14,39,282,30*78
21:18:07.456 << $GPGSV,3,2,12,02,38,110,37,44,33,219,35,01,24,135,30,22,21,273,29*77
21:18:07.458 << $GPGSV,3,3,12,17,18,217,22,09,14,197,27,27,14,047,,20,13,319,18*76
21:18:07.461 << $GPRMC,021807.000,A,4153.0121,N,08748.2139,W,0.03,207.33,240107,,,A*7D
21:18:08.435 << $GPGGA,021808.000,4153.0121,N,08748.2139,W,1,10,0.87,211.6,M,-34.0,M,,*56
21:18:08.439 << $GPGSA,A,3,07,30,14,02,01,22,17,09,20,08,,,1.20,0.87,0.82*03
21:18:08.441 << $GPGSV,3,1,12,07,78,158,32,30,59,303,40,08,50,054,42,14,39,282,30*78
21:18:08.443 << $GPGSV,3,2,12,02,38,110,37,44,33,219,35,01,24,135,30,22,21,273,29*77
21:18:08.445 << $GPGSV,3,3,12,17,18,217,22,09,14,197,27,27,14,047,,20,13,319,18*76
21:18:08.873 << $GPRMC,021808.000,A,4153.0121,N,08748.2139,W,0.03,207.33,240107,,,A*72
21:18:09.365 << $GPGGA,021809.000,4153.0122,N,08748.2139,W,1,10,0.93,211.7,M,-34.0,M,,*50
21:18:09.369 << $GPGSA,A,3,07,30,14,02,01,22,17,09,20,08,,,1.72,0.93,1.45*0B
21:18:09.372 << $GPGSV,3,1,12,07,78,158,32,30,59,303,40,08,50,054,42,14,39,282,30*78
21:18:09.373 << $GPGSV,3,2,12,02,38,110,37,44,33,219,35,01,24,135,30,22,21,273,29*77
21:18:09.375 << $GPGSV,3,3,12,17,18,217,21,09,14,197,27,27,14,047,,20,13,319,18*75
21:18:09.378 << $GPRMC,021809.000,A,4153.0122,N,08748.2139,W,0.02,207.33,240107,,,A*71
21:18:10.825 << $GPGGA,021810.000,4153.0122,N,08748.2139,W,1,10,0.93,211.7,M,-34.0,M,,*58
21:18:10.829 << $GPGSA,A,3,07,30,14,02,01,22,17,09,20,08,,,1.72,0.93,1.45*0B
21:18:10.832 << $GPGSV,3,1,12,07,78,158,32,30,59,303,40,08,50,054,42,14,39,282,30*78
21:18:10.834 << $GPGSV,3,2,12,02,38,110,37,44,33,219,35,01,24,135,29,22,21,273,29*7F
21:18:10.835 << $GPGSV,3,3,12,17,18,217,21,09,14,197,27,27,14,047,,20,13,319,18*75
21:18:11.311 << $GPRMC,021810.000,A,4153.0122,N,08748.2139,W,0.03,207.33,240107,,,A*78
21:18:11.804 << $GPGGA,021811.000,4153.0122,N,08748.2138,W,1,10,0.93,211.8,M,-34.0,M,,*57
21:18:11.808 << $GPGSA,A,3,07,30,14,02,01,22,17,09,20,08,,,1.72,0.93,1.45*0B
21:18:11.811 << $GPGSV,3,1,12,07,78,158,32,30,59,303,40,08,50,054,42,14,39,282,30*78
21:18:11.813 << $GPGSV,3,2,12,02,38,110,37,44,33,219,35,01,24,135,29,22,21,273,29*7F
21:18:12.286 << $GPGSV,3,3,12,17,18,217,20,09,14,197,27,27,14,047,,20,13,319,17*7B
21:18:12.289 << $GPRMC,021811.000,A,4153.0122,N,08748.2138,W,0.01,207.33,240107,,,A*7A
21:18:12.775 << $GPGGA,021812.000,4153.0122,N,08748.2138,W,1,10,0.93,211.8,M,-34.0,M,,*54
21:18:12.779 << $GPGSA,A,3,07,30,14,02,01,22,17,09,20,08,,,1.72,0.93,1.45*0B
21:18:12.782 << $GPGSV,3,1,12,07,78,158,32,30,59,303,40,08,50,054,42,14,39,282,30*78
21:18:12.784 << $GPGSV,3,2,12,02,38,110,37,44,33,219,35,01,24,135,28,22,21,273,29*7E
21:18:12.786 << $GPGSV,3,3,12,17,18,217,20,09,14,197,27,27,14,047,,20,13,319,17*7B
21:18:12.788 << $GPRMC,021812.000,A,4153.0122,N,08748.2138,W,0.01,207.33,240107,,,A*79
21:18:13.776 << $GPGGA,021813.000,4153.0122,N,08748.2138,W,1,10,0.93,211.9,M,-34.0,M,,*54
21:18:13.780 << $GPGSA,A,3,07,30,14,02,01,22,17,09,20,08,,,1.72,0.93,1.45*0B
21:18:13.783 << $GPGSV,3,1,12,07,78,158,32,30,59,303,40,08,50,054,42,14,39,282,30*78
21:18:13.785 << $GPGSV,3,2,12,02,38,110,37,44,33,219,35,01,24,135,28,22,21,273,29*7E
21:18:13.787 << $GPGSV,3,3,12,17,18,217,21,09,14,197,27,27,14,047,,20,13,319,16*7B
21:18:13.790 << $GPRMC,021813.000,A,4153.0122,N,08748.2138,W,0.02,207.33,240107,,,A*7B
21:18:14.766 << $GPGGA,021814.000,4153.0122,N,08748.2138,W,1,10,0.93,211.9,M,-34.0,M,,*53
21:18:14.771 << $GPGSA,A,3,07,30,14,02,01,22,17,09,20,08,,,1.72,0.93,1.45*0B
21:18:14.773 << $GPGSV,3,1,12,07,78,158,32,30,59,303,40,08,50,054,42,14,39,282,30*78
21:18:14.775 << $GPGSV,3,2,12,02,38,110,37,44,33,219,35,01,24,135,28,22,21,273,29*7E
21:18:14.777 << $GPGSV,3,3,12,17,18,217,21,09,14,197,27,27,14,047,,20,13,319,16*7B
21:18:14.779 << $GPRMC,021814.000,A,4153.0122,N,08748.2138,W,0.02,207.33,240107,,,A*7C
21:18:15.701 << $GPGGA,021815.000,4153.0122,N,08748.2138,W,1,10,0.93,212.0,M,-34.0,M,,*58
21:18:15.706 << $GPGSA,A,3,07,30,14,02,01,22,17,09,20,08,,,1.72,0.93,1.45*0B
21:18:15.708 << $GPGSV,3,1,12,07,78,158,32,30,59,303,40,08,50,054,42,14,39,282,30*78
21:18:15.710 << $GPGSV,3,2,12,02,38,110,37,44,33,219,35,01,24,135,28,22,21,273,29*7E
21:18:15.712 << $GPGSV,3,3,12,17,18,217,21,09,14,197,27,27,14,047,,20,14,319,16*7C
21:18:15.715 << $GPRMC,021815.000,A,4153.0122,N,08748.2138,W,0.01,207.33,240107,,,A*7E
21:18:16.694 << $GPGGA,021816.000,4153.0122,N,08748.2138,W,1,10,0.93,212.0,M,-34.0,M,,*5B
21:18:16.697 << $GPGSA,A,3,07,30,14,02,01,22,17,09,20,08,,,1.72,0.93,1.45*0B
21:18:16.697 << $GPGSV,3,1,12,07,78,158,32,30,59,303,40,08,50,054,42,14,39,282,30*78
21:18:16.698 << $GPGSV,3,2,12,02,38,110,37,44,33,219,35,01,24,135,28,22,21,273,29*7E
21:18:16.698 << $GPGSV,3,3,12,17,18,217,21,09,14,197,27,27,14,047,,20,14,319,15*7F
21:18:16.699 << $GPRMC,021816.000,A,4153.0122,N,08748.2138,W,0.03,207.33,240107,,,A*7F
21:18:17.683 << $GPGGA,021817.000,4153.0122,N,08748.2138,W,1,10,0.93,212.0,M,-34.0,M,,*5A
21:18:17.687 << $GPGSA,A,3,07,30,14,02,01,22,17,09,20,08,,,1.72,0.93,1.45*0B
21:18:17.691 << $GPGSV,3,1,12,07,78,158,32,30,59,303,40,08,50,054,42,14,39,282,30*78
21:18:17.693 << $GPGSV,3,2,12,02,38,110,37,44,33,219,35,01,24,135,28,22,22,273,30*75
21:18:17.694 << $GPGSV,3,3,12,17,18,217,21,09,14,197,27,27,14,047,,20,14,319,15*7F
21:18:17.697 << $GPRMC,021817.000,A,4153.0122,N,08748.2138,W,0.02,207.33,240107,,,A*7F
21:18:18.626 << $GPGGA,021818.000,4153.0122,N,08748.2137,W,1,10,0.93,212.1,M,-34.0,M,,*5B
21:18:18.631 << $GPGSA,A,3,07,30,14,02,01,22,17,09,20,08,,,1.72,0.93,1.45*0B
21:18:18.633 << $GPGSV,3,1,12,07,78,158,32,30,59,303,40,08,50,054,42,14,39,282,30*78
21:18:18.633 << $GPGSV,3,2,12,02,38,110,37,44,33,219,35,01,24,135,27,22,22,273,30*7A
21:18:18.634 << $GPGSV,3,3,12,17,18,217,21,09,14,197,27,27,14,047,,20,14,319,16*7C
21:18:18.634 << $GPRMC,021818.000,A,4153.0122,N,08748.2137,W,0.02,207.33,240107,,,A*7F
21:18:19.621 << $GPGGA,021819.000,4153.0122,N,08748.2137,W,1,10,0.93,212.1,M,-34.0,M,,*5A
21:18:19.626 << $GPGSA,A,3,07,30,14,02,01,22,17,09,20,08,,,1.72,0.93,1.45*0B
21:18:19.628 << $GPGSV,3,1,12,07,78,158,32,30,59,303,40,08,50,054,42,14,39,282,30*78
21:18:19.630 << $GPGSV,3,2,12,02,38,110,37,44,33,219,35,01,24,135,27,22,22,273,30*7A
21:18:19.632 << $GPGSV,3,3,12,17,18,217,21,09,14,197,27,27,14,047,,20,14,319,16*7C
21:18:19.635 << $GPRMC,021819.000,A,4153.0122,N,08748.2137,W,0.02,207.33,240107,,,A*7E
21:18:20.615 << $GPGGA,021820.000,4153.0122,N,08748.2137,W,1,10,0.93,212.1,M,-34.0,M,,*50
21:18:20.620 << $GPGSA,A,3,07,30,14,02,01,22,17,09,20,08,,,1.72,0.93,1.45*0B
21:18:20.622 << $GPGSV,3,1,12,07,78,158,32,30,59,303,40,08,50,054,42,14,39,282,30*78
21:18:20.624 << $GPGSV,3,2,12,02,38,110,37,44,33,219,35,01,24,135,26,22,22,273,30*7B
21:18:20.626 << $GPGSV,3,3,12,17,18,217,21,09,14,197,27,27,14,047,,20,14,319,15*7F
21:18:20.628 << $GPRMC,021820.000,A,4153.0122,N,08748.2137,W,0.01,207.33,240107,,,A*77
21:18:21.552 << $GPGGA,021821.000,4153.0122,N,08748.2137,W,1,10,0.93,212.2,M,-34.0,M,,*52
21:18:21.556 << $GPGSA,A,3,07,30,14,02,01,22,17,09,20,08,,,1.72,0.93,1.45*0B
21:18:21.559 << $GPGSV,3,1,12,07,78,158,32,30,59,303,40,08,50,054,42,14,39,282,30*78
21:18:21.561 << $GPGSV,3,2,12,02,38,110,37,44,33,219,35,01,24,135,26,22,22,273,30*7B
21:18:21.563 << $GPGSV,3,3,12,17,18,217,21,09,14,197,27,27,14,047,,20,14,319,15*7F
21:18:22.037 << $GPRMC,021821.000,A,4153.0122,N,08748.2137,W,0.04,207.33,240107,,,A*73
21:18:22.525 << $GPGGA,021822.000,4153.0123,N,08748.2137,W,1,10,0.93,212.2,M,-34.0,M,,*50
21:18:22.529 << $GPGSA,A,3,07,30,14,02,01,22,17,09,20,08,,,1.72,0.93,1.45*0B
21:18:22.532 << $GPGSV,3,1,12,07,78,158,32,30,59,303,40,08,50,054,42,14,39,282,30*78
21:18:22.533 << $GPGSV,3,2,12,02,38,110,37,44,33,219,35,01,24,135,26,22,22,273,30*7B
21:18:22.535 << $GPGSV,3,3,12,17,18,217,21,09,14,197,27,20,14,319,15,27,13,047,*78
21:18:22.538 << $GPRMC,021822.000,A,4153.0123,N,08748.2137,W,0.03,207.33,240107,,,A*76
21:18:23.518 << $GPGGA,021823.000,4153.0123,N,08748.2137,W,1,10,0.93,212.2,M,-34.0,M,,*51
21:18:23.520 << $GPGSA,A,3,07,30,14,02,01,22,17,09,20,08,,,1.72,0.93,1.45*0B
21:18:23.522 << $GPGSV,3,1,12,07,78,158,31,30,59,303,40,08,50,054,42,14,39,282,30*7B
21:18:23.523 << $GPGSV,3,2,12,02,38,110,37,44,33,219,35,01,24,135,25,22,22,273,30*78
21:18:23.524 << $GPGSV,3,3,12,17,18,217,21,09,14,197,27,20,14,319,15,27,13,047,*78
21:18:23.526 << $GPRMC,021823.000,A,4153.0123,N,08748.2137,W,0.02,207.33,240107,,,A*76
21:18:24.507 << $GPGGA,021824.000,4153.0123,N,08748.2137,W,1,10,0.93,212.2,M,-34.0,M,,*56
21:18:24.512 << $GPGSA,A,3,07,30,14,02,01,22,17,09,20,08,,,1.72,0.93,1.45*0B
21:18:24.515 << $GPGSV,3,1,12,07,78,158,31,30,59,303,40,08,50,054,42,14,39,282,30*7B
21:18:24.517 << $GPGSV,3,2,12,02,38,110,37,44,33,219,35,01,24,135,24,22,22,273,30*79
21:18:24.519 << $GPGSV,3,3,12,17,18,217,21,09,14,197,27,20,14,319,15,27,13,047,*78
21:18:24.521 << $GPRMC,021824.000,A,4153.0123,N,08748.2137,W,0.03,207.33,240107,,,A*70
21:18:25.449 << $GPGGA,021825.000,4153.0123,N,08748.2137,W,1,10,0.93,212.3,M,-34.0,M,,*56
21:18:25.454 << $GPGSA,A,3,07,30,14,02,01,22,17,09,20,08,,,1.72,0.93,1.45*0B
21:18:25.457 << $GPGSV,3,1,12,07,78,158,31,30,59,302,40,08,50,054,42,14,39,282,30*7A
21:18:25.459 << $GPGSV,3,2,12,02,38,110,37,44,33,219,35,01,24,135,24,22,22,273,30*79
21:18:25.460 << $GPGSV,3,3,12,17,18,217,21,09,14,197,26,20,14,319,15,27,13,047,*79
21:18:25.463 << $GPRMC,021825.000,A,4153.0123,N,08748.2137,W,0.03,207.33,240107,,,A*71
21:18:26.444 << $GPGGA,021826.000,4153.0123,N,08748.2137,W,1,10,0.93,212.3,M,-34.0,M,,*55
21:18:26.446 << $GPGSA,A,3,07,30,14,02,01,22,17,09,20,08,,,1.72,0.93,1.45*0B
21:18:26.449 << $GPGSV,3,1,12,07,78,158,31,30,59,302,40,08,50,054,42,14,39,282,30*7A
21:18:26.450 << $GPGSV,3,2,12,02,38,110,37,44,33,219,35,01,24,135,23,22,22,273,30*7E
21:18:26.451 << $GPGSV,3,3,12,17,18,217,21,09,14,197,26,20,14,319,15,27,13,047,*79
21:18:26.452 << $GPRMC,021826.000,A,4153.0123,N,08748.2137,W,0.02,207.33,240107,,,A*73
21:18:27.438 << $GPGGA,021827.000,4153.0123,N,08748.2137,W,1,9,1.27,212.3,M,-34.0,M,,*62
21:18:27.443 << $GPGSA,A,3,07,30,14,02,01,22,17,09,08,,,,2.45,1.27,2.09*0B
21:18:27.447 << $GPGSV,3,1,12,07,78,158,31,30,59,302,40,08,50,054,42,14,39,282,30*7A
21:18:27.449 << $GPGSV,3,2,12,02,38,110,37,44,33,219,35,01,24,135,22,22,22,273,30*7F
21:18:27.450 << $GPGSV,3,3,12,17,18,217,21,09,14,197,26,20,14,319,15,27,13,047,*79
21:18:27.451 << $GPRMC,021827.000,A,4153.0123,N,08748.2137,W,0.02,207.33,240107,,,A*72
21:18:28.378 << $GPGGA,021828.000,4153.0123,N,08748.2137,W,1,9,1.27,212.3,M,-34.0,M,,*6D
21:18:28.383 << $GPGSA,A,3,07,30,14,02,01,22,17,09,08,,,,2.45,1.27,2.09*0B
21:18:28.386 << $GPGSV,3,1,12,07,78,158,31,30,59,302,40,08,50,054,42,14,39,282,30*7A
21:18:28.387 << $GPGSV,3,2,12,02,38,110,37,44,33,219,35,01,24,135,22,22,22,273,30*7F
21:18:28.389 << $GPGSV,3,3,12,17,18,217,21,09,14,197,26,20,14,319,15,27,13,047,*79
21:18:28.392 << $GPRMC,021828.000,A,4153.0123,N,08748.2137,W,0.01,207.33,240107,,,A*7E
21:18:29.379 << $GPGGA,021829.000,4153.0123,N,08748.2137,W,1,9,1.27,212.4,M,-34.0,M,,*6B
21:18:29.384 << $GPGSA,A,3,07,30,14,02,01,22,17,09,08,,,,2.44,1.27,2.09*0A
21:18:29.387 << $GPGSV,3,1,12,07,78,158,31,30,59,302,40,08,50,054,42,14,39,282,31*7B
21:18:29.389 << $GPGSV,3,2,12,02,38,110,37,44,33,219,35,01,24,135,21,22,22,273,30*7C
21:18:29.391 << $GPGSV,3,3,12,17,18,217,21,09,14,197,25,20,14,319,15,27,13,047,*7A
21:18:29.393 << $GPRMC,021829.000,A,4153.0123,N,08748.2137,W,0.03,207.33,240107,,,A*7D
21:18:30.324 << $GPGGA,021830.000,4153.0123,N,08748.2137,W,1,9,1.27,212.4,M,-34.0,M,,*63
21:18:30.328 << $GPGSA,A,3,07,30,14,02,01,22,17,09,08,,,,2.44,1.27,2.09*0A
21:18:30.331 << $GPGSV,3,1,12,07,78,158,31,30,59,302,40,08,50,054,42,14,39,282,31*7B
21:18:30.333 << $GPGSV,3,2,12,02,38,110,37,44,33,219,35,01,24,135,20,22,22,273,30*7D
21:18:30.335 << $GPGSV,3,3,12,17,18,217,21,09,14,197,25,20,14,319,,27,13,047,*7E
21:18:30.337 << $GPRMC,021830.000,A,4153.0123,N,08748.2137,W,0.01,207.33,240107,,,A*77
21:18:31.787 << $GPGGA,021831.000,4153.0123,N,08748.2137,W,1,9,1.27,212.4,M,-34.0,M,,*62
21:18:31.792 << $GPGSA,A,3,07,30,14,02,01,22,17,09,08,,,,2.44,1.27,2.09*0A
21:18:31.795 << $GPGSV,3,1,12,07,78,158,31,30,59,302,40,08,50,054,42,14,39,282,31*7B
21:18:31.796 << $GPGSV,3,2,12,02,38,110,37,44,33,219,35,01,24,135,20,22,22,273,30*7D
21:18:31.798 << $GPGSV,3,3,12,17,18,217,21,09,14,197,25,20,14,319,,27,13,047,*7E
21:18:31.801 << $GPRMC,021831.000,A,4153.0123,N,08748.2137,W,0.02,207.33,240107,,,A*75
21:18:32.781 << $GPGGA,021832.000,4153.0123,N,08748.2137,W,1,9,1.27,212.4,M,-34.0,M,,*61
21:18:32.784 << $GPGSA,A,3,07,30,14,02,01,22,17,09,08,,,,2.45,1.27,2.09*0B
21:18:32.786 << $GPGSV,3,1,12,07,78,158,31,30,59,302,40,08,50,054,42,14,39,282,31*7B
21:18:32.788 << $GPGSV,3,2,12,02,38,110,37,44,33,219,35,01,24,135,19,22,22,273,30*77
21:18:32.789 << $GPGSV,3,3,12,17,18,217,21,09,14,197,25,20,14,319,,27,13,047,*7E
21:18:32.790 << $GPRMC,021832.000,A,4153.0123,N,08748.2137,W,0.01,207.33,240107,,,A*75
21:18:33.771 << $GPGGA,021833.000,4153.0123,N,08748.2137,W,1,9,1.27,212.5,M,-34.0,M,,*61
21:18:33.777 << $GPGSA,A,3,07,30,14,02,01,22,17,09,08,,,,2.44,1.27,2.09*0A
21:18:33.779 << $GPGSV,3,1,12,07,78,158,31,30,59,302,40,08,50,054,42,14,39,282,31*7B
21:18:33.781 << $GPGSV,3,2,12,02,38,110,37,44,33,219,35,01,24,135,19,22,22,273,30*77
21:18:33.783 << $GPGSV,3,3,12,17,18,217,21,09,14,197,25,20,14,319,,27,13,047,*7E
21:18:34.224 << $GPRMC,021833.000,A,4153.0123,N,08748.2137,W,0.03,207.33,240107,,,A*76
21:18:34.709 << $GPGGA,021834.000,4153.0123,N,08748.2136,W,1,10,0.93,212.5,M,-34.0,M,,*51
21:18:34.713 << $GPGSA,A,3,07,30,14,02,01,22,17,09,20,08,,,1.72,0.93,1.45*0B
21:18:34.716 << $GPGSV,3,1,12,07,77,158,31,30,59,302,40,08,50,054,42,14,39,282,31*74
21:18:34.718 << $GPGSV,3,2,12,02,38,110,37,44,33,219,35,01,24,135,20,22,22,273,30*7D
21:18:34.774 << $GPGSV,3,3,12,17,18,217,22,09,14,197,25,20,14,319,16,27,13,047,*7A
21:18:34.777 << $GPRMC,021834.000,A,4153.0123,N,08748.2136,W,0.05,207.33,240107,,,A*76
21:18:35.689 << $GPGGA,021835.000,4153.0123,N,08748.2136,W,1,10,0.93,212.5,M,-34.0,M,,*50
21:18:35.693 << $GPGSA,A,3,07,30,14,02,01,22,17,09,20,08,,,1.72,0.93,1.45*0B
21:18:35.695 << $GPGSV,3,1,12,07,77,158,31,30,59,302,40,08,50,054,42,14,39,282,29*7D
21:18:35.697 << $GPGSV,3,2,12,02,38,110,36,44,33,219,35,01,24,135,20,22,22,273,30*7C
21:18:35.699 << $GPGSV,3,3,12,17,18,217,22,09,14,197,24,20,14,319,15,27,13,047,*78
21:18:36.173 << $GPRMC,021835.000,A,4153.0123,N,08748.2136,W,0.03,207.33,240107,,,A*71
21:18:36.658 << $GPGGA,021836.000,4153.0123,N,08748.2136,W,1,10,0.93,212.5,M,-34.0,M,,*53
21:18:36.662 << $GPGSA,A,3,07,30,14,02,01,22,17,09,20,08,,,1.72,0.93,1.45*0B
21:18:36.665 << $GPGSV,3,1,12,07,77,158,29,30,59,302,40,08,50,054,42,14,39,282,30*7C
21:18:36.667 << $GPGSV,3,2,12,02,38,110,36,44,33,219,35,01,24,135,22,22,22,273,30*7E
21:18:36.668 << $GPGSV,3,3,12,17,18,217,23,09,14,197,24,20,14,319,14,27,13,047,*78
21:18:36.671 << $GPRMC,021836.000,A,4153.0123,N,08748.2136,W,0.03,207.33,240107,,,A*72
21:18:37.661 << $GPGGA,021837.000,4153.0123,N,08748.2136,W,1,10,0.85,212.6,M,-34.0,M,,*56
21:18:37.666 << $GPGSA,A,3,07,30,14,02,01,22,17,09,08,27,,,1.57,0.85,1.32*0C
21:18:37.670 << $GPGSV,3,1,12,07,77,158,30,30,59,302,40,08,50,054,42,14,39,282,31*75
21:18:37.671 << $GPGSV,3,2,12,02,38,110,36,44,33,219,35,01,24,135,23,22,22,273,30*7F
21:18:37.673 << $GPGSV,3,3,12,17,18,217,22,09,14,197,24,20,14,319,,27,13,047,23*7D
21:18:37.675 << $GPRMC,021837.000,A,4153.0123,N,08748.2136,W,0.01,207.33,240107,,,A*71
21:18:38.651 << $GPGGA,021838.000,4153.0123,N,08748.2136,W,1,10,0.85,212.6,M,-34.0,M,,*59
21:18:38.656 << $GPGSA,A,3,07,30,14,02,01,22,17,09,08,27,,,1.57,0.85,1.32*0C
21:18:38.659 << $GPGSV,3,1,12,07,77,158,26,30,59,302,40,08,50,054,42,14,39,282,31*72
21:18:39.586 << $GPGSV,3,2,12,02,38,110,36,44,33,219,35,01,24,135,23,22,22,273,30*7F
21:18:39.588 << $GPGSV,3,3,12,17,18,217,21,09,14,197,24,20,14,319,,27,13,047,24*79
21:18:39.591 << $GPRMC,021838.000,A,4153.0123,N,08748.2136,W,0.02,207.33,240107,,,A*7D
21:18:39.594 << $GPGGA,021839.000,4153.0123,N,08748.2136,W,1,10,0.82,212.6,M,-34.0,M,,*5F
21:18:39.597 << $GPGSA,A,3,07,30,14,02,22,17,09,20,08,27,,,1.46,0.82,1.21*0A
21:18:39.600 << $GPGSV,3,1,12,07,77,158,28,30,59,302,40,08,50,054,42,14,39,282,30*7D
21:18:39.601 << $GPGSV,3,2,12,02,38,110,36,44,33,219,35,01,24,135,21,22,22,273,30*7D
21:18:40.076 << $GPGSV,3,3,12,17,18,217,20,09,14,197,24,20,14,319,16,27,13,047,24*7F
21:18:40.080 << $GPRMC,021839.000,A,4153.0123,N,08748.2136,W,0.04,207.33,240107,,,A*7A
21:18:40.560 << $GPGGA,021840.000,4153.0123,N,08748.2136,W,1,10,0.82,212.6,M,-34.0,M,,*51
21:18:40.561 << $GPGSA,A,3,07,30,14,02,22,17,09,20,08,27,,,1.46,0.82,1.21*0A
21:18:40.561 << $GPGSV,3,1,12,07,77,158,28,30,59,302,40,08,50,054,43,14,39,282,30*7C
21:18:40.562 << $GPGSV,3,2,12,02,38,110,36,44,33,219,35,01,24,135,19,22,22,273,30*76
21:18:40.562 << $GPGSV,3,3,12,17,18,217,20,09,14,197,24,20,14,319,17,27,13,047,22*78
21:18:40.562 << $GPRMC,021840.000,A,4153.0123,N,08748.2136,W,0.01,207.33,240107,,,A*71
21:18:41.532 << $GPGGA,021841.000,4153.0123,N,08748.2136,W,1,10,0.82,212.6,M,-34.0,M,,*50
21:18:41.533 << $GPGSA,A,3,07,30,14,02,22,17,09,20,08,27,,,1.46,0.82,1.21*0A
21:18:41.534 << $GPGSV,3,1,12,07,77,158,29,30,59,302,40,08,50,054,43,14,39,283,30*7C
21:18:41.534 << $GPGSV,3,2,12,02,38,110,36,44,33,219,35,01,24,135,19,22,22,273,30*76
21:18:41.534 << $GPGSV,3,3,12,17,18,217,20,09,14,197,24,20,14,319,17,27,13,047,23*79
21:18:41.535 << $GPRMC,021841.000,A,4153.0123,N,08748.2136,W,0.02,207.33,240107,,,A*73
21:18:43.002 << $GPGGA,021842.000,4153.0123,N,08748.2136,W,1,10,0.82,212.7,M,-34.0,M,,*52
21:18:43.008 << $GPGSA,A,3,07,30,14,02,22,17,09,20,08,27,,,1.46,0.82,1.21*0A
21:18:43.010 << $GPGSV,3,1,12,07,77,158,29,30,59,302,40,08,50,054,43,14,39,283,30*7C
21:18:43.010 << $GPGSV,3,2,12,02,38,110,36,44,33,219,35,01,24,135,18,22,22,273,30*77
21:18:43.486 << $GPGSV,3,3,12,17,18,217,19,09,14,197,23,20,14,319,17,27,13,047,23*74
21:18:43.489 << $GPRMC,021842.000,A,4153.0123,N,08748.2136,W,0.02,207.33,240107,,,A*70
21:18:43.491 << $GPGGA,021843.000,4153.0123,N,08748.2136,W,1,10,0.82,212.7,M,-34.0,M,,*53
21:18:43.492 << $GPGSA,A,3,07,30,14,02,22,17,09,20,08,27,,,1.46,0.82,1.21*0A
21:18:43.494 << $GPGSV,3,1,12,07,77,158,29,30,59,302,40,08,50,054,43,14,39,283,30*7C
21:18:43.495 << $GPGSV,3,2,12,02,38,110,36,44,33,219,35,01,24,135,17,22,22,273,29*70
21:18:43.966 << $GPGSV,3,3,12,17,18,217,19,09,14,197,23,20,14,319,17,27,13,047,23*74
21:18:43.967 << $GPRMC,021843.000,A,4153.0123,N,08748.2136,W,0.04,207.33,240107,,,A*77
21:18:44.458 << $GPGGA,021844.000,4153.0124,N,08748.2136,W,1,10,0.82,212.7,M,-34.0,M,,*53
21:18:44.461 << $GPGSA,A,3,07,30,14,02,22,17,09,20,08,27,,,1.46,0.82,1.21*0A
21:18:44.462 << $GPGSV,3,1,12,07,77,158,30,30,59,302,40,08,50,054,43,14,39,283,31*75
21:18:44.463 << $GPGSV,3,2,12,02,38,110,36,44,33,219,35,01,24,135,17,22,22,273,29*70
21:18:44.463 << $GPGSV,3,3,12,17,18,217,20,09,14,197,23,20,14,319,16,27,13,047,22*7E
21:18:44.949 << $GPRMC,021844.000,A,4153.0124,N,08748.2136,W,0.02,207.33,240107,,,A*71
21:18:45.438 << $GPGGA,021845.000,4153.0124,N,08748.2136,W,1,11,0.75,212.7,M,-34.0,M,,*5B
21:18:45.444 << $GPGSA,A,3,07,30,14,02,01,22,17,09,20,08,27,,1.41,0.75,1.19*0F
21:18:45.447 << $GPGSV,3,1,12,07,77,158,30,30,59,302,40,08,50,054,42,14,39,283,31*74
21:18:45.449 << $GPGSV,3,2,12,02,38,110,36,44,33,219,35,01,24,135,18,22,22,273,29*7F
21:18:45.917 << $GPGSV,3,3,12,17,18,217,20,09,14,197,22,20,14,319,16,27,13,047,22*7F
21:18:45.920 << $GPRMC,021845.000,A,4153.0124,N,08748.2136,W,0.02,207.33,240107,,,A*70
21:18:46.411 << $GPGGA,021846.000,4153.0124,N,08748.2136,W,1,11,0.75,212.7,M,-34.0,M,,*58
21:18:46.416 << $GPGSA,A,3,07,30,14,02,01,22,17,09,20,08,27,,1.41,0.75,1.19*0F
21:18:46.419 << $GPGSV,3,1,12,07,77,158,30,30,59,302,40,08,50,054,42,14,39,283,31*74
21:18:46.421 << $GPGSV,3,2,12,02,38,110,36,44,33,219,35,01,24,135,19,22,22,273,29*7E
21:18:46.423 << $GPGSV,3,3,12,17,18,217,21,09,14,197,22,20,14,319,16,27,13,047,22*7E
21:18:47.405 << $GPRMC,021846.000,A,4153.0124,N,08748.2136,W,0.02,207.33,240107,,,A*73
21:18:47.408 << $GPGGA,021847.000,4153.0124,N,08748.2136,W,1,11,0.75,212.7,M,-34.0,M,,*59
21:18:47.412 << $GPGSA,A,3,07,30,14,02,01,22,17,09,20,08,27,,1.41,0.75,1.19*0F
21:18:47.414 << $GPGSV,3,1,12,07,77,158,30,30,59,302,40,08,50,054,42,14,39,283,31*74
21:18:47.416 << $GPGSV,3,2,12,02,38,110,36,44,33,219,35,01,24,135,20,22,22,273,29*74
21:18:47.874 << $GPGSV,3,3,12,17,18,217,21,09,14,197,21,20,14,319,16,27,13,047,22*7D
21:18:47.881 << $GPRMC,021847.000,A,4153.0124,N,08748.2136,W,0.02,207.33,240107,,,A*72
21:18:48.358 << $GPGGA,021848.000,4153.0124,N,08748.2136,W,1,11,0.75,212.8,M,-34.0,M,,*59
21:18:48.362 << $GPGSA,A,3,07,30,14,02,01,22,17,09,20,08,27,,1.41,0.75,1.19*0F
21:18:48.367 << $GPGSV,3,1,12,07,77,158,30,30,59,302,40,08,50,054,42,14,39,283,31*74
21:18:48.370 << $GPGSV,3,2,12,02,38,110,36,44,33,219,35,01,24,135,21,22,22,273,28*74
21:18:48.372 << $GPGSV,3,3,12,17,18,217,21,09,14,197,21,20,14,319,15,27,13,047,22*7E
21:18:48.375 << $GPRMC,021848.000,A,4153.0124,N,08748.2136,W,0.01,207.33,240107,,,A*7E
21:18:49.823 << $GPGGA,021849.000,4153.0124,N,08748.2136,W,1,11,0.75,212.8,M,-34.0,M,,*58
21:18:49.827 << $GPGSA,A,3,07,30,14,02,01,22,17,09,20,08,27,,1.41,0.75,1.19*0F
21:18:49.830 << $GPGSV,3,1,12,07,77,158,30,30,59,302,40,08,50,054,42,14,39,283,31*74
21:18:49.886 << $GPGSV,3,2,12,02,38,110,35,44,33,219,35,01,24,135,21,22,22,273,28*77
21:18:49.888 << $GPGSV,3,3,12,17,18,217,21,09,14,197,21,20,14,319,15,27,13,047,23*7F
21:18:49.891 << $GPRMC,021849.000,A,4153.0124,N,08748.2136,W,0.03,207.33,240107,,,A*7D
21:18:50.795 << $GPGGA,021850.000,4153.0124,N,08748.2136,W,1,11,0.75,212.8,M,-34.0,M,,*50
21:18:50.798 << $GPGSA,A,3,07,30,14,02,01,22,17,09,20,08,27,,1.41,0.75,1.19*0F
21:18:50.799 << $GPGSV,3,1,12,07,77,158,30,30,59,302,40,08,50,054,42,14,39,283,31*74
21:18:50.799 << $GPGSV,3,2,12,02,38,110,35,44,33,219,35,01,24,135,21,22,22,273,28*77
21:18:50.800 << $GPGSV,3,3,12,17,18,217,21,09,14,197,21,20,14,319,15,27,13,047,23*7F
21:18:50.801 << $GPRMC,021850.000,A,4153.0124,N,08748.2136,W,0.01,207.33,240107,,,A*77
21:18:51.778 << $GPGGA,021851.000,4153.0124,N,08748.2136,W,1,11,0.75,212.8,M,-34.0,M,,*51
21:18:51.782 << $GPGSA,A,3,07,30,14,02,01,22,17,09,20,08,27,,1.41,0.75,1.19*0F
21:18:51.785 << $GPGSV,3,1,12,07,77,158,30,30,59,302,40,08,50,054,42,14,39,283,31*74
21:18:51.787 << $GPGSV,3,2,12,02,38,110,35,44,33,219,35,01,24,135,21,22,22,273,28*77
21:18:51.789 << $GPGSV,3,3,12,17,18,217,21,09,14,197,21,20,14,319,15,27,13,047,23*7F
21:18:51.791 << $GPRMC,021851.000,A,4153.0124,N,08748.2136,W,0.00,207.33,240107,,,A*77
21:18:52.775 << $GPGGA,021852.000,4153.0124,N,08748.2136,W,1,11,0.75,212.8,M,-34.0,M,,*52
21:18:52.779 << $GPGSA,A,3,07,30,14,02,01,22,17,09,20,08,27,,1.41,0.75,1.19*0F
21:18:52.782 << $GPGSV,3,1,12,07,77,158,30,30,59,302,40,08,50,054,42,14,39,283,31*74
21:18:52.783 << $GPGSV,3,2,12,02,38,110,35,44,33,219,35,01,24,135,21,22,22,273,28*77
21:18:52.785 << $GPGSV,3,3,12,17,18,217,21,09,14,197,21,20,14,319,15,27,13,047,23*7F
21:18:52.787 << $GPRMC,021852.000,A,4153.0124,N,08748.2136,W,0.01,207.33,240107,,,A*75
21:18:53.771 << $GPGGA,021853.000,4153.0124,N,08748.2136,W,1,11,0.75,212.8,M,-34.0,M,,*53
21:18:53.776 << $GPGSA,A,3,07,30,14,02,01,22,17,09,20,08,27,,1.41,0.75,1.19*0F
21:18:53.778 << $GPGSV,3,1,12,07,77,158,30,30,59,302,40,08,50,054,42,14,39,283,31*74
21:18:53.780 << $GPGSV,3,2,12,02,38,110,35,44,33,219,35,01,24,135,20,22,22,273,28*76
21:18:54.210 << $GPGSV,3,3,12,17,18,217,21,09,14,197,21,20,14,319,15,27,13,047,23*7F
21:18:54.214 << $GPRMC,021853.000,A,4153.0124,N,08748.2136,W,0.01,207.33,240107,,,A*74
21:18:55.200 << $GPGGA,021854.000,4153.0124,N,08748.2136,W,1,10,0.85,212.8,M,-34.0,M,,*5A
21:18:55.204 << $GPGSA,A,3,07,30,14,02,01,22,17,09,08,27,,,1.57,0.85,1.32*0C
21:18:55.207 << $GPGSV,3,1,12,07,77,158,29,30,59,302,40,08,50,054,42,14,39,283,31*7C
21:18:55.209 << $GPGSV,3,2,12,02,38,110,35,44,33,219,35,01,24,135,20,22,22,273,28*76
21:18:55.210 << $GPGSV,3,3,12,17,18,217,20,09,14,197,20,20,14,319,,27,13,047,23*7B
21:18:55.213 << $GPRMC,021854.000,A,4153.0124,N,08748.2136,W,0.02,207.33,240107,,,A*70
21:18:56.163 << $GPGGA,021855.000,4153.0124,N,08748.2136,W,1,10,0.85,212.8,M,-34.0,M,,*5B
21:18:56.167 << $GPGSA,A,3,07,30,14,02,01,22,17,09,08,27,,,1.57,0.85,1.32*0C
21:18:56.170 << $GPGSV,3,1,12,07,77,158,29,30,59,302,40,08,50,054,42,14,39,283,31*7C
21:18:56.171 << $GPGSV,3,2,12,02,38,110,35,44,33,219,35,01,24,135,20,22,22,273,28*76
21:18:56.172 << $GPGSV,3,3,12,17,18,217,20,09,14,197,20,20,14,319,,27,13,047,23*7B
21:18:56.648 << $GPRMC,021855.000,A,4153.0124,N,08748.2136,W,0.01,207.33,240107,,,A*72
21:18:57.138 << $GPGGA,021856.000,4153.0124,N,08748.2135,W,1,10,0.85,212.8,M,-34.0,M,,*5B
21:18:57.142 << $GPGSA,A,3,07,30,14,02,01,22,17,09,08,27,,,1.57,0.85,1.31*0F
21:18:57.145 << $GPGSV,3,1,12,07,77,158,29,30,59,302,40,08,50,054,42,14,39,283,31*7C
21:18:57.147 << $GPGSV,3,2,12,02,38,110,35,44,33,219,35,01,24,135,21,22,22,273,28*77
21:18:57.628 << $GPGSV,3,3,12,17,18,217,20,09,14,197,20,20,14,319,,27,13,047,23*7B
21:18:57.631 << $GPRMC,021856.000,A,4153.0124,N,08748.2135,W,0.03,207.33,240107,,,A*70
21:18:58.113 << $GPGGA,021857.000,4153.0124,N,08748.2135,W,1,10,0.85,212.8,M,-34.0,M,,*5A
21:18:58.116 << $GPGSA,A,3,07,30,14,02,01,22,17,09,08,27,,,1.57,0.85,1.32*0C
21:18:58.119 << $GPGSV,3,1,12,07,77,158,29,30,60,302,40,08,50,054,42,14,39,283,31*76
21:18:58.120 << $GPGSV,3,2,12,02,38,110,35,44,33,219,35,01,24,135,21,22,22,273,28*77
21:18:58.600 << $GPGSV,3,3,12,17,18,217,20,09,14,197,20,20,14,319,,27,13,047,23*7B
21:18:59.082 << $GPRMC,021857.000,A,4153.0124,N,08748.2135,W,0.05,207.33,240107,,,A*77
21:18:59.086 >> $PMTK182,2,8*33
21:18:59.587 << $GPGGA,021858.000,4153.0124,N,08748.2135,W,1,10,0.85,212.9,M,-34.0,M,,*54
21:18:59.591 << $GPGSA,A,3,07,30,14,02,01,22,17,09,27,08,,,1.57,0.85,1.32*0C
21:18:59.594 << $GPGSV,3,1,12,07,77,158,29,30,60,302,40,08,50,054,42,14,39,283,31*76
21:18:59.596 << $GPGSV,3,2,12,02,38,110,34,44,33,219,35,01,24,135,21,22,22,273,28*76
21:18:59.605 << $GPGSV,3,3,12,17,18,217,20,09,14,197,20,20,14,319,,27,13,047,23*7B
21:18:59.607 << $GPRMC,021858.000,A,4153.0124,N,08748.2135,W,0.07,207.33,240107,,,A*7A
21:18:59.609 << $GPGGA,021859.000,4153.0123,N,08748.2135,W,1,10,0.85,212.9,M,-34.0,M,,*52
21:18:59.611 << $GPGSA,A,3,07,30,14,02,01,22,17,09,27,08,,,1.57,0.85,1.32*0C
21:18:59.613 << $GPGSV,3,1,12,07,77,158,29,30,60,302,40,08,50,054,42,14,39,283,31*76
21:18:59.614 << $GPGSV,3,2,12,02,38,110,34,44,33,219,35,01,24,135,21,22,22,273,28*76
21:18:59.615 << $GPGSV,3,3,12,17,18,217,20,09,14,197,20,20,14,319,,27,13,047,23*7B
21:18:59.616 << $GPRMC,021859.000,A,4153.0123,N,08748.2135,W,0.07,207.33,240107,,,A*7C
21:18:59.671 << $PMTK182,3,8,00021B90*66
21:18:59.673 << $PMTK001,182,2,3*25
21:19:00.362 << $GPGGA,021900.000,4153.0123,N,08748.2135,W,1,10,0.85,212.9,M,-34.0,M,,*5F
21:19:00.366 << $GPGSA,A,3,07,30,14,02,01,22,17,09,27,08,,,1.57,0.85,1.32*0C
21:19:00.369 << $GPGSV,3,1,12,07,77,158,29,30,60,302,40,08,50,054,42,14,39,283,31*76
21:19:00.432 << $GPGSV,3,2,12,02,38,110,34,44,33,219,35,01,24,135,22,22,22,273,28*75
21:19:00.434 << $GPGSV,3,3,12,17,18,217,19,09,14,197,19,20,14,319,,27,13,047,24*7C
21:19:00.437 << $GPRMC,021900.000,A,4153.0123,N,08748.2135,W,0.12,207.33,240107,,,A*75
21:19:01.340 << $GPGGA,021901.000,4153.0123,N,08748.2135,W,1,10,0.85,212.9,M,-34.0,M,,*5E
21:19:01.344 << $GPGSA,A,3,07,30,14,02,01,22,17,09,27,08,,,1.57,0.85,1.32*0C
21:19:01.347 << $GPGSV,3,1,12,07,77,158,28,30,60,302,40,08,50,054,42,14,39,283,31*77
21:19:01.348 << $GPGSV,3,2,12,02,38,110,34,44,33,219,35,01,24,135,22,22,22,273,28*75
21:19:01.350 << $GPGSV,3,3,12,17,18,217,19,09,14,197,19,20,14,319,,27,13,047,24*7C
21:19:01.353 << $GPRMC,021901.000,A,4153.0123,N,08748.2135,W,0.13,207.33,240107,,,A*75
21:19:02.337 << $GPGGA,021902.000,4153.0122,N,08748.2135,W,1,10,0.85,212.9,M,-34.0,M,,*5C
21:19:02.341 << $GPGSA,A,3,07,30,14,02,01,22,17,09,27,08,,,1.57,0.85,1.32*0C
21:19:02.344 << $GPGSV,3,1,12,07,77,158,28,30,60,302,40,08,50,054,42,14,39,283,31*77
21:19:02.346 << $GPGSV,3,2,12,02,38,110,34,44,33,219,35,01,24,135,22,22,22,273,28*75
21:19:02.401 << $GPGSV,3,3,12,17,18,217,19,09,14,197,19,20,14,319,,27,13,047,24*7C
21:19:02.403 << $GPRMC,021902.000,A,4153.0122,N,08748.2135,W,0.15,207.33,240107,,,A*71
21:19:03.312 << $GPGGA,021903.000,4153.0122,N,08748.2135,W,1,10,0.85,212.9,M,-34.0,M,,*5D
21:19:03.370 << $GPGSA,A,3,07,30,14,02,01,22,17,09,27,08,,,1.57,0.85,1.32*0C
21:19:03.372 << $GPGSV,3,1,12,07,77,158,28,30,60,302,40,08,50,054,42,14,39,283,31*77
21:19:03.374 << $GPGSV,3,2,12,02,38,110,34,44,33,219,35,01,24,135,22,22,22,273,28*75
21:19:03.376 << $GPGSV,3,3,12,17,18,217,19,09,14,197,19,20,14,319,,27,13,047,24*7C
21:19:03.378 << $GPRMC,021903.000,A,4153.0122,N,08748.2135,W,0.14,207.33,240107,,,A*71
21:19:04.357 << $GPGGA,021904.000,4153.0122,N,08748.2135,W,1,10,0.85,212.9,M,-34.0,M,,*5A
21:19:04.361 << $GPGSA,A,3,07,30,14,02,01,22,17,09,27,08,,,1.57,0.85,1.31*0F
21:19:04.363 << $GPGSV,3,1,12,07,77,158,28,30,60,302,40,08,50,054,42,14,39,283,31*77
21:19:04.365 << $GPGSV,3,2,12,02,38,110,34,44,33,219,35,01,24,135,23,22,22,273,28*74
21:19:04.367 << $GPGSV,3,3,12,17,18,217,18,09,14,197,19,20,14,319,,27,13,047,24*7D
21:19:04.370 << $GPRMC,021904.000,A,4153.0122,N,08748.2135,W,0.14,207.33,240107,,,A*76
21:19:05.426 << $GPGGA,021905.000,4153.0121,N,08748.2135,W,1,10,0.85,212.9,M,-34.0,M,,*58
21:19:05.430 << $GPGSA,A,3,07,30,14,02,01,22,17,09,27,08,,,1.57,0.85,1.32*0C
21:19:05.433 << $GPGSV,3,1,12,07,77,158,28,30,60,302,40,08,50,054,42,14,39,283,31*77
21:19:05.435 << $GPGSV,3,2,12,02,38,110,34,44,33,219,35,01,24,135,23,22,22,273,28*74
21:19:05.436 << $GPGSV,3,3,12,17,18,217,18,09,14,197,19,20,14,319,,27,13,047,24*7D
21:19:05.439 << $GPRMC,021905.000,A,4153.0121,N,08748.2135,W,0.14,207.33,240107,,,A*74
21:19:06.427 << $GPGGA,021906.000,4153.0121,N,08748.2135,W,1,10,0.85,212.9,M,-34.0,M,,*5B
21:19:06.432 << $GPGSA,A,3,07,30,14,02,01,22,17,09,27,08,,,1.57,0.85,1.32*0C
21:19:06.435 << $GPGSV,3,1,12,07,77,158,28,30,60,302,40,08,50,054,42,14,39,283,31*77
21:19:06.436 << $GPGSV,3,2,12,02,38,110,34,44,33,219,35,01,24,135,23,22,22,273,28*74
21:19:07.416 << $GPGSV,3,3,12,17,18,217,18,09,14,197,19,20,14,319,,27,13,047,24*7D
21:19:07.419 << $GPRMC,021906.000,A,4153.0121,N,08748.2135,W,0.18,207.33,240107,,,A*7B
21:19:08.349 << $GPGGA,021907.000,4153.0120,N,08748.2135,W,1,10,0.85,212.8,M,-34.0,M,,*5A
21:19:08.353 << $GPGSA,A,3,07,30,14,02,01,22,17,09,27,08,,,1.57,0.85,1.31*0F
21:19:08.355 << $GPGSV,3,1,12,07,77,158,27,30,60,302,40,08,49,054,42,14,39,283,31*70
21:19:08.357 << $GPGSV,3,2,12,02,38,110,34,44,33,219,35,01,24,135,23,22,22,273,28*74
21:19:08.359 << $GPGSV,3,3,12,17,18,217,18,09,14,197,19,20,14,319,,27,13,047,24*7D
21:19:08.361 << $GPRMC,021907.000,A,4153.0120,N,08748.2135,W,0.15,207.33,240107,,,A*76
21:19:09.340 << $GPGGA,021908.000,4153.0120,N,08748.2134,W,1,10,0.85,212.8,M,-34.0,M,,*54
21:19:09.344 << $GPGSA,A,3,07,30,14,02,01,22,17,09,27,08,,,1.57,0.85,1.32*0C
21:19:09.347 << $GPGSV,3,1,12,07,77,158,28,30,60,302,40,08,49,054,41,14,39,283,31*7C
21:19:09.349 << $GPGSV,3,2,12,02,38,110,34,44,33,219,35,01,24,135,23,22,22,273,28*74
21:19:10.295 << $GPGSV,3,3,12,17,18,217,18,09,14,197,18,20,14,319,,27,13,047,24*7C
21:19:10.298 << $GPRMC,021908.000,A,4153.0120,N,08748.2134,W,0.17,207.33,240107,,,A*7A
21:19:10.354 << $GPGGA,021909.000,4153.0120,N,08748.2134,W,1,10,0.85,212.8,M,-34.0,M,,*55
21:19:10.358 << $GPGSA,A,3,07,30,14,02,01,22,17,09,27,08,,,1.57,0.85,1.31*0F
21:19:10.361 << $GPGSV,3,1,12,07,77,158,28,30,60,302,40,08,49,054,41,14,39,283,31*7C
21:19:10.362 << $GPGSV,3,2,12,02,38,110,34,44,33,219,35,01,24,135,24,22,22,273,28*73
21:19:10.784 << $GPGSV,3,3,12,17,18,217,18,09,14,197,18,20,14,319,,27,13,047,24*7C
21:19:10.787 << $GPRMC,021909.000,A,4153.0120,N,08748.2134,W,0.18,207.33,240107,,,A*74
21:19:11.279 << $GPGGA,021910.000,4153.0119,N,08748.2134,W,1,10,0.85,212.8,M,-34.0,M,,*57
21:19:11.283 << $GPGSA,A,3,07,30,14,02,01,22,17,09,27,08,,,1.57,0.85,1.32*0C
21:19:11.287 << $GPGSV,3,1,12,07,77,158,28,30,60,302,40,08,49,054,41,14,39,283,31*7C
21:19:11.288 << $GPGSV,3,2,12,02,38,110,34,44,33,219,35,01,24,135,24,22,22,273,28*73
21:19:11.760 << $GPGSV,3,3,12,17,18,217,18,09,14,197,18,20,14,319,,27,13,047,24*7C
21:19:11.763 << $GPRMC,021910.000,A,4153.0119,N,08748.2134,W,0.16,207.33,240107,,,A*78
21:19:11.766 << $GPGGA,021911.000,4153.0119,N,08748.2134,W,1,10,0.85,212.8,M,-34.0,M,,*56
21:19:11.770 << $GPGSA,A,3,07,30,14,02,01,22,17,09,27,08,,,1.56,0.85,1.31*0E
21:19:11.772 << $GPGSV,3,1,12,07,77,158,28,30,60,302,40,08,49,054,41,14,39,283,32*7F
21:19:12.250 << $GPGSV,3,2,12,02,38,110,34,44,33,219,35,01,24,135,24,22,22,273,28*73
21:19:12.252 << $GPGSV,3,3,12,17,18,217,18,09,14,197,18,20,14,319,,27,13,047,24*7C
21:19:12.254 << $GPRMC,021911.000,A,4153.0119,N,08748.2134,W,0.21,207.33,240107,,,A*7D
21:19:12.737 << $GPGGA,021912.000,4153.0118,N,08748.2134,W,1,10,0.85,212.8,M,-34.0,M,,*54
21:19:12.740 << $GPGSA,A,3,07,30,14,02,01,22,17,09,27,08,,,1.57,0.85,1.31*0F
21:19:12.743 << $GPGSV,3,1,12,07,77,158,28,30,60,302,40,08,49,054,41,14,39,283,32*7F
21:19:12.745 << $GPGSV,3,2,12,02,38,110,34,44,33,219,35,01,24,135,24,22,22,273,28*73
21:19:12.746 << $GPGSV,3,3,12,17,18,217,18,09,14,197,18,20,14,319,,27,13,047,24*7C
21:19:12.749 << $GPRMC,021912.000,A,4153.0118,N,08748.2134,W,0.22,169.76,240107,,,A*76
21:19:13.726 << $GPGGA,021913.000,4153.0117,N,08748.2134,W,1,10,0.85,212.8,M,-34.0,M,,*5A
21:19:13.730 << $GPGSA,A,3,07,30,14,02,01,22,17,09,27,08,,,1.56,0.85,1.31*0E
21:19:13.733 << $GPGSV,3,1,12,07,77,158,28,30,60,302,40,08,49,054,41,14,39,283,32*7F
21:19:13.735 << $GPGSV,3,2,12,02,38,110,34,44,33,219,35,01,24,135,25,22,22,273,28*72
21:19:13.737 << $GPGSV,3,3,12,17,18,217,17,09,14,197,18,20,14,319,,27,13,047,24*73
21:19:13.739 << $GPRMC,021913.000,A,4153.0117,N,08748.2134,W,0.30,171.29,240107,,,A*78
21:19:14.720 << $GPGGA,021914.000,4153.0116,N,08748.2134,W,1,10,0.85,212.8,M,-34.0,M,,*5C
21:19:14.724 << $GPGSA,A,3,07,30,14,02,01,22,17,09,27,08,,,1.56,0.85,1.31*0E
21:19:14.726 << $GPGSV,3,1,12,07,77,158,28,30,60,302,40,08,49,054,41,14,39,283,32*7F
21:19:14.728 << $GPGSV,3,2,12,02,38,110,34,44,33,219,35,01,24,135,25,22,22,273,28*72
21:19:14.730 << $GPGSV,3,3,12,17,18,217,16,09,14,197,18,20,14,319,,27,13,047,24*72
21:19:14.732 << $GPRMC,021914.000,A,4153.0116,N,08748.2134,W,0.29,171.34,240107,,,A*7A
21:19:15.704 << $GPGGA,021915.000,4153.0116,N,08748.2134,W,1,10,0.85,212.8,M,-34.0,M,,*5D
21:19:15.708 << $GPGSA,A,3,07,30,14,02,01,22,17,09,27,08,,,1.56,0.85,1.31*0E
21:19:15.710 << $GPGSV,3,1,12,07,77,158,28,30,60,302,40,08,49,054,41,14,39,283,32*7F
21:19:15.712 << $GPGSV,3,2,12,02,38,110,34,44,33,219,35,01,24,135,25,22,22,273,28*72
21:19:16.146 << $GPGSV,3,3,12,17,18,217,16,09,14,197,18,20,14,319,,27,13,047,24*72
21:19:16.148 << $GPRMC,021915.000,A,4153.0116,N,08748.2134,W,0.31,171.25,240107,,,A*72
21:19:16.640 << $GPGGA,021916.000,4153.0115,N,08748.2133,W,1,10,0.85,212.7,M,-34.0,M,,*55
21:19:16.644 << $GPGSA,A,3,07,30,14,02,01,22,17,09,27,08,,,1.56,0.85,1.31*0E
21:19:16.647 << $GPGSV,3,1,12,07,77,158,28,30,60,302,40,08,49,054,41,14,39,283,32*7F
21:19:16.649 << $GPGSV,3,2,12,02,38,110,34,44,33,219,35,01,24,135,25,22,22,273,28*72
21:19:17.121 << $GPGSV,3,3,12,17,19,217,16,09,14,197,18,20,14,319,,27,13,047,24*73
21:19:17.124 << $GPRMC,021916.000,A,4153.0115,N,08748.2133,W,0.27,171.20,240107,,,A*77
21:19:17.660 << $GPGGA,021917.000,4153.0114,N,08748.2133,W,1,10,0.85,212.7,M,-34.0,M,,*55
21:19:17.664 << $GPGSA,A,3,07,30,14,02,01,22,17,09,27,08,,,1.56,0.85,1.31*0E
21:19:17.667 << $GPGSV,3,1,12,07,77,158,28,30,60,302,40,08,49,054,41,14,39,283,32*7F
21:19:17.668 << $GPGSV,3,2,12,02,38,110,34,44,33,219,35,01,24,135,25,22,22,273,28*72
21:19:17.670 << $GPGSV,3,3,12,17,19,217,16,09,14,197,18,20,14,319,,27,13,047,24*73
21:19:18.100 << $GPRMC,021917.000,A,4153.0114,N,08748.2133,W,0.26,170.92,240107,,,A*7E
21:19:19.080 << $GPGGA,021918.000,4153.0113,N,08748.2133,W,1,10,0.85,212.7,M,-34.0,M,,*5D
21:19:19.084 << $GPGSA,A,3,07,30,14,02,01,22,17,09,27,08,,,1.56,0.85,1.31*0E
21:19:19.087 << $GPGSV,3,1,12,07,77,158,28,30,60,302,40,08,49,054,41,14,39,283,32*7F
21:19:19.089 << $GPGSV,3,2,12,02,38,110,34,44,33,219,35,01,24,135,26,22,22,273,28*71
21:19:19.090 << $GPGSV,3,3,12,17,19,217,16,09,14,197,18,20,14,319,,27,13,047,24*73
21:19:19.093 << $GPRMC,021918.000,A,4153.0113,N,08748.2133,W,0.29,171.89,240107,,,A*72
21:19:19.559 << $GPGGA,021919.000,4153.0112,N,08748.2133,W,1,10,0.85,212.7,M,-34.0,M,,*5D
21:19:19.563 << $GPGSA,A,3,07,30,14,02,01,22,17,09,27,08,,,1.56,0.85,1.31*0E
21:19:19.566 << $GPGSV,3,1,12,07,77,158,28,30,60,302,40,08,49,054,41,14,39,283,32*7F
21:19:19.568 << $GPGSV,3,2,12,02,38,110,34,44,33,219,35,01,24,135,26,22,22,273,28*71
21:19:19.569 << $GPGSV,3,3,12,17,19,217,16,09,14,197,18,20,14,319,,27,13,047,24*73
21:19:20.050 << $GPRMC,021919.000,A,4153.0112,N,08748.2133,W,0.33,171.81,240107,,,A*71
21:19:20.539 << $GPGGA,021920.000,4153.0112,N,08748.2133,W,1,10,0.85,212.7,M,-34.0,M,,*57
21:19:20.544 << $GPGSA,A,3,07,30,14,02,01,22,17,09,27,08,,,1.56,0.85,1.31*0E
21:19:20.546 << $GPGSV,3,1,12,07,77,158,28,30,60,302,40,08,49,054,41,14,39,283,32*7F
21:19:20.548 << $GPGSV,3,2,12,02,38,110,34,44,33,219,35,01,24,135,26,22,22,273,28*71
21:19:21.024 << $GPGSV,3,3,12,17,19,217,16,09,14,197,18,20,14,319,,27,13,047,24*73
21:19:21.027 << $GPRMC,021920.000,A,4153.0112,N,08748.2133,W,0.30,171.36,240107,,,A*74
21:19:21.508 << $GPGGA,021921.000,4153.0111,N,08748.2133,W,1,10,0.85,212.7,M,-34.0,M,,*55
21:19:21.512 << $GPGSA,A,3,07,30,14,02,01,22,17,09,27,08,,,1.56,0.85,1.31*0E
21:19:21.514 << $GPGSV,3,1,12,07,77,158,28,30,60,302,40,08,49,054,40,14,39,283,32*7E
21:19:21.516 << $GPGSV,3,2,12,02,38,110,34,44,33,219,35,01,24,135,26,22,22,274,28*76
21:19:21.518 << $GPGSV,3,3,12,17,19,217,16,09,14,197,19,20,14,319,,27,13,047,24*72
21:19:21.520 << $GPRMC,021921.000,A,4153.0111,N,08748.2133,W,0.27,171.32,240107,,,A*74
21:19:22.500 << $GPGGA,021922.000,4153.0110,N,08748.2132,W,1,9,0.90,212.6,M,-34.0,M,,*6B
21:19:22.504 << $GPGSA,A,3,07,30,14,02,01,22,09,27,08,,,,1.61,0.90,1.34*0D
21:19:22.507 << $GPGSV,3,1,12,07,77,158,28,30,60,302,40,08,49,054,40,14,39,283,32*7E
21:19:22.971 << $GPGSV,3,2,12,02,38,110,34,44,33,219,35,01,24,135,26,22,22,274,28*76
21:19:22.973 << $GPGSV,3,3,12,17,19,217,,09,14,197,19,20,14,319,,27,13,047,24*75
21:19:22.976 << $GPRMC,021922.000,A,4153.0110,N,08748.2132,W,0.25,172.51,240107,,,A*73
21:19:23.466 << $GPGGA,021923.000,4153.0109,N,08748.2132,W,1,9,0.90,212.6,M,-34.0,M,,*62
21:19:23.469 << $GPGSA,A,3,07,30,14,02,01,22,09,27,08,,,,1.61,0.90,1.34*0D
21:19:23.472 << $GPGSV,3,1,12,07,77,158,28,30,60,302,40,08,49,054,40,14,39,283,32*7E
21:19:23.474 << $GPGSV,3,2,12,02,38,110,34,44,33,219,35,01,24,135,26,22,22,274,29*77
21:19:23.948 << $GPGSV,3,3,12,17,19,217,,09,14,197,19,20,14,319,,27,13,047,24*75
21:19:23.951 << $GPRMC,021923.000,A,4153.0109,N,08748.2132,W,0.23,172.15,240107,,,A*7C
21:19:24.442 << $GPGGA,021924.000,4153.0109,N,08748.2132,W,1,9,0.90,212.6,M,-34.0,M,,*65
21:19:24.446 << $GPGSA,A,3,07,30,14,02,01,22,09,27,08,,,,1.61,0.90,1.34*0D
21:19:24.449 << $GPGSV,3,1,12,07,77,158,28,30,60,302,40,08,49,054,40,14,39,283,32*7E
21:19:24.451 << $GPGSV,3,2,12,02,38,110,34,44,33,219,35,01,24,135,26,22,22,274,29*77
21:19:24.923 << $GPGSV,3,3,12,17,19,217,,09,14,197,18,20,14,319,,27,13,047,24*74
21:19:24.926 << $GPRMC,021924.000,A,4153.0109,N,08748.2132,W,0.26,171.47,240107,,,A*7A
21:19:25.411 << $GPGGA,021925.000,4153.0108,N,08748.2132,W,1,9,0.90,212.6,M,-34.0,M,,*65
21:19:25.415 << $GPGSA,A,3,07,30,14,02,01,22,09,27,08,,,,1.61,0.90,1.34*0D
21:19:25.898 << $GPGSV,3,1,12,07,77,158,28,30,60,302,40,08,49,054,40,14,39,283,32*7E
21:19:25.900 << $GPGSV,3,2,12,02,38,110,34,44,33,219,35,01,24,135,27,22,22,274,29*76
21:19:25.902 << $GPGSV,3,3,12,17,19,217,,09,14,197,18,20,14,319,,27,13,047,24*74
21:19:25.904 << $GPRMC,021925.000,A,4153.0108,N,08748.2132,W,0.29,171.64,240107,,,A*74
21:19:26.385 << $GPGGA,021926.000,4153.0107,N,08748.2132,W,1,9,0.90,212.6,M,-34.0,M,,*69
21:19:26.388 << $GPGSA,A,3,07,30,14,02,01,22,09,27,08,,,,1.61,0.90,1.34*0D
21:19:26.391 << $GPGSV,3,1,12,07,77,158,28,30,60,302,40,08,49,054,40,14,39,283,32*7E
21:19:26.393 << $GPGSV,3,2,12,02,38,110,34,44,33,219,35,01,24,135,27,22,22,274,29*76
21:19:26.394 << $GPGSV,3,3,12,17,19,217,,09,14,197,18,20,14,319,,27,13,047,24*74
21:19:26.397 << $GPRMC,021926.000,A,4153.0107,N,08748.2132,W,0.27,171.31,240107,,,A*76
21:19:27.381 << $GPGGA,021927.000,4153.0105,N,08748.2131,W,2,10,0.90,212.5,M,-34.0,M,0000,0000*51
21:19:27.385 << $GPGSA,A,3,07,30,14,02,01,22,20,09,27,08,,,1.61,0.90,1.34*0F
21:19:27.388 << $GPGSV,3,1,12,07,77,158,29,30,60,302,40,08,49,054,40,14,39,283,32*7F
21:19:27.389 << $GPGSV,3,2,12,02,38,110,34,44,33,219,35,01,24,135,27,22,22,274,29*76
21:19:27.391 << $GPGSV,3,3,12,17,19,217,,09,14,197,18,20,14,319,20,27,13,047,24*76
21:19:27.393 << $GPRMC,021927.000,A,4153.0105,N,08748.2131,W,0.28,171.10,240107,,,D*7F
21:19:28.823 << $GPGGA,021928.000,4153.0103,N,08748.2130,W,2,10,0.90,213.0,M,-34.0,M,0000,0000*5D
21:19:28.827 << $GPGSA,A,3,07,30,14,02,01,22,20,09,27,08,,,1.61,0.90,1.34*0F
21:19:28.830 << $GPGSV,3,1,12,07,77,158,29,30,60,302,40,08,49,054,40,14,39,283,32*7F
21:19:28.831 << $GPGSV,3,2,12,02,38,110,34,44,33,219,35,01,24,135,27,22,22,274,29*76
21:19:28.833 << $GPGSV,3,3,12,17,19,217,,09,14,197,18,20,14,319,19,27,13,047,24*7C
21:19:28.835 << $GPRMC,021928.000,A,4153.0103,N,08748.2130,W,0.29,171.43,240107,,,D*70
21:19:29.819 << $GPGGA,021929.000,4153.0101,N,08748.2129,W,2,10,0.90,213.3,M,-34.0,M,0000,0000*55
21:19:29.823 << $GPGSA,A,3,07,30,14,02,01,22,20,09,27,08,,,1.61,0.90,1.34*0F
21:19:29.826 << $GPGSV,3,1,12,07,77,158,29,30,60,302,40,08,49,054,40,14,39,283,32*7F
21:19:29.827 << $GPGSV,3,2,12,02,38,110,34,44,33,219,35,01,24,135,27,22,22,274,29*76
21:19:29.829 << $GPGSV,3,3,12,17,19,217,,09,14,197,18,20,14,319,22,27,13,047,24*74
21:19:29.831 << $GPRMC,021929.000,A,4153.0101,N,08748.2129,W,0.31,172.23,240107,,,D*77
21:19:30.808 << $GPGGA,021930.000,4153.0100,N,08748.2129,W,2,10,0.81,213.5,M,-34.0,M,0000,0000*5A
21:19:30.812 << $GPGSA,A,3,07,30,14,02,01,22,20,09,27,08,,,1.46,0.81,1.21*0E
21:19:30.815 << $GPGSV,3,1,12,07,77,158,29,30,60,302,40,08,49,054,40,14,39,283,32*7F
21:19:30.817 << $GPGSV,3,2,12,02,38,110,34,44,33,219,35,01,24,135,27,22,22,274,29*76
21:19:30.818 << $GPGSV,3,3,12,17,19,217,,09,14,197,18,20,14,319,19,27,13,047,24*7C
21:19:31.259 << $GPRMC,021930.000,A,4153.0100,N,08748.2129,W,0.32,173.82,240107,,,D*77
21:19:31.751 << $GPGGA,021931.000,4153.0100,N,08748.2130,W,2,10,0.81,213.3,M,-34.0,M,0000,0000*55
21:19:31.755 << $GPGSA,A,3,07,30,14,02,01,22,20,09,27,08,,,1.46,0.81,1.21*0E
21:19:31.758 << $GPGSV,3,1,12,07,77,158,29,30,60,302,40,08,49,054,40,14,39,283,32*7F
21:19:31.759 << $GPGSV,3,2,12,02,38,110,34,44,33,219,35,01,24,135,27,22,22,274,29*76
21:19:32.231 << $GPGSV,3,3,12,17,19,217,,09,14,197,18,20,14,319,20,27,13,047,24*76
21:19:32.235 << $GPRMC,021931.000,A,4153.0100,N,08748.2130,W,0.30,175.68,240107,,,D*7E
21:19:33.221 << $GPGGA,021932.000,4153.0102,N,08748.2131,W,2,10,0.90,213.2,M,-34.0,M,0000,0000*54
21:19:33.225 << $GPGSA,A,3,07,30,14,02,01,22,20,09,27,08,,,1.61,0.90,1.34*0F
21:19:33.228 << $GPGSV,3,1,12,07,77,158,29,30,60,302,40,08,49,054,40,14,39,283,32*7F
21:19:33.229 << $GPGSV,3,2,12,02,38,110,34,44,33,219,35,01,24,135,27,22,22,274,29*76
21:19:33.231 << $GPGSV,3,3,12,17,19,217,,09,14,197,18,20,14,319,20,27,13,047,24*76
21:19:33.233 << $GPRMC,021932.000,A,4153.0102,N,08748.2131,W,0.30,177.66,240107,,,D*72
21:19:34.207 << $GPGGA,021933.000,4153.0099,N,08748.2130,W,2,10,0.90,213.5,M,-34.0,M,0000,0000*50
21:19:34.211 << $GPGSA,A,3,07,30,14,02,01,22,20,09,27,08,,,1.61,0.90,1.34*0F
21:19:34.213 << $GPGSV,3,1,12,07,77,158,30,30,60,302,40,08,49,054,40,14,39,283,32*77
21:19:34.678 << $GPGSV,3,2,12,02,38,109,34,44,33,219,35,01,24,135,27,22,22,274,30*76
21:19:34.680 << $GPGSV,3,3,12,17,19,217,,09,14,197,17,20,14,319,20,27,13,047,24*79
21:19:34.682 << $GPRMC,021933.000,A,4153.0099,N,08748.2130,W,0.29,179.67,240107,,,D*76
21:19:35.167 << $GPGGA,021934.000,4153.0099,N,08748.2131,W,2,10,0.90,213.8,M,-34.0,M,0000,0000*5B
21:19:35.172 << $GPGSA,A,3,07,30,14,02,01,22,20,09,27,08,,,1.61,0.90,1.34*0F
21:19:35.175 << $GPGSV,3,1,12,07,77,158,31,30,60,302,40,08,49,054,40,14,39,283,32*76
21:19:35.176 << $GPGSV,3,2,12,02,38,109,34,44,33,219,35,01,24,135,28,22,22,274,30*79
21:19:35.652 << $GPGSV,3,3,12,17,19,217,,09,14,197,17,20,14,319,20,27,13,047,24*79
21:19:35.655 << $GPRMC,021934.000,A,4153.0099,N,08748.2131,W,0.27,181.07,240107,,,D*7F
21:19:36.139 << $GPGGA,021935.000,4153.0100,N,08748.2132,W,2,10,0.90,214.4,M,-34.0,M,0000,0000*53
21:19:36.146 << $GPGSA,A,3,07,30,14,02,01,22,20,09,27,08,,,1.61,0.90,1.34*0F
21:19:36.149 << $GPGSV,3,1,12,07,77,158,31,30,60,302,40,08,49,054,39,14,39,283,32*78
21:19:36.151 << $GPGSV,3,2,12,02,38,109,34,44,33,219,35,01,24,135,28,22,22,274,30*79
21:19:36.152 << $GPGSV,3,3,12,17,19,217,,09,14,197,17,20,14,319,20,27,13,047,24*79
21:19:36.155 << $GPRMC,021935.000,A,4153.0100,N,08748.2132,W,0.25,181.50,240107,,,D*7C
21:19:36.627 << $GPGGA,021936.000,4153.0100,N,08748.2132,W,2,10,0.90,214.9,M,-34.0,M,0000,0000*5D
21:19:37.110 << $GPGSA,A,3,07,30,14,02,01,22,20,09,27,08,,,1.61,0.90,1.34*0F
21:19:37.113 << $GPGSV,3,1,12,07,77,158,31,30,60,302,40,08,49,054,39,14,39,283,32*78
21:19:37.114 << $GPGSV,3,2,12,02,38,109,34,44,33,219,35,01,24,135,28,22,22,274,30*79
21:19:37.116 << $GPGSV,3,3,12,17,19,217,,09,14,197,17,20,14,319,20,27,13,047,24*79
21:19:37.118 << $GPRMC,021936.000,A,4153.0100,N,08748.2132,W,0.22,181.39,240107,,,D*77
21:19:38.102 << $GPGGA,021937.000,4153.0102,N,08748.2133,W,2,10,0.81,214.8,M,-34.0,M,0000,0000*5E
21:19:38.105 << $GPGSA,A,3,07,30,14,02,01,22,20,09,27,08,,,1.46,0.81,1.21*0E
21:19:38.108 << $GPGSV,3,1,12,07,77,158,31,30,60,302,40,08,49,054,39,14,39,283,32*78
21:19:38.110 << $GPGSV,3,2,12,02,38,109,34,44,33,219,35,01,24,135,28,22,22,274,30*79
21:19:38.574 << $GPGSV,3,3,12,17,19,217,,09,14,197,17,20,14,319,20,27,13,047,24*79
21:19:38.576 << $GPRMC,021937.000,A,4153.0102,N,08748.2133,W,0.19,180.64,240107,,,D*74
21:19:39.065 << $GPGGA,021938.000,4153.0102,N,08748.2133,W,2,10,0.81,214.7,M,-34.0,M,0000,0000*5E
21:19:39.068 << $GPGSA,A,3,07,30,14,02,01,22,20,09,27,08,,,1.46,0.81,1.21*0E
21:19:39.071 << $GPGSV,3,1,12,07,77,158,31,30,60,302,40,08,49,054,39,14,39,283,32*78
21:19:39.073 << $GPGSV,3,2,12,02,38,109,34,44,33,219,35,01,24,135,28,22,22,274,30*79
21:19:39.549 << $GPGSV,3,3,12,17,19,217,,09,14,197,17,20,14,319,20,27,13,047,24*79
21:19:39.552 << $GPRMC,021938.000,A,4153.0102,N,08748.2133,W,0.16,178.50,240107,,,D*74
21:19:40.033 << $GPGGA,021939.000,4153.0102,N,08748.2132,W,2,10,0.81,214.9,M,-34.0,M,0000,0000*50
21:19:40.037 << $GPGSA,A,3,07,30,14,02,01,22,20,09,27,08,,,1.46,0.81,1.21*0E
21:19:40.039 << $GPGSV,3,1,12,07,77,158,31,30,60,302,40,08,49,054,39,14,39,283,32*78
21:19:40.041 << $GPGSV,3,2,12,02,38,109,34,44,33,219,35,01,24,135,28,22,22,274,30*79
21:19:40.521 << $GPGSV,3,3,12,17,19,217,,09,14,197,17,20,14,319,20,27,13,047,24*79
21:19:40.524 << $GPRMC,021939.000,A,4153.0102,N,08748.2132,W,0.14,175.41,240107,,,D*7B
21:19:41.505 << $GPGGA,021940.000,4153.0101,N,08748.2131,W,2,10,0.81,214.9,M,-34.0,M,0000,0000*5E
21:19:41.509 << $GPGSA,A,3,07,30,14,02,01,22,20,09,27,08,,,1.46,0.81,1.21*0E
21:19:41.512 << $GPGSV,3,1,12,07,77,158,31,30,60,302,40,08,49,054,39,14,39,283,32*78
21:19:41.514 << $GPGSV,3,2,12,02,38,109,34,44,33,219,35,01,24,135,28,22,22,274,30*79
21:19:41.983 << $GPGSV,3,3,12,17,19,217,,09,14,197,17,20,14,319,20,27,13,047,24*79
21:19:41.986 << $GPRMC,021940.000,A,4153.0101,N,08748.2131,W,0.13,175.41,240107,,,D*72
21:19:42.959 << $GPGGA,021941.000,4153.0105,N,08748.2131,W,2,9,1.03,215.5,M,-34.0,M,0000,0000*65
21:19:42.963 << $GPGSA,A,3,07,30,14,02,01,22,20,27,08,,,,1.72,1.03,1.38*03
21:19:42.966 << $GPGSV,3,1,12,07,77,158,32,30,60,302,40,08,49,054,39,14,39,283,32*7B
21:19:42.967 << $GPGSV,3,2,12,02,38,109,33,44,33,219,35,01,24,135,29,22,22,274,31*7E
21:19:42.969 << $GPGSV,3,3,12,17,19,217,,09,14,197,16,20,14,319,19,27,13,047,24*72
21:19:42.971 << $GPRMC,021941.000,A,4153.0105,N,08748.2131,W,0.11,175.41,240107,,,D*75
21:19:43.447 << $GPGGA,021942.000,4153.0107,N,08748.2130,W,2,10,0.81,216.2,M,-34.0,M,0000,0000*52
21:19:43.451 << $GPGSA,A,3,07,30,14,02,01,22,20,09,27,08,,,1.46,0.81,1.21*0E
21:19:43.454 << $GPGSV,3,1,12,07,77,158,33,30,60,302,40,08,49,054,39,14,39,283,32*7A
21:19:43.455 << $GPGSV,3,2,12,02,38,109,33,44,33,219,35,01,24,135,29,22,22,274,31*7E
21:19:43.457 << $GPGSV,3,3,12,17,19,217,,09,14,197,17,20,14,319,19,27,13,047,24*73
21:19:43.459 << $GPRMC,021942.000,A,4153.0107,N,08748.2130,W,0.10,175.41,240107,,,D*74
21:19:43.934 << $GPGGA,021943.000,4153.0111,N,08748.2129,W,2,10,0.81,217.0,M,-34.0,M,0000,0000*5F
21:19:43.938 << $GPGSA,A,3,07,30,14,02,01,22,20,09,27,08,,,1.46,0.81,1.21*0E
21:19:43.941 << $GPGSV,3,1,12,07,77,158,33,30,60,302,40,08,49,054,39,14,39,283,32*7A
21:19:43.943 << $GPGSV,3,2,12,02,38,109,33,44,33,219,35,01,24,135,30,22,22,274,31*76
21:19:44.423 << $GPGSV,3,3,12,17,19,217,,09,14,197,17,20,14,319,20,27,13,047,24*79
21:19:44.426 << $GPRMC,021943.000,A,4153.0111,N,08748.2129,W,0.07,175.41,240107,,,D*7C
21:19:44.916 << $GPGGA,021944.000,4153.0113,N,08748.2129,W,2,10,0.81,217.9,M,-34.0,M,0000,0000*53
21:19:44.920 << $GPGSA,A,3,07,30,14,02,01,22,20,09,27,08,,,1.46,0.81,1.21*0E
21:19:45.399 << $GPGSV,3,1,12,07,77,158,33,30,60,302,40,08,49,054,39,14,39,283,32*7A
21:19:45.401 << $GPGSV,3,2,12,02,38,109,33,44,33,219,35,01,24,135,30,22,22,274,31*76
21:19:45.403 << $GPGSV,3,3,12,17,19,217,,09,14,197,17,20,14,319,20,27,13,047,24*79
21:19:45.405 << $GPRMC,021944.000,A,4153.0113,N,08748.2129,W,0.05,175.41,240107,,,D*7B
21:19:45.408 << $GPGGA,021945.000,4153.0115,N,08748.2129,W,2,10,0.81,218.6,M,-34.0,M,0000,0000*54
21:19:45.411 << $GPGSA,A,3,07,30,14,02,01,22,20,09,27,08,,,1.46,0.81,1.21*0E
21:19:45.414 << $GPGSV,3,1,12,07,77,158,33,30,60,302,41,08,49,054,39,14,39,283,31*78
21:19:45.415 << $GPGSV,3,2,12,02,38,109,32,44,33,219,35,01,24,135,31,22,22,274,31*76
21:19:45.884 << $GPGSV,3,3,12,17,19,217,,09,14,197,17,20,14,319,21,27,13,047,24*78
21:19:45.887 << $GPRMC,021945.000,A,4153.0115,N,08748.2129,W,0.04,175.41,240107,,,D*7D
21:19:46.376 << $GPGGA,021946.000,4153.0116,N,08748.2128,W,2,9,1.03,219.9,M,-34.0,M,0000,0000*68
21:19:46.380 << $GPGSA,A,3,07,30,14,02,01,22,20,27,08,,,,1.73,1.03,1.39*03
21:19:46.383 << $GPGSV,3,1,12,07,77,158,33,30,60,302,40,08,49,054,39,14,39,283,31*79
21:19:46.384 << $GPGSV,3,2,12,02,38,109,32,44,33,219,35,01,24,135,31,22,22,274,31*76
21:19:46.865 << $GPGSV,3,3,12,17,19,217,,09,14,197,16,20,14,319,21,27,13,047,24*79
21:19:46.868 << $GPRMC,021946.000,A,4153.0116,N,08748.2128,W,0.04,175.41,240107,,,D*7C
21:19:47.396 << $GPGGA,021947.000,4153.0118,N,08748.2128,W,2,10,0.81,221.0,M,-34.0,M,0000,0000*56
21:19:47.400 << $GPGSA,A,3,07,30,14,02,01,22,20,09,27,08,,,1.46,0.81,1.21*0E
21:19:47.403 << $GPGSV,3,1,12,07,77,158,34,30,60,302,40,08,49,054,39,14,39,283,32*7D
21:19:47.404 << $GPGSV,3,2,12,02,38,109,33,44,33,219,35,01,24,135,31,22,22,274,31*77
21:19:47.406 << $GPGSV,3,3,12,17,19,217,,09,14,197,16,20,14,319,20,27,13,047,24*78
21:19:47.839 << $GPRMC,021947.000,A,4153.0118,N,08748.2128,W,0.05,175.41,240107,,,D*72
21:19:48.818 << $GPGGA,021948.000,4153.0118,N,08748.2126,W,2,10,0.81,221.6,M,-34.0,M,0000,0000*51
21:19:48.822 << $GPGSA,A,3,07,30,14,02,01,22,20,09,27,08,,,1.46,0.81,1.21*0E
21:19:48.825 << $GPGSV,3,1,12,07,77,158,33,30,60,302,39,08,49,054,39,14,39,283,32*74
21:19:48.826 << $GPGSV,3,2,12,02,38,109,33,44,33,219,34,01,24,135,31,22,22,274,31*76
21:19:48.828 << $GPGSV,3,3,12,17,19,218,,09,14,197,16,20,14,319,19,27,13,047,24*7D
21:19:48.830 << $GPRMC,021948.000,A,4153.0118,N,08748.2126,W,0.06,175.41,240107,,,D*70
21:19:49.810 << $GPGGA,021949.000,4153.0124,N,08748.2125,W,2,10,0.81,222.0,M,-34.0,M,0000,0000*59
21:19:49.814 << $GPGSA,A,3,07,30,14,02,01,22,20,09,27,08,,,1.46,0.81,1.21*0E
21:19:49.816 << $GPGSV,3,1,12,07,77,158,33,30,60,302,39,08,49,054,39,14,39,283,32*74
21:19:49.818 << $GPGSV,3,2,12,02,38,109,33,44,33,219,35,01,24,135,31,22,22,274,31*77
21:19:49.820 << $GPGSV,3,3,12,17,19,218,,09,14,197,16,20,14,319,18,27,13,047,24*7C
21:19:50.276 << $GPRMC,021949.000,A,4153.0124,N,08748.2125,W,0.10,175.41,240107,,,D*7A
21:19:50.758 << $GPGGA,021950.000,4153.0127,N,08748.2126,W,2,10,0.81,222.3,M,-34.0,M,0000,0000*52
21:19:50.761 << $GPGSA,A,3,07,30,14,02,01,22,20,09,27,08,,,1.46,0.81,1.21*0E
21:19:50.764 << $GPGSV,3,1,12,07,77,158,33,30,60,302,39,08,49,054,39,14,39,283,32*74
21:19:50.766 << $GPGSV,3,2,12,02,38,109,33,44,33,219,35,01,24,135,31,22,22,274,31*77
21:19:50.767 << $GPGSV,3,3,12,17,19,218,,09,14,197,16,20,14,319,18,27,13,047,24*7C
21:19:50.770 << $GPRMC,021950.000,A,4153.0127,N,08748.2126,W,0.13,175.41,240107,,,D*71
21:19:51.751 << $GPGGA,021951.000,4153.0134,N,08748.2125,W,2,10,0.81,221.0,M,-34.0,M,0000,0000*52
21:19:51.755 << $GPGSA,A,3,07,30,14,02,01,22,20,09,27,08,,,1.46,0.81,1.21*0E
21:19:51.758 << $GPGSV,3,1,12,07,77,158,34,30,60,302,39,08,49,054,39,14,39,283,32*73
21:19:51.759 << $GPGSV,3,2,12,02,38,109,33,44,33,219,34,01,24,135,31,22,22,274,30*77
21:19:51.761 << $GPGSV,3,3,12,17,19,218,,09,14,197,17,20,14,319,18,27,13,047,24*7D
21:19:51.763 << $GPRMC,021951.000,A,4153.0134,N,08748.2125,W,0.17,175.41,240107,,,D*75
21:19:52.750 << $GPGGA,021952.000,4153.0137,N,08748.2124,W,2,10,0.81,221.1,M,-34.0,M,0000,0000*52
21:19:52.754 << $GPGSA,A,3,07,30,14,02,01,22,20,09,27,08,,,1.46,0.81,1.21*0E
21:19:52.757 << $GPGSV,3,1,12,07,77,158,34,30,60,302,38,08,49,054,38,14,39,283,32*73
21:19:52.759 << $GPGSV,3,2,12,02,38,109,34,44,33,219,34,01,24,135,31,22,22,274,30*70
21:19:52.761 << $GPGSV,3,3,12,17,19,218,,09,14,197,17,20,14,319,18,27,13,047,25*7C
21:19:52.763 << $GPRMC,021952.000,A,4153.0137,N,08748.2124,W,0.21,175.41,240107,,,D*71
21:19:53.684 << $GPGGA,021953.000,4153.0139,N,08748.2125,W,2,10,0.81,221.0,M,-34.0,M,0000,0000*5D
21:19:53.688 << $GPGSA,A,3,07,30,14,02,01,22,20,09,27,08,,,1.46,0.81,1.21*0E
21:19:53.691 << $GPGSV,3,1,12,07,77,158,34,30,60,302,38,08,49,054,37,14,39,283,32*7C
21:19:53.693 << $GPGSV,3,2,12,02,38,109,35,44,33,219,34,01,24,135,31,22,22,274,29*79
21:19:53.694 << $GPGSV,3,3,12,17,19,218,,09,14,197,17,20,14,319,18,27,13,047,26*7F
21:19:53.697 << $GPRMC,021953.000,A,4153.0139,N,08748.2125,W,0.23,12.00,240107,,,D*48
21:19:54.672 << $GPGGA,021954.000,4153.0140,N,08748.2126,W,2,11,0.81,220.8,M,-34.0,M,0000,0000*5F
21:19:54.676 << $GPGSA,A,3,07,30,14,02,01,22,20,09,27,08,17,,1.46,0.81,1.21*08
21:19:54.678 << $GPGSV,3,1,12,07,77,158,34,30,60,302,38,08,49,054,37,14,39,283,32*7C
21:19:54.680 << $GPGSV,3,2,12,02,38,109,35,44,33,219,34,01,24,135,30,22,22,274,29*78
21:19:54.682 << $GPGSV,3,3,12,17,19,218,24,09,14,197,17,20,14,319,18,27,13,047,26*79
21:19:54.684 << $GPRMC,021954.000,A,4153.0140,N,08748.2126,W,0.24,10.40,240107,,,D*43
21:19:55.663 << $GPGGA,021955.000,4153.0139,N,08748.2125,W,2,11,0.81,220.4,M,-34.0,M,0000,0000*5F
21:19:55.666 << $GPGSA,A,3,07,30,14,02,01,22,20,09,27,08,17,,1.46,0.81,1.21*08
21:19:55.669 << $GPGSV,3,1,12,07,77,158,34,30,60,302,38,08,49,054,37,14,39,283,32*7C
21:19:55.671 << $GPGSV,3,2,12,02,38,109,35,44,33,219,34,01,24,135,30,22,22,274,29*78
21:19:55.672 << $GPGSV,3,3,12,17,19,218,24,09,14,197,16,20,14,319,18,27,13,047,27*79
21:19:55.674 << $GPRMC,021955.000,A,4153.0139,N,08748.2125,W,0.22,10.40,240107,,,D*49
21:19:56.651 << $GPGGA,021956.000,4153.0139,N,08748.2126,W,2,11,0.81,220.1,M,-34.0,M,0000,0000*5A
21:19:56.655 << $GPGSA,A,3,07,30,14,02,01,22,20,09,27,08,17,,1.46,0.81,1.21*08
21:19:56.657 << $GPGSV,3,1,12,07,77,158,34,30,60,302,38,08,49,054,36,14,39,283,32*7D
21:19:56.659 << $GPGSV,3,2,12,02,38,109,34,44,33,219,34,01,24,135,30,22,22,274,29*79
21:19:56.660 << $GPGSV,3,3,12,17,19,218,24,09,14,197,16,20,14,319,18,27,13,047,27*79
21:19:56.662 << $GPRMC,021956.000,A,4153.0139,N,08748.2126,W,0.19,10.40,240107,,,D*41
21:19:57.587 << $GPGGA,021957.000,4153.0139,N,08748.2127,W,2,11,0.81,219.9,M,-34.0,M,0000,0000*58
21:19:57.591 << $GPGSA,A,3,07,30,14,02,01,22,20,09,27,08,17,,1.46,0.81,1.21*08
21:19:57.594 << $GPGSV,3,1,12,07,77,158,34,30,60,302,38,08,49,054,37,14,39,283,32*7C
21:19:57.595 << $GPGSV,3,2,12,02,38,109,34,44,33,219,34,01,24,135,30,22,22,274,29*79
21:19:57.597 << $GPGSV,3,3,12,17,19,218,26,09,14,197,16,20,14,319,18,27,13,047,27*7B
21:19:58.069 << $GPRMC,021957.000,A,4153.0139,N,08748.2127,W,0.15,10.40,240107,,,D*4D
21:19:58.557 << $GPGGA,021958.000,4153.0139,N,08748.2127,W,2,11,0.81,220.0,M,-34.0,M,0000,0000*54
21:19:58.560 << $GPGSA,A,3,07,30,14,02,01,22,20,09,27,08,17,,1.46,0.81,1.21*08
21:19:58.563 << $GPGSV,3,1,12,07,77,158,34,30,60,302,38,08,49,054,38,14,39,283,32*73
21:19:58.564 << $GPGSV,3,2,12,02,38,109,34,44,33,219,34,01,24,135,30,22,22,274,29*79
21:19:58.620 << $GPGSV,3,3,12,17,19,218,24,09,14,197,16,20,14,319,18,27,13,047,27*79
21:19:58.623 << $GPRMC,021958.000,A,4153.0139,N,08748.2127,W,0.11,10.40,240107,,,D*46
21:19:59.245 >> $PMTK182,2,8*33
21:19:59.538 << $GPGGA,021959.000,4153.0141,N,08748.2128,W,2,11,0.81,219.7,M,-34.0,M,0000,0000*58
21:19:59.542 << $GPGSA,A,3,07,30,14,02,01,22,20,09,27,08,17,,1.46,0.81,1.21*08
21:19:59.545 << $GPGSV,3,1,12,07,77,158,34,30,60,302,38,08,49,054,38,14,39,283,32*73
21:19:59.546 << $GPGSV,3,2,12,02,38,109,35,44,33,219,34,01,24,135,30,22,22,274,28*79
21:19:59.555 << $GPGSV,3,3,12,17,19,218,24,09,14,197,16,20,14,319,18,27,13,047,27*79
21:19:59.557 << $GPRMC,021959.000,A,4153.0141,N,08748.2128,W,0.09,10.40,240107,,,D*4E
21:19:59.755 << $PMTK182,3,8,00021CB0*1C
21:19:59.756 << $PMTK001,182,2,3*25
21:20:00.348 << $GPGGA,022000.000,4153.0141,N,08748.2128,W,2,11,0.81,219.3,M,-34.0,M,0000,0000*5A
21:20:00.352 << $GPGSA,A,3,07,30,14,02,01,22,20,09,27,08,17,,1.46,0.81,1.21*08
21:20:00.355 << $GPGSV,3,1,12,07,77,158,35,30,60,302,38,08,49,054,38,14,39,283,32*72
21:20:00.411 << $GPGSV,3,2,12,02,38,109,35,44,33,219,34,01,24,135,30,22,22,274,28*79
21:20:00.414 << $GPGSV,3,3,12,17,19,218,24,09,14,197,16,20,14,319,18,27,13,047,26*78
21:20:00.418 << $GPRMC,022000.000,A,4153.0141,N,08748.2128,W,0.07,10.40,240107,,,D*46
21:20:01.397 << $GPGGA,022001.000,4153.0141,N,08748.2129,W,2,11,0.81,218.7,M,-34.0,M,0000,0000*5F
21:20:01.401 << $GPGSA,A,3,07,30,14,02,01,22,20,09,27,08,17,,1.46,0.81,1.21*08
21:20:01.403 << $GPGSV,3,1,12,07,77,158,35,30,60,302,38,08,49,054,37,14,39,283,33*7C
21:20:01.405 << $GPGSV,3,2,12,02,38,109,35,44,33,219,34,01,24,135,31,22,22,274,29*79
21:20:01.406 << $GPGSV,3,3,12,17,19,218,23,09,14,197,16,20,14,319,18,27,13,047,25*7C
21:20:01.408 << $GPRMC,022001.000,A,4153.0141,N,08748.2129,W,0.06,10.40,240107,,,D*47
21:20:02.385 << $GPGGA,022002.000,4153.0141,N,08748.2129,W,2,11,0.81,218.5,M,-34.0,M,0000,0000*5E
21:20:02.389 << $GPGSA,A,3,07,30,14,02,01,22,20,09,27,08,17,,1.46,0.81,1.21*08
21:20:02.392 << $GPGSV,3,1,12,07,77,158,35,30,60,302,39,08,49,054,37,14,39,283,34*7A
21:20:02.393 << $GPGSV,3,2,12,02,38,109,35,44,33,219,34,01,24,135,30,22,22,274,29*78
21:20:02.394 << $GPGSV,3,3,12,17,19,218,22,09,14,197,16,20,14,319,18,27,13,047,25*7D
21:20:02.396 << $GPRMC,022002.000,A,4153.0141,N,08748.2129,W,0.06,10.40,240107,,,D*44
21:20:03.400 << $GPGGA,022003.000,4153.0142,N,08748.2128,W,2,10,1.03,218.1,M,-34.0,M,0000,0000*53
21:20:03.540 << $GPGSA,A,3,07,30,14,02,01,22,20,27,08,17,,,1.73,1.03,1.39*05
21:20:03.543 << $GPGSV,3,1,12,07,77,158,35,30,60,302,39,08,49,054,38,14,39,283,34*75
21:20:03.544 << $GPGSV,3,2,12,02,38,109,35,44,33,219,34,01,24,135,30,22,22,274,30*70
21:20:03.546 << $GPGSV,3,3,12,17,19,218,21,09,14,197,16,20,14,319,19,27,13,047,26*7C
21:20:03.548 << $GPRMC,022003.000,A,4153.0142,N,08748.2128,W,0.06,10.40,240107,,,D*47
21:20:04.376 << $GPGGA,022004.000,4153.0142,N,08748.2128,W,2,11,0.75,218.2,M,-34.0,M,0000,0000*56
21:20:04.382 << $GPGSA,A,3,07,30,14,02,01,22,20,09,27,08,17,,1.41,0.75,1.19*0F
21:20:04.385 << $GPGSV,3,1,12,07,77,158,35,30,60,302,39,08,49,054,38,14,39,283,35*74
21:20:04.386 << $GPGSV,3,2,12,02,38,109,35,44,33,219,34,01,24,134,31,22,22,274,30*70
21:20:04.387 << $GPGSV,3,3,12,17,19,218,20,09,14,197,16,20,14,319,20,27,13,047,26*77
21:20:04.390 << $GPRMC,022004.000,A,4153.0142,N,08748.2128,W,0.05,10.40,240107,,,D*43
21:20:05.380 << $GPGGA,022005.000,4153.0143,N,08748.2128,W,2,11,0.75,218.1,M,-34.0,M,0000,0000*55
21:20:05.382 << $GPGSA,A,3,07,30,14,02,01,22,20,09,27,08,17,,1.41,0.75,1.19*0F
21:20:05.383 << $GPGSV,3,1,12,07,77,158,36,30,60,302,39,08,49,054,38,14,39,283,35*77
21:20:05.383 << $GPGSV,3,2,12,02,38,109,35,44,33,219,34,01,24,134,31,22,22,274,30*70
21:20:05.437 << $GPGSV,3,3,12,17,19,218,19,09,14,197,16,20,14,319,20,27,13,047,26*7D
21:20:05.865 << $GPRMC,022005.000,A,4153.0143,N,08748.2128,W,0.03,10.40,240107,,,D*45
21:20:06.361 << $GPGGA,022006.000,4153.0143,N,08748.2127,W,2,10,0.83,218.1,M,-34.0,M,0000,0000*51
21:20:06.363 << $GPGSA,A,3,07,30,14,02,01,22,20,27,08,17,,,1.52,0.83,1.27*00
21:20:06.364 << $GPGSV,3,1,12,07,77,158,36,30,60,302,39,08,49,054,38,14,39,283,35*77
21:20:06.365 << $GPGSV,3,2,12,02,38,109,35,44,33,219,34,01,24,134,31,22,22,274,30*70
