
=== app started 2026-09-07 22:45:34 — traxi SM-G990U1, Android 16 ===

=== app started 2026-09-07 22:45:51 — traxi SM-G990U1, Android 16 ===
22:50:11.706 -- ensuring 00:1C:88:22:15:98 is bonded
22:50:11.710 -- already bonded
22:50:56.166 >> $PMTK605*31
22:50:56.554 << $PMTK705,AXN_1.30-B_1.3_C01,0008,BT-Q1000XT,1.0*65
22:50:56.557 >> $PMTK182,2,2*39
22:50:56.937 << $GPGGA,035056.582,,,,,0,0,,,M,,M,,*42
22:50:56.938 << $GPGSA,A,1,,,,,,,,,,,,,,,*1E
22:50:57.008 << $GPGSV,3,1,11,14,70,326,33,30,63,205,38,17,56,243,25,22,52,304,*73
22:50:57.009 << $GPGSV,3,2,11,01,47,091,,02,38,058,24,07,33,164,25,19,21,236,*7F
22:50:57.010 << $GPGSV,3,3,11,20,17,282,,08,14,058,,15,06,310,*45
22:50:57.011 << $GPRMC,035056.582,V,,,,,0.00,0.00,230107,,,N*40
22:50:57.140 << $PMTK182,3,2,000A1C3F*62
22:50:57.141 << $PMTK001,182,2,3*25
22:50:57.143 >> $PMTK182,2,3*38
22:50:57.272 << $PMTK182,3,3,100*24
22:50:57.273 << $PMTK001,182,2,3*25
22:50:57.274 >> $PMTK182,2,7*3C
22:50:57.472 << $PMTK182,3,7,256*20
22:50:57.473 << $PMTK001,182,2,3*25
22:50:57.475 >> $PMTK182,2,9*32
22:50:57.559 << $PMTK182,3,9,1C70171C*1E
22:50:57.560 << $PMTK001,182,2,3*25
22:50:57.562 >> $PMTK182,2,8*33
22:50:57.652 << $PMTK182,3,8,00016F10*6E
22:50:57.653 << $PMTK001,182,2,3*25
22:50:57.922 << $GPGGA,035057.582,,,,,0,0,,,M,,M,,*43
22:50:57.928 << $GPGSA,A,1,,,,,,,,,,,,,,,*1E
22:50:57.929 << $GPGSV,3,1,11,14,70,326,33,30,63,205,38,17,56,243,25,22,52,304,*73
22:50:57.929 << $GPGSV,3,2,11,01,47,091,,02,38,058,24,07,33,164,25,19,21,236,*7F
22:50:57.929 << $GPGSV,3,3,11,20,17,282,,08,14,058,,15,06,310,*45
22:50:57.929 << $GPRMC,035057.582,V,,,,,0.00,0.00,230107,,,N*41
22:50:58.942 << $GPGGA,035058.582,,,,,0,0,,,M,,M,,*4C
22:50:58.947 << $GPGSA,A,1,,,,,,,,,,,,,,,*1E
22:50:58.950 << $GPGSV,3,1,11,14,70,326,33,30,63,205,38,17,56,243,24,22,52,304,*72
22:50:58.953 << $GPGSV,3,2,11,01,47,091,,02,38,058,25,07,33,164,25,19,21,236,*7E
22:50:58.954 << $GPGSV,3,3,11,20,17,282,,08,14,058,,15,06,310,*45
22:50:58.957 << $GPRMC,035058.582,V,,,,,0.00,0.00,230107,,,N*4E
22:50:59.955 << $GPGGA,035059.582,,,,,0,0,,,M,,M,,*4D
22:50:59.956 << $GPGSA,A,1,,,,,,,,,,,,,,,*1E
22:51:00.017 << $GPGSV,3,1,11,14,70,326,33,30,63,205,38,17,56,243,24,22,52,304,*72
22:51:00.017 << $GPGSV,3,2,11,01,47,091,,02,38,058,24,07,33,164,25,19,21,236,*7F
22:51:00.018 << $GPGSV,3,3,11,20,17,282,,08,14,058,,15,06,310,*45
22:51:00.018 << $GPRMC,035059.582,V,,,,,0.00,0.00,230107,,,N*4F
22:51:00.994 << $GPGGA,035100.582,,,,,0,0,,,M,,M,,*40
22:51:00.999 << $GPGSA,A,1,,,,,,,,,,,,,,,*1E
22:51:01.000 << $GPGSV,3,1,11,14,70,326,33,30,63,205,38,17,56,243,25,22,52,304,*73
22:51:01.001 << $GPGSV,3,2,11,01,47,091,,02,38,058,25,07,33,164,25,19,21,236,*7E
22:51:01.001 << $GPGSV,3,3,11,20,17,282,,08,14,058,,15,06,310,*45
22:51:01.002 << $GPRMC,035100.582,V,,,,,0.00,0.00,230107,,,N*42

=== app started 2026-09-07 22:51:03 — traxi SM-G990U1, Android 16 ===
22:51:06.208 -- ensuring 00:1C:88:22:15:98 is bonded
22:51:06.211 -- already bonded
22:51:21.997 >> $PMTK605*31
22:51:22.308 << $GPGGA,035122.000,,,,,0,3,,,M,,M,,*4C
22:51:22.309 << $GPGSA,A,1,,,,,,,,,,,,,,,*1E
22:51:22.310 << $GPGSV,3,1,11,14,70,326,33,30,63,205,39,17,56,244,26,22,52,304,*76
22:51:22.312 << $GPGSV,3,2,11,01,47,090,26,02,38,058,26,07,33,164,30,19,21,236,*7C
22:51:22.313 << $GPGSV,3,3,11,20,17,282,,08,14,058,,15,06,310,*45
22:51:22.314 << $GPRMC,035122.000,V,,,,,0.03,243.26,230107,,,N*4F
22:51:22.315 << $PMTK705,AXN_1.30-B_1.3_C01,0008,BT-Q1000XT,1.0*65
22:51:22.317 >> $PMTK182,2,2*39
22:51:22.646 << $PMTK182,3,2,000A1C3F*62
22:51:22.647 << $PMTK001,182,2,3*25
22:51:22.648 >> $PMTK182,2,3*38
22:51:22.736 << $PMTK182,3,3,100*24
22:51:22.737 << $PMTK001,182,2,3*25
22:51:22.738 >> $PMTK182,2,7*3C
22:51:22.817 << $PMTK182,3,7,256*20
22:51:22.817 << $PMTK001,182,2,3*25
22:51:22.818 >> $PMTK182,2,9*32
22:51:22.901 << $PMTK182,3,9,1C70171C*1E
22:51:22.901 << $PMTK001,182,2,3*25
22:51:22.902 >> $PMTK182,2,8*33
22:51:22.983 << $PMTK182,3,8,00016F10*6E
22:51:22.983 << $PMTK001,182,2,3*25
22:51:23.308 << $GPGGA,035123.000,,,,,0,3,,,M,,M,,*4D
22:51:23.314 << $GPGSA,A,1,,,,,,,,,,,,,,,*1E
22:51:23.320 << $GPGSV,3,1,11,14,70,326,32,30,63,205,39,17,56,244,26,22,52,304,*77
22:51:23.321 << $GPGSV,3,2,11,01,47,090,27,02,38,057,24,07,33,164,30,19,21,236,*70
22:51:23.322 << $GPGSV,3,3,11,20,17,282,,08,14,058,,15,06,310,*45
22:51:23.326 << $GPRMC,035123.000,V,,,,,0.01,243.26,230107,,,N*4C
22:51:24.248 << $GPGGA,035124.000,,,,,0,3,,,M,,M,,*4A
22:51:24.252 << $GPGSA,A,1,,,,,,,,,,,,,,,*1E
22:51:24.256 << $GPGSV,3,1,11,14,70,326,31,30,63,205,39,17,56,244,27,22,52,304,*75
22:51:24.259 << $GPGSV,3,2,11,01,47,090,28,02,38,057,23,07,33,164,30,19,21,236,*78
22:51:24.261 << $GPGSV,3,3,11,20,17,282,,08,14,058,,15,06,310,*45
22:51:24.264 << $GPRMC,035124.000,V,,,,,0.09,243.26,230107,,,N*43
22:51:25.255 << $GPGGA,035125.000,,,,,0,3,,,M,,M,,*4B
22:51:25.259 << $GPGSA,A,1,,,,,,,,,,,,,,,*1E
22:51:25.262 << $GPGSV,3,1,11,14,70,326,31,30,63,205,39,17,56,244,27,22,52,304,*75
22:51:25.265 << $GPGSV,3,2,11,01,47,090,28,02,38,057,23,07,33,164,30,19,21,236,*78
22:51:25.268 << $GPGSV,3,3,11,20,17,282,,08,14,058,,15,06,310,*45
22:51:25.327 << $GPRMC,035125.000,V,,,,,0.33,243.26,230107,,,N*4B
22:51:26.320 << $GPGGA,035126.000,,,,,0,3,,,M,,M,,*48
22:51:26.322 << $GPGSA,A,1,,,,,,,,,,,,,,,*1E
22:51:26.325 << $GPGSV,3,1,11,14,70,326,31,30,63,205,39,17,56,244,27,22,52,304,*75
22:51:26.327 << $GPGSV,3,2,11,01,47,090,28,02,38,057,24,07,33,164,30,19,21,236,*7F
22:51:26.328 << $GPGSV,3,3,11,20,17,282,,08,14,058,,15,06,310,*45
22:51:26.329 << $GPRMC,035126.000,V,,,,,0.43,243.26,230107,,,N*4F
22:51:27.314 << $GPGGA,035127.000,,,,,0,3,,,M,,M,,*49
22:51:27.317 << $GPGSA,A,1,,,,,,,,,,,,,,,*1E
22:51:27.319 << $GPGSV,3,1,11,14,70,326,32,30,63,205,39,17,56,244,26,22,52,304,*77
22:51:27.321 << $GPGSV,3,2,11,01,47,090,27,02,38,057,24,07,33,164,30,19,21,236,*70
22:51:27.321 << $GPGSV,3,3,11,20,17,282,,08,14,058,,15,06,310,*45
22:51:27.322 << $GPRMC,035127.000,V,,,,,0.21,243.26,230107,,,N*4A
22:51:28.301 << $GPGGA,035128.000,,,,,0,3,,,M,,M,,*46
22:51:28.303 << $GPGSA,A,1,,,,,,,,,,,,,,,*1E
22:51:28.305 << $GPGSV,3,1,11,14,70,326,32,30,63,205,39,17,56,244,26,22,52,304,*77
22:51:28.306 << $GPGSV,3,2,11,01,47,090,26,02,38,057,25,07,33,164,30,19,21,236,*70
22:51:28.307 << $GPGSV,3,3,11,20,17,282,,08,14,058,,15,06,310,*45
22:51:28.308 << $GPRMC,035128.000,V,,,,,0.27,243.26,230107,,,N*43
22:51:29.293 << $GPGGA,035129.000,,,,,0,3,,,M,,M,,*47
22:51:29.303 << $GPGSA,A,1,,,,,,,,,,,,,,,*1E
22:51:29.305 << $GPGSV,3,1,11,14,70,326,32,30,63,205,39,17,56,244,26,22,52,304,*77
22:51:29.305 << $GPGSV,3,2,11,01,47,090,26,02,38,057,26,07,33,164,30,19,21,236,*73
22:51:29.305 << $GPGSV,3,3,11,20,17,282,,08,14,058,,15,06,310,*45
22:51:29.305 << $GPRMC,035129.000,V,,,,,0.41,243.26,230107,,,N*42
22:51:30.278 << $GPGGA,035130.000,,,,,0,3,,,M,,M,,*4F
22:51:30.280 << $GPGSA,A,1,,,,,,,,,,,,,,,*1E
22:51:30.281 << $GPGSV,3,1,11,14,70,326,32,30,63,205,39,17,56,244,26,22,52,304,*77
22:51:30.283 << $GPGSV,3,2,11,01,47,090,26,02,38,057,26,07,33,164,30,19,21,236,*73
22:51:30.284 << $GPGSV,3,3,11,20,17,282,,08,14,058,,15,06,310,*45
22:51:30.285 << $GPRMC,035130.000,V,,,,,0.05,243.26,230107,,,N*4A
22:51:31.699 << $GPGGA,035131.000,,,,,0,4,,,M,,M,,*49
22:51:31.701 << $GPGSA,A,1,,,,,,,,,,,,,,,*1E
22:51:31.702 << $GPGSV,3,1,12,14,70,326,32,30,63,205,39,17,56,244,26,22,52,304,*74
22:51:31.703 << $GPGSV,3,2,12,01,47,090,26,02,38,057,27,51,37,207,,07,33,164,30*78
22:51:31.705 << $GPGSV,3,3,12,19,21,236,,20,17,282,,08,14,058,,15,06,310,*7A
22:51:31.706 << $GPRMC,035131.000,V,,,,,0.43,243.26,230107,,,N*49
22:51:32.678 << $GPGGA,035132.000,4153.0239,N,08748.2206,W,1,6,1.43,182.3,M,-34.0,M,,*64
22:51:32.681 << $GPGSA,A,3,14,30,07,01,17,02,,,,,,,1.74,1.43,0.98*03
22:51:32.683 << $GPGSV,3,1,12,14,70,326,32,30,63,205,39,17,56,244,27,22,52,304,*75
22:51:32.684 << $GPGSV,3,2,12,01,47,090,26,02,38,057,27,51,37,207,,07,33,164,30*78
22:51:32.685 << $GPGSV,3,3,12,19,21,236,,20,17,282,,08,14,058,,15,06,310,*7A
22:51:32.687 << $GPRMC,035132.000,A,4153.0239,N,08748.2206,W,0.26,243.26,230107,,,A*76
22:51:33.667 << $GPGGA,035133.000,4153.0230,N,08748.2166,W,1,6,1.44,187.0,M,-34.0,M,,*68
22:51:33.670 << $GPGSA,A,3,14,30,07,01,17,02,,,,,,,1.74,1.44,0.98*04
22:51:33.672 << $GPGSV,3,1,12,14,70,326,32,30,63,205,39,17,56,244,27,22,52,304,*75
22:51:33.673 << $GPGSV,3,2,12,01,47,090,26,02,38,057,27,51,37,207,,07,33,164,30*78
22:51:33.674 << $GPGSV,3,3,12,19,21,236,,20,17,282,,08,14,058,,15,06,310,*7A
22:51:34.134 << $GPRMC,035133.000,A,4153.0230,N,08748.2166,W,0.22,243.26,230107,,,A*7F
22:51:34.621 << $GPGGA,035134.000,4153.0253,N,08748.2133,W,1,6,1.43,182.1,M,-34.0,M,,*69
22:51:34.624 << $GPGSA,A,3,14,30,07,01,17,02,,,,,,,1.74,1.43,0.98*03
22:51:34.626 << $GPGSV,3,1,12,14,70,326,32,30,63,205,39,17,56,244,27,22,52,304,*75
22:51:34.627 << $GPGSV,3,2,12,01,47,090,26,02,38,057,27,51,37,207,,07,33,164,30*78
22:51:34.628 << $GPGSV,3,3,12,19,21,236,,20,17,282,,08,14,058,,15,06,310,*7A
22:51:35.110 << $GPRMC,035134.000,A,4153.0253,N,08748.2133,W,0.21,243.26,230107,,,A*7E
22:51:35.113 >> $PMTK182,2,8*33
22:51:35.593 << $GPGGA,035135.000,4153.0230,N,08748.2121,W,1,6,1.43,190.1,M,-34.0,M,,*6D
22:51:35.595 << $GPGSA,A,3,14,30,07,01,17,02,,,,,,,1.74,1.43,0.98*03
22:51:35.598 << $GPGSV,3,1,12,14,70,327,32,30,63,205,39,17,56,244,27,22,52,304,*74
22:51:35.599 << $GPGSV,3,2,12,01,47,090,26,02,38,057,27,51,37,207,,07,33,164,30*78
22:51:35.601 << $GPGSV,3,3,12,19,21,236,,20,17,282,,08,14,058,,15,06,310,*7A
22:51:35.861 << $GPRMC,035135.000,A,4153.0230,N,08748.2121,W,0.18,243.26,230107,,,A*73
22:51:35.934 << $PMTK182,3,8,00016F50*6A
22:51:35.934 << $PMTK001,182,2,3*25
22:51:36.338 << $GPGGA,035136.000,4153.0227,N,08748.2090,W,1,6,1.44,194.7,M,-34.0,M,,*66
22:51:36.341 << $GPGSA,A,3,14,30,07,01,17,02,,,,,,,1.74,1.44,0.98*04
22:51:36.343 << $GPGSV,3,1,12,14,70,327,32,30,63,205,39,17,56,244,27,22,52,304,*74
22:51:36.345 << $GPGSV,3,2,12,01,47,090,26,02,38,057,27,51,37,207,,07,33,164,30*78
22:51:36.346 << $GPGSV,3,3,12,19,21,236,,20,17,282,,08,14,058,,15,06,309,*72
22:51:36.401 << $GPRMC,035136.000,A,4153.0227,N,08748.2090,W,0.27,243.26,230107,,,A*71
22:51:37.385 << $GPGGA,035137.000,4153.0225,N,08748.2084,W,1,6,1.44,197.2,M,-34.0,M,,*66
22:51:37.390 << $GPGSA,A,3,14,30,07,01,17,02,,,,,,,1.74,1.44,0.98*04
22:51:37.394 << $GPGSV,3,1,12,14,70,327,32,30,63,205,39,17,56,244,27,22,52,304,*74
22:51:37.397 << $GPGSV,3,2,12,01,47,090,26,02,38,057,27,51,37,207,,07,33,164,30*78
22:51:37.399 << $GPGSV,3,3,12,19,21,236,,20,17,282,,08,14,058,,15,06,309,*72
22:51:37.401 << $GPRMC,035137.000,A,4153.0225,N,08748.2084,W,0.25,243.26,230107,,,A*75
22:51:38.330 << $GPGGA,035138.000,4153.0229,N,08748.2071,W,1,6,1.44,199.3,M,-34.0,M,,*60
22:51:38.335 << $GPGSA,A,3,14,30,07,01,17,02,,,,,,,1.74,1.44,0.98*04
22:51:38.340 << $GPGSV,3,1,12,14,70,327,32,30,63,205,39,17,57,244,27,22,52,304,*75
22:51:38.343 << $GPGSV,3,2,12,01,47,090,27,02,38,057,27,51,37,207,,07,33,164,30*79
22:51:38.345 << $GPGSV,3,3,12,19,21,236,,20,17,282,,08,14,058,,15,06,309,*72
22:51:38.347 << $GPRMC,035138.000,A,4153.0229,N,08748.2071,W,0.26,243.26,230107,,,A*7F
22:51:39.336 << $GPGGA,035139.000,4153.0223,N,08748.2070,W,1,6,1.43,201.1,M,-34.0,M,,*6D
22:51:39.341 << $GPGSA,A,3,14,30,07,01,17,02,,,,,,,1.74,1.43,0.98*03
22:51:39.345 << $GPGSV,3,1,12,14,70,327,32,30,63,205,39,17,57,244,27,22,52,304,*75
22:51:39.348 << $GPGSV,3,2,12,01,47,090,28,02,38,057,27,51,37,207,,07,33,164,30*76
22:51:39.351 << $GPGSV,3,3,12,19,21,236,,20,17,282,,08,14,058,,15,06,309,*72
22:51:39.353 << $GPRMC,035139.000,A,4153.0223,N,08748.2070,W,0.29,243.26,230107,,,A*7A
22:51:40.334 << $GPGGA,035140.000,4153.0232,N,08748.2057,W,1,6,1.44,200.9,M,-34.0,M,,*68
22:51:40.336 << $GPGSA,A,3,14,30,07,01,17,02,,,,,,,1.74,1.44,0.98*04
22:51:40.338 << $GPGSV,3,1,12,14,70,327,33,30,63,205,39,17,57,244,27,22,52,304,*74
22:51:40.341 << $GPGSV,3,2,12,01,47,090,28,02,38,057,27,51,37,207,,07,33,164,30*76
22:51:40.342 << $GPGSV,3,3,12,19,21,236,,20,17,282,,08,14,058,,15,06,309,*72
22:51:40.344 << $GPRMC,035140.000,A,4153.0232,N,08748.2057,W,0.14,243.26,230107,,,A*7F
22:51:41.444 << $GPGGA,035141.000,4153.0229,N,08748.2058,W,1,6,1.44,200.8,M,-34.0,M,,*6D
22:51:41.447 << $GPGSA,A,3,14,30,07,01,17,02,,,,,,,1.74,1.44,0.98*04
22:51:41.448 << $GPGSV,3,1,12,14,70,327,33,30,63,205,39,17,57,244,27,22,52,304,*74
22:51:41.929 << $GPGSV,3,2,12,01,47,090,28,02,38,057,27,07,33,164,30,44,33,219,*79
22:51:41.932 << $GPGSV,3,3,12,19,21,236,,20,17,282,,08,14,058,,15,06,309,*72
22:51:41.933 << $GPRMC,035141.000,A,4153.0229,N,08748.2058,W,0.23,243.26,230107,,,A*7F
22:51:42.424 << $GPGGA,035142.000,4153.0234,N,08748.2060,W,1,6,1.44,200.9,M,-34.0,M,,*68
22:51:42.427 << $GPGSA,A,3,14,30,07,01,17,02,,,,,,,1.74,1.44,0.98*04
22:51:42.429 << $GPGSV,3,1,12,14,70,327,33,30,63,205,39,17,57,244,27,22,52,304,*74
22:51:42.431 << $GPGSV,3,2,12,01,47,090,28,02,38,057,27,07,33,164,30,44,33,219,*79
22:51:42.432 << $GPGSV,3,3,12,19,21,236,,20,17,282,,08,14,058,,15,06,309,*72
22:51:42.434 << $GPRMC,035142.000,A,4153.0234,N,08748.2060,W,0.15,243.26,230107,,,A*7E
22:51:43.417 << $GPGGA,035143.000,4153.0225,N,08748.2065,W,1,6,1.44,202.2,M,-34.0,M,,*65
22:51:43.421 << $GPGSA,A,3,14,30,07,01,17,02,,,,,,,1.74,1.44,0.98*04
22:51:43.423 << $GPGSV,3,1,12,14,70,327,33,30,63,205,39,17,57,244,27,22,52,305,*75
22:51:43.425 << $GPGSV,3,2,12,01,47,090,28,02,38,057,27,07,33,164,30,44,33,219,*79
22:51:43.427 << $GPGSV,3,3,12,19,21,236,,20,17,282,,08,14,058,,15,06,309,*72
22:51:43.428 << $GPRMC,035143.000,A,4153.0225,N,08748.2065,W,0.16,243.26,230107,,,A*79
22:51:44.414 << $GPGGA,035144.000,4153.0216,N,08748.2068,W,1,6,1.44,202.3,M,-34.0,M,,*6E
22:51:44.418 << $GPGSA,A,3,14,30,07,01,17,02,,,,,,,1.74,1.44,0.98*04
22:51:44.421 << $GPGSV,3,1,12,14,70,327,33,30,63,205,39,17,57,244,27,22,52,305,*75
22:51:44.423 << $GPGSV,3,2,12,01,47,090,28,02,38,057,27,07,33,164,30,44,33,219,*79
22:51:44.424 << $GPGSV,3,3,12,19,21,236,,20,17,282,,08,14,058,,15,06,309,*72
22:51:44.426 << $GPRMC,035144.000,A,4153.0216,N,08748.2068,W,0.17,243.26,230107,,,A*72
22:51:45.352 << $GPGGA,035145.000,4153.0209,N,08748.2061,W,1,6,1.44,205.4,M,-34.0,M,,*68
22:51:45.357 << $GPGSA,A,3,14,30,07,01,17,02,,,,,,,1.74,1.44,0.98*04
22:51:45.361 << $GPGSV,3,1,12,14,70,327,33,30,63,205,39,17,57,244,27,22,52,305,*75
22:51:45.364 << $GPGSV,3,2,12,01,47,090,28,02,38,057,26,07,33,164,30,44,33,219,*78
22:51:45.366 << $GPGSV,3,3,12,19,21,236,,20,17,282,,08,14,058,,15,06,309,*72
22:51:45.369 << $GPRMC,035145.000,A,4153.0209,N,08748.2061,W,0.19,243.26,230107,,,A*7A
22:51:46.345 << $GPGGA,035146.000,4153.0206,N,08748.2049,W,1,6,1.44,206.4,M,-34.0,M,,*6D
22:51:46.347 << $GPGSA,A,3,14,30,07,01,17,02,,,,,,,1.74,1.44,0.98*04
22:51:46.348 << $GPGSV,3,1,12,14,70,327,34,30,63,205,39,17,57,244,27,22,52,305,*72
22:51:46.350 << $GPGSV,3,2,12,01,47,090,28,02,38,057,26,07,33,164,30,44,33,219,*78
22:51:46.351 << $GPGSV,3,3,12,19,21,236,,20,17,282,,08,14,058,,15,06,309,*72
22:51:46.352 << $GPRMC,035146.000,A,4153.0206,N,08748.2049,W,0.29,243.26,230107,,,A*7F
22:51:47.274 >> $PMTK182,2,8*33
22:51:47.305 << $GPGGA,035147.000,4153.0203,N,08748.2058,W,1,6,1.44,205.1,M,-34.0,M,,*6F
22:51:47.307 << $GPGSA,A,3,14,30,07,01,17,02,,,,,,,1.74,1.44,0.98*04
22:51:47.308 << $GPGSV,3,1,12,14,70,327,34,30,63,205,39,17,57,244,27,22,52,305,*72
22:51:47.310 << $GPGSV,3,2,12,01,47,090,28,02,38,057,26,07,33,164,30,44,33,219,29*73
22:51:47.312 << $GPGSV,3,3,12,19,21,236,,20,17,282,,08,14,058,,15,06,309,*72
22:51:47.314 << $GPRMC,035147.000,A,4153.0203,N,08748.2058,W,0.15,243.26,230107,,,A*74
22:51:47.411 << $PMTK182,3,8,00016F80*67
22:51:47.411 << $PMTK001,182,2,3*25
22:51:48.334 << $GPGGA,035148.000,4153.0199,N,08748.2064,W,1,6,1.44,205.5,M,-34.0,M,,*6B
22:51:48.339 << $GPGSA,A,3,14,30,07,01,17,02,,,,,,,1.74,1.44,0.98*04
22:51:48.341 << $GPGSV,3,1,12,14,70,327,34,30,63,205,39,17,57,244,27,22,52,305,*72
22:51:48.342 << $GPGSV,3,2,12,01,47,090,28,02,38,057,25,07,33,164,30,44,33,219,29*70
22:51:48.343 << $GPGSV,3,3,12,19,21,236,,20,17,282,,08,14,058,,15,06,309,*72
22:51:48.345 << $GPRMC,035148.000,A,4153.0199,N,08748.2064,W,0.14,243.26,230107,,,A*75
22:51:49.356 << $GPGGA,035149.000,4153.0195,N,08748.2065,W,1,6,1.44,205.5,M,-34.0,M,,*67
22:51:49.360 << $GPGSA,A,3,14,30,07,01,17,02,,,,,,,1.74,1.44,0.98*04
22:51:49.364 << $GPGSV,3,1,12,14,70,327,34,30,63,205,39,17,57,244,27,22,52,305,*72
22:51:49.367 << $GPGSV,3,2,12,01,47,090,28,02,38,057,25,07,33,164,31,44,33,219,*7A
22:51:49.369 << $GPGSV,3,3,12,19,21,236,,20,17,282,,08,14,058,,15,06,309,*72
22:51:49.423 << $GPRMC,035149.000,A,4153.0195,N,08748.2065,W,0.11,243.26,230107,,,A*7C
22:51:50.363 << $GPGGA,035150.000,4153.0191,N,08748.2071,W,1,6,1.44,206.0,M,-34.0,M,,*68
22:51:50.365 << $GPGSA,A,3,14,30,07,01,17,02,,,,,,,1.74,1.44,0.98*04
22:51:50.367 << $GPGSV,3,1,12,14,70,327,34,30,63,205,39,17,57,244,27,22,52,305,*72
22:51:50.369 << $GPGSV,3,2,12,01,47,090,29,02,38,057,25,07,33,164,31,44,33,219,*7B
22:51:50.370 << $GPGSV,3,3,12,19,21,236,,20,17,282,,08,14,058,,15,06,309,*72
22:51:50.424 << $GPRMC,035150.000,A,4153.0191,N,08748.2071,W,0.08,243.26,230107,,,A*7D
22:51:51.329 << $GPGGA,035151.000,4153.0190,N,08748.2082,W,1,6,1.44,204.6,M,-34.0,M,,*60
22:51:51.331 << $GPGSA,A,3,14,30,07,01,17,02,,,,,,,1.74,1.44,0.98*04
22:51:51.333 << $GPGSV,3,1,12,14,70,327,34,30,63,205,39,17,57,244,27,22,52,305,*72
22:51:51.335 << $GPGSV,3,2,12,01,47,090,29,02,38,057,25,07,33,164,31,44,33,219,*7B
22:51:51.336 << $GPGSV,3,3,12,19,21,236,,20,17,282,,08,14,058,,15,06,309,*72
22:51:51.337 << $GPRMC,035151.000,A,4153.0190,N,08748.2082,W,0.07,243.26,230107,,,A*7E
22:51:52.336 << $GPGGA,035152.000,4153.0189,N,08748.2081,W,1,6,1.44,204.6,M,-34.0,M,,*68
22:51:52.342 << $GPGSA,A,3,14,30,07,01,17,02,,,,,,,1.74,1.44,0.98*04
22:51:52.345 << $GPGSV,3,1,12,14,70,327,34,30,63,205,39,17,57,244,27,22,52,305,*72
22:51:52.347 << $GPGSV,3,2,12,01,47,090,29,02,38,057,25,07,33,164,31,44,33,219,*7B
22:51:52.350 << $GPGSV,3,3,12,19,21,236,,20,17,282,,08,14,058,,15,06,309,*72
22:51:52.353 << $GPRMC,035152.000,A,4153.0189,N,08748.2081,W,0.05,243.26,230107,,,A*74
22:51:53.647 << $GPGGA,035153.000,4153.0191,N,08748.2070,W,1,6,1.44,204.1,M,-34.0,M,,*69
22:51:53.652 << $GPGSA,A,3,14,30,07,01,17,02,,,,,,,1.74,1.44,0.98*04
22:51:53.655 << $GPGSV,3,1,12,14,70,327,34,30,63,205,39,17,57,244,27,22,52,305,*72
22:51:53.657 << $GPGSV,3,2,12,01,47,090,29,02,38,057,25,07,33,164,31,44,33,219,*7B
22:51:53.658 << $GPGSV,3,3,12,19,21,236,,20,17,282,,08,14,058,,15,06,309,*72
22:51:54.118 << $GPRMC,035153.000,A,4153.0191,N,08748.2070,W,0.25,243.26,230107,,,A*70
22:51:54.610 << $GPGGA,035154.000,4153.0190,N,08748.2066,W,1,6,1.44,205.7,M,-34.0,M,,*6F
22:51:54.613 << $GPGSA,A,3,14,30,07,01,17,02,,,,,,,1.74,1.44,0.98*04
22:51:54.616 << $GPGSV,3,1,12,14,70,327,34,30,63,205,39,17,57,244,27,22,52,305,*72
22:51:54.618 << $GPGSV,3,2,12,01,47,090,29,02,38,057,25,07,33,164,31,44,33,219,29*70
22:51:54.620 << $GPGSV,3,3,12,19,21,236,,20,17,282,,08,14,058,,15,06,309,*72
22:51:54.621 << $GPRMC,035154.000,A,4153.0190,N,08748.2066,W,0.23,243.26,230107,,,A*77
22:51:54.936 >> $PMTK182,2,8*33
22:51:55.330 << $GPGGA,035155.000,4153.0184,N,08748.2068,W,1,6,1.44,206.1,M,-34.0,M,,*60
22:51:55.334 << $GPGSA,A,3,14,30,07,01,17,02,,,,,,,1.74,1.44,0.98*04
22:51:55.337 << $GPGSV,3,1,12,14,70,327,34,30,63,205,39,17,57,244,27,22,52,305,*72
22:51:55.339 << $GPGSV,3,2,12,01,47,090,29,02,37,057,25,07,33,164,31,44,33,219,28*7E
22:51:55.340 << $GPGSV,3,3,12,19,21,236,,20,17,282,,08,14,058,,15,06,309,*72
22:51:55.342 << $GPRMC,035155.000,A,4153.0184,N,08748.2068,W,0.24,243.26,230107,,,A*7A
22:51:55.344 << $PMTK182,3,8,00016FB0*1D
22:51:55.345 << $PMTK001,182,2,3*25
22:51:56.330 << $GPGGA,035156.000,4153.0182,N,08748.2059,W,1,6,1.44,205.4,M,-34.0,M,,*61
22:51:56.335 << $GPGSA,A,3,14,30,07,01,17,02,,,,,,,1.74,1.44,0.98*04
22:51:56.339 << $GPGSV,3,1,12,14,70,327,34,30,63,205,39,17,57,244,27,22,52,305,*72
22:51:56.342 << $GPGSV,3,2,12,01,47,090,29,02,37,057,25,07,33,164,31,48,28,228,*70
22:51:56.345 << $GPGSV,3,3,12,19,21,236,,20,17,282,,08,14,058,,15,06,309,*72
22:51:56.347 << $GPRMC,035156.000,A,4153.0182,N,08748.2059,W,0.32,243.26,230107,,,A*7A
22:51:57.371 << $GPGGA,035157.000,4153.0183,N,08748.2056,W,1,6,1.44,205.5,M,-34.0,M,,*6F
22:51:57.376 << $GPGSA,A,3,14,30,07,01,17,02,,,,,,,1.74,1.44,0.98*04
22:51:57.380 << $GPGSV,3,1,12,14,70,327,34,30,63,205,39,17,57,244,27,22,52,305,*72
22:51:57.383 << $GPGSV,3,2,12,01,47,090,30,02,37,057,25,07,33,164,31,48,28,228,*78
22:51:57.385 << $GPGSV,3,3,12,19,21,236,,20,17,282,,08,14,058,,15,06,309,*72
22:51:57.468 << $GPRMC,035157.000,A,4153.0183,N,08748.2056,W,0.25,243.26,230107,,,A*73
22:51:58.317 << $GPGGA,035158.000,4153.0184,N,08748.2047,W,1,6,1.44,206.3,M,-34.0,M,,*62
22:51:58.321 << $GPGSA,A,3,14,30,07,01,17,02,,,,,,,1.74,1.44,0.98*04
22:51:58.324 << $GPGSV,3,1,12,14,70,327,34,30,63,205,39,17,57,244,27,22,52,305,*72
22:51:58.327 << $GPGSV,3,2,12,01,47,090,30,02,37,057,25,07,33,164,31,48,28,228,*78
22:51:58.329 << $GPGSV,3,3,12,19,21,236,,20,17,282,,08,14,058,,15,06,309,*72
22:51:58.331 << $GPRMC,035158.000,A,4153.0184,N,08748.2047,W,0.32,243.26,230107,,,A*7D
22:51:59.323 << $GPGGA,035159.000,4153.0184,N,08748.2043,W,1,6,1.44,205.8,M,-34.0,M,,*6F
22:51:59.328 << $GPGSA,A,3,14,30,07,01,17,02,,,,,,,1.74,1.44,0.98*04
22:51:59.332 << $GPGSV,3,1,12,14,70,327,34,30,63,205,39,17,57,244,26,22,52,305,*73
22:51:59.334 << $GPGSV,3,2,12,01,47,090,30,02,37,057,25,07,33,164,31,48,28,228,*78
22:51:59.337 << $GPGSV,3,3,12,19,21,236,,20,17,282,,08,14,058,,15,06,309,*72
22:51:59.339 >> $PMTK182,2,8*33
22:51:59.372 << $GPRMC,035159.000,A,4153.0184,N,08748.2043,W,0.40,243.26,230107,,,A*7D
22:51:59.445 << $PMTK182,3,8,00016FB0*1D
22:51:59.447 << $PMTK001,182,2,3*25
22:52:00.322 << $GPGGA,035200.000,4153.0182,N,08748.2039,W,1,6,1.44,206.5,M,-34.0,M,,*65
22:52:00.328 << $GPGSA,A,3,14,30,07,01,17,02,,,,,,,1.74,1.44,0.98*04
22:52:00.331 << $GPGSV,3,1,12,14,70,327,34,30,63,205,39,17,57,244,26,22,52,305,*73
22:52:00.334 << $GPGSV,3,2,12,01,47,090,30,02,37,057,25,07,33,164,31,48,28,228,*78
22:52:00.337 << $GPGSV,3,3,12,19,21,236,,20,17,282,,08,14,058,,15,06,309,*72
22:52:00.396 << $GPRMC,035200.000,A,4153.0182,N,08748.2039,W,0.37,243.26,230107,,,A*79
22:52:01.386 << $GPGGA,035201.000,4153.0182,N,08748.2053,W,1,6,1.44,202.9,M,-34.0,M,,*60
22:52:01.388 << $GPGSA,A,3,14,30,07,01,17,02,,,,,,,1.74,1.44,0.98*04
22:52:01.443 << $GPGSV,3,1,12,14,70,327,34,30,63,205,39,17,57,244,26,22,52,305,*73
22:52:01.446 << $GPGSV,3,2,12,01,47,090,30,02,37,057,24,07,33,164,31,48,28,228,*79
22:52:01.448 << $GPGSV,3,3,12,19,21,236,,20,17,282,,08,14,059,,15,06,309,*73
22:52:01.448 << $GPRMC,035201.000,A,4153.0182,N,08748.2053,W,0.42,243.26,230107,,,A*76
22:52:02.330 << $GPGGA,035202.000,4153.0183,N,08748.2061,W,1,6,1.44,202.5,M,-34.0,M,,*6F
22:52:02.338 << $GPGSA,A,3,14,30,07,01,17,02,,,,,,,1.74,1.44,0.98*04
22:52:02.341 << $GPGSV,3,1,12,14,70,327,34,30,63,205,39,17,57,244,26,22,52,305,*73
22:52:02.344 << $GPGSV,3,2,12,01,47,090,30,02,37,057,24,07,33,164,31,48,28,228,*79
22:52:02.345 << $GPGSV,3,3,12,19,21,236,,20,17,282,,08,14,059,,15,06,309,*73
22:52:02.401 << $GPRMC,035202.000,A,4153.0183,N,08748.2061,W,0.36,243.26,230107,,,A*76
22:52:03.329 << $GPGGA,035203.000,4153.0186,N,08748.2067,W,1,6,1.44,201.5,M,-34.0,M,,*6E
22:52:03.332 << $GPGSA,A,3,14,30,07,01,17,02,,,,,,,1.74,1.44,0.98*04
22:52:03.334 << $GPGSV,3,1,12,14,70,327,34,30,63,205,38,17,57,244,25,22,52,305,*71
22:52:03.337 << $GPGSV,3,2,12,01,47,090,30,02,37,057,24,07,33,164,31,48,28,228,*79
22:52:03.337 << $GPGSV,3,3,12,19,21,236,,20,17,282,,08,14,059,,15,06,309,*73
22:52:03.401 << $GPRMC,035203.000,A,4153.0186,N,08748.2067,W,0.30,243.26,230107,,,A*72
22:52:03.452 >> $PMTK182,2,8*33
22:52:06.470 -- retry 1/3 for PMTK182,2,8: no matching response in 3000ms
22:52:06.473 >> $PMTK182,2,8*33
22:52:07.677 -- link lost: The logger disconnected. It may be out of range, switched off, or flat.
22:52:18.013 -- ensuring 00:1C:88:22:15:98 is bonded
22:52:18.014 -- already bonded
22:52:20.724 >> $PMTK605*31
22:52:21.048 << $PMTK705,AXN_1.30-B_1.3_C01,0008,BT-Q1000XT,1.0*65
22:52:21.049 >> $PMTK182,2,2*39
22:52:21.372 << $GPGGA,035221.000,4153.0194,N,08748.2090,W,1,6,1.44,198.4,M,-34.0,M,,*67
22:52:21.372 << $GPGSA,A,3,14,30,07,01,17,02,,,,,,,1.74,1.44,0.98*04
22:52:21.373 << $GPGSV,3,1,12,14,70,327,31,30,63,205,37,17,57,244,19,22,53,305,*75
22:52:21.373 << $GPGSV,3,2,12,01,47,090,31,02,37,057,23,07,33,164,32,19,22,237,*7C
22:52:21.373 << $GPGSV,3,3,12,20,17,282,,08,14,059,,15,06,309,,33,04,102,*78
22:52:21.374 << $GPRMC,035221.000,A,4153.0194,N,08748.2090,W,0.26,243.26,230107,,,A*7E
22:52:21.442 << $PMTK182,3,2,000A1C3F*62
22:52:21.442 << $PMTK001,182,2,3*25
22:52:21.443 >> $PMTK182,2,3*38
22:52:21.524 << $PMTK182,3,3,100*24
22:52:21.525 << $PMTK001,182,2,3*25
22:52:21.527 >> $PMTK182,2,7*3C
22:52:21.609 << $PMTK182,3,7,258*2E
22:52:21.611 << $PMTK001,182,2,3*25
22:52:21.613 >> $PMTK182,2,9*32
22:52:21.737 << $PMTK182,3,9,1C70171C*1E
22:52:21.739 << $PMTK001,182,2,3*25
22:52:21.741 >> $PMTK182,2,8*33
22:52:21.873 << $PMTK182,3,8,00017010*19
22:52:21.875 << $PMTK001,182,2,3*25
22:52:22.326 << $GPGGA,035222.000,4153.0194,N,08748.2091,W,1,6,1.44,198.4,M,-34.0,M,,*65
22:52:22.327 << $GPGSA,A,3,14,30,07,01,17,02,,,,,,,1.74,1.44,0.98*04
22:52:22.327 << $GPGSV,3,1,12,14,70,327,31,30,63,205,37,17,57,244,19,22,53,305,*75
22:52:22.328 << $GPGSV,3,2,12,01,47,090,31,02,37,057,24,07,33,164,32,19,22,237,*7B
22:52:22.329 << $GPGSV,3,3,12,20,17,282,,08,14,059,,15,06,309,,33,04,102,*78
22:52:22.329 << $GPRMC,035222.000,A,4153.0194,N,08748.2091,W,0.31,243.26,230107,,,A*7A
22:52:23.356 << $GPGGA,035223.000,4153.0194,N,08748.2092,W,1,6,1.44,198.3,M,-34.0,M,,*60
22:52:23.361 << $GPGSA,A,3,14,30,07,01,17,02,,,,,,,1.74,1.44,0.98*04
22:52:23.364 << $GPGSV,3,1,12,14,70,327,31,30,63,205,37,17,57,244,19,22,53,305,*75
22:52:23.367 << $GPGSV,3,2,12,01,47,090,31,02,37,057,24,07,33,164,32,19,22,237,*7B
22:52:23.369 << $GPGSV,3,3,12,20,17,282,,08,14,059,,15,06,309,,33,04,102,*78
22:52:23.489 << $GPRMC,035223.000,A,4153.0194,N,08748.2092,W,0.17,243.26,230107,,,A*7C
22:52:24.363 << $GPGGA,035224.000,4153.0194,N,08748.2092,W,1,6,1.44,198.3,M,-34.0,M,,*67
22:52:24.371 << $GPGSA,A,3,14,30,07,01,17,02,,,,,,,1.74,1.44,0.98*04
22:52:24.375 << $GPGSV,3,1,12,14,70,327,31,30,63,205,37,17,57,244,19,22,53,305,*75
22:52:24.377 << $GPGSV,3,2,12,01,47,090,31,02,37,057,24,07,33,164,32,19,22,237,*7B
22:52:24.378 << $GPGSV,3,3,12,20,17,282,,08,14,059,,15,06,309,,33,04,102,*78
22:52:24.434 << $GPRMC,035224.000,A,4153.0194,N,08748.2092,W,0.08,243.26,230107,,,A*75
22:52:25.416 << $GPGGA,035225.000,4153.0194,N,08748.2093,W,1,6,1.44,198.3,M,-34.0,M,,*67
22:52:25.419 << $GPGSA,A,3,14,30,07,01,17,02,,,,,,,1.74,1.44,0.98*04
22:52:25.421 << $GPGSV,3,1,12,14,70,327,32,30,63,205,37,17,57,244,19,22,53,305,*76
22:52:25.423 << $GPGSV,3,2,12,01,47,090,31,02,37,057,24,07,33,164,32,19,22,237,*7B
22:52:25.426 << $GPGSV,3,3,12,20,17,282,,08,14,059,,15,06,309,,33,04,102,*78
22:52:25.481 << $GPRMC,035225.000,A,4153.0194,N,08748.2093,W,0.12,243.26,230107,,,A*7E
22:52:26.101 >> $PMTK182,2,8*33
22:52:26.326 << $GPGGA,035226.000,4153.0194,N,08748.2093,W,1,6,1.44,198.3,M,-34.0,M,,*64
22:52:26.329 << $GPGSA,A,3,14,30,07,01,17,02,,,,,,,1.74,1.44,0.98*04
22:52:26.330 << $GPGSV,3,1,12,14,70,327,32,30,63,205,37,17,57,244,19,22,53,305,*76
22:52:26.330 << $GPGSV,3,2,12,01,47,089,31,02,37,057,24,07,33,164,32,19,22,237,*73
22:52:26.331 << $GPGSV,3,3,12,20,17,282,,08,14,059,,15,06,309,,33,04,102,*78
22:52:26.331 << $GPRMC,035226.000,A,4153.0194,N,08748.2093,W,0.04,243.26,230107,,,A*7A
22:52:26.334 << $PMTK182,3,8,00017040*1C
22:52:26.334 << $PMTK001,182,2,3*25
22:52:27.338 << $GPGGA,035227.000,4153.0194,N,08748.2093,W,1,6,1.44,198.3,M,-34.0,M,,*65
22:52:27.343 << $GPGSA,A,3,14,30,07,01,17,02,,,,,,,1.74,1.44,0.98*04
22:52:27.346 << $GPGSV,3,1,12,14,70,327,32,30,63,205,37,17,57,244,19,22,53,305,*76
22:52:27.349 << $GPGSV,3,2,12,01,47,089,31,02,37,057,24,07,33,164,32,19,22,237,*73
22:52:27.352 << $GPGSV,3,3,12,20,17,282,,08,14,059,,15,06,309,,33,04,102,*78
22:52:27.354 << $GPRMC,035227.000,A,4153.0194,N,08748.2093,W,0.09,243.26,230107,,,A*76
22:52:28.368 << $GPGGA,035228.000,4153.0193,N,08748.2093,W,1,6,1.44,198.3,M,-34.0,M,,*6D
22:52:28.372 << $GPGSA,A,3,14,30,07,01,17,02,,,,,,,1.74,1.44,0.98*04
22:52:28.375 << $GPGSV,3,1,12,14,70,327,32,30,63,205,37,17,57,244,19,22,53,305,*76
22:52:28.376 << $GPGSV,3,2,12,01,47,089,31,02,37,057,24,07,33,164,32,19,22,237,*73
22:52:28.376 << $GPGSV,3,3,12,20,17,282,,08,14,059,,15,06,309,,33,04,102,*78
22:52:28.429 << $GPRMC,035228.000,A,4153.0193,N,08748.2093,W,0.21,243.26,230107,,,A*74
22:52:29.311 << $GPGGA,035229.000,4153.0193,N,08748.2094,W,1,6,1.44,198.3,M,-34.0,M,,*6B
22:52:29.316 << $GPGSA,A,3,14,30,07,01,17,02,,,,,,,1.74,1.44,0.98*04
22:52:29.319 << $GPGSV,3,1,12,14,70,327,32,30,63,205,37,17,57,244,19,22,53,305,*76
22:52:29.378 << $GPGSV,3,2,12,01,47,089,31,02,37,057,24,07,33,164,32,19,22,237,*73
22:52:29.380 << $GPGSV,3,3,12,20,17,282,,08,14,059,,15,06,309,,33,04,102,*78
22:52:29.384 << $GPRMC,035229.000,A,4153.0193,N,08748.2094,W,0.31,243.26,230107,,,A*73
22:52:30.372 << $GPGGA,035230.000,4153.0193,N,08748.2096,W,1,6,1.44,198.2,M,-34.0,M,,*60
22:52:30.374 << $GPGSA,A,3,14,30,07,01,17,02,,,,,,,1.74,1.44,0.98*04
22:52:30.376 << $GPGSV,3,1,12,14,70,327,32,30,63,205,37,17,57,244,20,22,53,305,*7C
22:52:30.377 << $GPGSV,3,2,12,01,47,089,31,02,37,057,24,51,37,207,,07,33,164,32*78
22:52:30.377 << $GPGSV,3,3,12,19,22,237,,20,17,282,,08,14,059,,15,06,309,*71
22:52:30.430 << $GPRMC,035230.000,A,4153.0193,N,08748.2096,W,0.24,243.26,230107,,,A*7D
22:52:31.665 << $GPGGA,035231.000,4153.0193,N,08748.2097,W,1,6,1.44,198.2,M,-34.0,M,,*60
22:52:31.669 << $GPGSA,A,3,14,30,07,01,17,02,,,,,,,1.74,1.44,0.98*04
22:52:31.672 << $GPGSV,3,1,12,14,70,327,32,30,63,205,37,17,57,244,20,22,53,305,*7C
22:52:31.674 << $GPGSV,3,2,12,01,47,089,31,02,37,057,24,51,37,207,,07,33,164,32*78
22:52:31.676 << $GPGSV,3,3,12,19,22,237,,20,17,282,,08,14,059,,15,06,309,*71
22:52:31.679 << $GPRMC,035231.000,A,4153.0193,N,08748.2097,W,0.30,243.26,230107,,,A*78
22:52:32.675 << $GPGGA,035232.000,4153.0193,N,08748.2098,W,1,6,1.44,198.2,M,-34.0,M,,*6C
22:52:32.680 << $GPGSA,A,3,14,30,07,01,17,02,,,,,,,1.74,1.44,0.98*04
22:52:32.684 << $GPGSV,3,1,12,14,70,327,32,30,63,205,37,17,57,244,20,22,53,305,*7C
22:52:32.687 << $GPGSV,3,2,12,01,47,089,31,02,37,057,24,51,37,207,,07,32,164,32*79
22:52:32.690 << $GPGSV,3,3,12,19,22,237,,20,17,282,,08,14,059,,15,06,309,*71
22:52:32.694 << $GPRMC,035232.000,A,4153.0193,N,08748.2098,W,0.23,243.26,230107,,,A*76
22:52:33.608 << $GPGGA,035233.000,4153.0193,N,08748.2098,W,1,6,1.44,198.2,M,-34.0,M,,*6D
22:52:33.612 << $GPGSA,A,3,14,30,07,01,17,02,,,,,,,1.74,1.44,0.98*04
22:52:33.614 << $GPGSV,3,1,12,14,70,327,32,30,63,205,37,17,57,244,21,22,53,305,*7D
22:52:33.616 << $GPGSV,3,2,12,01,47,089,31,02,37,057,24,51,37,207,,07,32,164,32*79
22:52:33.617 << $GPGSV,3,3,12,19,22,237,,20,17,282,,08,13,059,,15,06,309,*76
22:52:33.618 << $GPRMC,035233.000,A,4153.0193,N,08748.2098,W,0.19,243.26,230107,,,A*7E
22:52:33.926 >> $PMTK182,2,8*33
22:52:34.333 << $GPGGA,035234.000,4153.0193,N,08748.2099,W,1,6,1.44,198.2,M,-34.0,M,,*6B
22:52:34.337 << $GPGSA,A,3,14,30,07,01,17,02,,,,,,,1.74,1.44,0.98*04
22:52:34.339 << $GPGSV,3,1,12,14,70,327,32,30,63,205,37,17,57,244,21,22,53,305,*7D
22:52:34.340 << $GPGSV,3,2,12,01,47,089,31,02,37,057,24,51,37,207,,07,32,164,32*79
22:52:34.342 << $GPGSV,3,3,12,19,22,237,,20,17,282,,08,13,059,,15,06,309,*76
22:52:34.344 << $GPRMC,035234.000,A,4153.0193,N,08748.2099,W,0.12,243.26,230107,,,A*73
22:52:34.351 << $PMTK182,3,8,00017070*1F
22:52:34.351 << $PMTK001,182,2,3*25
22:52:35.337 << $GPGGA,035235.000,4153.0193,N,08748.2100,W,1,6,1.44,198.2,M,-34.0,M,,*6B
22:52:35.341 << $GPGSA,A,3,14,30,07,01,17,02,,,,,,,1.74,1.44,0.98*04
22:52:35.344 << $GPGSV,3,1,12,14,70,327,32,30,63,205,37,17,57,244,21,22,53,305,*7D
22:52:35.346 << $GPGSV,3,2,12,01,47,089,31,02,37,057,24,51,37,207,,07,32,164,32*79
22:52:35.348 << $GPGSV,3,3,12,19,22,237,,20,17,282,,08,13,059,,15,06,309,*76
22:52:35.350 << $GPRMC,035235.000,A,4153.0193,N,08748.2100,W,0.24,243.26,230107,,,A*76
22:52:36.369 << $GPGGA,035236.000,4153.0193,N,08748.2101,W,1,6,1.44,198.2,M,-34.0,M,,*69
22:52:36.372 << $GPGSA,A,3,14,30,07,01,17,02,,,,,,,1.74,1.44,0.98*04
22:52:36.374 << $GPGSV,3,1,12,14,70,327,32,30,63,205,37,17,57,244,21,22,53,305,*7D
22:52:36.376 << $GPGSV,3,2,12,01,47,089,31,02,37,057,24,51,37,207,,07,32,164,32*79
22:52:36.378 << $GPGSV,3,3,12,19,22,237,,20,17,282,,08,13,059,,15,06,309,*76
22:52:36.434 << $GPRMC,035236.000,A,4153.0193,N,08748.2101,W,0.19,243.26,230107,,,A*7A
22:52:37.426 << $GPGGA,035237.000,4153.0193,N,08748.2101,W,1,6,1.44,198.2,M,-34.0,M,,*68
22:52:37.429 << $GPGSA,A,3,14,30,07,01,17,02,,,,,,,1.74,1.44,0.98*04
22:52:37.431 << $GPGSV,3,1,12,14,70,327,32,30,63,205,37,17,57,244,21,22,53,305,*7D
22:52:37.432 << $GPGSV,3,2,12,01,47,089,31,02,37,057,24,51,37,207,,07,32,164,32*79
22:52:37.432 << $GPGSV,3,3,12,19,22,237,,20,17,282,,08,13,059,,15,06,309,*76
22:52:37.488 << $GPRMC,035237.000,A,4153.0193,N,08748.2101,W,0.10,243.26,230107,,,A*72
22:52:38.435 << $GPGGA,035238.000,4153.0193,N,08748.2102,W,1,6,1.44,198.2,M,-34.0,M,,*64
22:52:38.438 << $GPGSA,A,3,14,30,07,01,17,02,,,,,,,1.74,1.44,0.98*04
22:52:38.440 << $GPGSV,3,1,12,14,70,327,32,30,63,205,37,17,57,244,21,22,53,305,*7D
22:52:38.440 << $GPGSV,3,2,12,01,47,089,31,02,37,057,24,51,37,207,,07,32,164,32*79
22:52:38.440 << $GPGSV,3,3,12,19,22,237,,20,17,282,,08,13,059,,15,06,309,*76
22:52:38.493 << $GPRMC,035238.000,A,4153.0193,N,08748.2102,W,0.10,243.26,230107,,,A*7E
22:52:39.469 << $GPGGA,035239.000,4153.0193,N,08748.2101,W,1,6,1.44,198.2,M,-34.0,M,,*66
22:52:39.471 << $GPGSA,A,3,14,30,07,01,17,02,,,,,,,1.74,1.44,0.98*04
22:52:39.473 << $GPGSV,3,1,12,14,71,328,32,30,63,205,37,17,57,244,22,22,53,305,*70
22:52:39.474 << $GPGSV,3,2,12,01,47,089,31,02,37,057,23,44,33,219,,07,32,164,32*71
22:52:39.475 << $GPGSV,3,3,12,19,22,237,,20,17,282,,08,13,059,,15,06,309,*76
22:52:39.477 << $GPRMC,035239.000,A,4153.0193,N,08748.2101,W,0.10,243.26,230107,,,A*7C
22:52:40.456 << $GPGGA,035240.000,4153.0193,N,08748.2101,W,1,6,1.44,198.1,M,-34.0,M,,*6B
22:52:40.459 << $GPGSA,A,3,14,30,07,01,17,02,,,,,,,1.74,1.44,0.98*04
22:52:40.461 << $GPGSV,3,1,12,14,71,328,32,30,63,205,37,17,57,244,22,22,53,305,*70
22:52:40.462 << $GPGSV,3,2,12,01,47,089,31,02,37,057,23,44,33,219,,07,32,164,32*71
22:52:40.464 << $GPGSV,3,3,12,19,22,237,,20,17,282,,08,13,059,,15,06,309,*76
22:52:40.465 << $GPRMC,035240.000,A,4153.0193,N,08748.2101,W,0.20,243.26,230107,,,A*71
22:52:41.447 << $GPGGA,035241.000,4153.0193,N,08748.2102,W,1,6,1.44,198.2,M,-34.0,M,,*6A
22:52:41.448 << $GPGSA,A,3,14,30,07,01,17,02,,,,,,,1.74,1.44,0.98*04
22:52:41.448 << $GPGSV,3,1,12,14,71,328,32,30,63,205,37,17,57,244,22,22,53,305,*70
22:52:41.449 << $GPGSV,3,2,12,01,47,089,31,02,37,057,23,44,33,219,,07,32,164,32*71
22:52:41.449 << $GPGSV,3,3,12,19,22,237,,20,17,282,,08,13,059,,15,06,309,*76
22:52:41.892 << $GPRMC,035241.000,A,4153.0193,N,08748.2102,W,0.14,243.26,230107,,,A*74
22:52:42.381 << $GPGGA,035242.000,4153.0192,N,08748.2102,W,1,6,1.44,198.2,M,-34.0,M,,*68
22:52:42.384 << $GPGSA,A,3,14,30,07,01,17,02,,,,,,,1.74,1.44,0.98*04
22:52:42.386 << $GPGSV,3,1,12,14,71,328,32,30,63,205,37,17,57,245,22,22,53,305,*71
22:52:42.387 << $GPGSV,3,2,12,01,47,089,31,02,37,057,23,44,33,219,,07,32,164,32*71
22:52:42.389 << $GPGSV,3,3,12,19,22,237,,20,17,282,,08,13,059,,15,06,309,*76
22:52:42.443 << $GPRMC,035242.000,A,4153.0192,N,08748.2102,W,0.16,243.26,230107,,,A*74
22:52:43.360 << $GPGGA,035243.000,4153.0192,N,08748.2103,W,1,6,1.44,198.2,M,-34.0,M,,*68
22:52:43.363 << $GPGSA,A,3,14,30,07,01,17,02,,,,,,,1.74,1.44,0.98*04
22:52:43.365 << $GPGSV,3,1,12,14,71,328,32,30,63,205,37,17,57,245,22,22,53,305,*71
22:52:43.366 << $GPGSV,3,2,12,01,47,089,31,02,37,057,23,44,33,219,,07,32,164,32*71
22:52:43.370 << $GPGSV,3,3,12,19,22,237,,20,17,282,,08,13,059,,15,06,309,*76
22:52:43.847 << $GPRMC,035243.000,A,4153.0192,N,08748.2103,W,0.12,243.26,230107,,,A*70
22:52:44.330 << $GPGGA,035244.000,4153.0192,N,08748.2103,W,1,6,1.44,198.1,M,-34.0,M,,*6C
22:52:44.333 << $GPGSA,A,3,14,30,07,01,17,02,,,,,,,1.74,1.44,0.98*04
22:52:44.335 << $GPGSV,3,1,12,14,71,328,32,30,63,205,37,17,57,245,22,22,53,305,*71
22:52:44.337 << $GPGSV,3,2,12,01,47,089,31,02,37,057,23,44,33,219,,07,32,164,32*71
22:52:44.338 << $GPGSV,3,3,12,19,22,237,,20,17,282,,08,13,059,,15,06,309,*76
22:52:44.395 << $GPRMC,035244.000,A,4153.0192,N,08748.2103,W,0.24,243.26,230107,,,A*72
22:52:45.796 << $GPGGA,035245.000,4153.0192,N,08748.2104,W,1,6,1.44,198.1,M,-34.0,M,,*6A
22:52:45.800 << $GPGSA,A,3,14,30,07,01,17,02,,,,,,,1.74,1.44,0.98*04
22:52:45.801 << $GPGSV,3,1,12,14,71,328,32,30,63,205,37,17,57,245,22,22,53,305,*71
22:52:45.803 << $GPGSV,3,2,12,01,47,089,31,02,37,057,23,44,33,219,,07,32,164,32*71
22:52:45.804 << $GPGSV,3,3,12,19,22,237,,20,16,281,,08,13,059,,15,06,309,*74
22:52:45.805 << $GPRMC,035245.000,A,4153.0192,N,08748.2104,W,0.39,243.26,230107,,,A*78
22:52:46.116 >> $PMTK182,2,8*33
22:52:46.494 << $GPGGA,035246.000,4153.0192,N,08748.2106,W,1,7,1.44,198.1,M,-34.0,M,,*6A
22:52:46.500 << $GPGSA,A,3,14,30,07,01,17,02,22,,,,,,1.74,1.44,0.98*04
22:52:46.503 << $GPGSV,3,1,12,14,71,328,32,30,63,205,37,17,57,245,22,22,53,305,21*72
22:52:46.505 << $GPGSV,3,2,12,01,47,089,31,02,37,057,23,44,33,219,,07,32,164,32*71
22:52:46.556 << $GPGSV,3,3,12,19,22,237,,20,16,281,,08,13,059,,15,06,309,*74
22:52:46.560 << $GPRMC,035246.000,A,4153.0192,N,08748.2106,W,0.33,243.26,230107,,,A*73
22:52:46.601 << $PMTK182,3,8,000170A0*69
22:52:46.602 << $PMTK001,182,2,3*25
22:52:47.387 << $GPGGA,035247.000,4153.0192,N,08748.2107,W,1,7,1.44,198.1,M,-34.0,M,,*6A
22:52:47.389 << $GPGSA,A,3,14,30,07,01,17,02,22,,,,,,1.74,1.44,0.98*04
22:52:47.392 << $GPGSV,3,1,12,14,71,328,32,30,63,205,37,17,57,245,22,22,53,305,23*70
22:52:47.393 << $GPGSV,3,2,12,01,47,089,31,02,37,057,22,44,33,219,,07,32,164,32*70
22:52:47.455 << $GPGSV,3,3,12,19,22,237,,20,16,281,,08,13,059,,15,06,309,*74
22:52:47.457 << $GPRMC,035247.000,A,4153.0192,N,08748.2107,W,0.23,243.26,230107,,,A*72
22:52:48.348 << $GPGGA,035248.000,4153.0192,N,08748.2108,W,1,7,1.44,198.1,M,-34.0,M,,*6A
22:52:48.353 << $GPGSA,A,3,14,30,07,01,17,02,22,,,,,,1.74,1.44,0.98*04
22:52:48.357 << $GPGSV,3,1,12,14,71,328,32,30,63,205,37,17,57,245,22,22,53,305,24*77
22:52:48.359 << $GPGSV,3,2,12,01,47,089,31,02,37,057,22,44,33,219,,07,32,164,32*70
22:52:48.361 << $GPGSV,3,3,12,19,22,237,,20,16,281,,08,13,059,,15,06,309,*74
22:52:48.363 << $GPRMC,035248.000,A,4153.0192,N,08748.2108,W,0.24,243.26,230107,,,A*75
22:52:49.371 << $GPGGA,035249.000,4153.0192,N,08748.2109,W,1,7,1.44,198.1,M,-34.0,M,,*6A
22:52:49.375 << $GPGSA,A,3,14,30,07,01,17,02,22,,,,,,1.74,1.44,0.98*04
22:52:49.379 << $GPGSV,3,1,12,14,71,328,32,30,63,205,37,17,57,245,22,22,53,305,23*70
22:52:49.433 << $GPGSV,3,2,12,01,47,089,31,02,37,057,22,07,32,164,32,48,28,228,*74
22:52:49.435 << $GPGSV,3,3,12,19,22,237,,20,16,281,,08,13,059,,15,06,309,*74
22:52:49.436 << $GPRMC,035249.000,A,4153.0192,N,08748.2109,W,0.29,243.26,230107,,,A*78
22:52:50.334 << $GPGGA,035250.000,4153.0192,N,08748.2110,W,1,7,1.44,198.1,M,-34.0,M,,*6A
22:52:50.336 << $GPGSA,A,3,14,30,07,01,17,02,22,,,,,,1.74,1.44,0.98*04
22:52:50.338 << $GPGSV,3,1,12,14,71,328,32,30,63,205,37,17,57,245,22,22,53,305,24*77
22:52:50.339 << $GPGSV,3,2,12,01,47,089,31,02,37,057,22,07,32,164,32,48,28,228,*74
22:52:50.341 << $GPGSV,3,3,12,19,22,237,,20,16,281,,08,13,059,,15,06,309,*74
22:52:50.344 << $GPRMC,035250.000,A,4153.0192,N,08748.2110,W,0.17,243.26,230107,,,A*75
22:52:51.331 << $GPGGA,035251.000,4153.0192,N,08748.2111,W,1,7,1.44,198.0,M,-34.0,M,,*6B
22:52:51.336 << $GPGSA,A,3,14,30,07,01,17,02,22,,,,,,1.74,1.44,0.98*04
22:52:51.339 << $GPGSV,3,1,12,14,71,328,32,30,63,205,37,17,57,245,22,22,53,305,24*77
22:52:51.341 << $GPGSV,3,2,12,01,47,089,31,02,37,057,22,07,32,164,32,48,28,228,*74
22:52:51.643 << $GPGSV,3,3,12,19,22,237,,20,16,281,,08,13,059,,15,06,309,*74
22:52:51.646 << $GPRMC,035251.000,A,4153.0192,N,08748.2111,W,0.22,243.26,230107,,,A*73
22:52:52.267 >> $PMTK182,2,8*33
22:52:52.626 << $GPGGA,035252.000,4153.0192,N,08748.2112,W,1,7,1.44,198.0,M,-34.0,M,,*6B
22:52:52.630 << $GPGSA,A,3,14,30,07,01,17,02,22,,,,,,1.74,1.44,0.98*04
22:52:52.648 << $GPGSV,3,1,12,14,71,328,32,30,63,205,37,17,57,245,23,22,53,305,24*76
22:52:52.649 << $GPGSV,3,2,12,01,47,089,31,02,37,057,22,07,32,164,32,48,28,228,*74
22:52:52.651 << $GPGSV,3,3,12,19,22,237,,20,16,281,,08,13,059,,15,06,309,*74
22:52:52.653 << $GPRMC,035252.000,A,4153.0192,N,08748.2112,W,0.18,243.26,230107,,,A*7A
22:52:52.726 << $PMTK182,3,8,000170D0*6C
22:52:52.728 << $PMTK001,182,2,3*25
22:52:53.396 << $GPGGA,035253.000,4153.0192,N,08748.2112,W,1,7,1.44,198.0,M,-34.0,M,,*6A
22:52:53.400 << $GPGSA,A,3,14,30,07,01,17,02,22,,,,,,1.74,1.44,0.98*04
22:52:53.403 << $GPGSV,3,1,12,14,71,328,32,30,63,205,37,17,57,245,23,22,53,305,24*76
22:52:53.405 << $GPGSV,3,2,12,01,47,089,31,02,37,057,22,07,32,164,32,48,28,228,*74
22:52:53.462 << $GPGSV,3,3,12,19,22,237,,20,16,281,,08,13,059,,15,06,309,*74
22:52:53.465 << $GPRMC,035253.000,A,4153.0192,N,08748.2112,W,0.32,243.26,230107,,,A*73
22:52:54.341 << $GPGGA,035254.000,4153.0193,N,08748.2114,W,1,7,1.44,198.0,M,-34.0,M,,*6A
22:52:54.344 << $GPGSA,A,3,14,30,07,01,17,02,22,,,,,,1.74,1.44,0.98*04
22:52:54.345 << $GPGSV,3,1,12,14,71,328,32,30,63,205,37,17,57,245,23,22,53,305,24*76
22:52:54.345 << $GPGSV,3,2,12,01,47,089,31,02,37,057,22,07,32,164,32,48,28,228,*74
22:52:54.398 << $GPGSV,3,3,12,19,22,237,,20,16,281,,08,13,059,,15,06,309,*74
22:52:54.401 << $GPRMC,035254.000,A,4153.0193,N,08748.2114,W,0.40,243.26,230107,,,A*76
22:52:55.472 << $GPGGA,035255.000,4153.0193,N,08748.2115,W,1,8,1.15,198.0,M,-34.0,M,,*61
22:52:55.474 << $GPGSA,A,3,14,30,07,01,17,08,02,22,,,,,1.47,1.15,0.92*02
22:52:55.476 << $GPGSV,3,1,12,14,71,328,32,30,63,204,37,17,57,245,23,22,53,305,24*77
22:52:55.477 << $GPGSV,3,2,12,01,47,089,31,02,37,057,22,07,32,164,32,48,28,228,*74
22:52:55.479 << $GPGSV,3,3,12,19,22,237,,20,16,281,,08,13,059,21,15,06,309,*77
22:52:55.480 << $GPRMC,035255.000,A,4153.0193,N,08748.2115,W,0.48,243.26,230107,,,A*7E
22:52:56.355 << $GPGGA,035256.000,4153.0194,N,08748.2117,W,1,8,1.15,198.0,M,-34.0,M,,*67
22:52:56.360 << $GPGSA,A,3,14,30,07,01,17,08,02,22,,,,,1.47,1.15,0.92*02
22:52:56.361 << $GPGSV,3,1,12,14,71,328,32,30,63,204,37,17,57,245,23,22,53,305,24*77
22:52:56.361 << $GPGSV,3,2,12,01,47,089,31,02,37,057,22,07,32,164,32,48,28,228,28*7E
22:52:56.361 << $GPGSV,3,3,12,19,22,237,,20,16,281,,08,13,059,20,15,06,309,*76
22:52:56.362 << $GPRMC,035256.000,A,4153.0194,N,08748.2117,W,0.44,243.26,230107,,,A*74
22:52:57.388 << $GPGGA,035257.000,4153.0194,N,08748.2119,W,1,8,1.15,197.9,M,-34.0,M,,*6E
22:52:57.391 << $GPGSA,A,3,14,30,07,01,17,08,02,22,,,,,1.47,1.15,0.92*02
22:52:57.393 << $GPGSV,3,1,12,14,71,328,32,30,63,204,37,17,57,245,24,22,53,305,24*70
22:52:57.394 << $GPGSV,3,2,12,01,47,089,31,02,37,057,22,07,32,164,32,48,28,228,29*7F
22:52:57.449 << $GPGSV,3,3,12,19,22,237,,20,16,281,,08,13,059,21,15,06,309,*77
22:52:57.520 << $GPRMC,035257.000,A,4153.0194,N,08748.2119,W,0.35,243.26,230107,,,A*7D
22:52:58.141 >> $PMTK182,2,8*33
22:52:58.474 << $GPGGA,035258.000,4153.0194,N,08748.2120,W,1,8,1.15,197.9,M,-34.0,M,,*6B
22:52:58.479 << $GPGSA,A,3,14,30,07,01,17,08,02,22,,,,,1.47,1.15,0.92*02
22:52:58.482 << $GPGSV,3,1,12,14,71,328,32,30,63,204,37,17,57,245,24,22,53,305,24*70
22:52:58.484 << $GPGSV,3,2,12,01,47,089,31,02,37,057,21,07,32,164,32,48,28,228,30*74
22:52:59.163 << $GPGSV,3,3,12,19,22,237,,20,16,281,,08,13,059,20,15,06,309,*76
22:52:59.167 << $GPRMC,035258.000,A,4153.0194,N,08748.2120,W,0.30,243.26,230107,,,A*7D
22:52:59.229 << $PMTK182,3,8,000170D0*6C
22:52:59.230 << $PMTK001,182,2,3*25
22:52:59.365 << $GPGGA,035259.000,4153.0194,N,08748.2121,W,1,8,1.15,197.9,M,-34.0,M,,*6B
22:52:59.369 << $GPGSA,A,3,14,30,07,01,17,08,02,22,,,,,1.47,1.15,0.92*02
22:52:59.372 << $GPGSV,3,1,12,14,71,328,32,30,63,204,37,17,57,245,24,22,53,305,24*70
22:52:59.374 << $GPGSV,3,2,12,01,47,089,31,02,37,057,21,07,32,164,32,48,28,228,28*7D
22:52:59.431 << $GPGSV,3,3,12,19,22,237,,20,16,281,,08,13,059,21,15,06,309,*77
22:52:59.434 << $GPRMC,035259.000,A,4153.0194,N,08748.2121,W,0.34,243.26,230107,,,A*79
22:53:00.414 << $GPGGA,035300.000,4153.0195,N,08748.2122,W,1,8,1.15,197.9,M,-34.0,M,,*64
22:53:00.419 << $GPGSA,A,3,14,30,07,01,17,08,02,22,,,,,1.47,1.15,0.92*02
22:53:00.422 << $GPGSV,3,1,12,14,71,328,31,30,63,204,37,17,57,245,24,22,53,305,24*73
22:53:00.424 << $GPGSV,3,2,12,01,47,089,31,02,37,057,21,07,32,164,32,48,28,228,29*7C
22:53:00.481 << $GPGSV,3,3,12,19,22,237,,20,16,281,,08,13,059,21,15,06,309,*77
22:53:00.485 << $GPRMC,035300.000,A,4153.0195,N,08748.2122,W,0.42,243.26,230107,,,A*77
22:53:01.374 << $GPGGA,035301.000,4153.0195,N,08748.2124,W,1,8,1.15,197.9,M,-34.0,M,,*63
22:53:01.377 << $GPGSA,A,3,14,30,07,01,17,08,02,22,,,,,1.47,1.15,0.92*02
22:53:01.378 << $GPGSV,3,1,12,14,71,328,31,30,63,204,37,17,57,245,25,22,53,305,23*75
22:53:01.380 << $GPGSV,3,2,12,01,47,089,31,02,37,057,22,07,32,164,32,48,28,228,29*7F
22:53:01.382 << $GPGSV,3,3,12,19,22,237,,20,16,281,,08,13,059,20,15,06,309,*76
22:53:01.384 << $GPRMC,035301.000,A,4153.0195,N,08748.2124,W,0.43,243.26,230107,,,A*71
22:53:02.416 << $GPGGA,035302.000,4153.0196,N,08748.2125,W,1,8,1.15,197.9,M,-34.0,M,,*62
22:53:02.419 << $GPGSA,A,3,14,30,07,01,17,08,02,22,,,,,1.47,1.15,0.92*02
22:53:02.420 << $GPGSV,3,1,12,14,71,328,31,30,63,204,37,17,57,245,25,22,53,305,23*75
22:53:02.421 << $GPGSV,3,2,12,01,47,089,31,02,37,057,22,07,32,164,32,48,28,228,29*7F
22:53:02.482 << $GPGSV,3,3,12,19,22,237,,20,16,281,,08,13,059,20,15,06,309,*76
22:53:02.485 << $GPRMC,035302.000,A,4153.0196,N,08748.2125,W,0.50,243.26,230107,,,A*72
22:53:03.353 << $GPGGA,035303.000,4153.0196,N,08748.2127,W,1,8,1.15,197.9,M,-34.0,M,,*61
22:53:03.356 << $GPGSA,A,3,14,30,07,01,17,08,02,22,,,,,1.47,1.15,0.92*02
22:53:03.357 << $GPGSV,3,1,12,14,71,328,31,30,63,204,37,17,57,245,25,22,53,305,23*75
22:53:03.419 << $GPGSV,3,2,12,01,47,089,31,02,37,057,22,07,32,164,32,48,28,228,*74
22:53:03.421 << $GPGSV,3,3,12,19,22,237,,20,16,281,,08,13,059,20,15,06,309,*76
22:53:03.422 << $GPRMC,035303.000,A,4153.0196,N,08748.2127,W,0.47,243.26,230107,,,A*77
22:53:04.812 << $GPGGA,035304.000,4153.0197,N,08748.2128,W,1,8,1.15,197.9,M,-34.0,M,,*68
22:53:04.815 << $GPGSA,A,3,14,30,07,01,17,08,02,22,,,,,1.47,1.15,0.92*02
22:53:04.817 << $GPGSV,3,1,12,14,71,328,31,30,63,204,37,17,57,245,25,22,53,305,23*75
22:53:04.818 << $GPGSV,3,2,12,01,47,089,31,02,37,057,22,07,32,164,32,48,28,228,*74
22:53:05.297 << $GPGSV,3,3,12,19,22,237,,20,16,281,,08,13,059,20,15,06,309,*76
22:53:05.299 << $GPRMC,035304.000,A,4153.0197,N,08748.2128,W,0.23,243.26,230107,,,A*7C
22:53:05.789 << $GPGGA,035305.000,4153.0197,N,08748.2129,W,1,8,1.15,198.0,M,-34.0,M,,*6E
22:53:05.791 << $GPGSA,A,3,14,30,07,01,17,08,02,22,,,,,1.47,1.15,0.92*02
22:53:05.793 << $GPGSV,3,1,12,14,71,328,31,30,63,204,37,17,57,245,25,22,53,305,23*75
22:53:05.794 << $GPGSV,3,2,12,01,47,089,31,02,37,057,22,07,32,164,32,48,28,228,*74
22:53:05.795 << $GPGSV,3,3,12,19,22,237,,20,16,281,,08,13,059,20,15,06,309,*76
22:53:05.797 << $GPRMC,035305.000,A,4153.0197,N,08748.2129,W,0.31,243.26,230107,,,A*7F
22:53:06.783 << $GPGGA,035306.000,4153.0197,N,08748.2130,W,1,8,1.15,198.0,M,-34.0,M,,*65
22:53:06.788 << $GPGSA,A,3,14,30,07,01,17,08,02,22,,,,,1.47,1.15,0.92*02
22:53:06.791 << $GPGSV,3,1,12,14,71,328,31,30,63,204,37,17,57,245,25,22,53,305,23*75
22:53:06.793 << $GPGSV,3,2,12,01,47,089,31,02,37,057,22,07,32,164,32,48,28,228,*74
22:53:06.795 << $GPGSV,3,3,12,19,22,237,,20,16,281,,08,13,059,21,15,06,309,*77
22:53:06.797 << $GPRMC,035306.000,A,4153.0197,N,08748.2130,W,0.26,243.26,230107,,,A*72
22:53:07.774 << $GPGGA,035307.000,4153.0197,N,08748.2131,W,1,8,1.15,198.0,M,-34.0,M,,*65
22:53:07.777 << $GPGSA,A,3,14,30,07,01,17,08,02,22,,,,,1.47,1.15,0.92*02
22:53:07.780 << $GPGSV,3,1,12,14,71,328,30,30,63,204,37,17,57,245,25,22,53,305,23*74
22:53:07.781 << $GPGSV,3,2,12,01,47,089,31,02,37,057,22,07,32,164,32,48,28,228,*74
22:53:07.783 << $GPGSV,3,3,12,19,22,237,,20,16,281,,08,13,059,21,15,06,309,*77
22:53:07.784 << $GPRMC,035307.000,A,4153.0197,N,08748.2131,W,0.26,243.26,230107,,,A*72
22:53:08.710 << $GPGGA,035308.000,4153.0196,N,08748.2131,W,1,8,1.15,198.0,M,-34.0,M,,*6B
22:53:08.712 << $GPGSA,A,3,14,30,07,01,17,08,02,22,,,,,1.47,1.15,0.92*02
22:53:08.712 << $GPGSV,3,1,12,14,71,328,30,30,63,204,37,17,57,245,25,22,53,305,24*73
22:53:08.713 << $GPGSV,3,2,12,01,47,089,31,02,37,057,21,07,32,164,32,48,28,228,*77
22:53:08.713 << $GPGSV,3,3,12,19,22,237,,20,16,281,,08,13,059,21,15,06,309,*77
22:53:08.713 << $GPRMC,035308.000,A,4153.0196,N,08748.2131,W,0.09,243.26,230107,,,A*71
22:53:09.699 << $GPGGA,035309.000,4153.0196,N,08748.2131,W,1,8,1.15,198.0,M,-34.0,M,,*6A
22:53:09.704 << $GPGSA,A,3,14,30,07,01,17,08,02,22,,,,,1.47,1.15,0.92*02
22:53:09.708 << $GPGSV,3,1,12,14,71,328,29,30,63,204,37,17,57,245,25,22,53,305,24*7B
22:53:09.710 << $GPGSV,3,2,12,01,47,089,31,02,37,057,20,07,32,164,32,48,28,228,*76
22:53:09.712 << $GPGSV,3,3,12,19,22,237,,20,16,281,,08,13,059,21,15,06,309,*77
22:53:09.715 << $GPRMC,035309.000,A,4153.0196,N,08748.2131,W,0.13,243.26,230107,,,A*7B
22:53:10.335 >> $PMTK182,2,8*33
22:53:10.664 << $GPGGA,035310.000,4153.0196,N,08748.2130,W,1,8,1.15,198.0,M,-34.0,M,,*63
22:53:10.668 << $GPGSA,A,3,14,30,07,01,17,08,02,22,,,,,1.47,1.15,0.92*02
22:53:10.672 << $GPGSV,3,1,12,14,71,328,29,30,63,204,37,17,57,245,25,22,53,305,23*7C
22:53:10.674 << $GPGSV,3,2,12,01,47,089,31,02,37,057,19,07,32,164,32,48,28,228,*7C
22:53:10.864 << $GPGSV,3,3,12,19,22,237,,20,16,281,,08,13,059,21,15,06,309,*77
22:53:10.865 << $GPRMC,035310.000,A,4153.0196,N,08748.2130,W,0.22,243.26,230107,,,A*70
22:53:10.994 << $PMTK182,3,8,00017100*19
22:53:10.995 << $PMTK001,182,2,3*25
22:53:11.363 << $GPGGA,035311.000,4153.0196,N,08748.2130,W,1,8,1.15,198.0,M,-34.0,M,,*62
22:53:11.366 << $GPGSA,A,3,14,30,07,01,17,08,02,22,,,,,1.47,1.15,0.92*02
22:53:11.368 << $GPGSV,3,1,12,14,71,328,29,30,63,204,37,17,57,245,25,22,53,305,22*7D
22:53:11.369 << $GPGSV,3,2,12,01,47,089,31,02,37,057,18,07,32,164,32,48,28,228,*7D
22:53:11.370 << $GPGSV,3,3,12,19,22,237,,20,16,281,,08,13,059,21,15,06,309,*77
22:53:11.372 << $GPRMC,035311.000,A,4153.0196,N,08748.2130,W,0.09,243.26,230107,,,A*78
22:53:12.389 << $GPGGA,035312.000,4153.0196,N,08748.2129,W,1,8,1.15,198.0,M,-34.0,M,,*69
22:53:12.394 << $GPGSA,A,3,14,30,07,01,17,08,02,22,,,,,1.47,1.15,0.92*02
22:53:12.397 << $GPGSV,3,1,12,14,71,328,29,30,63,204,37,17,57,245,25,22,53,305,22*7D
22:53:12.399 << $GPGSV,3,2,12,01,47,089,31,02,37,057,18,07,32,164,32,48,28,228,*7D
22:53:12.453 << $GPGSV,3,3,12,19,22,237,,20,16,281,,08,13,059,21,15,06,309,*77
22:53:12.455 << $GPRMC,035312.000,A,4153.0196,N,08748.2129,W,0.09,243.26,230107,,,A*73
22:53:13.436 << $GPGGA,035313.000,4153.0196,N,08748.2129,W,1,8,1.15,198.0,M,-34.0,M,,*68
22:53:13.443 << $GPGSA,A,3,14,30,07,01,17,08,02,22,,,,,1.47,1.15,0.92*02
22:53:13.447 << $GPGSV,3,1,12,14,71,328,29,30,63,204,37,17,57,245,25,22,53,305,22*7D
22:53:13.448 << $GPGSV,3,2,12,01,47,089,31,02,37,057,18,07,32,164,32,48,28,228,*7D
22:53:13.503 << $GPGSV,3,3,12,19,22,237,,20,16,281,,08,13,059,21,15,06,309,*77
22:53:13.504 << $GPRMC,035313.000,A,4153.0196,N,08748.2129,W,0.17,243.26,230107,,,A*7D
22:53:14.337 << $GPGGA,035314.000,4153.0196,N,08748.2129,W,1,8,1.15,198.0,M,-34.0,M,,*6F
22:53:14.343 << $GPGSA,A,3,14,30,07,01,17,08,02,22,,,,,1.47,1.15,0.92*02
22:53:14.345 << $GPGSV,3,1,12,14,71,328,29,30,63,204,37,17,57,245,25,22,53,305,21*7E
22:53:14.347 << $GPGSV,3,2,12,01,47,089,31,02,37,057,18,07,32,164,32,48,28,228,*7D
22:53:14.402 << $GPGSV,3,3,12,19,22,237,,20,16,281,,08,13,059,21,15,06,309,*77
22:53:14.405 << $GPRMC,035314.000,A,4153.0196,N,08748.2129,W,0.06,243.26,230107,,,A*7A
22:53:15.387 << $GPGGA,035315.000,4153.0196,N,08748.2129,W,1,8,1.15,198.0,M,-34.0,M,,*6E
22:53:15.392 << $GPGSA,A,3,14,30,07,01,17,08,02,22,,,,,1.47,1.15,0.92*02
22:53:15.395 << $GPGSV,3,1,12,14,71,328,29,30,63,204,37,17,57,245,25,22,53,305,21*7E
22:53:15.397 << $GPGSV,3,2,12,01,47,089,31,02,37,057,18,07,32,164,32,46,26,232,*76
22:53:15.452 << $GPGSV,3,3,12,19,22,237,,20,16,281,,08,13,059,20,15,06,309,*76
22:53:15.453 << $GPRMC,035315.000,A,4153.0196,N,08748.2129,W,0.13,243.26,230107,,,A*7F
22:53:16.511 << $GPGGA,035316.000,4153.0196,N,08748.2129,W,1,8,1.15,198.0,M,-34.0,M,,*6D
22:53:16.514 << $GPGSA,A,3,14,30,07,01,17,08,02,22,,,,,1.47,1.15,0.92*02
22:53:16.518 << $GPGSV,3,1,12,14,71,328,30,30,63,204,37,17,57,245,25,22,53,305,22*75
22:53:16.520 << $GPGSV,3,2,12,01,47,089,31,02,37,057,18,07,32,164,32,46,26,232,*76
22:53:16.996 << $GPGSV,3,3,12,19,22,237,,20,16,281,,08,13,059,20,15,06,309,*76
22:53:16.997 << $GPRMC,035316.000,A,4153.0196,N,08748.2129,W,0.19,243.26,230107,,,A*76
22:53:17.482 << $GPGGA,035317.000,4153.0196,N,08748.2129,W,1,8,1.15,198.0,M,-34.0,M,,*6C
22:53:17.486 << $GPGSA,A,3,14,30,07,01,17,08,02,22,,,,,1.47,1.15,0.92*02
22:53:17.487 << $GPGSV,3,1,12,14,71,328,31,30,63,204,37,17,57,245,25,22,53,305,21*77
22:53:17.542 << $GPGSV,3,2,12,01,47,089,31,02,37,057,20,07,32,164,32,46,26,232,*7D
22:53:17.543 << $GPGSV,3,3,12,19,22,237,,20,16,281,,08,13,059,20,15,06,309,*76
22:53:17.545 << $GPRMC,035317.000,A,4153.0196,N,08748.2129,W,0.05,243.26,230107,,,A*7A
22:53:18.462 << $GPGGA,035318.000,4153.0196,N,08748.2130,W,1,8,1.15,198.0,M,-34.0,M,,*6B
22:53:18.466 << $GPGSA,A,3,14,30,07,01,17,08,02,22,,,,,1.47,1.15,0.92*02
22:53:18.469 << $GPGSV,3,1,12,14,71,328,31,30,63,204,37,17,57,245,25,22,53,305,21*77
22:53:18.471 << $GPGSV,3,2,12,01,47,089,31,02,37,057,21,07,32,164,32,46,26,232,*7C
22:53:18.473 << $GPGSV,3,3,12,19,22,237,,20,16,281,,08,13,059,20,15,06,309,*76
22:53:18.475 << $GPRMC,035318.000,A,4153.0196,N,08748.2130,W,0.09,243.26,230107,,,A*71
22:53:19.452 << $GPGGA,035319.000,4153.0196,N,08748.2130,W,1,9,1.06,198.0,M,-34.0,M,,*69
22:53:19.456 << $GPGSA,A,3,14,30,07,01,17,08,02,22,19,,,,1.36,1.06,0.84*09
22:53:19.458 << $GPGSV,3,1,12,14,71,328,31,30,63,204,37,17,57,245,25,22,53,305,20*76
22:53:19.459 << $GPGSV,3,2,12,01,47,089,31,02,37,057,21,07,32,164,32,46,26,232,*7C
22:53:19.461 << $GPGSV,3,3,12,19,22,237,23,20,16,281,,08,13,059,20,15,06,309,*77
22:53:19.462 << $GPRMC,035319.000,A,4153.0196,N,08748.2130,W,0.13,243.26,230107,,,A*7B
22:53:20.440 << $GPGGA,035320.000,4153.0196,N,08748.2130,W,1,9,1.06,198.0,M,-34.0,M,,*63
22:53:20.445 << $GPGSA,A,3,14,30,07,01,17,08,02,22,19,,,,1.36,1.06,0.84*09
22:53:20.447 << $GPGSV,3,1,12,14,71,328,31,30,63,204,37,17,57,245,25,22,53,305,20*76
22:53:20.450 << $GPGSV,3,2,12,01,47,089,31,02,37,057,21,07,32,164,32,46,26,232,*7C
22:53:20.452 << $GPGSV,3,3,12,19,22,237,24,20,16,281,,08,13,059,20,15,06,309,*70
22:53:20.454 << $GPRMC,035320.000,A,4153.0196,N,08748.2130,W,0.37,243.26,230107,,,A*77
22:53:21.433 << $GPGGA,035321.000,4153.0195,N,08748.2131,W,1,9,1.06,198.0,M,-34.0,M,,*60
22:53:21.436 << $GPGSA,A,3,14,30,07,01,17,08,02,22,19,,,,1.36,1.06,0.84*09
22:53:21.437 << $GPGSV,3,1,12,14,71,328,31,30,63,204,37,17,57,245,25,22,53,305,20*76
22:53:21.439 << $GPGSV,3,2,12,01,47,089,31,02,37,057,22,07,32,164,32,46,26,232,*7F
22:53:21.440 << $GPGSV,3,3,12,19,22,237,24,20,16,281,,08,13,059,20,15,06,309,*70
22:53:21.442 << $GPRMC,035321.000,A,4153.0195,N,08748.2131,W,0.22,243.26,230107,,,A*70
22:53:22.374 >> $PMTK182,2,8*33
22:53:22.851 << $GPGGA,035322.000,4153.0195,N,08748.2132,W,1,9,1.06,198.0,M,-34.0,M,,*60
22:53:22.856 << $GPGSA,A,3,14,30,07,01,17,08,02,22,19,,,,1.36,1.06,0.84*09
22:53:22.859 << $GPGSV,3,1,12,14,71,328,31,30,63,204,37,17,57,245,25,22,53,305,20*76
22:53:22.861 << $GPGSV,3,2,12,01,47,089,31,02,37,057,22,07,32,164,32,46,26,232,*7F
22:53:22.977 << $GPGSV,3,3,12,19,22,237,25,20,16,281,,08,13,059,20,15,06,309,*71
22:53:22.979 << $GPRMC,035322.000,A,4153.0195,N,08748.2132,W,0.12,243.26,230107,,,A*73
22:53:23.388 << $GPGGA,035323.000,4153.0195,N,08748.2133,W,1,9,1.06,198.0,M,-34.0,M,,*60
22:53:23.455 << $GPGSA,A,3,14,30,07,01,17,08,02,22,19,,,,1.36,1.06,0.84*09
22:53:23.457 << $GPGSV,3,1,12,14,71,328,31,30,63,204,37,17,57,245,25,22,53,305,20*76
22:53:23.458 << $GPGSV,3,2,12,01,47,089,31,02,37,057,23,07,32,164,32,46,26,232,*7E
22:53:23.458 << $GPGSV,3,3,12,19,22,237,24,20,16,281,,08,13,059,20,15,06,309,*70
22:53:23.460 << $GPRMC,035323.000,A,4153.0195,N,08748.2133,W,0.21,243.26,230107,,,A*73
22:53:23.516 << $PMTK182,3,8,00017160*1F
22:53:23.517 << $PMTK001,182,2,3*25
22:53:24.376 << $GPGGA,035324.000,4153.0196,N,08748.2133,W,1,9,1.06,198.0,M,-34.0,M,,*64
22:53:24.381 << $GPGSA,A,3,14,30,07,01,17,08,02,22,19,,,,1.36,1.06,0.84*09
22:53:24.384 << $GPGSV,3,1,12,14,71,328,31,30,63,204,37,17,57,245,25,22,53,305,20*76
22:53:24.386 << $GPGSV,3,2,12,01,47,089,32,02,37,057,23,07,32,164,32,19,22,237,24*70
22:53:24.389 << $GPGSV,3,3,12,20,16,281,,08,13,059,19,15,06,309,,33,04,102,*75
22:53:24.391 << $GPRMC,035324.000,A,4153.0196,N,08748.2133,W,0.06,243.26,230107,,,A*72
22:53:25.411 << $GPGGA,035325.000,4153.0196,N,08748.2133,W,1,9,1.06,198.0,M,-34.0,M,,*65
22:53:25.416 << $GPGSA,A,3,14,30,07,01,17,08,02,22,19,,,,1.36,1.06,0.84*09
22:53:25.418 << $GPGSV,3,1,12,14,71,328,31,30,63,204,37,17,57,245,25,22,53,305,20*76
22:53:25.420 << $GPGSV,3,2,12,01,47,089,32,02,37,057,24,07,32,164,32,19,22,237,24*77
22:53:25.475 << $GPGSV,3,3,12,20,16,281,,08,13,059,18,15,06,309,,33,04,102,*74
22:53:25.545 << $GPRMC,035325.000,A,4153.0196,N,08748.2133,W,0.29,243.26,230107,,,A*7E
22:53:26.370 << $GPGGA,035326.000,4153.0195,N,08748.2134,W,1,9,1.06,198.0,M,-34.0,M,,*62
22:53:26.373 << $GPGSA,A,3,14,30,07,01,17,08,02,22,19,,,,1.36,1.06,0.84*09
22:53:26.375 << $GPGSV,3,1,12,14,71,328,31,30,63,204,37,17,57,245,25,22,53,305,21*77
22:53:26.377 << $GPGSV,3,2,12,01,47,089,32,02,37,057,25,07,32,164,32,19,22,237,24*76
22:53:26.378 << $GPGSV,3,3,12,20,16,281,,08,13,059,18,15,06,309,,33,04,102,*74
22:53:26.380 << $GPRMC,035326.000,A,4153.0195,N,08748.2134,W,0.35,243.26,230107,,,A*74
22:53:27.391 << $GPGGA,035327.000,4153.0194,N,08748.2134,W,1,9,1.06,198.0,M,-34.0,M,,*62
22:53:27.395 << $GPGSA,A,3,14,30,07,01,17,08,02,22,19,,,,1.36,1.06,0.84*09
22:53:27.398 << $GPGSV,3,1,12,14,71,328,31,30,62,204,37,17,57,245,25,22,53,305,21*76
22:53:27.400 << $GPGSV,3,2,12,01,47,089,32,02,37,057,26,07,32,164,32,19,22,237,24*75
22:53:27.455 << $GPGSV,3,3,12,20,16,281,,08,13,059,18,15,06,309,,33,04,102,*74
22:53:27.456 << $GPRMC,035327.000,A,4153.0194,N,08748.2134,W,0.42,243.26,230107,,,A*74
22:53:28.696 << $GPGGA,035328.000,4153.0193,N,08748.2134,W,1,9,1.06,198.1,M,-34.0,M,,*6B
22:53:28.700 << $GPGSA,A,3,14,30,07,01,17,08,02,22,19,,,,1.36,1.06,0.84*09
22:53:28.702 << $GPGSV,3,1,12,14,71,328,31,30,62,204,37,17,57,245,25,22,53,305,21*76
22:53:28.704 << $GPGSV,3,2,12,01,47,089,32,02,37,057,26,07,32,164,32,19,22,237,24*75
22:53:29.182 << $GPGSV,3,3,12,20,16,281,,08,13,059,18,15,06,309,,33,04,102,*74
22:53:29.183 << $GPRMC,035328.000,A,4153.0193,N,08748.2134,W,0.28,243.26,230107,,,A*70
22:53:29.674 << $GPGGA,035329.000,4153.0192,N,08748.2134,W,1,9,1.06,198.1,M,-34.0,M,,*6B
22:53:29.675 << $GPGSA,A,3,14,30,07,01,17,08,02,22,19,,,,1.36,1.06,0.84*09
22:53:29.675 << $GPGSV,3,1,12,14,71,328,31,30,62,204,36,17,57,245,25,22,53,305,22*74
22:53:29.675 << $GPGSV,3,2,12,01,47,089,32,02,37,057,26,07,32,164,32,19,22,237,23*72
22:53:29.676 << $GPGSV,3,3,12,20,16,281,,08,13,059,19,15,06,309,,33,04,102,*75
22:53:29.676 << $GPRMC,035329.000,A,4153.0192,N,08748.2134,W,0.26,243.26,230107,,,A*7E
22:53:30.657 << $GPGGA,035330.000,4153.0192,N,08748.2133,W,1,9,1.06,198.1,M,-34.0,M,,*64
22:53:30.660 << $GPGSA,A,3,14,30,07,01,17,08,02,22,19,,,,1.36,1.06,0.84*09
22:53:30.662 << $GPGSV,3,1,12,14,71,328,31,30,62,204,36,17,57,245,25,22,53,305,21*77
22:53:30.664 << $GPGSV,3,2,12,01,47,089,32,02,37,057,26,07,32,164,32,19,22,237,23*72
22:53:30.666 << $GPGSV,3,3,12,20,16,281,,08,13,059,19,15,06,309,,33,04,102,*75
22:53:30.668 << $GPRMC,035330.000,A,4153.0192,N,08748.2133,W,0.49,243.26,230107,,,A*78
22:53:31.657 << $GPGGA,035331.000,4153.0191,N,08748.2132,W,1,9,1.06,198.1,M,-34.0,M,,*67
22:53:31.659 << $GPGSA,A,3,14,30,07,01,17,08,02,22,19,,,,1.36,1.06,0.84*09
22:53:31.661 << $GPGSV,3,1,12,14,71,328,31,30,62,204,36,17,57,245,25,22,53,305,21*77
22:53:31.661 << $GPGSV,3,2,12,01,47,089,32,02,37,057,26,07,32,164,32,19,22,237,23*72
22:53:31.662 << $GPGSV,3,3,12,20,16,281,,08,13,059,19,15,06,309,,33,04,102,*75
22:53:31.663 << $GPRMC,035331.000,A,4153.0191,N,08748.2132,W,0.38,243.26,230107,,,A*7D
22:53:32.646 << $GPGGA,035332.000,4153.0190,N,08748.2131,W,1,9,1.06,198.1,M,-34.0,M,,*66
22:53:32.649 << $GPGSA,A,3,14,30,07,01,17,08,02,22,19,,,,1.36,1.06,0.84*09
22:53:32.651 << $GPGSV,3,1,12,14,71,328,31,30,62,204,36,17,57,245,25,22,53,305,21*77
22:53:32.653 << $GPGSV,3,2,12,01,47,089,32,02,37,057,26,07,32,164,32,19,22,237,23*72
22:53:32.654 << $GPGSV,3,3,12,20,16,281,,08,13,059,19,15,06,309,,33,04,102,*75
22:53:32.655 << $GPRMC,035332.000,A,4153.0190,N,08748.2131,W,0.38,243.26,230107,,,A*7C
22:53:33.571 << $GPGGA,035333.000,4153.0190,N,08748.2129,W,1,9,1.06,198.1,M,-34.0,M,,*6E
22:53:33.576 << $GPGSA,A,3,14,30,07,01,17,08,02,22,19,,,,1.36,1.06,0.84*09
22:53:33.579 << $GPGSV,3,1,12,14,71,328,31,30,62,204,36,17,57,245,25,22,53,305,21*77
22:53:33.581 << $GPGSV,3,2,12,01,47,089,32,02,37,057,26,07,32,164,32,19,22,237,23*72
22:53:33.582 << $GPGSV,3,3,12,20,16,281,,08,13,059,19,15,06,309,,34,,,*45
22:53:33.585 << $GPRMC,035333.000,A,4153.0190,N,08748.2129,W,0.23,243.26,230107,,,A*7E
22:53:34.515 >> $PMTK182,2,8*33
22:53:34.545 << $GPGGA,035334.000,4153.0189,N,08748.2129,W,1,9,1.06,198.1,M,-34.0,M,,*61
22:53:34.548 << $GPGSA,A,3,14,30,07,01,17,08,02,22,19,,,,1.36,1.06,0.84*09
22:53:34.563 << $GPGSV,3,1,12,14,71,328,31,30,62,204,36,17,57,245,24,22,53,305,21*76
22:53:34.565 << $GPGSV,3,2,12,01,47,089,32,02,37,057,26,07,32,164,32,19,22,237,23*72
22:53:34.566 << $GPGSV,3,3,12,20,16,281,,08,13,059,19,15,06,309,,34,,,*45
22:53:34.568 << $GPRMC,035334.000,A,4153.0189,N,08748.2129,W,0.03,243.26,230107,,,A*73
22:53:34.835 -- link lost: The logger disconnected. It may be out of range, switched off, or flat.

=== app started 2026-09-07 23:07:09 — traxi SM-G990U1, Android 16 ===
23:07:11.425 -- ensuring 00:1C:88:22:15:98 is bonded
23:07:11.426 -- already bonded
23:07:13.895 >> $PMTK605*31
23:07:14.551 << $GPGGA,040714.000,4153.0218,N,08748.2174,W,1,9,1.33,197.4,M,-34.0,M,,*6A
23:07:14.552 << $GPGSA,A,3,14,30,01,17,20,02,08,22,19,,,,1.81,1.33,1.23*0A
23:07:14.553 << $GPGSV,4,1,13,14,75,344,39,17,63,253,34,22,58,311,22,30,56,198,31*7C
23:07:14.553 << $GPGSV,4,2,13,01,47,079,34,02,33,052,26,19,27,241,26,07,25,165,18*72
23:07:14.555 << $GPGSV,4,3,13,20,14,275,22,08,08,061,18,15,05,303,,03,01,118,*7E
23:07:14.555 << $GPGSV,4,4,13,37,,,*7F
23:07:14.556 << $GPRMC,040714.000,A,4153.0218,N,08748.2174,W,0.02,219.47,230107,,,A*7D
23:07:14.556 << $PMTK705,AXN_1.30-B_1.3_C01,0008,BT-Q1000XT,1.0*65
23:07:14.557 >> $PMTK182,2,2*39
23:07:14.967 << $PMTK182,3,2,000A1C3F*62
23:07:14.969 << $PMTK001,182,2,3*25
23:07:14.972 >> $PMTK182,2,3*38
23:07:15.375 << $GPGGA,040715.000,4153.0218,N,08748.2174,W,1,9,1.33,197.4,M,-34.0,M,,*6B
23:07:15.376 << $GPGSA,A,3,14,30,01,17,20,02,08,22,19,,,,1.81,1.33,1.23*0A
23:07:15.376 << $GPGSV,4,1,13,14,75,344,39,17,63,253,34,22,58,311,22,30,56,198,31*7C
23:07:15.377 << $GPGSV,4,2,13,01,47,079,34,02,33,052,26,19,27,241,26,07,25,165,18*72
23:07:15.377 << $GPGSV,4,3,13,20,14,275,22,08,08,061,18,15,05,303,,03,01,118,*7E
23:07:15.377 << $GPGSV,4,4,13,37,,,*7F
23:07:15.378 << $GPRMC,040715.000,A,4153.0218,N,08748.2174,W,0.02,219.47,230107,,,A*7C
23:07:15.378 << $PMTK182,3,3,100*24
23:07:15.378 << $PMTK001,182,2,3*25
23:07:15.379 >> $PMTK182,2,7*3C
23:07:15.452 << $PMTK182,3,7,258*2E
23:07:15.453 << $PMTK001,182,2,3*25
23:07:15.454 >> $PMTK182,2,9*32
23:07:15.550 << $PMTK182,3,9,1C70171C*1E
23:07:15.551 << $PMTK001,182,2,3*25
23:07:15.553 >> $PMTK182,2,8*33
23:07:15.633 << $PMTK182,3,8,000180F0*61
23:07:15.634 << $PMTK001,182,2,3*25
23:07:16.411 << $GPGGA,040716.000,4153.0218,N,08748.2174,W,1,9,1.33,197.4,M,-34.0,M,,*68
23:07:16.421 << $GPGSA,A,3,14,30,01,17,20,02,08,22,19,,,,1.81,1.33,1.23*0A
23:07:16.425 << $GPGSV,4,1,13,14,75,344,39,17,63,253,34,22,58,311,22,30,56,198,31*7C
23:07:16.426 << $GPGSV,4,2,13,01,47,079,34,02,33,052,25,19,27,241,26,07,25,165,18*71
23:07:16.428 << $GPGSV,4,3,13,20,14,275,23,08,08,061,18,15,05,303,,03,01,118,*7F
23:07:16.429 << $GPGSV,4,4,13,37,,,*7F
23:07:16.434 << $GPRMC,040716.000,A,4153.0218,N,08748.2174,W,0.03,219.47,230107,,,A*7E
23:07:17.350 << $GPGGA,040717.000,4153.0218,N,08748.2174,W,1,9,1.33,197.4,M,-34.0,M,,*69
23:07:17.356 << $GPGSA,A,3,14,30,01,17,20,02,08,22,19,,,,1.81,1.33,1.23*0A
23:07:17.360 << $GPGSV,4,1,13,14,75,344,39,17,63,253,34,22,58,311,22,30,56,198,32*7F
23:07:17.363 << $GPGSV,4,2,13,01,47,079,34,02,33,052,25,19,27,241,26,07,25,165,18*71
23:07:17.421 << $GPGSV,4,3,13,20,14,275,23,08,08,061,18,15,05,303,,03,01,118,*7F
23:07:17.422 << $GPGSV,4,4,13,37,,,*7F
23:07:17.424 << $GPRMC,040717.000,A,4153.0218,N,08748.2174,W,0.04,219.47,230107,,,A*78
23:07:18.429 << $GPGGA,040718.000,4153.0218,N,08748.2174,W,1,9,1.33,197.4,M,-34.0,M,,*66
23:07:18.435 << $GPGSA,A,3,14,30,01,17,20,02,08,22,19,,,,1.81,1.33,1.23*0A
23:07:18.439 << $GPGSV,4,1,13,14,75,344,39,17,63,253,34,22,58,311,21,30,56,198,32*7C
23:07:18.441 << $GPGSV,4,2,13,01,47,079,34,02,33,052,25,19,27,241,26,07,25,165,18*71
23:07:18.443 << $GPGSV,4,3,13,20,14,275,24,08,08,061,18,15,05,303,,03,01,118,*78
23:07:18.445 << $GPGSV,4,4,13,37,,,*7F
23:07:18.503 << $GPRMC,040718.000,A,4153.0218,N,08748.2174,W,0.05,219.47,230107,,,A*76
23:07:19.363 << $GPGGA,040719.000,4153.0219,N,08748.2174,W,1,9,1.33,197.4,M,-34.0,M,,*66
23:07:19.374 << $GPGSA,A,3,14,30,01,17,20,02,08,22,19,,,,1.81,1.33,1.23*0A
23:07:19.379 << $GPGSV,4,1,13,14,75,344,39,17,63,253,34,22,58,311,21,30,56,198,32*7C
23:07:19.383 << $GPGSV,4,2,13,01,47,079,34,02,33,052,25,19,27,241,27,07,25,165,18*70
23:07:19.385 << $GPGSV,4,3,13,20,14,275,24,08,08,061,18,15,05,303,,03,01,118,*78
23:07:19.386 << $GPGSV,4,4,13,37,,,*7F
23:07:19.388 << $GPRMC,040719.000,A,4153.0219,N,08748.2174,W,0.07,219.47,230107,,,A*74
23:07:20.369 << $GPGGA,040720.000,4153.0219,N,08748.2174,W,1,9,1.33,197.4,M,-34.0,M,,*6C
23:07:20.373 << $GPGSA,A,3,14,30,01,17,20,02,08,22,19,,,,1.81,1.33,1.23*0A
23:07:20.376 << $GPGSV,4,1,13,14,75,344,39,17,63,253,34,22,58,311,21,30,56,198,32*7C
23:07:20.377 << $GPGSV,4,2,13,01,47,079,34,02,33,052,25,19,27,241,27,07,25,165,18*70
23:07:20.378 << $GPGSV,4,3,13,20,14,275,25,08,08,061,18,15,05,303,,03,01,118,*79
23:07:20.378 << $GPGSV,4,4,13,39,,,*71
23:07:20.379 << $GPRMC,040720.000,A,4153.0219,N,08748.2174,W,0.05,219.47,230107,,,A*7C
23:07:21.818 << $GPGGA,040721.000,4153.0219,N,08748.2174,W,1,9,1.33,197.4,M,-34.0,M,,*6D
23:07:21.822 << $GPGSA,A,3,14,30,01,17,20,02,08,22,19,,,,1.81,1.33,1.23*0A
23:07:21.824 << $GPGSV,4,1,13,14,75,344,39,17,63,253,33,22,58,311,21,30,56,198,32*7B
23:07:21.826 << $GPGSV,4,2,13,01,47,079,34,02,33,052,25,19,27,241,27,07,25,165,18*70
23:07:21.827 << $GPGSV,4,3,13,20,14,275,24,08,08,061,18,15,05,303,,03,01,118,*78
23:07:21.829 << $GPGSV,4,4,13,39,,,*71
23:07:21.831 << $GPRMC,040721.000,A,4153.0219,N,08748.2174,W,0.05,219.47,230107,,,A*7D
23:07:22.818 << $GPGGA,040722.000,4153.0219,N,08748.2174,W,1,9,1.33,197.4,M,-34.0,M,,*6E
23:07:22.823 << $GPGSA,A,3,14,30,01,17,20,02,08,22,19,,,,1.81,1.33,1.23*0A
23:07:22.826 << $GPGSV,4,1,13,14,75,344,39,17,63,253,33,22,58,311,21,30,56,198,32*7B
23:07:22.826 << $GPGSV,4,2,13,01,47,079,34,02,33,052,25,19,27,241,28,07,25,165,18*7F
23:07:22.826 << $GPGSV,4,3,13,20,14,275,24,08,08,061,18,15,05,303,,03,01,118,*78
23:07:22.826 << $GPGSV,4,4,13,39,,,*71
23:07:22.827 << $GPRMC,040722.000,A,4153.0219,N,08748.2174,W,0.03,219.47,230107,,,A*78
23:07:23.815 << $GPGGA,040723.000,4153.0219,N,08748.2174,W,1,9,1.34,197.4,M,-34.0,M,,*68
23:07:23.819 << $GPGSA,A,3,14,30,01,17,20,02,08,22,19,,,,1.81,1.34,1.23*0D
23:07:23.821 << $GPGSV,4,1,13,14,75,344,39,17,63,253,33,22,58,311,20,30,56,198,32*7A
23:07:23.823 << $GPGSV,4,2,13,01,47,079,34,02,33,051,24,19,27,241,28,07,25,165,18*7D
23:07:23.825 << $GPGSV,4,3,13,20,14,275,25,08,08,061,18,15,05,303,,03,01,118,*79
23:07:23.826 << $GPGSV,4,4,13,39,,,*71
23:07:23.829 << $GPRMC,040723.000,A,4153.0219,N,08748.2174,W,0.02,219.47,230107,,,A*78
23:07:24.740 << $GPGGA,040724.000,4153.0219,N,08748.2174,W,1,9,1.34,197.4,M,-34.0,M,,*6F
23:07:24.743 << $GPGSA,A,3,14,30,01,17,20,02,08,22,19,,,,1.81,1.34,1.23*0D
23:07:24.746 << $GPGSV,4,1,13,14,75,344,39,17,63,253,33,22,58,311,20,30,56,198,32*7A
23:07:24.748 << $GPGSV,4,2,13,01,47,079,34,02,33,051,24,19,27,241,28,07,25,165,18*7D
23:07:24.749 << $GPGSV,4,3,13,20,14,275,25,08,08,061,18,15,05,303,,03,01,118,*79
23:07:24.750 << $GPGSV,4,4,13,39,,,*71
23:07:24.751 << $GPRMC,040724.000,A,4153.0219,N,08748.2174,W,0.04,219.47,230107,,,A*79
23:07:25.734 << $GPGGA,040725.000,4153.0219,N,08748.2174,W,1,9,1.34,197.4,M,-34.0,M,,*6E
23:07:25.739 << $GPGSA,A,3,14,30,01,17,20,02,08,22,19,,,,1.81,1.34,1.23*0D
23:07:25.741 << $GPGSV,4,1,13,14,75,344,39,17,63,253,33,22,58,311,21,30,56,198,32*7B
23:07:25.744 << $GPGSV,4,2,13,01,47,079,34,02,33,051,24,19,27,241,28,07,25,165,18*7D
23:07:25.746 << $GPGSV,4,3,13,20,14,275,25,08,08,061,18,15,05,303,,03,01,118,*79
23:07:25.747 << $GPGSV,4,4,13,39,,,*71
23:07:25.750 << $GPRMC,040725.000,A,4153.0219,N,08748.2174,W,0.05,219.47,230107,,,A*79
23:07:26.736 << $GPGGA,040726.000,4153.0219,N,08748.2174,W,1,9,1.34,197.4,M,-34.0,M,,*6D
23:07:26.742 << $GPGSA,A,3,14,30,01,17,20,02,08,22,19,,,,1.81,1.34,1.22*0C
23:07:26.746 << $GPGSV,4,1,13,14,75,344,39,17,63,253,33,22,58,311,22,30,56,198,32*78
23:07:26.748 << $GPGSV,4,2,13,01,47,079,34,02,33,051,24,19,27,241,28,07,25,165,18*7D
23:07:26.749 << $GPGSV,4,3,13,20,14,275,25,08,08,061,18,15,05,303,,03,01,118,*79
23:07:27.172 << $GPGSV,4,4,13,50,,,*7E
23:07:27.173 << $GPRMC,040726.000,A,4153.0219,N,08748.2174,W,0.02,219.47,230107,,,A*7D
23:07:27.670 << $GPGGA,040727.000,4153.0219,N,08748.2174,W,1,9,1.34,197.4,M,-34.0,M,,*6C
23:07:27.673 << $GPGSA,A,3,14,30,01,17,20,02,08,22,19,,,,1.81,1.34,1.23*0D
23:07:27.676 << $GPGSV,4,1,13,14,75,344,39,17,63,253,33,22,58,311,22,30,56,198,32*78
23:07:27.678 << $GPGSV,4,2,13,01,47,079,34,02,33,051,23,19,27,241,28,07,25,165,18*7A
23:07:27.680 << $GPGSV,4,3,13,20,14,275,25,08,08,061,18,15,05,303,,03,01,118,*79
23:07:27.681 << $GPGSV,4,4,13,50,,,*7E
23:07:27.683 << $GPRMC,040727.000,A,4153.0219,N,08748.2174,W,0.02,219.47,230107,,,A*7C
23:07:28.669 << $GPGGA,040728.000,4153.0219,N,08748.2174,W,1,9,1.34,197.4,M,-34.0,M,,*63
23:07:28.675 << $GPGSA,A,3,14,30,01,17,20,02,08,22,19,,,,1.81,1.34,1.23*0D
23:07:28.679 << $GPGSV,4,1,13,14,75,344,39,17,63,253,33,22,58,311,22,30,56,198,32*78
23:07:28.681 << $GPGSV,4,2,13,01,47,079,34,02,33,051,23,19,27,241,28,07,25,165,17*75
23:07:28.683 << $GPGSV,4,3,13,20,14,275,25,08,08,061,18,15,05,303,,03,01,118,*79
23:07:28.684 << $GPGSV,4,4,13,50,,,*7E
23:07:28.686 << $GPRMC,040728.000,A,4153.0219,N,08748.2174,W,0.04,219.47,230107,,,A*75
23:07:29.616 << $GPGGA,040729.000,4153.0219,N,08748.2174,W,1,9,1.34,197.3,M,-34.0,M,,*65
23:07:29.618 << $GPGSA,A,3,14,30,01,17,20,02,08,22,19,,,,1.81,1.34,1.22*0C
23:07:29.619 << $GPGSV,4,1,13,14,75,344,39,17,63,253,33,22,58,311,21,30,56,198,32*7B
23:07:29.620 << $GPGSV,4,2,13,01,47,079,34,02,33,051,23,19,27,241,28,07,25,165,17*75
23:07:29.621 << $GPGSV,4,3,13,20,14,275,25,08,08,061,18,15,05,303,,03,01,118,*79
23:07:29.621 << $GPGSV,4,4,13,50,,,*7E
23:07:29.622 << $GPRMC,040729.000,A,4153.0219,N,08748.2174,W,0.03,219.47,230107,,,A*73
23:07:30.601 << $GPGGA,040730.000,4153.0219,N,08748.2174,W,1,9,1.34,197.3,M,-34.0,M,,*6D
23:07:30.606 << $GPGSA,A,3,14,30,01,17,20,02,08,22,19,,,,1.81,1.34,1.22*0C
23:07:30.607 << $GPGSV,4,1,13,14,75,344,39,17,63,253,33,22,58,311,21,30,56,198,33*7A
23:07:30.608 << $GPGSV,4,2,13,01,47,079,34,02,33,051,23,19,27,241,28,07,25,165,17*75
23:07:30.609 << $GPGSV,4,3,13,20,14,275,25,08,08,061,18,15,05,303,,03,01,118,*79
23:07:30.609 << $GPGSV,4,4,13,50,,,*7E
23:07:30.611 << $GPRMC,040730.000,A,4153.0219,N,08748.2174,W,0.08,219.47,230107,,,A*70
23:07:31.602 << $GPGGA,040731.000,4153.0219,N,08748.2174,W,1,9,1.34,197.3,M,-34.0,M,,*6C
23:07:31.607 << $GPGSA,A,3,14,30,01,17,20,02,08,22,19,,,,1.81,1.34,1.23*0D
23:07:31.610 << $GPGSV,4,1,13,14,75,344,39,17,63,253,33,22,58,311,21,30,56,198,33*7A
23:07:31.612 << $GPGSV,4,2,13,01,47,079,34,02,33,051,23,19,27,241,28,07,25,165,17*75
23:07:31.614 << $GPGSV,4,3,13,20,14,275,25,08,08,061,18,15,05,303,,03,01,118,*79
23:07:31.615 << $GPGSV,4,4,13,50,,,*7E
23:07:31.617 << $GPRMC,040731.000,A,4153.0219,N,08748.2174,W,0.02,219.47,230107,,,A*7B
23:07:32.545 << $GPGGA,040732.000,4153.0219,N,08748.2174,W,1,9,1.34,197.3,M,-34.0,M,,*6F
23:07:32.550 << $GPGSA,A,3,14,30,01,17,20,02,08,22,19,,,,1.81,1.34,1.22*0C
23:07:32.552 << $GPGSV,4,1,13,14,75,344,39,17,63,253,33,22,58,311,21,30,56,198,33*7A
23:07:32.554 << $GPGSV,4,2,13,01,47,079,34,02,33,051,23,19,27,241,28,07,25,165,17*75
23:07:32.556 << $GPGSV,4,3,13,20,14,275,25,08,08,061,18,15,05,303,,03,01,118,*79
23:07:32.558 << $GPGSV,4,4,13,50,,,*7E
23:07:32.560 << $GPRMC,040732.000,A,4153.0219,N,08748.2174,W,0.03,219.47,230107,,,A*79
23:07:33.554 << $GPGGA,040733.000,4153.0219,N,08748.2174,W,1,9,1.34,197.3,M,-34.0,M,,*6E
23:07:33.560 << $GPGSA,A,3,14,30,01,17,20,02,08,22,19,,,,1.81,1.34,1.22*0C
23:07:33.563 << $GPGSV,4,1,13,14,75,344,39,17,63,253,33,22,58,311,21,30,56,198,33*7A
23:07:33.565 << $GPGSV,4,2,13,01,47,079,34,02,33,051,23,19,27,241,28,07,25,165,17*75
23:07:33.566 << $GPGSV,4,3,13,20,14,275,25,08,08,061,18,15,05,303,,03,01,118,*79
23:07:33.568 << $GPGSV,4,4,13,42,,,*7D
23:07:34.005 << $GPRMC,040733.000,A,4153.0219,N,08748.2174,W,0.03,219.47,230107,,,A*78
23:07:34.489 << $GPGGA,040734.000,4153.0219,N,08748.2174,W,1,9,1.34,197.3,M,-34.0,M,,*69
23:07:34.494 << $GPGSA,A,3,14,30,01,17,20,02,08,22,19,,,,1.81,1.34,1.22*0C
23:07:34.496 << $GPGSV,4,1,13,14,75,344,39,17,63,253,33,22,58,311,21,30,56,198,33*7A
23:07:34.498 << $GPGSV,4,2,13,01,47,079,34,02,33,051,23,19,27,241,28,07,25,165,17*75
23:07:34.500 << $GPGSV,4,3,13,20,14,275,25,08,08,061,18,15,05,303,,03,01,118,*79
23:07:34.502 << $GPGSV,4,4,13,42,,,*7D
23:07:34.504 << $GPRMC,040734.000,A,4153.0219,N,08748.2174,W,0.05,219.47,230107,,,A*79
23:07:35.488 << $GPGGA,040735.000,4153.0219,N,08748.2174,W,1,9,1.34,197.3,M,-34.0,M,,*68
23:07:35.492 << $GPGSA,A,3,14,30,01,17,20,02,08,22,19,,,,1.81,1.34,1.22*0C
23:07:35.495 << $GPGSV,4,1,13,14,75,344,39,17,63,253,33,22,58,311,22,30,56,198,33*79
23:07:35.497 << $GPGSV,4,2,13,01,47,079,34,02,33,051,23,19,27,241,28,07,25,165,17*75
23:07:35.499 << $GPGSV,4,3,13,20,14,275,25,08,08,061,18,15,05,303,,03,01,118,*79
23:07:35.500 << $GPGSV,4,4,13,42,,,*7D
23:07:35.503 << $GPRMC,040735.000,A,4153.0219,N,08748.2174,W,0.03,219.47,230107,,,A*7E
23:07:36.436 << $GPGGA,040736.000,4153.0219,N,08748.2174,W,1,9,1.34,197.3,M,-34.0,M,,*6B
23:07:36.437 << $GPGSA,A,3,14,30,01,17,20,02,08,22,19,,,,1.81,1.34,1.22*0C
23:07:36.438 << $GPGSV,4,1,13,14,75,344,39,17,63,253,33,22,58,311,22,30,56,198,33*79
23:07:36.495 << $GPGSV,4,2,13,01,47,079,34,02,33,051,23,19,27,241,28,07,25,165,17*75
23:07:36.496 << $GPGSV,4,3,13,20,14,275,25,08,08,061,18,15,05,303,,03,01,118,*79
23:07:36.496 << $GPGSV,4,4,13,42,,,*7D
23:07:36.498 << $GPRMC,040736.000,A,4153.0219,N,08748.2174,W,0.02,219.47,230107,,,A*7C
23:07:37.417 << $GPGGA,040737.000,4153.0219,N,08748.2174,W,1,9,1.34,197.3,M,-34.0,M,,*6A
23:07:37.420 << $GPGSA,A,3,14,30,01,17,20,02,08,22,19,,,,1.81,1.34,1.22*0C
23:07:37.421 << $GPGSV,4,1,13,14,75,344,39,17,63,253,33,22,58,311,23,30,56,198,33*78
23:07:37.422 << $GPGSV,4,2,13,01,47,079,34,02,33,051,22,19,27,241,28,07,25,165,17*74
23:07:37.423 << $GPGSV,4,3,13,20,14,275,25,08,08,061,18,15,05,303,,03,01,118,*79
23:07:37.424 << $GPGSV,4,4,13,42,,,*7D
23:07:37.426 << $GPRMC,040737.000,A,4153.0219,N,08748.2174,W,0.05,219.47,230107,,,A*7A
23:07:38.880 << $GPGGA,040738.000,4153.0219,N,08748.2174,W,1,9,1.34,197.3,M,-34.0,M,,*65
23:07:38.886 << $GPGSA,A,3,14,30,01,17,20,02,08,22,19,,,,1.81,1.34,1.22*0C
23:07:38.889 << $GPGSV,4,1,13,14,75,344,39,17,63,253,34,22,58,311,24,30,56,198,34*7F
23:07:38.891 << $GPGSV,4,2,13,01,47,079,34,02,33,051,22,19,27,241,28,07,25,165,17*74
23:07:38.893 << $GPGSV,4,3,13,20,14,275,25,08,08,061,18,15,05,303,,03,01,118,*79
23:07:38.894 << $GPGSV,4,4,13,42,,,*7D
23:07:38.896 << $GPRMC,040738.000,A,4153.0219,N,08748.2174,W,0.04,219.47,230107,,,A*74
23:07:39.365 << $GPGGA,040739.000,4153.0219,N,08748.2174,W,1,9,1.34,197.3,M,-34.0,M,,*64
23:07:39.367 << $GPGSA,A,3,14,30,01,17,20,02,08,22,19,,,,1.81,1.34,1.22*0C
23:07:39.369 << $GPGSV,4,1,13,14,75,344,39,17,63,253,34,22,58,311,23,30,56,198,34*78
23:07:39.370 << $GPGSV,4,2,13,01,47,079,34,02,33,051,21,19,27,241,28,07,25,165,18*78
23:07:39.371 << $GPGSV,4,3,13,20,14,275,25,08,08,061,18,15,05,303,,03,01,118,*79
23:07:39.371 << $GPGSV,4,4,13,42,,,*7D
23:07:39.372 << $GPRMC,040739.000,A,4153.0219,N,08748.2174,W,0.05,219.47,230107,,,A*74
23:07:40.829 << $GPGGA,040740.000,4153.0219,N,08748.2174,W,1,9,1.34,197.3,M,-34.0,M,,*6A
23:07:40.834 << $GPGSA,A,3,14,30,01,17,20,02,08,22,19,,,,1.81,1.34,1.22*0C
23:07:40.838 << $GPGSV,4,1,13,14,75,344,39,17,63,253,33,22,58,311,22,30,56,198,34*7E
23:07:40.841 << $GPGSV,4,2,13,01,47,079,34,02,33,051,21,19,27,241,28,07,25,165,18*78
23:07:40.898 << $GPGSV,4,3,13,20,14,275,24,08,08,061,18,15,05,303,,03,01,118,*78
23:07:40.901 << $GPGSV,4,4,13,40,,,*7F
23:07:40.905 << $GPRMC,040740.000,A,4153.0219,N,08748.2174,W,0.04,219.47,230107,,,A*7B
23:07:41.808 << $GPGGA,040741.000,4153.0219,N,08748.2174,W,1,9,1.34,197.3,M,-34.0,M,,*6B
23:07:41.812 << $GPGSA,A,3,14,30,01,17,20,02,08,22,19,,,,1.81,1.34,1.22*0C
23:07:41.814 << $GPGSV,4,1,13,14,75,344,39,17,63,253,33,22,58,311,22,30,56,198,34*7E
23:07:41.816 << $GPGSV,4,2,13,01,47,079,34,02,33,051,21,19,27,241,28,07,25,165,17*77
23:07:41.818 << $GPGSV,4,3,13,20,14,275,24,08,08,061,17,15,05,303,,03,01,118,*77
23:07:41.820 << $GPGSV,4,4,13,40,,,*7F
23:07:42.292 << $GPRMC,040741.000,A,4153.0219,N,08748.2174,W,0.01,219.47,230107,,,A*7F
23:07:42.779 << $GPGGA,040742.000,4153.0219,N,08748.2174,W,1,9,1.34,197.3,M,-34.0,M,,*68
23:07:42.782 << $GPGSA,A,3,14,30,01,17,20,02,08,22,19,,,,1.81,1.34,1.22*0C
23:07:42.785 << $GPGSV,4,1,13,14,75,344,39,17,63,253,33,22,58,311,21,30,56,198,34*7D
23:07:42.787 << $GPGSV,4,2,13,01,47,079,34,02,33,051,20,19,27,241,29,07,25,165,17*77
23:07:42.788 << $GPGSV,4,3,13,20,14,275,24,08,08,061,17,15,05,303,,03,01,118,*77
23:07:42.790 << $GPGSV,4,4,13,40,,,*7F
23:07:42.792 << $GPRMC,040742.000,A,4153.0219,N,08748.2174,W,0.02,219.47,230107,,,A*7F
23:07:43.780 << $GPGGA,040743.000,4153.0219,N,08748.2174,W,1,9,1.34,197.3,M,-34.0,M,,*69
23:07:43.785 << $GPGSA,A,3,14,30,01,17,20,02,08,22,19,,,,1.81,1.34,1.22*0C
23:07:43.787 << $GPGSV,4,1,13,14,75,344,39,17,63,253,33,22,58,311,20,30,56,198,34*7C
23:07:43.789 << $GPGSV,4,2,13,01,47,079,34,02,33,051,20,19,27,241,29,07,25,165,17*77
23:07:43.791 << $GPGSV,4,3,13,20,14,275,23,08,08,061,17,15,05,303,,03,01,118,*70
23:07:43.793 << $GPGSV,4,4,13,40,,,*7F
23:07:43.795 << $GPRMC,040743.000,A,4153.0219,N,08748.2174,W,0.03,219.47,230107,,,A*7F
23:07:44.726 << $GPGGA,040744.000,4153.0219,N,08748.2174,W,1,9,1.34,197.3,M,-34.0,M,,*6E
23:07:44.730 << $GPGSA,A,3,14,30,01,17,20,02,08,22,19,,,,1.81,1.34,1.22*0C
23:07:44.733 << $GPGSV,4,1,13,14,75,344,39,17,63,253,33,22,58,311,20,30,56,198,34*7C
23:07:44.789 << $GPGSV,4,2,13,01,47,079,34,02,33,051,20,19,27,241,29,07,25,165,17*77
23:07:44.790 << $GPGSV,4,3,13,20,14,275,22,08,08,061,17,15,05,303,,03,01,118,*71
23:07:44.791 << $GPGSV,4,4,13,40,,,*7F
23:07:44.792 << $GPRMC,040744.000,A,4153.0219,N,08748.2174,W,0.02,219.47,230107,,,A*79
23:07:45.700 << $GPGGA,040745.000,4153.0219,N,08748.2175,W,1,9,1.34,197.3,M,-34.0,M,,*6E
23:07:45.704 << $GPGSA,A,3,14,30,01,17,20,02,08,22,19,,,,1.81,1.34,1.22*0C
23:07:45.706 << $GPGSV,4,1,13,14,75,344,39,17,63,253,33,22,58,311,20,30,56,198,34*7C
23:07:45.708 << $GPGSV,4,2,13,01,47,079,34,02,33,051,20,19,27,241,29,07,25,165,17*77
23:07:45.710 >> $PMTK182,2,8*33
23:07:45.719 << $GPGSV,4,3,13,20,14,275,22,08,08,061,17,15,05,303,,03,01,118,*71
23:07:45.720 << $GPGSV,4,4,13,40,,,*7F
23:07:45.721 << $GPRMC,040745.000,A,4153.0219,N,08748.2175,W,0.05,219.47,230107,,,A*7E
23:07:46.418 << $GPGGA,040746.000,4153.0219,N,08748.2175,W,1,9,1.34,197.3,M,-34.0,M,,*6D
23:07:46.421 << $GPGSA,A,3,14,30,01,17,20,02,08,22,19,,,,1.81,1.34,1.22*0C
23:07:46.424 << $GPGSV,4,1,13,14,75,344,39,17,63,253,33,22,58,311,20,30,56,198,34*7C
23:07:46.426 << $GPGSV,4,2,13,01,47,079,34,51,37,207,,02,33,051,19,19,27,241,29*7C
23:07:46.428 << $GPGSV,4,3,13,07,25,165,17,20,14,275,21,08,08,061,16,15,05,303,*7D
23:07:46.429 << $GPGSV,4,4,13,03,01,118,*41
23:07:46.432 << $GPRMC,040746.000,A,4153.0219,N,08748.2175,W,0.04,219.47,230107,,,A*7C
23:07:46.434 << $PMTK182,3,8,00018180*1E
23:07:46.435 << $PMTK001,182,2,3*25
23:07:47.401 << $GPGGA,040747.000,4153.0219,N,08748.2175,W,1,9,1.34,197.2,M,-34.0,M,,*6D
23:07:47.406 << $GPGSA,A,3,14,30,01,17,20,02,08,22,19,,,,1.81,1.34,1.22*0C
23:07:47.407 << $GPGSV,4,1,13,14,75,344,39,17,63,253,33,22,58,311,20,30,56,198,34*7C
23:07:47.408 << $GPGSV,4,2,13,01,47,079,34,51,37,207,,02,33,051,19,19,27,241,29*7C
23:07:47.408 << $GPGSV,4,3,13,07,25,165,16,20,14,275,20,08,08,061,16,15,05,303,*7D
23:07:47.409 << $GPGSV,4,4,13,03,01,118,*41
23:07:47.411 << $GPRMC,040747.000,A,4153.0219,N,08748.2175,W,0.02,219.47,230107,,,A*7B
23:07:48.392 << $GPGGA,040748.000,4153.0219,N,08748.2175,W,1,9,1.34,197.2,M,-34.0,M,,*62
23:07:48.398 << $GPGSA,A,3,14,30,01,17,20,02,08,22,19,,,,1.81,1.34,1.22*0C
23:07:48.402 << $GPGSV,4,1,13,14,75,344,39,17,63,253,33,22,58,311,19,30,56,198,34*76
23:07:48.405 << $GPGSV,4,2,13,01,47,079,34,51,37,207,,02,33,051,19,19,27,241,29*7C
23:07:48.407 << $GPGSV,4,3,13,07,25,165,16,20,14,275,20,08,08,061,16,15,05,303,*7D
23:07:48.409 << $GPGSV,4,4,13,03,01,118,*41
23:07:48.411 << $GPRMC,040748.000,A,4153.0219,N,08748.2175,W,0.03,219.47,230107,,,A*75
23:07:49.386 << $GPGGA,040749.000,4153.0219,N,08748.2175,W,1,9,1.34,197.2,M,-34.0,M,,*63
23:07:49.392 << $GPGSA,A,3,14,30,01,17,20,02,08,22,19,,,,1.81,1.34,1.22*0C
23:07:49.395 << $GPGSV,4,1,13,14,75,344,39,17,63,253,33,22,58,311,19,30,56,198,34*76
23:07:49.397 << $GPGSV,4,2,13,01,47,079,34,51,37,207,,02,33,051,19,19,27,241,30*74
23:07:49.399 << $GPGSV,4,3,13,07,25,165,16,20,14,275,19,08,08,061,16,15,05,303,*77
23:07:49.400 << $GPGSV,4,4,13,03,01,118,*41
23:07:49.402 << $GPRMC,040749.000,A,4153.0219,N,08748.2175,W,0.03,219.47,230107,,,A*74
23:07:50.397 << $GPGGA,040750.000,4153.0219,N,08748.2175,W,1,9,1.34,197.2,M,-34.0,M,,*6B
23:07:50.403 << $GPGSA,A,3,14,30,01,17,20,02,08,22,19,,,,1.81,1.34,1.22*0C
23:07:50.406 << $GPGSV,4,1,13,14,75,344,39,17,63,253,33,22,58,311,20,30,56,198,34*7C
23:07:50.409 << $GPGSV,4,2,13,01,47,079,34,51,37,207,,02,33,051,20,19,27,241,30*7E
23:07:50.466 << $GPGSV,4,3,13,07,25,165,16,20,14,275,18,08,08,061,16,15,05,303,*76
23:07:50.469 << $GPGSV,4,4,13,03,01,118,*41
23:07:50.473 << $GPRMC,040750.000,A,4153.0219,N,08748.2175,W,0.04,219.47,230107,,,A*7B
23:07:51.556 << $GPGGA,040751.000,4153.0219,N,08748.2175,W,1,9,1.34,197.2,M,-34.0,M,,*6A
23:07:51.560 << $GPGSA,A,3,14,30,01,17,20,02,08,22,19,,,,1.81,1.34,1.22*0C
23:07:51.562 << $GPGSV,4,1,13,14,75,344,39,17,63,253,33,22,58,311,20,30,56,197,34*73
23:07:51.564 << $GPGSV,4,2,13,01,47,079,34,51,37,207,,02,33,051,19,19,27,241,30*74
23:07:52.036 << $GPGSV,4,3,13,07,25,165,16,20,14,275,17,08,08,061,16,15,05,303,*79
23:07:52.037 << $GPGSV,4,4,13,03,01,118,*41
23:07:52.039 << $GPRMC,040751.000,A,4153.0219,N,08748.2175,W,0.04,219.47,230107,,,A*7A
23:07:52.523 << $GPGGA,040752.000,4153.0219,N,08748.2175,W,1,9,1.34,197.2,M,-34.0,M,,*69
23:07:52.579 << $GPGSA,A,3,14,30,01,17,20,02,08,22,19,,,,1.81,1.34,1.22*0C
23:07:52.579 << $GPGSV,4,1,13,14,75,344,39,17,63,253,33,22,58,311,21,30,56,197,34*72
23:07:52.580 << $GPGSV,4,2,13,01,47,079,34,51,37,207,,02,33,051,19,19,27,241,30*74
23:07:52.580 << $GPGSV,4,3,13,07,25,165,16,20,14,275,17,08,08,061,16,15,05,303,*79
23:07:52.581 << $GPGSV,4,4,13,03,01,118,*41
23:07:52.581 << $GPRMC,040752.000,A,4153.0219,N,08748.2175,W,0.03,219.47,230107,,,A*7E
23:07:53.507 << $GPGGA,040753.000,4153.0219,N,08748.2175,W,1,9,1.34,197.2,M,-34.0,M,,*68
23:07:53.513 << $GPGSA,A,3,14,30,01,17,20,02,08,22,19,,,,1.81,1.34,1.22*0C
23:07:53.515 << $GPGSV,4,1,13,14,75,344,39,17,63,253,33,22,58,311,21,30,56,197,34*72
23:07:53.517 << $GPGSV,4,2,13,01,47,079,34,51,37,207,,02,33,051,19,19,27,241,30*74
23:07:53.519 << $GPGSV,4,3,13,07,25,165,16,20,14,275,17,08,08,061,16,15,05,303,*79
23:07:53.521 << $GPGSV,4,4,13,03,01,118,*41
23:07:53.523 << $GPRMC,040753.000,A,4153.0219,N,08748.2175,W,0.01,219.47,230107,,,A*7D
23:07:54.505 << $GPGGA,040754.000,4153.0219,N,08748.2175,W,1,9,1.34,197.2,M,-34.0,M,,*6F
23:07:54.509 << $GPGSA,A,3,14,30,01,17,20,02,08,22,19,,,,1.81,1.34,1.22*0C
23:07:54.512 << $GPGSV,4,1,13,14,75,344,39,17,63,253,33,22,58,311,21,30,56,197,34*72
23:07:54.514 << $GPGSV,4,2,13,01,47,079,34,51,37,207,,02,33,051,19,19,27,241,30*74
23:07:54.515 << $GPGSV,4,3,13,07,25,165,16,20,14,275,17,08,08,061,16,15,05,303,*79
23:07:54.517 << $GPGSV,4,4,13,03,01,118,*41
23:07:54.972 << $GPRMC,040754.000,A,4153.0219,N,08748.2175,W,0.05,219.47,230107,,,A*7E
23:07:55.458 << $GPGGA,040755.000,4153.0219,N,08748.2175,W,1,9,1.34,197.2,M,-34.0,M,,*6E
23:07:55.462 << $GPGSA,A,3,14,30,01,17,20,02,08,22,19,,,,1.81,1.34,1.22*0C
23:07:55.464 << $GPGSV,4,1,13,14,75,344,39,17,63,253,33,22,58,311,21,30,56,197,34*72
23:07:55.466 << $GPGSV,4,2,13,01,47,079,34,51,37,207,,02,33,051,19,19,27,241,30*74
23:07:55.936 << $GPGSV,4,3,13,07,25,165,15,20,14,275,17,08,08,061,16,15,05,303,*7A
23:07:55.938 << $GPGSV,4,4,13,03,01,118,*41
23:07:55.940 << $GPRMC,040755.000,A,4153.0219,N,08748.2175,W,0.05,219.47,230107,,,A*7F
23:07:56.429 << $GPGGA,040756.000,4153.0219,N,08748.2175,W,1,9,1.34,197.2,M,-34.0,M,,*6D
23:07:56.433 << $GPGSA,A,3,14,30,01,17,20,02,08,22,19,,,,1.81,1.34,1.22*0C
23:07:56.435 << $GPGSV,4,1,13,14,75,344,39,17,63,253,33,22,58,311,22,30,56,197,34*71
23:07:56.437 << $GPGSV,4,2,13,01,47,079,34,02,33,051,20,44,33,219,,19,27,241,30*71
23:07:56.438 << $GPGSV,4,3,13,07,25,165,15,20,14,275,17,08,08,061,16,15,05,303,*7A
23:07:56.440 << $GPGSV,4,4,13,03,01,118,*41
23:07:56.441 << $GPRMC,040756.000,A,4153.0219,N,08748.2175,W,0.05,219.47,230107,,,A*7C
23:07:57.434 << $GPGGA,040757.000,4153.0219,N,08748.2175,W,1,9,1.34,197.2,M,-34.0,M,,*6C
23:07:57.437 << $GPGSA,A,3,14,30,01,17,20,02,08,22,19,,,,1.81,1.34,1.22*0C
23:07:57.440 << $GPGSV,4,1,13,14,75,344,39,17,63,253,33,22,58,311,22,30,56,197,34*71
23:07:57.442 << $GPGSV,4,2,13,01,47,079,34,02,33,051,20,44,33,219,,19,27,241,30*71
23:07:57.443 << $GPGSV,4,3,13,07,25,165,15,20,14,275,17,08,08,061,16,15,05,303,*7A
23:07:57.445 << $GPGSV,4,4,13,03,01,118,*41
23:07:57.447 << $GPRMC,040757.000,A,4153.0219,N,08748.2175,W,0.07,219.47,230107,,,A*7F
23:07:58.377 << $GPGGA,040758.000,4153.0219,N,08748.2175,W,1,9,1.34,197.2,M,-34.0,M,,*63
23:07:58.381 << $GPGSA,A,3,14,30,01,17,20,02,08,22,19,,,,1.81,1.34,1.22*0C
23:07:58.383 << $GPGSV,4,1,13,14,75,344,39,17,63,253,33,22,58,311,23,30,56,197,34*70
23:07:58.385 << $GPGSV,4,2,13,01,47,079,34,02,33,051,20,44,33,219,,19,27,241,30*71
23:07:58.386 << $GPGSV,4,3,13,07,25,165,15,20,14,275,17,08,08,061,16,15,05,303,*7A
23:07:58.388 << $GPGSV,4,4,13,03,01,118,*41
23:07:58.390 << $GPRMC,040758.000,A,4153.0219,N,08748.2175,W,0.07,219.47,230107,,,A*70
23:07:59.847 << $GPGGA,040759.000,4153.0219,N,08748.2175,W,1,9,1.34,197.2,M,-34.0,M,,*62
23:07:59.852 << $GPGSA,A,3,14,30,01,17,20,02,08,22,19,,,,1.81,1.34,1.22*0C
23:07:59.855 << $GPGSV,4,1,13,14,75,344,39,17,63,253,33,22,58,311,23,30,56,197,34*70
23:07:59.858 << $GPGSV,4,2,13,01,47,079,34,02,33,051,20,44,33,219,,19,27,241,30*71
23:07:59.861 << $GPGSV,4,3,13,07,25,165,15,20,14,275,17,08,08,061,16,15,05,303,*7A
23:07:59.863 << $GPGSV,4,4,13,03,01,118,*41
23:07:59.865 << $GPRMC,040759.000,A,4153.0219,N,08748.2175,W,0.05,219.47,230107,,,A*73
23:08:00.820 << $GPGGA,040800.000,4153.0219,N,08748.2175,W,1,9,1.34,197.2,M,-34.0,M,,*61
23:08:00.825 << $GPGSA,A,3,14,30,01,17,20,02,08,22,19,,,,1.81,1.34,1.22*0C
23:08:00.827 << $GPGSV,4,1,13,14,75,344,39,17,63,253,33,22,58,311,23,30,56,197,34*70
23:08:00.829 << $GPGSV,4,2,13,01,47,079,34,02,33,051,20,44,33,219,,19,27,241,30*71
23:08:00.831 << $GPGSV,4,3,13,07,25,165,15,20,14,275,17,08,08,061,16,15,05,303,*7A
23:08:00.832 << $GPGSV,4,4,13,03,01,118,*41
23:08:00.834 << $GPRMC,040800.000,A,4153.0219,N,08748.2175,W,0.04,219.47,230107,,,A*71
23:08:01.820 << $GPGGA,040801.000,4153.0219,N,08748.2175,W,1,9,1.34,197.2,M,-34.0,M,,*60
23:08:01.824 << $GPGSA,A,3,14,30,01,17,20,02,08,22,19,,,,1.81,1.34,1.22*0C
23:08:01.826 << $GPGSV,4,1,13,14,75,344,39,17,63,253,33,22,58,311,23,30,56,197,34*70
23:08:01.828 << $GPGSV,4,2,13,01,47,079,34,02,33,051,20,44,33,219,,19,27,241,30*71
23:08:01.830 << $GPGSV,4,3,13,07,25,165,,20,14,275,17,08,08,062,16,15,05,303,*7D
23:08:01.832 << $GPGSV,4,4,13,03,01,118,*41
23:08:01.833 << $GPRMC,040801.000,A,4153.0219,N,08748.2175,W,0.02,219.47,230107,,,A*76
23:08:02.764 << $GPGGA,040802.000,4153.0219,N,08748.2175,W,1,9,1.34,197.2,M,-34.0,M,,*63
23:08:02.768 << $GPGSA,A,3,14,30,01,17,20,02,08,22,19,,,,1.81,1.34,1.22*0C
23:08:02.770 << $GPGSV,4,1,13,14,75,344,39,17,63,253,34,22,58,311,23,30,56,197,34*77
23:08:02.772 << $GPGSV,4,2,13,01,47,079,34,02,33,051,20,44,33,219,,19,27,241,30*71
23:08:03.252 << $GPGSV,4,3,13,07,25,165,,20,14,275,17,08,08,062,16,15,05,303,*7D
23:08:03.255 << $GPGSV,4,4,13,03,01,118,*41
23:08:03.257 << $GPRMC,040802.000,A,4153.0219,N,08748.2175,W,0.03,219.47,230107,,,A*74
23:08:03.742 << $GPGGA,040803.000,4153.0219,N,08748.2175,W,1,9,1.34,197.2,M,-34.0,M,,*62
23:08:03.744 << $GPGSA,A,3,14,30,01,17,20,02,08,22,19,,,,1.81,1.34,1.22*0C
23:08:03.746 << $GPGSV,4,1,13,14,75,344,39,17,63,253,34,22,58,311,23,30,56,197,34*77
23:08:03.748 << $GPGSV,4,2,13,01,47,079,34,02,33,051,20,44,33,219,,19,27,241,30*71
23:08:03.750 << $GPGSV,4,3,13,07,25,165,,20,14,275,17,08,08,062,16,15,05,303,*7D
23:08:03.751 << $GPGSV,4,4,13,03,01,118,*41
23:08:03.753 << $GPRMC,040803.000,A,4153.0219,N,08748.2175,W,0.10,219.47,230107,,,A*77
23:08:04.737 << $GPGGA,040804.000,4153.0220,N,08748.2175,W,1,9,1.34,197.2,M,-34.0,M,,*6F
23:08:04.742 << $GPGSA,A,3,14,30,01,17,20,02,08,22,19,,,,1.81,1.34,1.22*0C
23:08:04.745 << $GPGSV,4,1,13,14,75,344,39,17,63,253,34,22,58,311,23,30,56,197,34*77
23:08:04.747 << $GPGSV,4,2,13,01,47,079,34,02,33,051,20,44,33,219,,19,27,241,30*71
23:08:04.748 << $GPGSV,4,3,13,07,25,165,,20,14,275,17,08,08,062,16,15,05,303,*7D
23:08:04.750 << $GPGSV,4,4,13,03,01,118,*41
23:08:04.751 << $GPRMC,040804.000,A,4153.0220,N,08748.2175,W,0.07,219.47,230107,,,A*7C
23:08:05.685 << $GPGGA,040805.000,4153.0220,N,08748.2175,W,1,9,1.34,197.2,M,-34.0,M,,*6E
23:08:05.688 << $GPGSA,A,3,14,30,01,17,20,02,08,22,19,,,,1.81,1.34,1.22*0C
23:08:05.744 << $GPGSV,4,1,13,14,75,344,39,17,63,253,34,22,58,311,22,30,56,197,34*76
23:08:05.745 << $GPGSV,4,2,13,01,47,079,34,02,33,051,19,44,33,219,,19,27,241,30*7B
23:08:05.745 << $GPGSV,4,3,13,07,25,165,,20,14,275,17,08,08,062,15,15,05,303,*7E
23:08:05.746 << $GPGSV,4,4,13,03,01,118,*41
23:08:05.747 << $GPRMC,040805.000,A,4153.0220,N,08748.2175,W,0.07,219.47,230107,,,A*7D
23:08:06.666 << $GPGGA,040806.000,4153.0220,N,08748.2175,W,1,9,1.34,197.2,M,-34.0,M,,*6D
23:08:06.666 << $GPGSA,A,3,14,30,01,17,20,02,08,22,19,,,,1.81,1.34,1.22*0C
23:08:06.667 << $GPGSV,4,1,13,14,75,344,39,17,63,253,34,22,58,311,22,30,56,197,34*76
23:08:06.667 << $GPGSV,4,2,13,01,47,079,34,02,33,051,19,48,28,228,,19,27,241,30*7F
23:08:07.150 << $GPGSV,4,3,13,07,25,165,,20,14,275,17,08,08,062,15,15,05,303,*7E
23:08:07.151 << $GPGSV,4,4,13,03,01,118,*41
23:08:07.151 << $GPRMC,040806.000,A,4153.0220,N,08748.2175,W,0.07,219.47,230107,,,A*7E
23:08:07.639 << $GPGGA,040807.000,4153.0220,N,08748.2175,W,1,9,1.34,197.2,M,-34.0,M,,*6C
23:08:07.641 << $GPGSA,A,3,14,30,01,17,20,02,08,22,19,,,,1.81,1.34,1.22*0C
23:08:07.642 << $GPGSV,4,1,13,14,76,345,39,17,63,253,34,22,58,311,22,30,56,197,34*74
23:08:07.643 << $GPGSV,4,2,13,01,47,079,34,02,33,051,18,48,28,228,,19,27,241,30*7E
23:08:07.644 << $GPGSV,4,3,13,07,25,165,,20,14,275,17,08,08,062,15,15,05,303,*7E
23:08:07.644 << $GPGSV,4,4,13,03,01,118,*41
23:08:07.646 << $GPRMC,040807.000,A,4153.0220,N,08748.2175,W,0.04,219.47,230107,,,A*7C
23:08:08.616 << $GPGGA,040808.000,4153.0220,N,08748.2175,W,1,9,1.34,197.2,M,-34.0,M,,*63
23:08:08.618 << $GPGSA,A,3,14,30,01,17,20,02,08,22,19,,,,1.81,1.34,1.22*0C
23:08:08.620 << $GPGSV,4,1,13,14,76,345,39,17,63,253,34,22,58,311,22,30,56,197,34*74
23:08:08.621 << $GPGSV,4,2,13,01,47,079,34,02,33,051,18,48,28,228,,19,27,241,30*7E
23:08:08.622 << $GPGSV,4,3,13,07,25,165,,20,14,275,17,08,08,062,15,15,05,303,*7E
23:08:08.623 << $GPGSV,4,4,13,03,01,118,*41
23:08:08.624 << $GPRMC,040808.000,A,4153.0220,N,08748.2175,W,0.02,219.47,230107,,,A*75
23:08:09.603 << $GPGGA,040809.000,4153.0220,N,08748.2175,W,1,8,1.40,197.1,M,-34.0,M,,*63
23:08:09.607 << $GPGSA,A,3,14,30,01,17,20,02,22,19,,,,,2.13,1.40,1.61*08
23:08:09.608 << $GPGSV,4,1,13,14,76,345,39,17,63,253,34,22,58,311,22,30,56,197,34*74
23:08:09.609 << $GPGSV,4,2,13,01,47,079,34,02,33,051,18,48,28,228,,19,27,241,30*7E
23:08:09.609 << $GPGSV,4,3,13,07,25,165,,20,14,275,17,08,08,062,15,15,05,303,*7E
23:08:09.609 << $GPGSV,4,4,13,03,01,118,*41
23:08:09.609 << $GPRMC,040809.000,A,4153.0220,N,08748.2175,W,0.04,219.47,230107,,,A*72
23:08:10.583 << $GPGGA,040810.000,4153.0220,N,08748.2175,W,1,9,1.34,197.1,M,-34.0,M,,*69
23:08:10.584 << $GPGSA,A,3,14,30,01,17,20,02,08,22,19,,,,1.81,1.34,1.22*0C
23:08:10.585 << $GPGSV,4,1,13,14,76,345,39,17,63,254,34,22,58,311,22,30,56,197,34*73
23:08:10.586 << $GPGSV,4,2,13,01,47,079,34,02,33,051,18,48,28,228,,19,27,241,30*7E
23:08:10.586 << $GPGSV,4,3,13,07,25,165,,20,14,275,18,08,08,062,15,15,05,303,*71
23:08:10.586 << $GPGSV,4,4,13,03,01,118,*41
23:08:10.587 << $GPRMC,040810.000,A,4153.0220,N,08748.2175,W,0.06,219.47,230107,,,A*78
23:08:11.560 << $GPGGA,040811.000,4153.0220,N,08748.2175,W,1,9,1.34,197.1,M,-34.0,M,,*68
23:08:11.562 << $GPGSA,A,3,14,30,01,17,20,02,08,22,19,,,,1.81,1.34,1.22*0C
23:08:11.563 << $GPGSV,4,1,13,14,76,345,39,17,63,254,34,22,58,311,22,30,56,197,34*73
23:08:11.564 << $GPGSV,4,2,13,01,47,079,34,02,33,051,18,48,28,228,,19,27,241,30*7E
23:08:11.565 << $GPGSV,4,3,13,07,25,165,,20,14,275,18,08,08,062,15,15,05,303,*71
23:08:11.566 << $GPGSV,4,4,13,03,01,118,*41
23:08:11.567 << $GPRMC,040811.000,A,4153.0220,N,08748.2175,W,0.03,219.47,230107,,,A*7C
23:08:12.542 << $GPGGA,040812.000,4153.0220,N,08748.2175,W,1,8,1.40,197.1,M,-34.0,M,,*69
23:08:12.544 << $GPGSA,A,3,14,30,01,17,20,02,22,19,,,,,2.13,1.40,1.61*08
23:08:12.546 << $GPGSV,4,1,13,14,76,345,39,17,63,254,34,22,58,311,22,30,56,197,34*73
23:08:12.548 << $GPGSV,4,2,13,01,47,079,34,02,33,051,18,19,28,241,30,48,28,228,*71
23:08:12.549 << $GPGSV,4,3,13,07,25,165,,20,14,275,18,08,08,062,,15,05,303,*75
23:08:12.550 << $GPGSV,4,4,13,03,01,118,*41
23:08:12.552 << $GPRMC,040812.000,A,4153.0220,N,08748.2175,W,0.04,219.47,230107,,,A*78
23:08:13.529 << $GPGGA,040813.000,4153.0220,N,08748.2175,W,1,9,1.34,197.1,M,-34.0,M,,*6A
23:08:13.532 << $GPGSA,A,3,14,30,01,17,20,02,08,22,19,,,,1.81,1.34,1.22*0C
23:08:13.534 << $GPGSV,4,1,13,14,76,345,39,17,63,254,34,22,58,311,21,30,56,197,34*70
23:08:13.536 << $GPGSV,4,2,13,01,47,079,34,02,33,051,18,19,28,241,30,48,28,228,*71
23:08:13.537 << $GPGSV,4,3,13,07,25,165,,20,14,275,19,08,08,062,15,15,05,303,*70
23:08:13.538 << $GPGSV,4,4,13,03,01,118,*41
23:08:13.539 << $GPRMC,040813.000,A,4153.0220,N,08748.2175,W,0.04,219.47,230107,,,A*79
23:08:14.464 << $GPGGA,040814.000,4153.0220,N,08748.2175,W,1,9,1.34,197.1,M,-34.0,M,,*6D
23:08:14.467 << $GPGSA,A,3,14,30,01,17,20,02,08,22,19,,,,1.81,1.34,1.22*0C
23:08:14.469 << $GPGSV,4,1,13,14,76,345,39,17,63,254,34,22,58,311,21,30,56,197,34*70
23:08:14.470 << $GPGSV,4,2,13,01,47,079,34,02,33,051,18,19,28,241,30,48,28,228,*71
23:08:14.472 << $GPGSV,4,3,13,07,25,165,,20,14,275,19,08,08,062,14,15,05,303,*71
23:08:14.472 << $GPGSV,4,4,13,03,01,118,*41
23:08:14.473 << $GPRMC,040814.000,A,4153.0220,N,08748.2175,W,0.01,219.47,230107,,,A*7B
23:08:15.449 << $GPGGA,040815.000,4153.0220,N,08748.2175,W,1,9,1.34,197.1,M,-34.0,M,,*6C
23:08:15.451 << $GPGSA,A,3,14,30,01,17,20,02,08,22,19,,,,1.81,1.34,1.22*0C
23:08:15.452 << $GPGSV,4,1,13,14,76,345,39,17,63,254,34,22,58,311,21,30,56,197,34*70
23:08:15.453 << $GPGSV,4,2,13,01,47,079,34,02,33,051,18,19,28,241,30,46,26,232,*7A
23:08:15.455 << $GPGSV,4,3,13,07,25,165,,20,14,275,20,08,08,062,14,15,05,303,*7B
23:08:15.456 << $GPGSV,4,4,13,03,01,118,*41
23:08:15.922 << $GPRMC,040815.000,A,4153.0220,N,08748.2175,W,0.03,219.47,230107,,,A*78
23:08:16.420 << $GPGGA,040816.000,4153.0220,N,08748.2175,W,1,9,1.34,197.0,M,-34.0,M,,*6E
23:08:16.422 << $GPGSA,A,3,14,30,01,17,20,02,08,22,19,,,,1.81,1.34,1.22*0C
23:08:16.423 << $GPGSV,4,1,13,14,76,345,39,17,63,254,34,22,58,311,21,30,56,197,34*70
23:08:16.424 << $GPGSV,4,2,13,01,47,079,34,02,33,051,18,19,28,241,30,46,26,232,*7A
23:08:16.900 << $GPGSV,4,3,13,07,25,165,17,20,14,275,20,08,08,062,17,15,05,303,*7E
23:08:16.902 << $GPGSV,4,4,13,03,01,118,*41
23:08:16.903 << $GPRMC,040816.000,A,4153.0220,N,08748.2175,W,0.02,219.47,230107,,,A*7A
23:08:17.390 << $GPGGA,040817.000,4153.0220,N,08748.2175,W,1,9,1.34,197.0,M,-34.0,M,,*6F
23:08:17.394 << $GPGSA,A,3,14,30,01,17,20,02,08,22,19,,,,1.81,1.34,1.22*0C
23:08:17.396 << $GPGSV,4,1,13,14,76,345,39,17,63,254,34,22,58,311,21,30,56,197,34*70
23:08:17.398 << $GPGSV,4,2,13,01,47,079,34,02,33,051,18,19,28,241,30,46,26,232,*7A
23:08:17.877 << $GPGSV,4,3,13,07,25,165,17,20,14,275,21,08,08,062,17,15,05,303,*7F
23:08:17.878 << $GPGSV,4,4,13,03,01,118,*41
23:08:17.879 << $GPRMC,040817.000,A,4153.0220,N,08748.2175,W,0.03,219.47,230107,,,A*7A
23:08:18.367 << $GPGGA,040818.000,4153.0220,N,08748.2175,W,1,9,1.34,197.0,M,-34.0,M,,*60
23:08:18.370 << $GPGSA,A,3,14,30,01,17,20,02,08,22,19,,,,1.81,1.34,1.22*0C
23:08:18.372 << $GPGSV,4,1,13,14,76,345,39,17,63,254,34,22,58,311,21,30,56,197,34*70
23:08:18.857 << $GPGSV,4,2,13,01,47,079,34,02,33,051,18,19,28,241,30,46,26,232,*7A
23:08:18.859 << $GPGSV,4,3,13,07,25,165,17,20,14,275,21,08,08,062,16,15,05,303,*7E
23:08:18.859 << $GPGSV,4,4,13,03,01,118,*41
23:08:18.862 << $GPRMC,040818.000,A,4153.0220,N,08748.2175,W,0.02,219.47,230107,,,A*74
23:08:19.844 << $GPGGA,040819.000,4153.0220,N,08748.2175,W,1,9,1.34,197.0,M,-34.0,M,,*61
23:08:19.848 << $GPGSA,A,3,14,30,01,17,20,02,08,22,19,,,,1.81,1.34,1.22*0C
23:08:19.851 << $GPGSV,4,1,13,14,76,345,39,17,63,254,34,22,58,311,21,30,56,197,34*70
23:08:19.853 << $GPGSV,4,2,13,01,47,079,34,02,33,051,18,19,28,241,30,46,26,232,*7A
23:08:19.855 << $GPGSV,4,3,13,07,25,165,17,20,14,275,22,08,08,062,16,15,05,303,*7D
23:08:19.855 << $GPGSV,4,4,13,03,01,118,*41
23:08:19.856 << $GPRMC,040819.000,A,4153.0220,N,08748.2175,W,0.02,219.47,230107,,,A*75
23:08:20.829 << $GPGGA,040820.000,4153.0220,N,08748.2175,W,1,9,1.34,197.0,M,-34.0,M,,*6B
23:08:20.832 << $GPGSA,A,3,14,30,01,17,20,02,08,22,19,,,,1.81,1.34,1.22*0C
23:08:20.833 << $GPGSV,4,1,13,14,76,345,39,17,63,254,34,22,58,311,21,30,56,197,34*70
23:08:20.835 << $GPGSV,4,2,13,01,47,079,34,02,33,051,18,19,28,241,30,46,26,232,*7A
23:08:20.836 << $GPGSV,4,3,13,07,25,165,17,20,14,275,22,08,08,062,16,15,05,303,*7D
23:08:20.837 << $GPGSV,4,4,13,03,01,118,*41
23:08:20.839 << $GPRMC,040820.000,A,4153.0220,N,08748.2175,W,0.02,219.47,230107,,,A*7F
23:08:21.817 << $GPGGA,040821.000,4153.0220,N,08748.2175,W,1,9,1.34,197.0,M,-34.0,M,,*6A
23:08:21.818 << $GPGSA,A,3,14,30,01,17,20,02,08,22,19,,,,1.81,1.34,1.22*0C
23:08:21.818 << $GPGSV,4,1,13,14,76,345,39,17,63,254,34,22,58,311,20,30,56,197,33*76
23:08:21.818 << $GPGSV,4,2,13,01,47,079,34,02,33,051,18,19,28,241,30,46,26,232,*7A
23:08:21.818 << $GPGSV,4,3,13,07,25,165,17,20,14,275,22,08,08,062,15,15,05,303,*7E
23:08:21.818 << $GPGSV,4,4,13,03,01,118,*41
23:08:22.259 << $GPRMC,040821.000,A,4153.0220,N,08748.2175,W,0.02,219.47,230107,,,A*7E
23:08:22.751 << $GPGGA,040822.000,4153.0220,N,08748.2175,W,1,9,1.34,197.0,M,-34.0,M,,*69
23:08:22.752 << $GPGSA,A,3,14,30,01,17,20,02,08,22,19,,,,1.81,1.34,1.22*0C
23:08:22.752 << $GPGSV,4,1,13,14,76,345,39,17,63,254,34,22,58,311,21,30,56,197,33*77
23:08:22.752 << $GPGSV,4,2,13,01,47,079,34,02,33,051,18,19,28,241,30,46,26,232,*7A
23:08:22.752 << $GPGSV,4,3,13,07,25,165,17,20,14,275,22,08,08,062,15,15,05,303,*7E
23:08:22.753 << $GPGSV,4,4,13,03,01,118,*41
23:08:22.753 << $GPRMC,040822.000,A,4153.0220,N,08748.2175,W,0.05,219.47,230107,,,A*7A
23:08:23.731 << $GPGGA,040823.000,4153.0220,N,08748.2175,W,1,8,1.40,197.0,M,-34.0,M,,*6A
23:08:23.736 << $GPGSA,A,3,14,30,01,17,20,02,22,19,,,,,2.13,1.40,1.61*08
23:08:23.738 << $GPGSV,4,1,13,14,76,345,39,17,63,254,34,22,58,311,22,30,56,197,33*74
23:08:23.740 << $GPGSV,4,2,13,01,47,079,34,02,33,051,18,19,28,241,30,46,26,232,*7A
23:08:23.741 << $GPGSV,4,3,13,07,25,165,17,20,14,275,22,08,08,062,15,15,05,303,*7E
23:08:23.742 << $GPGSV,4,4,13,03,01,118,*41
23:08:23.745 << $GPRMC,040823.000,A,4153.0220,N,08748.2175,W,0.01,219.47,230107,,,A*7F
23:08:24.733 << $GPGGA,040824.000,4153.0220,N,08748.2175,W,1,8,1.40,197.0,M,-34.0,M,,*6D
23:08:24.737 << $GPGSA,A,3,14,30,01,17,20,02,22,19,,,,,2.13,1.40,1.61*08
23:08:24.739 << $GPGSV,4,1,13,14,76,345,39,17,63,254,34,22,58,311,22,30,56,197,33*74
23:08:24.741 << $GPGSV,4,2,13,01,47,079,34,02,33,051,18,19,28,241,30,46,26,232,*7A
23:08:24.742 << $GPGSV,4,3,13,07,25,165,17,20,14,275,22,08,08,062,15,15,05,303,*7E
23:08:24.743 << $GPGSV,4,4,13,03,01,118,*41
23:08:24.745 << $GPRMC,040824.000,A,4153.0220,N,08748.2175,W,0.02,219.47,230107,,,A*7B
23:08:25.726 << $GPGGA,040825.000,4153.0220,N,08748.2175,W,1,9,1.02,197.0,M,-34.0,M,,*6B
23:08:25.729 << $GPGSA,A,3,14,30,07,01,17,20,02,22,19,,,,1.79,1.02,1.47*02
23:08:25.731 << $GPGSV,4,1,13,14,76,345,39,17,63,254,34,22,58,311,23,30,56,197,33*75
23:08:25.733 << $GPGSV,4,2,13,01,47,079,34,02,33,051,18,19,28,241,30,07,25,165,18*74
23:08:25.734 << $GPGSV,4,3,13,20,14,275,22,08,08,062,15,15,05,303,,33,04,102,*7D
23:08:25.735 << $GPGSV,4,4,13,03,01,118,*41
23:08:25.737 << $GPRMC,040825.000,A,4153.0220,N,08748.2175,W,0.03,219.47,230107,,,A*7B
23:08:26.652 << $GPGGA,040826.000,4153.0220,N,08748.2175,W,1,8,1.40,197.0,M,-34.0,M,,*6F
23:08:26.656 << $GPGSA,A,3,14,30,01,17,20,02,22,19,,,,,2.13,1.40,1.61*08
23:08:26.658 << $GPGSV,4,1,13,14,76,345,39,17,63,254,34,22,58,311,23,30,56,197,33*75
23:08:26.659 << $GPGSV,4,2,13,01,47,078,34,02,33,051,19,19,28,241,30,07,25,165,18*74
23:08:26.660 << $GPGSV,4,3,13,20,14,275,22,08,08,062,,15,05,303,,33,04,102,*79
23:08:26.661 << $GPGSV,4,4,13,03,01,118,*41
23:08:26.662 << $GPRMC,040826.000,A,4153.0220,N,08748.2175,W,0.04,219.47,230107,,,A*7F
23:08:27.657 << $GPGGA,040827.000,4153.0220,N,08748.2175,W,1,8,1.40,197.0,M,-34.0,M,,*6E
23:08:27.662 << $GPGSA,A,3,14,30,01,17,20,02,22,19,,,,,2.13,1.40,1.61*08
23:08:27.665 << $GPGSV,4,1,13,14,76,345,39,17,63,254,34,22,58,311,23,30,56,197,33*75
23:08:27.667 << $GPGSV,4,2,13,01,47,078,34,02,33,051,19,19,28,241,30,07,25,165,18*74
23:08:27.669 << $GPGSV,4,3,13,20,14,275,22,08,08,062,,15,05,303,,33,04,102,*79
23:08:27.671 << $GPGSV,4,4,13,03,01,118,*41
23:08:27.673 << $GPRMC,040827.000,A,4153.0220,N,08748.2175,W,0.01,219.47,230107,,,A*7B
23:08:28.606 << $GPGGA,040828.000,4153.0220,N,08748.2175,W,1,8,1.40,197.0,M,-34.0,M,,*61
23:08:28.610 << $GPGSA,A,3,14,30,01,17,20,02,22,19,,,,,2.13,1.40,1.61*08
23:08:28.612 << $GPGSV,4,1,13,14,76,345,39,17,63,254,34,22,58,311,23,30,56,197,33*75
23:08:28.613 << $GPGSV,4,2,13,01,47,078,34,02,33,051,19,19,28,241,30,07,25,165,18*74
23:08:28.615 << $GPGSV,4,3,13,20,14,275,22,08,08,062,,15,05,303,,33,04,102,*79
23:08:28.616 << $GPGSV,4,4,13,03,01,118,*41
23:08:29.087 << $GPRMC,040828.000,A,4153.0220,N,08748.2175,W,0.04,219.47,230107,,,A*71
23:08:29.577 << $GPGGA,040829.000,4153.0220,N,08748.2175,W,1,8,1.40,197.0,M,-34.0,M,,*60
23:08:29.581 << $GPGSA,A,3,14,30,01,17,20,02,22,19,,,,,2.13,1.40,1.61*08
23:08:29.583 << $GPGSV,4,1,13,14,76,345,39,17,63,254,34,22,58,311,23,30,56,197,33*75
23:08:29.584 << $GPGSV,4,2,13,01,47,078,34,02,33,051,19,19,28,241,30,07,25,165,18*74
23:08:29.586 << $GPGSV,4,3,13,20,14,275,22,08,08,062,,15,05,303,,33,04,102,*79
23:08:29.587 << $GPGSV,4,4,13,03,01,118,*41
23:08:29.588 << $GPRMC,040829.000,A,4153.0220,N,08748.2175,W,0.04,219.47,230107,,,A*70
23:08:30.571 << $GPGGA,040830.000,4153.0220,N,08748.2175,W,1,9,1.02,197.0,M,-34.0,M,,*6F
23:08:30.575 << $GPGSA,A,3,14,30,07,01,17,20,02,22,19,,,,1.79,1.02,1.47*02
23:08:30.578 << $GPGSV,4,1,13,14,76,345,39,17,63,254,34,22,58,311,23,30,56,197,33*75
23:08:30.579 << $GPGSV,4,2,13,01,47,078,34,02,33,051,19,19,28,241,30,07,25,165,19*75
23:08:30.581 << $GPGSV,4,3,13,20,14,275,22,08,08,062,,15,05,303,,33,04,102,*79
23:08:30.582 << $GPGSV,4,4,13,03,01,118,*41
23:08:30.584 << $GPRMC,040830.000,A,4153.0220,N,08748.2175,W,0.06,219.47,230107,,,A*7A
23:08:31.573 << $GPGGA,040831.000,4153.0221,N,08748.2175,W,1,8,1.40,197.0,M,-34.0,M,,*68
23:08:31.578 << $GPGSA,A,3,14,30,01,17,20,02,22,19,,,,,2.13,1.40,1.61*08
23:08:31.580 << $GPGSV,4,1,13,14,76,345,39,17,63,254,34,22,58,311,23,30,56,197,33*75
23:08:31.581 << $GPGSV,4,2,13,01,47,078,34,02,33,051,19,19,28,241,30,07,25,165,19*75
23:08:31.582 << $GPGSV,4,3,13,20,14,275,22,08,08,062,,15,05,303,,33,04,102,*79
23:08:31.584 << $GPGSV,4,4,13,03,01,118,*41
23:08:31.585 << $GPRMC,040831.000,A,4153.0221,N,08748.2175,W,0.01,219.47,230107,,,A*7D
23:08:32.506 << $GPGGA,040832.000,4153.0220,N,08748.2175,W,1,9,1.02,197.0,M,-34.0,M,,*6D
23:08:32.509 << $GPGSA,A,3,14,30,07,01,17,20,02,22,19,,,,1.79,1.02,1.47*02
23:08:32.511 << $GPGSV,4,1,13,14,76,345,39,17,63,254,34,22,58,311,23,30,56,197,33*75
23:08:32.512 << $GPGSV,4,2,13,01,47,078,34,02,33,051,20,19,28,241,30,07,25,165,19*7F
23:08:32.514 << $GPGSV,4,3,13,20,14,275,21,08,08,062,,15,05,303,,33,04,102,*7A
23:08:32.515 << $GPGSV,4,4,13,03,01,118,*41
23:08:32.517 << $GPRMC,040832.000,A,4153.0220,N,08748.2175,W,0.02,219.47,230107,,,A*7C
23:08:33.508 << $GPGGA,040833.000,4153.0220,N,08748.2175,W,1,8,1.40,197.0,M,-34.0,M,,*6B
23:08:33.513 << $GPGSA,A,3,14,30,01,17,20,02,22,19,,,,,2.13,1.40,1.61*08
23:08:33.516 << $GPGSV,4,1,13,14,76,345,39,17,63,254,34,22,58,311,23,30,56,197,33*75
23:08:33.517 << $GPGSV,4,2,13,01,47,078,34,02,33,051,20,19,28,241,30,07,25,165,19*7F
23:08:33.518 << $GPGSV,4,3,13,20,14,275,21,08,08,062,,15,05,303,,33,04,102,*7A
23:08:33.520 << $GPGSV,4,4,13,03,01,118,*41
23:08:33.521 << $GPRMC,040833.000,A,4153.0220,N,08748.2175,W,0.01,219.47,230107,,,A*7E
23:08:34.503 << $GPGGA,040834.000,4153.0220,N,08748.2175,W,1,8,1.40,197.0,M,-34.0,M,,*6C
23:08:34.507 << $GPGSA,A,3,14,30,01,17,20,02,22,19,,,,,2.13,1.40,1.61*08
23:08:34.509 << $GPGSV,4,1,13,14,76,345,39,17,63,254,34,22,58,311,23,30,56,197,32*74
23:08:34.511 << $GPGSV,4,2,13,01,47,078,34,02,33,051,20,19,28,241,30,07,25,165,19*7F
23:08:34.512 << $GPGSV,4,3,13,20,14,275,21,08,08,062,,15,05,303,,33,04,102,*7A
23:08:34.513 << $GPGSV,4,4,13,03,01,118,*41
23:08:34.514 << $GPRMC,040834.000,A,4153.0220,N,08748.2175,W,0.02,219.47,230107,,,A*7A
23:08:35.427 << $GPGGA,040835.000,4153.0220,N,08748.2175,W,1,8,1.40,197.0,M,-34.0,M,,*6D
23:08:35.428 << $GPGSA,A,3,14,30,01,17,20,02,22,19,,,,,2.13,1.40,1.61*08
23:08:35.429 << $GPGSV,4,1,13,14,76,345,39,17,63,254,34,22,58,311,23,30,56,197,32*74
23:08:35.429 << $GPGSV,4,2,13,01,47,078,34,51,37,207,,02,33,051,20,19,28,241,30*70
23:08:35.429 << $GPGSV,4,3,13,07,25,165,19,20,14,275,21,08,08,062,,15,05,303,*77
23:08:35.429 << $GPGSV,4,4,13,03,01,118,*41
23:08:35.430 << $GPRMC,040835.000,A,4153.0220,N,08748.2175,W,0.01,219.47,230107,,,A*78
23:08:36.418 << $GPGGA,040836.000,4153.0220,N,08748.2175,W,1,8,1.40,197.0,M,-34.0,M,,*6E
23:08:36.423 << $GPGSA,A,3,14,30,01,17,20,02,22,19,,,,,2.13,1.40,1.61*08
23:08:36.425 << $GPGSV,4,1,13,14,76,345,39,17,63,254,34,22,58,311,23,30,56,197,32*74
23:08:36.426 << $GPGSV,4,2,13,01,47,078,35,51,37,207,,02,33,051,20,19,28,241,30*71
23:08:36.427 << $GPGSV,4,3,13,07,25,165,19,20,14,275,21,08,08,062,,15,05,303,*77
23:08:36.428 << $GPGSV,4,4,13,03,01,118,*41
23:08:36.887 << $GPRMC,040836.000,A,4153.0220,N,08748.2175,W,0.05,219.47,230107,,,A*7F
23:08:37.382 << $GPGGA,040837.000,4153.0220,N,08748.2175,W,1,8,1.40,197.0,M,-34.0,M,,*6F
23:08:37.385 << $GPGSA,A,3,14,30,01,17,20,02,22,19,,,,,2.13,1.40,1.61*08
23:08:37.386 << $GPGSV,4,1,13,14,76,345,39,17,63,254,34,22,58,311,24,30,56,197,32*73
23:08:37.388 << $GPGSV,4,2,13,01,47,078,35,51,37,207,,02,33,051,20,19,28,241,30*71
23:08:37.390 << $GPGSV,4,3,13,07,25,165,19,20,14,275,21,08,08,062,,15,05,303,*77
23:08:37.392 << $GPGSV,4,4,13,03,01,118,*41
23:08:37.395 << $GPRMC,040837.000,A,4153.0220,N,08748.2175,W,0.03,219.47,230107,,,A*78
23:08:38.843 << $GPGGA,040838.000,4153.0220,N,08748.2175,W,1,8,1.40,197.0,M,-34.0,M,,*60
23:08:38.847 << $GPGSA,A,3,14,30,01,17,20,02,22,19,,,,,2.13,1.40,1.61*08
23:08:38.849 << $GPGSV,4,1,13,14,76,345,39,17,63,254,34,22,58,311,24,30,56,197,32*73
23:08:38.850 << $GPGSV,4,2,13,01,47,078,35,51,37,207,,02,33,051,20,19,28,241,30*71
23:08:38.852 << $GPGSV,4,3,13,07,25,165,19,20,14,275,20,08,08,062,,15,05,303,*76
23:08:38.853 << $GPGSV,4,4,13,03,01,118,*41
23:08:38.855 << $GPRMC,040838.000,A,4153.0220,N,08748.2175,W,0.01,219.47,230107,,,A*75
23:08:39.840 << $GPGGA,040839.000,4153.0220,N,08748.2175,W,1,8,1.40,197.0,M,-34.0,M,,*61
23:08:39.842 << $GPGSA,A,3,14,30,01,17,20,02,22,19,,,,,2.13,1.40,1.61*08
23:08:39.844 << $GPGSV,4,1,13,14,76,346,39,17,63,254,34,22,58,311,24,30,56,197,32*70
23:08:39.845 << $GPGSV,4,2,13,01,47,078,35,51,37,207,,02,33,051,20,19,28,241,30*71
23:08:39.846 << $GPGSV,4,3,13,07,25,165,19,20,14,275,20,08,08,062,,15,05,303,*76
23:08:39.847 << $GPGSV,4,4,13,03,01,118,*41
23:08:39.848 << $GPRMC,040839.000,A,4153.0220,N,08748.2175,W,0.04,219.47,230107,,,A*71
23:08:40.830 << $GPGGA,040840.000,4153.0220,N,08748.2175,W,1,9,1.02,197.0,M,-34.0,M,,*68
23:08:40.834 << $GPGSA,A,3,14,30,07,01,17,20,02,22,19,,,,1.79,1.02,1.47*02
23:08:40.836 << $GPGSV,4,1,13,14,76,346,39,17,63,254,34,22,58,311,23,30,56,197,32*77
23:08:40.837 << $GPGSV,4,2,13,01,47,078,35,51,37,207,,02,33,051,19,19,28,241,30*7B
23:08:41.278 << $GPGSV,4,3,13,07,25,165,19,20,14,275,20,08,08,062,,15,05,302,*77
23:08:41.280 << $GPGSV,4,4,13,03,01,118,*41
23:08:41.282 << $GPRMC,040840.000,A,4153.0220,N,08748.2175,W,0.03,219.47,230107,,,A*78
23:08:41.762 << $GPGGA,040841.000,4153.0220,N,08748.2175,W,1,9,1.02,197.0,M,-34.0,M,,*69
23:08:41.765 << $GPGSA,A,3,14,30,07,01,17,20,02,22,19,,,,1.79,1.02,1.47*02
23:08:41.766 << $GPGSV,4,1,13,14,76,346,39,17,63,254,35,22,58,311,23,30,56,197,32*76
23:08:41.767 << $GPGSV,4,2,13,01,47,078,35,51,37,207,,02,33,051,20,19,28,241,30*71
23:08:41.768 << $GPGSV,4,3,13,07,25,165,20,20,14,275,20,08,08,062,,15,05,302,*7D
23:08:41.769 << $GPGSV,4,4,13,03,01,118,*41
23:08:41.770 << $GPRMC,040841.000,A,4153.0220,N,08748.2175,W,0.03,219.47,230107,,,A*79
23:08:42.750 << $GPGGA,040842.000,4153.0220,N,08748.2175,W,1,9,1.02,197.0,M,-34.0,M,,*6A
23:08:42.753 << $GPGSA,A,3,14,30,07,01,17,20,02,22,19,,,,1.79,1.02,1.47*02
23:08:42.755 << $GPGSV,4,1,13,14,76,346,39,17,63,254,35,22,58,311,23,30,56,197,32*76
23:08:42.756 << $GPGSV,4,2,13,01,47,078,35,51,37,207,,02,33,051,19,19,28,241,30*7B
23:08:42.757 << $GPGSV,4,3,13,07,25,165,21,20,14,275,19,08,08,062,,15,05,302,*76
23:08:42.758 << $GPGSV,4,4,13,03,01,118,*41
23:08:43.228 << $GPRMC,040842.000,A,4153.0220,N,08748.2175,W,0.02,219.47,230107,,,A*7B
23:08:43.710 << $GPGGA,040843.000,4153.0220,N,08748.2175,W,1,9,1.02,197.0,M,-34.0,M,,*6B
23:08:43.713 << $GPGSA,A,3,14,30,07,01,17,20,02,22,19,,,,1.79,1.02,1.47*02
23:08:43.714 << $GPGSV,4,1,13,14,76,346,39,17,63,254,35,22,58,311,23,30,56,197,32*76
23:08:43.715 << $GPGSV,4,2,13,01,47,078,35,51,37,207,,02,33,051,19,19,28,241,30*7B
23:08:43.769 << $GPGSV,4,3,13,07,25,165,21,20,14,275,19,08,08,062,,15,05,302,*76
23:08:43.771 << $GPGSV,4,4,13,03,01,118,*41
23:08:43.772 << $GPRMC,040843.000,A,4153.0220,N,08748.2175,W,0.03,219.47,230107,,,A*7B
23:08:44.686 << $GPGGA,040844.000,4153.0220,N,08748.2175,W,1,8,1.40,197.0,M,-34.0,M,,*6B
23:08:44.689 << $GPGSA,A,3,14,30,01,17,20,02,22,19,,,,,2.13,1.40,1.61*08
23:08:44.692 << $GPGSV,4,1,13,14,76,346,39,17,63,254,35,22,58,311,22,30,56,197,32*77
23:08:44.693 << $GPGSV,4,2,13,01,47,078,35,51,37,207,,02,33,051,19,19,28,241,30*7B
23:08:44.694 << $GPGSV,4,3,13,07,25,165,21,20,14,275,19,08,08,062,,15,05,302,*76
23:08:45.171 << $GPGSV,4,4,13,03,01,118,*41
23:08:45.173 << $GPRMC,040844.000,A,4153.0220,N,08748.2175,W,0.01,219.47,230107,,,A*7E
23:08:45.669 << $GPGGA,040845.000,4153.0220,N,08748.2175,W,1,9,1.02,197.0,M,-34.0,M,,*6D
23:08:45.673 << $GPGSA,A,3,14,30,07,01,17,20,02,22,19,,,,1.79,1.02,1.47*02
23:08:45.673 << $GPGSV,4,1,13,14,76,346,39,17,63,254,35,22,58,311,22,30,56,197,32*77
23:08:45.674 << $GPGSV,4,2,13,01,47,078,35,02,33,051,19,44,33,219,,19,28,241,30*74
23:08:45.674 << $GPGSV,4,3,13,07,25,165,21,20,14,275,20,08,08,062,,15,05,302,*7C
23:08:45.674 << $GPGSV,4,4,13,03,01,118,*41
23:08:45.675 << $GPRMC,040845.000,A,4153.0220,N,08748.2175,W,0.01,219.47,230107,,,A*7F
23:08:46.653 << $GPGGA,040846.000,4153.0220,N,08748.2175,W,1,9,1.02,197.0,M,-34.0,M,,*6E
23:08:46.656 << $GPGSA,A,3,14,30,07,01,17,20,02,22,19,,,,1.79,1.02,1.47*02
23:08:46.658 << $GPGSV,4,1,13,14,76,346,39,17,63,254,35,22,58,311,22,30,56,197,32*77
23:08:46.659 << $GPGSV,4,2,13,01,47,078,35,02,33,051,19,44,33,219,,19,28,241,30*74
23:08:46.661 << $GPGSV,4,3,13,07,25,165,21,20,14,275,20,08,08,062,,15,05,302,*7C
23:08:46.662 << $GPGSV,4,4,13,03,01,118,*41
23:08:46.664 << $GPRMC,040846.000,A,4153.0220,N,08748.2175,W,0.04,219.47,230107,,,A*79
23:08:47.641 << $GPGGA,040847.000,4153.0220,N,08748.2175,W,1,9,1.02,197.0,M,-34.0,M,,*6F
23:08:47.644 << $GPGSA,A,3,14,30,07,01,17,20,02,22,19,,,,1.78,1.02,1.47*03
23:08:47.646 << $GPGSV,4,1,13,14,76,346,39,17,63,254,35,22,59,312,21,30,56,197,32*76
23:08:47.647 << $GPGSV,4,2,13,01,47,078,35,02,33,051,19,44,33,219,,19,28,241,30*74
23:08:47.648 << $GPGSV,4,3,13,07,25,165,21,20,14,275,20,08,08,062,,15,05,302,*7C
23:08:47.649 << $GPGSV,4,4,13,03,01,118,*41
23:08:47.651 << $GPRMC,040847.000,A,4153.0220,N,08748.2175,W,0.04,219.47,230107,,,A*78
23:08:48.630 << $GPGGA,040848.000,4153.0220,N,08748.2175,W,1,9,1.02,197.0,M,-34.0,M,,*60
23:08:48.632 << $GPGSA,A,3,14,30,07,01,17,20,02,22,19,,,,1.78,1.02,1.47*03
23:08:48.633 << $GPGSV,4,1,13,14,76,346,39,17,63,254,35,22,59,312,21,30,56,197,32*76
23:08:48.633 << $GPGSV,4,2,13,01,47,078,35,02,33,051,19,44,33,219,,19,28,241,30*74
23:08:48.634 << $GPGSV,4,3,13,07,25,165,21,20,14,275,19,08,08,062,,15,05,302,*76
23:08:48.634 << $GPGSV,4,4,13,03,01,118,*41
23:08:48.634 << $GPRMC,040848.000,A,4153.0220,N,08748.2175,W,0.02,219.47,230107,,,A*71
23:08:49.618 << $GPGGA,040849.000,4153.0220,N,08748.2175,W,1,9,1.02,197.0,M,-34.0,M,,*61
23:08:49.623 << $GPGSA,A,3,14,30,07,01,17,20,02,22,19,,,,1.78,1.02,1.47*03
23:08:49.626 << $GPGSV,4,1,13,14,76,346,39,17,63,254,35,22,59,312,21,30,56,197,32*76
23:08:49.628 << $GPGSV,4,2,13,01,47,078,35,02,33,051,19,44,33,219,,19,28,241,30*74
23:08:49.630 << $GPGSV,4,3,13,07,25,165,21,20,14,275,19,08,08,062,,15,05,302,*76
23:08:49.631 << $GPGSV,4,4,13,03,01,118,*41
23:08:49.633 << $GPRMC,040849.000,A,4153.0220,N,08748.2175,W,0.02,219.47,230107,,,A*70
23:08:50.590 << $GPGGA,040850.000,4153.0220,N,08748.2175,W,1,9,1.02,197.0,M,-34.0,M,,*69
23:08:50.596 << $GPGSA,A,3,14,30,07,01,17,20,02,22,19,,,,1.78,1.02,1.47*03
23:08:50.599 << $GPGSV,4,1,13,14,76,346,39,17,63,254,35,22,59,312,21,30,56,197,32*76
23:08:50.600 << $GPGSV,4,2,13,01,47,078,35,02,33,051,19,44,33,219,,19,28,241,30*74
23:08:50.601 << $GPGSV,4,3,13,07,25,165,21,20,14,275,20,08,08,062,,15,05,302,*7C
23:08:51.027 << $GPGSV,4,4,13,03,01,118,*41
23:08:51.028 << $GPRMC,040850.000,A,4153.0220,N,08748.2175,W,0.05,219.47,230107,,,A*7F
23:08:51.517 << $GPGGA,040851.000,4153.0220,N,08748.2175,W,1,9,1.02,197.0,M,-34.0,M,,*68
23:08:51.521 << $GPGSA,A,3,14,30,07,01,17,20,02,22,19,,,,1.78,1.02,1.47*03
23:08:51.523 << $GPGSV,4,1,13,14,76,346,39,17,63,254,35,22,59,312,21,30,56,197,32*76
23:08:51.525 << $GPGSV,4,2,13,01,47,078,35,02,33,051,19,44,33,219,,19,28,241,30*74
23:08:51.526 << $GPGSV,4,3,13,07,25,165,21,20,14,275,20,08,08,062,,15,05,302,*7C
23:08:51.527 << $GPGSV,4,4,13,03,01,118,*41
23:08:51.528 << $GPRMC,040851.000,A,4153.0220,N,08748.2175,W,0.01,219.47,230107,,,A*7A
23:08:52.509 << $GPGGA,040852.000,4153.0220,N,08748.2175,W,1,9,1.02,197.0,M,-34.0,M,,*6B
23:08:52.513 << $GPGSA,A,3,14,30,07,01,17,20,02,22,19,,,,1.79,1.02,1.47*02
23:08:52.517 << $GPGSV,4,1,13,14,76,346,39,17,63,254,35,22,59,312,20,30,56,197,32*77
23:08:52.519 << $GPGSV,4,2,13,01,47,078,35,02,33,051,19,44,33,219,,19,28,241,30*74
23:08:52.520 << $GPGSV,4,3,13,07,25,165,21,20,14,275,20,08,08,062,,15,05,302,*7C
23:08:52.521 << $GPGSV,4,4,13,03,01,118,*41
23:08:52.523 << $GPRMC,040852.000,A,4153.0220,N,08748.2175,W,0.01,219.47,230107,,,A*79
23:08:53.493 << $GPGGA,040853.000,4153.0220,N,08748.2175,W,1,9,1.02,197.0,M,-34.0,M,,*6A
23:08:53.495 << $GPGSA,A,3,14,30,07,01,17,20,02,22,19,,,,1.78,1.02,1.46*02
23:08:53.498 << $GPGSV,4,1,13,14,76,346,39,17,63,254,35,22,59,312,19,30,56,197,32*7D
23:08:53.499 << $GPGSV,4,2,13,01,47,078,35,02,33,051,20,44,33,219,,19,28,241,30*7E
23:08:53.500 << $GPGSV,4,3,13,07,25,165,21,20,14,275,20,08,08,062,,15,05,302,*7C
23:08:53.501 << $GPGSV,4,4,13,03,01,118,*41
23:08:53.503 << $GPRMC,040853.000,A,4153.0220,N,08748.2175,W,0.02,219.47,230107,,,A*7B
23:08:54.483 << $GPGGA,040854.000,4153.0220,N,08748.2175,W,1,9,1.02,197.0,M,-34.0,M,,*6D
23:08:54.485 << $GPGSA,A,3,14,30,07,01,17,20,02,22,19,,,,1.78,1.02,1.46*02
23:08:54.486 << $GPGSV,4,1,13,14,76,346,39,17,63,254,35,22,59,312,18,30,56,197,32*7C
23:08:54.487 << $GPGSV,4,2,13,01,47,078,35,02,33,051,19,19,28,241,31,48,28,228,*71
23:08:55.413 << $GPGSV,4,3,13,07,25,165,21,20,14,275,20,08,08,062,,15,05,302,*7C
23:08:55.415 << $GPGSV,4,4,13,03,01,118,*41
23:08:55.417 << $GPRMC,040854.000,A,4153.0220,N,08748.2175,W,0.01,219.47,230107,,,A*7F
23:08:55.420 << $GPGGA,040855.000,4153.0220,N,08748.2175,W,1,9,1.02,197.0,M,-34.0,M,,*6C
23:08:55.904 << $GPGSA,A,3,14,30,07,01,17,20,02,22,19,,,,1.78,1.02,1.46*02
23:08:55.906 << $GPGSV,4,1,13,14,76,346,39,17,63,254,35,22,59,312,17,30,55,197,32*70
23:08:55.907 << $GPGSV,4,2,13,01,47,078,35,02,33,051,18,19,28,241,31,48,28,228,*70
23:08:55.909 << $GPGSV,4,3,13,07,25,165,22,20,14,275,19,08,08,062,,15,05,302,*75
23:08:55.910 << $GPGSV,4,4,13,03,01,118,*41
23:08:55.911 << $GPRMC,040855.000,A,4153.0220,N,08748.2175,W,0.01,219.47,230107,,,A*7E
23:08:56.389 << $GPGGA,040856.000,4153.0220,N,08748.2175,W,1,9,1.02,197.0,M,-34.0,M,,*6F
23:08:56.393 << $GPGSA,A,3,14,30,07,01,17,20,02,22,19,,,,1.78,1.02,1.46*02
23:08:56.395 << $GPGSV,4,1,13,14,76,346,39,17,63,254,35,22,59,312,17,30,55,197,32*70
23:08:56.396 << $GPGSV,4,2,13,01,47,078,35,02,33,051,18,19,28,241,31,48,28,228,*70
23:08:56.878 << $GPGSV,4,3,13,07,25,165,23,20,14,275,19,08,08,062,,15,05,302,*74
23:08:56.879 << $GPGSV,4,4,13,03,01,118,*41
23:08:56.881 << $GPRMC,040856.000,A,4153.0220,N,08748.2175,W,0.03,219.47,230107,,,A*7F
23:08:57.363 << $GPGGA,040857.000,4153.0220,N,08748.2175,W,1,9,1.02,197.0,M,-34.0,M,,*6E
23:08:57.367 << $GPGSA,A,3,14,30,07,01,17,20,02,22,19,,,,1.78,1.02,1.46*02
23:08:57.369 << $GPGSV,4,1,13,14,76,346,39,17,63,254,35,22,59,312,16,30,55,197,32*71
23:08:57.371 << $GPGSV,4,2,13,01,47,078,35,02,33,051,19,19,28,241,31,48,28,228,*71
23:08:57.852 << $GPGSV,4,3,13,07,25,165,23,20,14,275,19,08,08,062,,15,05,302,*74
23:08:57.854 << $GPGSV,4,4,13,03,01,118,*41
23:08:57.856 << $GPRMC,040857.000,A,4153.0220,N,08748.2175,W,0.02,219.47,230107,,,A*7F
23:08:58.844 << $GPGGA,040858.000,4153.0220,N,08748.2175,W,1,9,1.02,197.0,M,-34.0,M,,*61
23:08:58.848 << $GPGSA,A,3,14,30,07,01,17,20,02,22,19,,,,1.78,1.02,1.46*02
23:08:58.850 << $GPGSV,4,1,13,14,76,346,39,17,63,254,35,22,59,312,16,30,55,197,32*71
23:08:58.852 << $GPGSV,4,2,13,01,47,078,35,02,33,051,19,19,28,241,31,48,28,228,*71
23:08:58.853 << $GPGSV,4,3,13,07,25,165,23,20,14,275,19,08,08,062,,15,05,302,*74
23:08:58.856 << $GPGSV,4,4,13,03,01,118,*41
23:08:58.857 << $GPRMC,040858.000,A,4153.0220,N,08748.2175,W,0.03,219.47,230107,,,A*71
23:08:59.836 << $GPGGA,040859.000,4153.0220,N,08748.2175,W,1,9,1.02,197.0,M,-34.0,M,,*60
23:08:59.841 << $GPGSA,A,3,14,30,07,01,17,20,02,22,19,,,,1.78,1.02,1.46*02
23:08:59.844 << $GPGSV,4,1,13,14,76,346,39,17,63,254,35,22,59,312,16,30,55,197,32*71
23:08:59.845 << $GPGSV,4,2,13,01,47,078,35,02,32,051,19,19,28,241,31,48,28,228,*70
23:08:59.848 << $GPGSV,4,3,13,07,25,165,23,20,14,275,19,08,08,062,,15,05,302,*74
23:08:59.849 << $GPGSV,4,4,13,03,01,118,*41
23:08:59.850 << $GPRMC,040859.000,A,4153.0220,N,08748.2175,W,0.03,219.47,230107,,,A*70
23:09:00.821 << $GPGGA,040900.000,4153.0220,N,08748.2175,W,1,9,1.02,197.0,M,-34.0,M,,*6D
23:09:00.827 << $GPGSA,A,3,14,30,07,01,17,20,02,22,19,,,,1.78,1.02,1.46*02
23:09:00.830 << $GPGSV,4,1,13,14,76,346,39,17,63,254,35,22,59,312,16,30,55,197,32*71
23:09:00.833 << $GPGSV,4,2,13,01,47,078,35,02,32,051,20,19,28,241,31,48,28,228,*7A
23:09:00.834 << $GPGSV,4,3,13,07,25,165,23,20,14,275,19,08,08,062,,15,05,302,*74
23:09:00.836 << $GPGSV,4,4,13,03,01,118,*41
23:09:00.839 << $GPRMC,040900.000,A,4153.0220,N,08748.2175,W,0.01,219.47,230107,,,A*7F
23:09:01.754 << $GPGGA,040901.000,4153.0220,N,08748.2175,W,1,9,1.02,197.0,M,-34.0,M,,*6C
23:09:01.759 << $GPGSA,A,3,14,30,07,01,17,20,02,22,19,,,,1.78,1.02,1.46*02
23:09:01.763 << $GPGSV,4,1,13,14,76,346,39,17,63,254,35,22,59,312,15,30,55,197,32*72
23:09:01.765 << $GPGSV,4,2,13,01,47,078,35,02,32,051,21,19,28,241,31,48,28,228,*7B
23:09:01.766 << $GPGSV,4,3,13,07,25,165,23,20,14,275,20,08,08,062,,15,05,302,*7E
23:09:01.766 << $GPGSV,4,4,13,03,01,118,*41
23:09:01.770 << $GPRMC,040901.000,A,4153.0220,N,08748.2175,W,0.02,219.47,230107,,,A*7D
23:09:02.746 << $GPGGA,040902.000,4153.0220,N,08748.2175,W,1,9,1.02,197.0,M,-34.0,M,,*6F
23:09:02.750 << $GPGSA,A,3,14,30,07,01,17,20,02,22,19,,,,1.78,1.02,1.46*02
23:09:02.752 << $GPGSV,4,1,13,14,76,346,39,17,63,254,35,22,59,312,15,30,55,197,31*71
23:09:02.753 << $GPGSV,4,2,13,01,47,078,35,02,32,051,21,19,28,241,31,48,28,228,*7B
23:09:02.754 << $GPGSV,4,3,13,07,25,165,23,20,14,275,20,08,08,062,,15,05,302,*7E
23:09:02.755 << $GPGSV,4,4,13,03,01,118,*41
23:09:02.757 << $GPRMC,040902.000,A,4153.0220,N,08748.2175,W,0.01,219.47,230107,,,A*7D
23:09:03.744 << $GPGGA,040903.000,4153.0220,N,08748.2175,W,1,9,1.02,197.0,M,-34.0,M,,*6E
23:09:03.750 << $GPGSA,A,3,14,30,07,01,17,20,02,22,19,,,,1.78,1.02,1.46*02
23:09:03.752 << $GPGSV,4,1,13,14,76,346,39,17,63,254,35,22,59,312,15,30,55,197,30*70
23:09:03.754 << $GPGSV,4,2,13,01,47,078,35,02,32,051,22,19,28,241,31,48,28,228,*78
23:09:03.755 << $GPGSV,4,3,13,07,25,165,23,20,14,275,19,08,08,062,,15,05,302,*74
23:09:03.756 << $GPGSV,4,4,13,03,01,118,*41
23:09:04.189 << $GPRMC,040903.000,A,4153.0220,N,08748.2175,W,0.03,219.47,230107,,,A*7E
23:09:04.680 << $GPGGA,040904.000,4153.0220,N,08748.2175,W,1,9,1.02,197.0,M,-34.0,M,,*69
23:09:04.684 << $GPGSA,A,3,14,30,07,01,17,20,02,22,19,,,,1.78,1.02,1.46*02
23:09:04.687 << $GPGSV,4,1,13,14,76,346,39,17,63,254,35,22,59,312,15,30,55,197,29*78
23:09:04.689 << $GPGSV,4,2,13,01,47,078,35,02,32,051,22,19,28,241,31,46,26,232,*73
23:09:04.691 << $GPGSV,4,3,13,07,24,165,23,20,14,275,19,08,08,062,,15,05,302,*75
23:09:04.693 << $GPGSV,4,4,13,03,01,118,*41
23:09:04.696 << $GPRMC,040904.000,A,4153.0220,N,08748.2175,W,0.02,219.47,230107,,,A*78
23:09:05.683 << $GPGGA,040905.000,4153.0220,N,08748.2175,W,1,9,1.02,197.0,M,-34.0,M,,*68
23:09:05.688 << $GPGSA,A,3,14,30,07,01,17,20,02,22,19,,,,1.78,1.02,1.46*02
23:09:05.691 << $GPGSV,4,1,13,14,76,346,39,17,63,254,35,22,59,312,16,30,55,197,29*7B
23:09:05.693 << $GPGSV,4,2,13,01,47,078,35,02,32,051,21,19,28,241,31,46,26,232,*70
23:09:06.133 << $GPGSV,4,3,13,07,24,165,22,20,14,275,19,08,08,062,,15,05,302,*74
23:09:06.134 << $GPGSV,4,4,13,03,01,118,*41
23:09:06.135 << $GPRMC,040905.000,A,4153.0220,N,08748.2175,W,0.01,219.47,230107,,,A*7A
23:09:06.624 << $GPGGA,040906.000,4153.0220,N,08748.2175,W,1,9,1.02,197.0,M,-34.0,M,,*6B
23:09:06.627 << $GPGSA,A,3,14,30,07,01,17,20,02,22,19,,,,1.78,1.02,1.46*02
23:09:06.629 << $GPGSV,4,1,13,14,76,346,39,17,63,254,35,22,59,312,16,30,55,197,29*7B
23:09:06.630 << $GPGSV,4,2,13,01,47,078,35,02,32,051,20,19,28,241,31,46,26,232,30*72
23:09:06.684 << $GPGSV,4,3,13,07,24,165,22,20,14,275,19,08,08,062,,15,05,302,*74
23:09:06.684 << $GPGSV,4,4,13,03,01,118,*41
23:09:06.685 << $GPRMC,040906.000,A,4153.0220,N,08748.2175,W,0.04,219.47,230107,,,A*7C
23:09:07.602 << $GPGGA,040907.000,4153.0220,N,08748.2175,W,1,9,1.02,197.0,M,-34.0,M,,*6A
23:09:07.607 << $GPGSA,A,3,14,30,07,01,17,20,02,22,19,,,,1.78,1.02,1.46*02
23:09:07.610 << $GPGSV,4,1,13,14,76,346,39,17,63,254,35,22,59,312,16,30,55,197,29*7B
23:09:07.612 << $GPGSV,4,2,13,01,47,078,35,02,32,051,20,19,28,241,31,46,26,232,29*7A
23:09:07.614 << $GPGSV,4,3,13,07,24,165,23,20,14,275,18,08,08,062,,15,05,302,*74
23:09:07.615 << $GPGSV,4,4,13,03,01,118,*41
23:09:07.617 << $GPRMC,040907.000,A,4153.0220,N,08748.2175,W,0.02,219.47,230107,,,A*7B
23:09:08.596 << $GPGGA,040908.000,4153.0220,N,08748.2175,W,1,9,1.02,197.0,M,-34.0,M,,*65
23:09:08.600 << $GPGSA,A,3,14,30,07,01,17,20,02,22,19,,,,1.78,1.02,1.46*02
23:09:08.603 << $GPGSV,4,1,13,14,76,346,40,17,63,254,35,22,59,312,17,30,55,197,30*7C
23:09:08.605 << $GPGSV,4,2,13,01,47,078,35,02,32,051,21,19,28,241,30,46,26,232,29*7A
23:09:08.606 << $GPGSV,4,3,13,07,24,165,23,20,14,275,18,08,08,062,,15,05,302,*74
23:09:08.608 << $GPGSV,4,4,13,03,01,118,*41
23:09:08.610 << $GPRMC,040908.000,A,4153.0220,N,08748.2175,W,0.02,219.47,230107,,,A*74
23:09:09.594 << $GPGGA,040909.000,4153.0220,N,08748.2175,W,1,9,1.02,197.0,M,-34.0,M,,*64
23:09:09.598 << $GPGSA,A,3,14,30,07,01,17,20,02,22,19,,,,1.78,1.02,1.46*02
23:09:09.605 << $GPGSV,4,1,13,14,76,346,40,17,63,254,35,22,59,312,18,30,55,197,30*73
23:09:09.608 << $GPGSV,4,2,13,01,47,078,34,02,32,051,22,19,28,241,29,46,26,232,29*70
23:09:10.039 << $GPGSV,4,3,13,07,24,165,22,20,14,275,18,08,08,062,,15,05,302,*75
23:09:10.041 << $GPGSV,4,4,13,03,01,118,*41
23:09:10.043 << $GPRMC,040909.000,A,4153.0220,N,08748.2175,W,0.01,219.47,230107,,,A*76
23:09:10.530 << $GPGGA,040910.000,4153.0220,N,08748.2175,W,1,9,1.02,197.0,M,-34.0,M,,*6C
23:09:10.533 << $GPGSA,A,3,14,30,07,01,17,20,02,22,19,,,,1.78,1.02,1.46*02
23:09:10.535 << $GPGSV,4,1,13,14,76,346,40,17,63,254,35,22,59,312,18,30,55,197,30*73
23:09:10.537 << $GPGSV,4,2,13,01,47,078,34,02,32,051,23,19,28,241,29,46,26,232,30*79
23:09:10.537 << $GPGSV,4,3,13,07,24,165,22,20,14,275,18,08,08,062,,15,05,302,*75
23:09:10.538 << $GPGSV,4,4,13,03,01,118,*41
23:09:11.014 << $GPRMC,040910.000,A,4153.0220,N,08748.2175,W,0.01,219.47,230107,,,A*7E
23:09:11.498 << $GPGGA,040911.000,4153.0220,N,08748.2175,W,1,9,1.02,197.0,M,-34.0,M,,*6D
23:09:11.499 << $GPGSA,A,3,14,30,07,01,17,20,02,22,19,,,,1.78,1.02,1.46*02
23:09:11.499 << $GPGSV,4,1,13,14,76,347,40,17,63,254,35,22,59,312,17,30,55,197,30*7D
23:09:11.499 << $GPGSV,4,2,13,01,47,078,34,02,32,051,24,19,28,241,29,46,26,232,30*7E
23:09:11.499 << $GPGSV,4,3,13,07,24,165,22,20,14,275,18,08,08,062,,15,05,302,*75
23:09:11.499 << $GPGSV,4,4,13,03,01,118,*41
23:09:11.500 << $GPRMC,040911.000,A,4153.0220,N,08748.2175,W,0.01,219.47,230107,,,A*7F
23:09:12.484 << $GPGGA,040912.000,4153.0220,N,08748.2175,W,1,9,1.02,197.0,M,-34.0,M,,*6E
23:09:12.489 << $GPGSA,A,3,14,30,07,01,17,20,02,22,19,,,,1.78,1.02,1.46*02
23:09:12.490 << $GPGSV,4,1,13,14,76,347,40,17,63,254,35,22,59,312,17,30,55,197,30*7D
23:09:12.491 << $GPGSV,4,2,13,01,47,078,34,02,32,051,24,19,28,241,29,46,26,232,29*76
23:09:12.492 << $GPGSV,4,3,13,07,24,165,23,20,14,275,18,08,08,062,,15,05,302,*74
23:09:12.492 << $GPGSV,4,4,13,03,01,118,*41
23:09:12.494 << $GPRMC,040912.000,A,4153.0220,N,08748.2175,W,0.01,219.47,230107,,,A*7C
23:09:13.466 << $GPGGA,040913.000,4153.0220,N,08748.2175,W,1,9,1.02,197.0,M,-34.0,M,,*6F
23:09:13.468 << $GPGSA,A,3,14,30,07,01,17,20,02,22,19,,,,1.78,1.02,1.46*02
23:09:13.470 << $GPGSV,4,1,13,14,76,347,40,17,63,254,35,22,59,312,17,30,55,197,30*7D
23:09:13.470 << $GPGSV,4,2,13,01,47,078,34,02,32,051,24,19,28,241,29,46,26,232,28*77
23:09:13.471 << $GPGSV,4,3,13,07,24,165,24,20,14,275,17,08,08,062,,15,05,302,*7C
23:09:13.473 << $GPGSV,4,4,13,03,01,118,*41
23:09:13.477 << $GPRMC,040913.000,A,4153.0220,N,08748.2175,W,0.00,219.47,230107,,,A*7C
23:09:14.451 << $GPGGA,040914.000,4153.0220,N,08748.2175,W,1,9,1.02,197.0,M,-34.0,M,,*68
23:09:14.453 << $GPGSA,A,3,14,30,07,01,17,20,02,22,19,,,,1.78,1.02,1.46*02
23:09:14.455 << $GPGSV,4,1,13,14,76,347,40,17,64,254,35,22,59,312,16,30,55,197,29*73
23:09:14.457 << $GPGSV,4,2,13,01,47,078,34,02,32,051,24,19,28,241,30,46,26,232,28*7F
23:09:14.458 << $GPGSV,4,3,13,07,24,165,24,20,14,275,17,08,08,062,,15,05,302,*7C
23:09:14.459 << $GPGSV,4,4,13,03,01,118,*41
23:09:14.460 << $GPRMC,040914.000,A,4153.0220,N,08748.2175,W,0.04,219.47,230107,,,A*7F
23:09:15.432 << $GPGGA,040915.000,4153.0220,N,08748.2175,W,1,9,1.02,197.0,M,-34.0,M,,*69
23:09:15.436 << $GPGSA,A,3,14,30,07,01,17,20,02,22,19,,,,1.78,1.02,1.46*02
23:09:15.438 << $GPGSV,4,1,13,14,76,347,40,17,64,254,35,22,59,312,16,30,55,197,28*72
23:09:15.440 << $GPGSV,4,2,13,01,47,078,34,02,32,051,23,19,28,241,30,46,26,232,28*78
23:09:15.443 << $GPGSV,4,3,13,07,24,165,24,20,14,275,17,08,08,062,,15,05,302,*7C
23:09:15.444 << $GPGSV,4,4,13,03,01,118,*41
23:09:15.446 << $GPRMC,040915.000,A,4153.0220,N,08748.2175,W,0.02,219.47,230107,,,A*78
23:09:16.374 << $GPGGA,040916.000,4153.0220,N,08748.2175,W,1,9,1.02,197.0,M,-34.0,M,,*6A
23:09:16.862 << $GPGSA,A,3,14,30,07,01,17,20,02,22,19,,,,1.78,1.02,1.46*02
23:09:16.864 << $GPGSV,4,1,13,14,76,347,40,17,64,254,35,22,59,312,16,30,55,197,28*72
23:09:16.867 << $GPGSV,4,2,13,01,47,078,34,02,32,051,23,19,28,242,30,46,26,232,28*7B
23:09:16.868 << $GPGSV,4,3,13,07,24,165,24,20,14,275,18,08,08,062,,15,05,302,*73
23:09:16.870 << $GPGSV,4,4,13,03,01,118,*41
23:09:16.872 << $GPRMC,040916.000,A,4153.0220,N,08748.2175,W,0.03,219.47,230107,,,A*7A
23:09:17.355 << $GPGGA,040917.000,4153.0220,N,08748.2175,W,1,9,1.02,197.0,M,-34.0,M,,*6B
23:09:17.358 << $GPGSA,A,3,14,30,07,01,17,20,02,22,19,,,,1.78,1.02,1.46*02
23:09:17.360 << $GPGSV,4,1,13,14,76,347,40,17,64,254,35,22,59,312,17,30,55,197,28*73
23:09:17.361 << $GPGSV,4,2,13,01,47,078,34,02,32,051,24,19,28,242,30,46,26,232,28*7C
23:09:17.837 << $GPGSV,4,3,13,07,24,165,24,20,14,275,18,08,08,062,,15,05,302,*73
23:09:17.839 << $GPGSV,4,4,13,03,01,118,*41
23:09:17.840 << $GPRMC,040917.000,A,4153.0220,N,08748.2175,W,0.01,219.47,230107,,,A*79
23:09:18.820 << $GPGGA,040918.000,4153.0220,N,08748.2175,W,1,9,1.02,197.0,M,-34.0,M,,*64
23:09:18.822 << $GPGSA,A,3,14,30,07,01,17,20,02,22,19,,,,1.78,1.02,1.46*02
23:09:18.823 << $GPGSV,4,1,13,14,76,347,40,17,64,254,35,22,59,312,18,30,55,197,29*7D
23:09:18.824 << $GPGSV,4,2,13,01,47,078,34,02,32,051,23,19,28,242,30,46,26,232,*71
23:09:18.825 << $GPGSV,4,3,13,07,24,165,24,20,14,275,19,08,08,062,,15,05,302,*72
23:09:19.299 << $GPGSV,4,4,13,03,01,118,*41
23:09:19.301 << $GPRMC,040918.000,A,4153.0220,N,08748.2175,W,0.01,219.47,230107,,,A*76
23:09:19.790 << $GPGGA,040919.000,4153.0220,N,08748.2175,W,1,9,1.02,197.0,M,-34.0,M,,*65
23:09:19.793 << $GPGSA,A,3,14,30,07,01,17,20,02,22,19,,,,1.78,1.02,1.46*02
23:09:19.795 << $GPGSV,4,1,13,14,76,347,40,17,64,254,35,22,59,312,18,30,55,197,29*7D
23:09:19.796 << $GPGSV,4,2,13,01,47,078,34,02,32,051,23,19,28,242,30,07,24,165,24*71
23:09:19.797 << $GPGSV,4,3,13,20,14,275,19,08,08,062,,15,05,302,,33,04,102,*70
23:09:19.798 << $GPGSV,4,4,13,03,01,118,*41
23:09:19.799 << $GPRMC,040919.000,A,4153.0220,N,08748.2175,W,0.02,219.47,230107,,,A*74
23:09:20.771 << $GPGGA,040920.000,4153.0220,N,08748.2175,W,1,9,1.02,197.0,M,-34.0,M,,*6F
23:09:20.776 << $GPGSA,A,3,14,30,07,01,17,20,02,22,19,,,,1.78,1.02,1.46*02
23:09:20.779 << $GPGSV,4,1,13,14,76,347,40,17,64,254,35,22,59,312,19,30,55,197,29*7C
23:09:20.781 << $GPGSV,4,2,13,01,47,078,34,02,32,051,23,19,28,242,30,07,24,165,24*71
23:09:20.783 << $GPGSV,4,3,13,20,14,275,20,08,08,062,,15,05,302,,33,04,102,*7A
23:09:20.784 << $GPGSV,4,4,13,03,01,118,*41
23:09:20.787 << $GPRMC,040920.000,A,4153.0220,N,08748.2175,W,0.08,219.47,230107,,,A*74
23:09:21.769 << $GPGGA,040921.000,4153.0220,N,08748.2175,W,1,9,1.02,197.0,M,-34.0,M,,*6E
23:09:21.773 << $GPGSA,A,3,14,30,07,01,17,20,02,22,19,,,,1.78,1.02,1.46*02
23:09:21.777 << $GPGSV,4,1,13,14,76,347,40,17,64,254,35,22,59,312,19,30,55,197,29*7C
23:09:21.779 << $GPGSV,4,2,13,01,47,078,34,02,32,051,22,19,28,242,30,07,24,165,24*70
23:09:21.782 << $GPGSV,4,3,13,20,14,275,20,08,08,062,,15,05,302,,33,04,102,*7A
23:09:21.784 << $GPGSV,4,4,13,03,01,118,*41
23:09:21.785 << $GPRMC,040921.000,A,4153.0220,N,08748.2175,W,0.02,219.47,230107,,,A*7F
23:09:22.715 << $GPGGA,040922.000,4153.0220,N,08748.2175,W,1,9,1.02,197.0,M,-34.0,M,,*6D
23:09:22.718 << $GPGSA,A,3,14,30,07,01,17,20,02,22,19,,,,1.78,1.02,1.46*02
23:09:22.720 << $GPGSV,4,1,13,14,76,347,40,17,64,254,35,22,59,312,18,30,55,197,30*75
23:09:22.722 << $GPGSV,4,2,13,01,47,078,34,02,32,051,22,19,28,242,30,07,24,165,24*70
23:09:22.723 << $GPGSV,4,3,13,20,14,275,20,08,08,062,,15,05,302,,33,04,102,*7A
23:09:22.724 << $GPGSV,4,4,13,03,01,118,*41
23:09:22.726 << $GPRMC,040922.000,A,4153.0220,N,08748.2175,W,0.00,219.47,230107,,,A*7E
23:09:23.712 << $GPGGA,040923.000,4153.0220,N,08748.2175,W,1,9,1.02,197.0,M,-34.0,M,,*6C
23:09:23.716 << $GPGSA,A,3,14,30,07,01,17,20,02,22,19,,,,1.78,1.02,1.46*02
23:09:23.719 << $GPGSV,4,1,13,14,76,347,40,17,64,254,35,22,59,312,18,30,55,197,30*75
23:09:23.721 << $GPGSV,4,2,13,01,47,078,34,02,32,051,22,19,28,242,30,07,24,165,24*70
23:09:23.722 << $GPGSV,4,3,13,20,14,275,21,08,08,062,,15,05,302,,33,04,102,*7B
23:09:23.724 << $GPGSV,4,4,13,03,01,118,*41
23:09:23.726 << $GPRMC,040923.000,A,4153.0220,N,08748.2175,W,0.01,219.47,230107,,,A*7E
23:09:24.716 << $GPGGA,040924.000,4153.0220,N,08748.2174,W,1,9,1.02,197.0,M,-34.0,M,,*6A
23:09:24.720 << $GPGSA,A,3,14,30,07,01,17,20,02,22,19,,,,1.78,1.02,1.46*02
23:09:24.723 << $GPGSV,4,1,13,14,76,347,40,17,64,254,35,22,59,312,18,30,55,197,29*7D
23:09:24.725 << $GPGSV,4,2,13,01,47,078,34,02,32,051,22,19,28,242,30,07,24,165,24*70
23:09:24.726 << $GPGSV,4,3,13,20,14,275,21,08,08,062,,15,05,302,,33,04,102,*7B
23:09:25.153 << $GPGSV,4,4,13,03,01,118,*41
23:09:25.156 << $GPRMC,040924.000,A,4153.0220,N,08748.2174,W,0.02,219.47,230107,,,A*7B
23:09:25.643 << $GPGGA,040925.000,4153.0220,N,08748.2174,W,1,9,1.02,197.0,M,-34.0,M,,*6B
23:09:25.646 << $GPGSA,A,3,14,30,07,01,17,20,02,22,19,,,,1.78,1.02,1.46*02
23:09:25.648 << $GPGSV,4,1,13,14,76,347,40,17,64,254,35,22,59,312,18,30,55,197,28*7C
23:09:25.649 << $GPGSV,4,2,13,01,47,078,34,02,32,051,21,19,28,242,30,07,24,165,24*73
23:09:25.650 << $GPGSV,4,3,13,20,14,275,22,08,08,062,,15,05,302,,33,04,102,*78
23:09:25.651 << $GPGSV,4,4,13,03,01,118,*41
23:09:25.653 << $GPRMC,040925.000,A,4153.0220,N,08748.2174,W,0.01,219.47,230107,,,A*79
23:09:26.628 << $GPGGA,040926.000,4153.0220,N,08748.2174,W,1,9,1.02,197.0,M,-34.0,M,,*68
23:09:26.632 << $GPGSA,A,3,14,30,07,01,17,20,02,22,19,,,,1.78,1.02,1.46*02
23:09:26.635 << $GPGSV,4,1,13,14,76,347,40,17,64,254,35,22,59,312,18,30,55,197,28*7C
23:09:26.637 << $GPGSV,4,2,13,01,47,078,34,02,32,051,21,19,28,242,30,07,24,165,23*74
23:09:26.638 << $GPGSV,4,3,13,20,14,275,22,08,08,062,,15,05,302,,33,04,102,*78
23:09:26.640 << $GPGSV,4,4,13,03,01,118,*41
23:09:26.642 << $GPRMC,040926.000,A,4153.0220,N,08748.2174,W,0.02,219.47,230107,,,A*79
23:09:27.626 << $GPGGA,040927.000,4153.0220,N,08748.2174,W,1,9,1.02,197.0,M,-34.0,M,,*69
23:09:27.631 << $GPGSA,A,3,14,30,07,01,17,20,02,22,19,,,,1.78,1.02,1.46*02
23:09:27.634 << $GPGSV,4,1,13,14,76,347,40,17,64,254,35,22,59,312,17,30,55,197,28*73
23:09:27.636 << $GPGSV,4,2,13,01,47,078,34,02,32,051,20,19,28,242,30,07,24,165,23*75
23:09:27.637 << $GPGSV,4,3,13,20,14,275,22,08,08,062,,15,05,302,,33,04,102,*78
23:09:27.639 << $GPGSV,4,4,13,03,01,118,*41
23:09:27.641 << $GPRMC,040927.000,A,4153.0220,N,08748.2174,W,0.00,219.47,230107,,,A*7A
23:09:28.569 << $GPGGA,040928.000,4153.0220,N,08748.2174,W,1,9,1.02,197.0,M,-34.0,M,,*66
23:09:28.571 << $GPGSA,A,3,14,30,07,01,17,20,02,22,19,,,,1.78,1.02,1.46*02
23:09:28.572 << $GPGSV,4,1,13,14,76,347,40,17,64,254,35,22,59,312,17,30,55,197,28*73
23:09:28.572 << $GPGSV,4,2,13,01,47,078,34,02,32,051,20,19,28,242,30,07,24,165,23*75
23:09:28.573 << $GPGSV,4,3,13,20,14,275,22,08,08,062,,15,05,302,,03,01,118,*75
23:09:28.573 << $GPGSV,4,4,13,34,,,*7C
23:09:28.574 << $GPRMC,040928.000,A,4153.0220,N,08748.2174,W,0.01,219.47,230107,,,A*74
23:09:29.546 << $GPGGA,040929.000,4153.0220,N,08748.2174,W,1,9,1.02,197.0,M,-34.0,M,,*67
23:09:29.549 << $GPGSA,A,3,14,30,07,01,17,20,02,22,19,,,,1.78,1.02,1.46*02
23:09:29.550 << $GPGSV,4,1,13,14,76,347,40,17,64,254,35,22,59,312,17,30,55,197,28*73
23:09:29.551 << $GPGSV,4,2,13,01,47,078,34,02,32,051,20,19,28,242,30,07,24,165,23*75
23:09:29.551 << $GPGSV,4,3,13,20,14,275,23,08,08,062,,15,05,302,,03,01,118,*74
23:09:29.552 << $GPGSV,4,4,13,34,,,*7C
23:09:29.554 << $GPRMC,040929.000,A,4153.0220,N,08748.2174,W,0.01,219.47,230107,,,A*75
23:09:30.533 << $GPGGA,040930.000,4153.0220,N,08748.2174,W,1,9,1.02,197.0,M,-34.0,M,,*6F
23:09:30.535 << $GPGSA,A,3,14,30,07,01,17,20,02,22,19,,,,1.78,1.02,1.46*02
23:09:30.536 << $GPGSV,4,1,13,14,76,347,40,17,64,254,35,22,59,312,17,30,55,197,28*73
23:09:30.537 << $GPGSV,4,2,13,01,47,078,34,02,32,051,20,19,28,242,30,07,24,165,24*72
23:09:30.537 << $GPGSV,4,3,13,20,14,275,24,08,08,062,,15,05,302,,03,01,118,*73
23:09:30.538 << $GPGSV,4,4,13,34,,,*7C
23:09:30.540 << $GPRMC,040930.000,A,4153.0220,N,08748.2174,W,0.03,219.47,230107,,,A*7F
23:09:31.513 << $GPGGA,040931.000,4153.0220,N,08748.2174,W,1,9,1.02,197.0,M,-34.0,M,,*6E
23:09:31.517 << $GPGSA,A,3,14,30,07,01,17,20,02,22,19,,,,1.78,1.02,1.46*02
23:09:31.520 << $GPGSV,4,1,13,14,76,347,40,17,64,254,35,22,59,312,17,30,55,197,28*73
23:09:31.522 << $GPGSV,4,2,13,01,47,078,34,02,32,051,21,19,28,242,30,07,24,165,24*73
23:09:31.523 << $GPGSV,4,3,13,20,14,275,24,08,08,062,,15,05,302,,03,01,118,*73
23:09:31.525 << $GPGSV,4,4,13,34,,,*7C
23:09:31.527 << $GPRMC,040931.000,A,4153.0220,N,08748.2174,W,0.02,219.47,230107,,,A*7F
23:09:32.496 << $GPGGA,040932.000,4153.0220,N,08748.2174,W,1,9,1.02,197.0,M,-34.0,M,,*6D
23:09:32.500 << $GPGSA,A,3,14,30,07,01,17,20,02,22,19,,,,1.78,1.02,1.46*02
23:09:32.502 << $GPGSV,4,1,13,14,76,347,40,17,64,254,35,22,59,312,17,30,55,197,28*73
23:09:32.504 << $GPGSV,4,2,13,01,47,078,34,02,32,051,21,19,28,242,30,07,24,165,24*73
23:09:32.506 << $GPGSV,4,3,13,20,14,275,24,08,08,062,,15,05,302,,03,01,117,*7C
23:09:32.507 << $GPGSV,4,4,13,34,,,*7C
23:09:32.509 << $GPRMC,040932.000,A,4153.0220,N,08748.2174,W,0.02,219.47,230107,,,A*7C
23:09:33.443 << $GPGGA,040933.000,4153.0220,N,08748.2174,W,1,9,1.02,197.0,M,-34.0,M,,*6C
23:09:33.447 << $GPGSA,A,3,14,30,07,01,17,20,02,22,19,,,,1.78,1.02,1.46*02
23:09:33.450 << $GPGSV,4,1,13,14,76,347,40,17,64,254,35,22,59,312,17,30,55,197,28*73
23:09:33.452 << $GPGSV,4,2,13,01,47,078,34,02,32,051,21,19,28,242,30,07,24,165,24*73
23:09:33.453 << $GPGSV,4,3,13,20,14,275,24,08,08,062,,15,05,302,,03,01,117,*7C
23:09:33.455 << $GPGSV,4,4,13,34,,,*7C
23:09:33.457 << $GPRMC,040933.000,A,4153.0220,N,08748.2174,W,0.02,219.47,230107,,,A*7D
23:09:34.446 << $GPGGA,040934.000,4153.0220,N,08748.2174,W,1,9,1.02,197.0,M,-34.0,M,,*6B
23:09:34.450 << $GPGSA,A,3,14,30,07,01,17,20,02,22,19,,,,1.78,1.02,1.46*02
23:09:34.453 << $GPGSV,4,1,13,14,76,347,40,17,64,254,35,22,59,312,17,30,55,197,28*73
23:09:34.455 << $GPGSV,4,2,13,01,47,078,34,02,32,051,21,19,28,242,30,07,24,165,25*72
23:09:34.457 << $GPGSV,4,3,13,20,14,275,24,08,08,062,,15,05,302,,03,01,117,*7C
23:09:34.458 << $GPGSV,4,4,13,34,,,*7C
23:09:34.460 << $GPRMC,040934.000,A,4153.0220,N,08748.2174,W,0.06,219.47,230107,,,A*7E
23:09:35.428 << $GPGGA,040935.000,4153.0219,N,08748.2174,W,1,9,1.02,197.0,M,-34.0,M,,*60
23:09:35.433 << $GPGSA,A,3,14,30,07,01,17,20,02,22,19,,,,1.78,1.02,1.46*02
23:09:35.435 << $GPGSV,4,1,13,14,76,347,40,17,64,254,35,22,59,312,17,30,55,197,28*73
23:09:35.437 << $GPGSV,4,2,13,01,47,078,34,02,32,051,21,19,28,242,30,07,24,165,25*72
23:09:35.878 << $GPGSV,4,3,13,20,14,275,24,08,08,062,,15,05,302,,03,01,117,*7C
23:09:35.880 << $GPGSV,4,4,13,35,,,*7D
23:09:35.882 << $GPRMC,040935.000,A,4153.0219,N,08748.2174,W,0.05,219.47,230107,,,A*76
23:09:36.874 << $GPGGA,040936.000,4153.0219,N,08748.2174,W,1,9,1.02,197.0,M,-34.0,M,,*63
23:09:36.878 << $GPGSA,A,3,14,30,07,01,17,20,02,22,19,,,,1.78,1.02,1.46*02
23:09:36.881 << $GPGSV,4,1,13,14,76,347,40,17,64,254,35,22,59,312,17,30,55,197,28*73
23:09:36.883 << $GPGSV,4,2,13,01,47,078,34,02,32,051,22,19,28,242,30,07,24,165,25*71
23:09:36.885 << $GPGSV,4,3,13,20,14,275,24,08,08,062,,15,05,302,,03,01,117,*7C
23:09:36.886 << $GPGSV,4,4,13,35,,,*7D
23:09:36.888 << $GPRMC,040936.000,A,4153.0219,N,08748.2174,W,0.04,219.47,230107,,,A*74
23:09:37.335 << $GPGGA,040937.000,4153.0219,N,08748.2174,W,1,9,1.02,197.0,M,-34.0,M,,*62
23:09:37.339 << $GPGSA,A,3,14,30,07,01,17,20,02,22,19,,,,1.78,1.02,1.46*02
23:09:37.827 << $GPGSV,4,1,13,14,76,347,40,17,64,254,35,22,59,312,17,30,55,197,28*73
23:09:37.829 << $GPGSV,4,2,13,01,47,078,34,02,32,051,22,19,28,242,30,07,24,165,25*71
23:09:37.831 << $GPGSV,4,3,13,20,14,275,25,08,08,062,,15,05,302,,03,01,117,*7D
23:09:37.832 << $GPGSV,4,4,13,35,,,*7D
23:09:37.834 << $GPRMC,040937.000,A,4153.0219,N,08748.2174,W,0.03,219.47,230107,,,A*72
23:09:38.810 << $GPGGA,040938.000,4153.0219,N,08748.2174,W,1,9,1.02,197.0,M,-34.0,M,,*6D
23:09:38.814 << $GPGSA,A,3,14,30,07,01,17,20,02,22,19,,,,1.78,1.02,1.46*02
23:09:38.818 << $GPGSV,4,1,13,14,76,347,40,17,64,254,35,22,59,312,16,30,55,197,28*72
23:09:38.820 << $GPGSV,4,2,13,01,47,078,34,02,32,051,22,19,28,242,30,07,24,165,25*71
23:09:38.822 << $GPGSV,4,3,13,20,14,275,26,08,08,062,,15,05,302,,03,01,117,*7E
23:09:38.823 << $GPGSV,4,4,13,35,,,*7D
23:09:38.824 << $GPRMC,040938.000,A,4153.0219,N,08748.2174,W,0.04,219.47,230107,,,A*7A
23:09:39.808 << $GPGGA,040939.000,4153.0219,N,08748.2174,W,1,9,1.02,197.0,M,-34.0,M,,*6C
23:09:39.813 << $GPGSA,A,3,14,30,07,01,17,20,02,22,19,,,,1.78,1.02,1.46*02
23:09:39.815 << $GPGSV,4,1,13,14,76,347,40,17,64,254,35,22,59,312,16,30,55,197,28*72
23:09:39.817 << $GPGSV,4,2,13,01,47,078,34,02,32,051,22,19,28,242,30,07,24,165,25*71
23:09:39.819 << $GPGSV,4,3,13,20,14,275,26,08,08,062,,15,05,302,,03,01,117,*7E
23:09:39.820 << $GPGSV,4,4,13,35,,,*7D
23:09:40.264 << $GPRMC,040939.000,A,4153.0219,N,08748.2174,W,0.05,219.47,230107,,,A*7A
23:09:40.750 << $GPGGA,040940.000,4153.0219,N,08748.2174,W,1,9,1.02,197.0,M,-34.0,M,,*62
23:09:40.753 << $GPGSA,A,3,14,30,07,01,17,20,02,22,19,,,,1.78,1.02,1.46*02
23:09:40.755 << $GPGSV,4,1,13,14,76,347,40,17,64,254,35,22,59,312,16,30,55,197,28*72
23:09:40.756 << $GPGSV,4,2,13,01,47,078,34,02,32,051,22,19,28,242,30,07,24,165,25*71
23:09:40.757 << $GPGSV,4,3,13,20,14,275,26,08,08,062,,15,05,302,,03,01,117,*7E
23:09:40.758 << $GPGSV,4,4,13,35,,,*7D
23:09:40.760 << $GPRMC,040940.000,A,4153.0219,N,08748.2174,W,0.05,219.47,230107,,,A*74
23:09:41.735 << $GPGGA,040941.000,4153.0219,N,08748.2174,W,1,9,1.02,197.0,M,-34.0,M,,*63
23:09:41.740 << $GPGSA,A,3,14,30,07,01,17,20,02,22,19,,,,1.78,1.02,1.46*02
23:09:41.743 << $GPGSV,4,1,13,14,76,347,40,17,64,254,35,22,59,312,16,30,55,197,28*72
23:09:41.744 << $GPGSV,4,2,13,01,47,078,34,02,32,051,23,19,28,242,30,07,24,165,25*70
23:09:41.746 << $GPGSV,4,3,13,20,14,275,26,08,08,062,,15,05,302,,03,01,117,*7E
23:09:41.748 << $GPGSV,4,4,13,35,,,*7D
23:09:41.750 << $GPRMC,040941.000,A,4153.0219,N,08748.2174,W,0.06,219.47,230107,,,A*76
23:09:42.732 << $GPGGA,040942.000,4153.0219,N,08748.2174,W,1,9,1.02,197.0,M,-34.0,M,,*60
23:09:42.737 << $GPGSA,A,3,14,30,07,01,17,20,02,22,19,,,,1.78,1.02,1.46*02
23:09:42.741 << $GPGSV,4,1,13,14,76,347,40,17,64,254,35,22,59,312,16,30,55,197,28*72
23:09:42.742 << $GPGSV,4,2,13,01,47,078,34,02,32,051,23,19,28,242,30,07,24,165,25*70
23:09:42.744 << $GPGSV,4,3,13,20,14,275,26,08,08,062,,15,05,302,,03,01,117,*7E
23:09:42.745 << $GPGSV,4,4,13,36,,,*7E
23:09:42.747 << $GPRMC,040942.000,A,4153.0219,N,08748.2174,W,0.05,219.47,230107,,,A*76
23:09:43.674 << $GPGGA,040943.000,4153.0219,N,08748.2174,W,1,9,1.02,197.0,M,-34.0,M,,*61
23:09:43.676 << $GPGSA,A,3,14,30,07,01,17,20,02,22,19,,,,1.78,1.02,1.46*02
23:09:43.677 << $GPGSV,4,1,13,14,76,347,40,17,64,254,35,22,59,312,17,30,55,197,28*73
23:09:43.678 << $GPGSV,4,2,13,01,47,078,34,02,32,051,24,19,28,242,30,07,24,165,25*77
23:09:43.679 << $GPGSV,4,3,13,20,14,275,27,08,08,062,,15,05,302,,03,01,117,*7F
23:09:43.679 << $GPGSV,4,4,13,36,,,*7E
23:09:43.680 << $GPRMC,040943.000,A,4153.0219,N,08748.2174,W,0.06,219.47,230107,,,A*74
23:09:44.650 << $GPGGA,040944.000,4153.0219,N,08748.2174,W,1,9,1.02,197.0,M,-34.0,M,,*66
23:09:44.652 << $GPGSA,A,3,14,30,07,01,17,20,02,22,19,,,,1.78,1.02,1.46*02
23:09:44.653 << $GPGSV,4,1,13,14,76,347,40,17,64,254,35,22,59,312,17,30,55,197,28*73
23:09:44.654 << $GPGSV,4,2,13,01,47,078,34,02,32,051,24,19,28,242,30,07,24,165,25*77
23:09:44.654 << $GPGSV,4,3,13,20,14,275,27,08,08,062,,15,05,302,,03,01,117,*7F
23:09:44.655 << $GPGSV,4,4,13,36,,,*7E
23:09:44.656 << $GPRMC,040944.000,A,4153.0219,N,08748.2174,W,0.06,219.47,230107,,,A*73
23:09:45.634 << $GPGGA,040945.000,4153.0219,N,08748.2174,W,1,9,1.02,197.0,M,-34.0,M,,*67
23:09:45.638 << $GPGSA,A,3,14,30,07,01,17,20,02,22,19,,,,1.78,1.02,1.45*01
23:09:45.639 << $GPGSV,4,1,13,14,76,347,40,17,64,254,35,22,59,312,17,30,55,197,28*73
23:09:45.640 << $GPGSV,4,2,13,01,47,078,34,02,32,051,24,19,28,242,29,07,24,165,25*7F
23:09:45.641 << $GPGSV,4,3,13,20,14,275,27,08,08,062,,15,05,302,,03,01,117,*7F
23:09:45.642 << $GPGSV,4,4,13,36,,,*7E
23:09:45.643 << $GPRMC,040945.000,A,4153.0219,N,08748.2174,W,0.03,219.47,230107,,,A*77
23:09:46.629 << $GPGGA,040946.000,4153.0219,N,08748.2173,W,1,9,1.02,197.0,M,-34.0,M,,*63
23:09:46.632 << $GPGSA,A,3,14,30,07,01,17,20,02,22,19,,,,1.78,1.02,1.46*02
23:09:46.634 << $GPGSV,4,1,13,14,76,347,40,17,64,255,35,22,59,312,17,30,55,197,28*72
23:09:46.635 << $GPGSV,4,2,13,01,47,078,34,02,32,051,24,19,28,242,29,07,24,165,25*7F
23:09:46.635 << $GPGSV,4,3,13,20,14,275,27,08,08,062,,15,05,302,,03,01,117,*7F
23:09:46.636 << $GPGSV,4,4,13,36,,,*7E
23:09:46.637 << $GPRMC,040946.000,A,4153.0219,N,08748.2173,W,0.11,219.47,230107,,,A*70
23:09:47.619 << $GPGGA,040947.000,4153.0219,N,08748.2173,W,1,9,1.02,197.1,M,-34.0,M,,*63
23:09:47.623 << $GPGSA,A,3,14,30,07,01,17,20,02,22,19,,,,1.78,1.02,1.46*02
23:09:47.626 << $GPGSV,4,1,13,14,76,347,40,17,64,255,35,22,59,312,17,30,55,197,28*72
23:09:47.628 << $GPGSV,4,2,13,01,47,078,34,02,32,051,24,19,28,242,29,07,24,165,25*7F
23:09:47.629 << $GPGSV,4,3,13,20,14,275,27,08,08,062,,15,05,302,,03,01,117,*7F
23:09:47.631 << $GPGSV,4,4,13,36,,,*7E
23:09:48.065 << $GPRMC,040947.000,A,4153.0219,N,08748.2173,W,0.05,219.47,230107,,,A*74
23:09:48.552 << $GPGGA,040948.000,4153.0219,N,08748.2173,W,1,9,1.02,197.1,M,-34.0,M,,*6C
23:09:48.555 << $GPGSA,A,3,14,30,07,01,17,20,02,22,19,,,,1.78,1.02,1.45*01
23:09:48.557 << $GPGSV,4,1,13,14,76,347,40,17,64,255,35,22,59,312,17,30,55,197,28*72
23:09:48.559 << $GPGSV,4,2,13,01,47,078,34,02,32,051,24,19,28,242,29,07,24,165,25*7F
23:09:49.038 << $GPGSV,4,3,13,20,14,275,27,08,08,062,,15,05,302,,03,01,117,*7F
23:09:49.040 << $GPGSV,4,4,13,36,,,*7E
23:09:49.041 << $GPRMC,040948.000,A,4153.0219,N,08748.2173,W,0.07,219.47,230107,,,A*79
23:09:49.531 << $GPGGA,040949.000,4153.0219,N,08748.2173,W,1,9,1.02,197.1,M,-34.0,M,,*6D
23:09:49.535 << $GPGSA,A,3,14,30,07,01,17,20,02,22,19,,,,1.78,1.02,1.45*01
23:09:49.539 << $GPGSV,4,1,13,14,76,347,40,17,64,255,35,22,59,312,17,30,55,197,28*72
23:09:49.541 << $GPGSV,4,2,13,01,47,078,34,02,32,051,24,19,28,242,29,07,24,165,25*7F
23:09:49.542 << $GPGSV,4,3,13,20,14,274,27,08,08,062,,15,05,302,,03,01,117,*7E
23:09:49.544 << $GPGSV,4,4,13,38,,,*70
23:09:49.545 << $GPRMC,040949.000,A,4153.0219,N,08748.2173,W,0.05,219.47,230107,,,A*7A
23:09:50.524 << $GPGGA,040950.000,4153.0219,N,08748.2173,W,1,9,1.02,197.1,M,-34.0,M,,*65
23:09:50.528 << $GPGSA,A,3,14,30,07,01,17,20,02,22,19,,,,1.78,1.02,1.45*01
23:09:50.531 << $GPGSV,4,1,13,14,76,347,40,17,64,255,35,22,59,312,17,30,55,197,28*72
23:09:50.533 << $GPGSV,4,2,13,01,47,078,34,02,32,051,24,19,28,242,29,07,24,165,25*7F
23:09:50.534 << $GPGSV,4,3,13,20,14,274,27,08,08,062,,15,05,302,,03,01,117,*7E
23:09:50.536 << $GPGSV,4,4,13,38,,,*70
23:09:50.537 << $GPRMC,040950.000,A,4153.0219,N,08748.2173,W,0.03,219.47,230107,,,A*74
23:09:51.511 << $GPGGA,040951.000,4153.0219,N,08748.2173,W,1,9,1.02,197.1,M,-34.0,M,,*64
23:09:51.515 << $GPGSA,A,3,14,30,07,01,17,20,02,22,19,,,,1.78,1.02,1.45*01
23:09:51.518 << $GPGSV,4,1,13,14,76,347,40,17,64,255,35,22,59,312,17,30,55,197,28*72
23:09:51.520 << $GPGSV,4,2,13,01,47,078,34,02,32,051,24,19,28,242,29,07,24,165,25*7F
23:09:51.522 << $GPGSV,4,3,13,20,14,274,27,08,08,062,,15,05,302,,03,01,117,*7E
23:09:51.524 << $GPGSV,4,4,13,38,,,*70
23:09:51.526 << $GPRMC,040951.000,A,4153.0219,N,08748.2173,W,0.02,219.47,230107,,,A*74
23:09:52.494 << $GPGGA,040952.000,4153.0219,N,08748.2173,W,1,9,1.02,197.1,M,-34.0,M,,*67
23:09:52.499 << $GPGSA,A,3,14,30,07,01,17,20,02,22,19,,,,1.78,1.02,1.45*01
23:09:52.503 << $GPGSV,4,1,13,14,76,347,40,17,64,255,35,22,59,312,16,30,55,197,28*73
23:09:52.504 << $GPGSV,4,2,13,01,47,078,34,02,32,051,24,19,28,242,29,07,24,165,25*7F
23:09:52.505 << $GPGSV,4,3,13,20,14,274,27,08,08,062,,15,05,302,,03,01,117,*7E
23:09:52.506 << $GPGSV,4,4,13,38,,,*70
23:09:52.508 << $GPRMC,040952.000,A,4153.0219,N,08748.2173,W,0.05,219.47,230107,,,A*70
23:09:53.429 << $GPGGA,040953.000,4153.0219,N,08748.2173,W,1,9,1.02,197.1,M,-34.0,M,,*66
23:09:53.433 << $GPGSA,A,3,14,30,07,01,17,20,02,22,19,,,,1.77,1.02,1.45*0E
23:09:53.435 << $GPGSV,4,1,13,14,76,347,40,17,64,255,35,22,59,312,16,30,55,197,28*73
23:09:53.436 << $GPGSV,4,2,13,01,47,078,34,02,32,051,24,19,28,242,29,07,24,165,25*7F
23:09:53.437 << $GPGSV,4,3,13,20,14,274,27,08,08,062,,15,05,302,,03,01,117,*7E
23:09:53.438 << $GPGSV,4,4,13,38,,,*70
23:09:53.912 << $GPRMC,040953.000,A,4153.0219,N,08748.2173,W,0.07,219.47,230107,,,A*73
23:09:54.398 << $GPGGA,040954.000,4153.0219,N,08748.2173,W,1,9,1.02,197.1,M,-34.0,M,,*61
23:09:54.400 << $GPGSA,A,3,14,30,07,01,17,20,02,22,19,,,,1.77,1.02,1.45*0E
23:09:54.402 << $GPGSV,4,1,13,14,76,347,40,17,64,255,35,22,59,312,16,30,55,197,28*73
23:09:54.403 << $GPGSV,4,2,13,01,47,078,34,02,32,051,24,19,28,242,29,07,24,165,25*7F
23:09:54.405 << $GPGSV,4,3,13,20,14,274,27,08,08,062,,15,05,302,,03,01,117,*7E
23:09:54.405 << $GPGSV,4,4,13,38,,,*70
23:09:54.407 << $GPRMC,040954.000,A,4153.0219,N,08748.2173,W,0.05,219.47,230107,,,A*76
23:09:55.383 << $GPGGA,040955.000,4153.0218,N,08748.2173,W,1,8,1.07,197.1,M,-34.0,M,,*65
23:09:55.386 << $GPGSA,A,3,14,30,07,01,17,20,02,19,,,,,1.86,1.07,1.52*03
23:09:55.389 << $GPGSV,4,1,13,14,76,347,40,17,64,255,35,22,59,312,16,30,55,197,28*73
23:09:55.390 << $GPGSV,4,2,13,01,47,078,34,02,32,051,24,19,28,242,29,07,24,165,25*7F
23:09:55.864 << $GPGSV,4,3,13,20,14,274,27,08,08,062,,15,05,302,,03,01,117,*7E
23:09:55.866 << $GPGSV,4,4,13,41,,,*7E
23:09:55.867 << $GPRMC,040955.000,A,4153.0218,N,08748.2173,W,0.03,219.47,230107,,,A*70
23:09:56.350 << $GPGGA,040956.000,4153.0218,N,08748.2173,W,1,8,1.07,197.1,M,-34.0,M,,*66
23:09:56.353 << $GPGSA,A,3,14,30,07,01,17,20,02,19,,,,,1.86,1.07,1.52*03
23:09:56.355 << $GPGSV,4,1,13,14,76,347,40,17,64,255,35,22,59,312,16,30,55,197,28*73
23:09:56.357 << $GPGSV,4,2,13,01,47,078,34,02,32,051,24,19,28,242,29,07,24,165,25*7F
23:09:56.358 << $GPGSV,4,3,13,20,14,274,27,08,08,062,,15,05,302,,03,01,117,*7E
23:09:56.358 << $GPGSV,4,4,13,41,,,*7E
23:09:56.360 << $GPRMC,040956.000,A,4153.0218,N,08748.2173,W,0.04,219.47,230107,,,A*74
23:09:57.816 << $GPGGA,040957.000,4153.0218,N,08748.2173,W,1,8,1.07,197.1,M,-34.0,M,,*67
23:09:57.820 << $GPGSA,A,3,14,30,07,01,17,20,02,19,,,,,1.86,1.07,1.52*03
23:09:57.822 << $GPGSV,4,1,13,14,76,347,40,17,64,255,35,22,59,312,16,30,55,197,28*73
23:09:57.823 << $GPGSV,4,2,13,01,47,078,34,02,32,051,24,19,28,242,29,07,24,165,25*7F
23:09:57.824 << $GPGSV,4,3,13,20,14,274,27,08,08,062,,15,05,302,,03,01,117,*7E
23:09:57.825 << $GPGSV,4,4,13,41,,,*7E
23:09:57.826 << $GPRMC,040957.000,A,4153.0218,N,08748.2173,W,0.02,219.47,230107,,,A*73
23:09:58.808 << $GPGGA,040958.000,4153.0218,N,08748.2173,W,1,8,1.07,197.1,M,-34.0,M,,*68
23:09:58.812 << $GPGSA,A,3,14,30,07,01,17,20,02,19,,,,,1.86,1.07,1.52*03
23:09:58.814 << $GPGSV,4,1,13,14,76,347,40,17,64,255,35,22,59,312,16,30,55,197,28*73
23:09:58.816 << $GPGSV,4,2,13,01,47,078,34,02,32,051,24,19,28,242,29,07,24,165,25*7F
23:09:58.817 << $GPGSV,4,3,13,20,14,274,27,08,08,062,,15,05,302,,03,01,117,*7E
23:09:58.819 << $GPGSV,4,4,13,41,,,*7E
23:09:58.821 << $GPRMC,040958.000,A,4153.0218,N,08748.2173,W,0.01,219.47,230107,,,A*7F
23:09:59.798 << $GPGGA,040959.000,4153.0218,N,08748.2173,W,1,8,1.07,197.1,M,-34.0,M,,*69
23:09:59.802 << $GPGSA,A,3,14,30,07,01,17,20,02,19,,,,,1.86,1.07,1.52*03
23:09:59.804 << $GPGSV,4,1,13,14,76,347,40,17,64,255,35,22,59,312,16,30,55,197,28*73
23:09:59.805 << $GPGSV,4,2,13,01,47,078,34,02,32,051,25,19,28,242,29,07,24,165,25*7E
23:09:59.807 << $GPGSV,4,3,13,20,14,274,27,08,08,062,,15,05,302,,03,01,117,*7E
23:09:59.808 << $GPGSV,4,4,13,41,,,*7E
23:09:59.810 << $GPRMC,040959.000,A,4153.0218,N,08748.2173,W,0.05,219.47,230107,,,A*7A
23:10:00.737 << $GPGGA,041000.000,4153.0218,N,08748.2173,W,1,8,1.07,197.1,M,-34.0,M,,*6D
23:10:00.741 << $GPGSA,A,3,14,30,07,01,17,20,02,19,,,,,1.86,1.07,1.51*00
23:10:00.742 << $GPGSV,4,1,13,14,76,347,40,17,64,255,35,22,59,312,16,30,55,197,28*73
23:10:00.743 << $GPGSV,4,2,13,01,47,078,34,02,32,051,25,19,28,242,29,07,24,165,25*7E
23:10:00.745 << $GPGSV,4,3,13,20,14,274,27,08,08,062,,15,05,302,,03,01,117,*7E
23:10:00.746 << $GPGSV,4,4,13,41,,,*7E
23:10:00.748 << $GPRMC,041000.000,A,4153.0218,N,08748.2173,W,0.05,219.47,230107,,,A*7E
23:10:01.725 << $GPGGA,041001.000,4153.0218,N,08748.2173,W,1,8,1.07,197.1,M,-34.0,M,,*6C
23:10:01.727 << $GPGSA,A,3,14,30,07,01,17,20,02,19,,,,,1.86,1.07,1.51*00
23:10:01.728 << $GPGSV,4,1,13,14,76,347,40,17,64,255,35,22,59,312,16,30,55,197,28*73
23:10:01.728 << $GPGSV,4,2,13,01,47,078,34,02,32,051,25,19,28,242,29,07,24,165,25*7E
23:10:01.729 << $GPGSV,4,3,13,20,14,274,27,08,08,062,,15,05,302,,03,01,117,*7E
23:10:01.729 << $GPGSV,4,4,13,41,,,*7E
23:10:02.196 << $GPRMC,041001.000,A,4153.0218,N,08748.2173,W,0.05,219.47,230107,,,A*7F
23:10:02.688 << $GPGGA,041002.000,4153.0218,N,08748.2173,W,1,8,1.07,197.1,M,-34.0,M,,*6F
23:10:02.692 << $GPGSA,A,3,14,30,07,01,17,20,02,19,,,,,1.86,1.07,1.51*00
23:10:02.694 << $GPGSV,4,1,13,14,76,347,40,17,64,255,35,22,59,312,16,30,55,197,28*73
23:10:02.696 << $GPGSV,4,2,13,01,47,077,34,02,32,051,25,19,28,242,29,07,24,165,25*71
23:10:02.698 << $GPGSV,4,3,13,20,14,274,27,08,08,062,,15,05,302,,03,01,117,*7E
23:10:02.699 << $GPGSV,4,4,13,43,,,*7C
23:10:02.700 << $GPRMC,041002.000,A,4153.0218,N,08748.2173,W,0.02,219.47,230107,,,A*7B
23:10:03.680 << $GPGGA,041003.000,4153.0218,N,08748.2172,W,1,8,1.07,197.1,M,-34.0,M,,*6F
23:10:03.683 << $GPGSA,A,3,14,30,07,01,17,20,02,19,,,,,1.86,1.07,1.52*03
23:10:03.686 << $GPGSV,4,1,13,14,76,347,40,17,64,255,35,22,59,312,16,30,55,197,28*73
23:10:03.687 << $GPGSV,4,2,13,01,47,077,34,02,32,051,25,19,28,242,29,07,24,165,25*71
23:10:03.689 << $GPGSV,4,3,13,20,14,274,27,08,08,062,,15,05,302,,03,01,117,*7E
23:10:03.690 << $GPGSV,4,4,13,43,,,*7C
23:10:04.149 << $GPRMC,041003.000,A,4153.0218,N,08748.2172,W,0.01,219.47,230107,,,A*78
23:10:04.645 << $GPGGA,041004.000,4153.0218,N,08748.2172,W,1,8,1.07,197.1,M,-34.0,M,,*68
23:10:04.649 << $GPGSA,A,3,14,30,07,01,17,20,02,19,,,,,1.86,1.07,1.51*00
23:10:04.651 << $GPGSV,4,1,13,14,76,347,40,17,64,255,35,22,59,312,17,30,55,197,28*72
23:10:04.653 << $GPGSV,4,2,13,01,47,077,34,02,32,051,25,19,28,242,29,07,24,165,25*71
23:10:05.128 << $GPGSV,4,3,13,20,14,274,27,08,08,062,,15,05,302,,03,02,117,*7D
23:10:05.130 << $GPGSV,4,4,13,43,,,*7C
23:10:05.131 << $GPRMC,041004.000,A,4153.0218,N,08748.2172,W,0.05,219.47,230107,,,A*7B
23:10:05.611 << $GPGGA,041005.000,4153.0218,N,08748.2172,W,1,9,1.02,197.1,M,-34.0,M,,*6D
23:10:05.614 << $GPGSA,A,3,14,30,07,01,17,20,02,22,19,,,,1.77,1.02,1.45*0E
23:10:05.616 << $GPGSV,4,1,13,14,76,347,40,17,64,255,35,22,59,312,18,30,55,197,28*7D
23:10:05.617 << $GPGSV,4,2,13,01,47,077,34,02,32,051,25,19,28,242,29,07,24,165,25*71
23:10:05.618 << $GPGSV,4,3,13,20,14,274,27,08,08,062,,15,05,302,,03,02,117,*7D
23:10:05.618 << $GPGSV,4,4,13,43,,,*7C
23:10:05.620 << $GPRMC,041005.000,A,4153.0218,N,08748.2172,W,0.05,219.47,230107,,,A*7A
23:10:06.598 << $GPGGA,041006.000,4153.0218,N,08748.2172,W,1,9,1.02,197.1,M,-34.0,M,,*6E
23:10:06.602 << $GPGSA,A,3,14,30,07,01,17,20,02,22,19,,,,1.77,1.02,1.45*0E
23:10:06.605 << $GPGSV,4,1,13,14,76,347,40,17,64,255,35,22,59,312,18,30,55,197,28*7D
23:10:06.606 << $GPGSV,4,2,13,01,47,077,34,02,32,051,25,19,28,242,29,07,24,165,25*71
23:10:06.608 << $GPGSV,4,3,13,20,14,274,27,08,08,062,,15,05,302,,03,02,117,*7D
23:10:06.609 << $GPGSV,4,4,13,43,,,*7C
23:10:06.611 << $GPRMC,041006.000,A,4153.0218,N,08748.2172,W,0.02,219.47,230107,,,A*7E
23:10:07.586 << $GPGGA,041007.000,4153.0218,N,08748.2172,W,1,8,1.07,197.1,M,-34.0,M,,*6B
23:10:07.590 << $GPGSA,A,3,14,30,07,01,17,20,02,19,,,,,1.85,1.07,1.51*03
23:10:07.593 << $GPGSV,4,1,14,14,76,347,40,17,64,255,35,22,59,312,18,30,55,197,28*7A
23:10:07.594 << $GPGSV,4,2,14,01,47,077,34,02,32,051,25,19,28,242,29,07,24,165,25*76
23:10:07.596 << $GPGSV,4,3,14,20,14,274,26,08,08,062,,15,05,302,,03,02,117,*7B
23:10:07.597 << $GPGSV,4,4,14,06,01,196,,43,,,*42
23:10:07.599 << $GPRMC,041007.000,A,4153.0218,N,08748.2172,W,0.02,219.47,230107,,,A*7F
23:10:08.573 << $GPGGA,041008.000,4153.0218,N,08748.2172,W,1,9,1.02,197.1,M,-34.0,M,,*60
23:10:08.576 << $GPGSA,A,3,14,30,07,01,17,20,02,22,19,,,,1.77,1.02,1.45*0E
23:10:08.579 << $GPGSV,4,1,14,14,76,347,40,17,64,255,35,22,59,312,18,30,55,197,28*7A
23:10:08.580 << $GPGSV,4,2,14,01,47,077,34,02,32,051,25,19,28,242,29,07,24,165,25*76
23:10:08.582 << $GPGSV,4,3,14,20,14,274,26,08,08,062,,15,05,302,,03,02,117,*7B
23:10:08.583 << $GPGSV,4,4,14,06,01,196,,45,,,*44
23:10:08.585 << $GPRMC,041008.000,A,4153.0218,N,08748.2172,W,0.03,219.47,230107,,,A*71
23:10:09.563 << $GPGGA,041009.000,4153.0218,N,08748.2172,W,1,9,1.02,197.1,M,-34.0,M,,*61
23:10:09.567 << $GPGSA,A,3,14,30,07,01,17,20,02,22,19,,,,1.77,1.02,1.45*0E
23:10:09.570 << $GPGSV,4,1,14,14,76,347,40,17,64,255,35,22,59,312,19,30,55,197,28*7B
23:10:09.571 << $GPGSV,4,2,14,01,47,077,34,02,32,051,25,19,28,242,29,07,24,165,25*76
23:10:09.573 << $GPGSV,4,3,14,20,14,274,26,08,07,062,,15,05,302,,03,02,117,*74
23:10:09.574 << $GPGSV,4,4,14,06,01,196,,45,,,*44
23:10:10.000 << $GPRMC,041009.000,A,4153.0218,N,08748.2172,W,0.03,219.47,230107,,,A*70
23:10:10.490 << $GPGGA,041010.000,4153.0218,N,08748.2172,W,1,9,1.02,197.1,M,-34.0,M,,*69
23:10:10.493 << $GPGSA,A,3,14,30,07,01,17,20,02,22,19,,,,1.77,1.02,1.45*0E
23:10:10.494 << $GPGSV,4,1,14,14,76,347,40,17,64,255,35,22,59,312,20,30,55,197,28*71
23:10:10.496 << $GPGSV,4,2,14,01,47,077,34,02,32,051,25,19,28,242,29,07,24,165,25*76
23:10:10.497 << $GPGSV,4,3,14,20,14,274,25,08,07,062,,15,05,302,,03,02,117,*77
23:10:10.497 << $GPGSV,4,4,14,06,01,196,,45,,,*44
23:10:10.499 << $GPRMC,041010.000,A,4153.0218,N,08748.2172,W,0.03,219.47,230107,,,A*78
23:10:11.476 << $GPGGA,041011.000,4153.0218,N,08748.2172,W,1,9,1.02,197.1,M,-34.0,M,,*68
23:10:11.484 << $GPGSA,A,3,14,30,07,01,17,20,02,22,19,,,,1.77,1.02,1.45*0E
23:10:11.485 << $GPGSV,4,1,14,14,76,347,40,17,64,255,35,22,59,312,20,30,55,197,28*71
23:10:11.486 << $GPGSV,4,2,14,01,47,077,34,02,32,051,25,19,28,242,29,07,24,165,25*76
23:10:11.952 << $GPGSV,4,3,14,20,14,274,25,08,07,062,,15,05,302,,03,02,117,*77
23:10:11.954 << $GPGSV,4,4,14,06,01,196,,45,,,*44
23:10:11.955 << $GPRMC,041011.000,A,4153.0218,N,08748.2172,W,0.04,219.47,230107,,,A*7E
23:10:12.440 << $GPGGA,041012.000,4153.0218,N,08748.2172,W,1,9,1.02,197.1,M,-34.0,M,,*6B
23:10:12.444 << $GPGSA,A,3,14,30,07,01,17,20,02,22,19,,,,1.77,1.02,1.45*0E
23:10:12.446 << $GPGSV,4,1,14,14,76,347,40,17,64,255,35,22,59,312,20,30,55,197,28*71
23:10:12.448 << $GPGSV,4,2,14,01,47,077,34,02,32,051,25,19,28,242,29,07,24,165,25*76
23:10:12.449 << $GPGSV,4,3,14,20,14,274,24,08,07,062,,15,05,302,,03,02,117,*76
23:10:12.450 << $GPGSV,4,4,14,06,01,196,,45,,,*44
23:10:12.452 << $GPRMC,041012.000,A,4153.0218,N,08748.2172,W,0.01,219.47,230107,,,A*78
23:10:13.421 << $GPGGA,041013.000,4153.0218,N,08748.2172,W,1,9,1.02,197.1,M,-34.0,M,,*6A
23:10:13.426 << $GPGSA,A,3,14,30,07,01,17,20,02,22,19,,,,1.77,1.02,1.45*0E
23:10:13.429 << $GPGSV,4,1,14,14,76,347,40,17,64,255,35,22,59,312,20,30,55,197,28*71
23:10:13.430 << $GPGSV,4,2,14,01,47,077,34,02,32,051,25,19,28,242,29,07,24,165,25*76
23:10:13.431 << $GPGSV,4,3,14,20,14,274,24,08,07,062,,15,05,302,,03,02,117,*76
23:10:13.433 << $GPGSV,4,4,14,06,01,196,,45,,,*44
23:10:13.434 << $GPRMC,041013.000,A,4153.0218,N,08748.2172,W,0.01,219.47,230107,,,A*79
23:10:14.414 << $GPGGA,041014.000,4153.0218,N,08748.2172,W,1,9,1.02,197.1,M,-34.0,M,,*6D
23:10:14.418 << $GPGSA,A,3,14,30,07,01,17,20,02,22,19,,,,1.77,1.02,1.45*0E
23:10:14.422 << $GPGSV,4,1,14,14,76,347,40,17,64,255,35,22,59,312,20,30,55,197,28*71
23:10:14.423 << $GPGSV,4,2,14,01,47,077,34,02,32,051,25,19,28,242,29,07,24,165,25*76
23:10:14.424 << $GPGSV,4,3,14,20,14,274,23,08,07,062,,15,05,302,,03,02,117,*71
23:10:14.425 << $GPGSV,4,4,14,06,01,196,,45,,,*44
23:10:14.426 << $GPRMC,041014.000,A,4153.0218,N,08748.2172,W,0.05,219.47,230107,,,A*7A
23:10:15.847 << $GPGGA,041015.000,4153.0217,N,08748.2172,W,1,9,1.02,197.2,M,-34.0,M,,*60
23:10:15.848 << $GPGSA,A,3,14,30,07,01,17,20,02,22,19,,,,1.77,1.02,1.45*0E
23:10:15.849 << $GPGSV,4,1,14,14,76,348,40,17,64,255,35,22,59,312,20,30,55,197,28*7E
23:10:15.850 << $GPGSV,4,2,14,01,47,077,34,02,32,051,25,19,28,242,29,07,24,165,25*76
23:10:15.904 << $GPGSV,4,3,14,20,14,274,23,08,07,062,,15,05,302,,03,02,117,*71
23:10:15.905 << $GPGSV,4,4,14,06,01,196,,47,,,*46
23:10:15.907 << $GPRMC,041015.000,A,4153.0217,N,08748.2172,W,0.11,219.47,230107,,,A*71
23:10:16.825 << $GPGGA,041016.000,4153.0217,N,08748.2172,W,1,9,1.02,197.2,M,-34.0,M,,*63
23:10:16.827 << $GPGSA,A,3,14,30,07,01,17,20,02,22,19,,,,1.77,1.02,1.45*0E
23:10:16.828 << $GPGSV,4,1,14,14,76,348,40,17,64,255,35,22,59,312,21,30,55,197,28*7F
23:10:16.829 << $GPGSV,4,2,14,01,47,077,34,02,32,051,25,19,28,242,30,07,24,165,25*7E
23:10:16.830 << $GPGSV,4,3,14,20,14,274,23,08,07,062,,15,05,302,,03,02,117,*71
23:10:16.830 << $GPGSV,4,4,14,06,01,196,,47,,,*46
23:10:17.311 << $GPRMC,041016.000,A,4153.0217,N,08748.2172,W,0.08,219.47,230107,,,A*7A
23:10:17.805 << $GPGGA,041017.000,4153.0217,N,08748.2172,W,1,9,1.02,197.2,M,-34.0,M,,*62
23:10:17.808 << $GPGSA,A,3,14,30,07,01,17,20,02,22,19,,,,1.77,1.02,1.45*0E
23:10:17.809 << $GPGSV,4,1,14,14,76,348,40,17,64,255,35,22,59,312,21,30,55,197,28*7F
23:10:17.810 << $GPGSV,4,2,14,01,47,077,34,02,32,051,25,19,28,242,30,07,24,165,25*7E
23:10:17.811 << $GPGSV,4,3,14,20,14,274,23,08,07,062,,15,05,302,,03,02,117,*71
23:10:17.811 << $GPGSV,4,4,14,06,01,196,,47,,,*46
23:10:17.813 << $GPRMC,041017.000,A,4153.0217,N,08748.2172,W,0.04,219.47,230107,,,A*77
23:10:18.783 << $GPGGA,041018.000,4153.0217,N,08748.2171,W,1,9,1.02,197.2,M,-34.0,M,,*6E
23:10:18.787 << $GPGSA,A,3,14,30,07,01,17,20,02,22,19,,,,1.77,1.02,1.45*0E
23:10:18.790 << $GPGSV,4,1,14,14,76,348,40,17,64,255,35,22,59,312,21,30,55,197,28*7F
23:10:18.791 << $GPGSV,4,2,14,01,47,077,34,02,32,051,25,19,28,242,30,07,24,165,25*7E
23:10:18.793 << $GPGSV,4,3,14,20,14,274,23,08,07,062,,15,05,302,,03,02,117,*71
23:10:18.794 << $GPGSV,4,4,14,06,01,196,,47,,,*46
23:10:18.797 << $GPRMC,041018.000,A,4153.0217,N,08748.2171,W,0.06,219.47,230107,,,A*79
23:10:19.778 << $GPGGA,041019.000,4153.0217,N,08748.2171,W,1,9,1.02,197.2,M,-34.0,M,,*6F
23:10:19.781 << $GPGSA,A,3,14,30,07,01,17,20,02,22,19,,,,1.77,1.02,1.45*0E
23:10:19.784 << $GPGSV,4,1,14,14,76,348,40,17,64,255,35,22,59,312,21,30,55,197,28*7F
23:10:19.786 << $GPGSV,4,2,14,01,47,077,34,02,32,051,25,19,28,242,30,07,24,165,25*7E
23:10:19.787 << $GPGSV,4,3,14,20,14,274,23,08,07,062,,15,05,302,,03,02,117,*71
23:10:19.789 << $GPGSV,4,4,14,06,01,196,,47,,,*46
23:10:19.791 << $GPRMC,041019.000,A,4153.0217,N,08748.2171,W,0.05,219.47,230107,,,A*7B
23:10:20.765 << $GPGGA,041020.000,4153.0217,N,08748.2171,W,1,9,1.02,197.2,M,-34.0,M,,*65
23:10:20.769 << $GPGSA,A,3,14,30,07,01,17,20,02,22,19,,,,1.77,1.02,1.45*0E
23:10:20.771 << $GPGSV,4,1,14,14,76,348,40,17,64,255,35,22,59,312,21,30,55,197,28*7F
23:10:20.773 << $GPGSV,4,2,14,01,47,077,34,02,32,051,25,19,28,242,30,07,24,165,25*7E
23:10:20.774 << $GPGSV,4,3,14,20,14,274,23,08,07,062,,15,05,302,,03,02,117,*71
23:10:20.776 << $GPGSV,4,4,14,06,01,196,,47,,,*46
23:10:20.778 << $GPRMC,041020.000,A,4153.0217,N,08748.2171,W,0.07,219.47,230107,,,A*73
23:10:21.701 << $GPGGA,041021.000,4153.0217,N,08748.2171,W,1,9,1.02,197.2,M,-34.0,M,,*64
23:10:21.705 << $GPGSA,A,3,14,30,07,01,17,20,02,22,19,,,,1.77,1.02,1.45*0E
23:10:21.708 << $GPGSV,4,1,14,14,76,348,40,17,64,255,35,22,59,312,22,30,55,197,28*7C
23:10:21.709 << $GPGSV,4,2,14,01,47,077,34,02,32,051,25,19,28,242,30,07,24,165,25*7E
23:10:21.711 << $GPGSV,4,3,14,20,13,274,23,08,07,062,,15,05,302,,03,02,117,*76
23:10:21.712 << $GPGSV,4,4,14,06,01,196,,49,,,*48
23:10:21.714 << $GPRMC,041021.000,A,4153.0217,N,08748.2171,W,0.06,219.47,230107,,,A*73
23:10:22.696 << $GPGGA,041022.000,4153.0217,N,08748.2171,W,1,9,1.02,197.2,M,-34.0,M,,*67
23:10:22.700 << $GPGSA,A,3,14,30,07,01,17,20,02,22,19,,,,1.77,1.02,1.45*0E
23:10:22.703 << $GPGSV,4,1,14,14,76,348,40,17,64,255,35,22,59,312,23,30,55,197,28*7D
23:10:22.707 << $GPGSV,4,2,14,01,47,077,34,02,32,051,25,19,28,242,30,07,24,165,24*7F
23:10:22.708 << $GPGSV,4,3,14,20,13,274,23,08,07,062,,15,05,302,,03,02,117,*76
23:10:22.710 << $GPGSV,4,4,14,06,01,196,,49,,,*48
23:10:23.159 << $GPRMC,041022.000,A,4153.0217,N,08748.2171,W,0.05,219.47,230107,,,A*73
23:10:23.653 << $GPGGA,041023.000,4153.0217,N,08748.2171,W,1,9,1.02,197.2,M,-34.0,M,,*66
23:10:23.656 << $GPGSA,A,3,14,30,07,01,17,20,02,22,19,,,,1.77,1.02,1.45*0E
23:10:23.659 << $GPGSV,4,1,14,14,76,348,40,17,64,255,35,22,59,312,23,30,55,197,28*7D
23:10:23.660 << $GPGSV,4,2,14,01,47,077,34,02,32,051,25,19,28,242,30,07,24,165,24*7F
23:10:24.134 << $GPGSV,4,3,14,20,13,274,22,08,07,062,,15,05,302,,03,02,117,*77
23:10:24.137 << $GPGSV,4,4,14,06,01,196,,49,,,*48
23:10:24.139 << $GPRMC,041023.000,A,4153.0217,N,08748.2171,W,0.03,219.47,230107,,,A*74
23:10:24.631 << $GPGGA,041024.000,4153.0217,N,08748.2171,W,1,9,1.02,197.2,M,-34.0,M,,*61
23:10:24.635 << $GPGSA,A,3,14,30,07,01,17,20,02,22,19,,,,1.77,1.02,1.45*0E
23:10:24.638 << $GPGSV,4,1,14,14,76,348,40,17,64,255,35,22,59,312,23,30,55,197,28*7D
23:10:24.639 << $GPGSV,4,2,14,01,47,077,34,02,32,051,25,19,28,242,30,07,24,165,24*7F
23:10:24.640 << $GPGSV,4,3,14,20,13,274,22,08,07,062,,15,05,302,,03,02,117,*77
23:10:24.641 << $GPGSV,4,4,14,06,01,196,,49,,,*48
23:10:24.643 << $GPRMC,041024.000,A,4153.0217,N,08748.2171,W,0.05,219.47,230107,,,A*75
23:10:25.619 << $GPGGA,041025.000,4153.0217,N,08748.2171,W,1,9,1.02,197.2,M,-34.0,M,,*60
23:10:25.623 << $GPGSA,A,3,14,30,07,01,17,20,02,22,19,,,,1.77,1.02,1.45*0E
23:10:25.625 << $GPGSV,4,1,14,14,76,348,40,17,64,255,35,22,59,312,23,30,55,197,28*7D
23:10:25.626 << $GPGSV,4,2,14,01,47,077,34,02,32,051,24,19,28,242,30,07,24,165,24*7E
23:10:25.627 << $GPGSV,4,3,14,20,13,274,22,08,07,062,,15,05,302,,03,02,117,*77
23:10:25.628 << $GPGSV,4,4,14,06,01,196,,49,,,*48
23:10:25.630 << $GPRMC,041025.000,A,4153.0217,N,08748.2171,W,0.05,219.47,230107,,,A*74
23:10:26.608 << $GPGGA,041026.000,4153.0217,N,08748.2171,W,1,9,1.02,197.2,M,-34.0,M,,*63
23:10:26.612 << $GPGSA,A,3,14,30,07,01,17,20,02,22,19,,,,1.77,1.02,1.45*0E
23:10:26.614 << $GPGSV,4,1,14,14,76,348,40,17,64,255,35,22,59,312,23,30,55,197,28*7D
23:10:26.615 << $GPGSV,4,2,14,01,47,077,34,02,32,051,24,19,28,242,30,07,24,165,24*7E
23:10:26.617 << $GPGSV,4,3,14,20,13,274,22,08,07,062,,15,05,302,,03,02,117,*77
23:10:26.618 << $GPGSV,4,4,14,06,01,196,,49,,,*48
23:10:26.620 << $GPRMC,041026.000,A,4153.0217,N,08748.2171,W,0.02,219.47,230107,,,A*70
23:10:27.548 << $GPGGA,041027.000,4153.0217,N,08748.2171,W,1,9,1.02,197.2,M,-34.0,M,,*62
23:10:27.605 << $GPGSA,A,3,14,30,07,01,17,20,02,22,19,,,,1.77,1.02,1.45*0E
23:10:27.606 << $GPGSV,4,1,14,14,76,348,40,17,64,255,35,22,59,312,23,30,55,197,28*7D
23:10:27.607 << $GPGSV,4,2,14,01,47,077,34,02,32,051,25,19,28,242,30,07,24,165,25*7E
23:10:27.608 << $GPGSV,4,3,14,20,13,274,22,08,07,062,,15,05,302,,03,02,117,*77
23:10:27.608 << $GPGSV,4,4,14,06,01,196,,49,,,*48
23:10:27.609 << $GPRMC,041027.000,A,4153.0217,N,08748.2171,W,0.02,219.47,230107,,,A*71
23:10:28.528 << $GPGGA,041028.000,4153.0217,N,08748.2171,W,1,9,1.02,197.2,M,-34.0,M,,*6D
23:10:28.532 << $GPGSA,A,3,14,30,07,01,17,20,02,22,19,,,,1.77,1.02,1.45*0E
23:10:28.534 << $GPGSV,4,1,14,14,76,348,40,17,64,255,35,22,59,312,23,30,55,197,29*7C
23:10:28.535 << $GPGSV,4,2,14,01,47,077,34,51,37,207,,02,32,051,25,19,28,242,30*7F
23:10:28.535 << $GPGSV,4,3,14,07,24,165,24,20,13,274,22,08,07,062,,15,05,302,*74
23:10:28.536 << $GPGSV,4,4,14,03,02,117,,06,01,196,*73
23:10:28.538 << $GPRMC,041028.000,A,4153.0217,N,08748.2171,W,0.05,219.47,230107,,,A*79
23:10:29.519 << $GPGGA,041029.000,4153.0217,N,08748.2171,W,1,9,1.02,197.2,M,-34.0,M,,*6C
23:10:29.523 << $GPGSA,A,3,14,30,07,01,17,20,02,22,19,,,,1.77,1.02,1.45*0E
23:10:29.526 << $GPGSV,4,1,14,14,76,348,40,17,64,255,35,22,59,312,24,30,55,197,30*73
23:10:29.528 << $GPGSV,4,2,14,01,47,077,34,51,37,207,,02,32,051,25,19,28,242,30*7F
23:10:29.986 << $GPGSV,4,3,14,07,24,165,24,20,13,274,22,08,07,062,,15,05,302,*74
23:10:29.987 << $GPGSV,4,4,14,03,02,117,,06,01,196,*73
23:10:29.989 << $GPRMC,041029.000,A,4153.0217,N,08748.2171,W,0.02,219.47,230107,,,A*7F
23:10:30.482 << $GPGGA,041030.000,4153.0217,N,08748.2171,W,1,9,1.02,197.2,M,-34.0,M,,*64
23:10:30.485 << $GPGSA,A,3,14,30,07,01,17,20,02,22,19,,,,1.77,1.02,1.45*0E
23:10:30.486 << $GPGSV,4,1,14,14,76,348,40,17,64,255,35,22,59,312,25,30,55,197,31*73
23:10:30.487 << $GPGSV,4,2,14,01,47,077,33,51,37,207,,02,32,051,26,19,28,242,30*7B
23:10:30.963 << $GPGSV,4,3,14,07,24,165,25,20,13,274,22,08,07,062,,15,05,302,*75
23:10:30.965 << $GPGSV,4,4,14,03,02,117,,06,01,196,*73
23:10:30.967 << $GPRMC,041030.000,A,4153.0217,N,08748.2171,W,0.03,219.47,230107,,,A*76
23:10:31.453 << $GPGGA,041031.000,4153.0217,N,08748.2171,W,1,9,1.02,197.2,M,-34.0,M,,*65
23:10:31.456 << $GPGSA,A,3,14,30,07,01,17,20,02,22,19,,,,1.77,1.02,1.45*0E
23:10:31.458 << $GPGSV,4,1,14,14,76,348,40,17,64,255,35,22,59,312,25,30,55,196,31*72
23:10:31.459 << $GPGSV,4,2,14,01,47,077,33,51,37,207,,02,32,051,25,19,28,242,30*78
23:10:31.933 << $GPGSV,4,3,14,07,24,165,26,20,13,274,22,08,07,062,,15,05,302,*76
23:10:31.935 << $GPGSV,4,4,14,03,02,117,,06,01,196,*73
23:10:31.937 << $GPRMC,041031.000,A,4153.0217,N,08748.2171,W,0.08,219.47,230107,,,A*7C
23:10:32.424 << $GPGGA,041032.000,4153.0216,N,08748.2171,W,1,9,1.02,197.2,M,-34.0,M,,*67
23:10:32.425 << $GPGSA,A,3,14,30,07,01,17,20,02,22,19,,,,1.77,1.02,1.45*0E
23:10:32.425 << $GPGSV,4,1,14,14,76,348,40,17,64,255,35,22,59,312,25,30,55,196,31*72
23:10:32.426 << $GPGSV,4,2,14,01,47,077,33,51,37,207,,02,32,051,25,19,28,242,30*78
23:10:32.426 << $GPGSV,4,3,14,07,24,165,27,20,13,274,22,08,07,062,,15,05,302,*77
23:10:32.426 << $GPGSV,4,4,14,03,02,117,,06,01,196,*73
23:10:32.426 << $GPRMC,041032.000,A,4153.0216,N,08748.2171,W,0.06,219.47,230107,,,A*70
23:10:33.405 << $GPGGA,041033.000,4153.0216,N,08748.2170,W,1,9,1.02,197.3,M,-34.0,M,,*66
23:10:33.409 << $GPGSA,A,3,14,30,07,01,17,20,02,22,19,,,,1.77,1.02,1.45*0E
23:10:33.414 << $GPGSV,4,1,14,14,76,348,40,17,64,255,35,22,59,312,25,30,55,196,31*72
23:10:33.415 << $GPGSV,4,2,14,01,47,077,33,51,37,207,,02,32,051,25,19,28,242,30*78
23:10:33.416 << $GPGSV,4,3,14,07,24,165,28,20,13,274,22,08,07,062,,15,05,302,*78
23:10:33.418 << $GPGSV,4,4,14,03,02,117,,06,01,196,*73
23:10:33.419 << $GPRMC,041033.000,A,4153.0216,N,08748.2170,W,0.08,219.47,230107,,,A*7E
23:10:34.397 << $GPGGA,041034.000,4153.0216,N,08748.2170,W,1,9,1.02,197.3,M,-34.0,M,,*61
23:10:34.398 << $GPGSA,A,3,14,30,07,01,17,20,02,22,19,,,,1.77,1.02,1.45*0E
23:10:34.399 << $GPGSV,4,1,14,14,76,348,40,17,64,255,35,22,59,312,25,30,55,196,31*72
23:10:34.399 << $GPGSV,4,2,14,01,47,077,33,51,37,207,,02,32,051,25,19,28,242,30*78
23:10:34.399 << $GPGSV,4,3,14,07,24,165,28,20,13,274,22,08,07,062,,15,05,302,*78
23:10:34.400 << $GPGSV,4,4,14,03,02,117,,06,01,196,*73
23:10:34.864 << $GPRMC,041034.000,A,4153.0216,N,08748.2170,W,0.04,219.47,230107,,,A*75
23:10:35.843 << $GPGGA,041035.000,4153.0216,N,08748.2170,W,1,9,1.02,197.3,M,-34.0,M,,*60
23:10:35.849 << $GPGSA,A,3,14,30,07,01,17,20,02,22,19,,,,1.77,1.02,1.45*0E
23:10:35.852 << $GPGSV,4,1,14,14,76,348,40,17,64,255,35,22,59,312,25,30,55,196,30*73
23:10:35.854 << $GPGSV,4,2,14,01,47,077,33,51,37,207,,02,32,050,24,19,28,242,30*78
23:10:35.855 << $GPGSV,4,3,14,07,24,165,28,20,13,274,21,08,07,062,,15,05,302,*7B
23:10:35.856 << $GPGSV,4,4,14,03,02,117,,06,01,196,*73
23:10:35.859 << $GPRMC,041035.000,A,4153.0216,N,08748.2170,W,0.10,219.47,230107,,,A*71
23:10:36.832 << $GPGGA,041036.000,4153.0217,N,08748.2170,W,1,9,1.02,197.3,M,-34.0,M,,*62
23:10:36.836 << $GPGSA,A,3,14,30,07,01,17,20,02,22,19,,,,1.77,1.02,1.45*0E
23:10:36.839 << $GPGSV,4,1,14,14,76,348,40,17,64,255,35,22,59,312,25,30,55,196,30*73
23:10:36.841 << $GPGSV,4,2,14,01,47,077,32,51,37,207,,02,32,050,24,19,28,242,29*71
23:10:36.842 << $GPGSV,4,3,14,07,24,165,28,20,13,274,21,08,07,062,,15,05,302,*7B
23:10:36.843 << $GPGSV,4,4,14,03,02,117,,06,01,196,*73
23:10:36.845 << $GPRMC,041036.000,A,4153.0217,N,08748.2170,W,0.02,219.47,230107,,,A*70
23:10:37.824 << $GPGGA,041037.000,4153.0216,N,08748.2170,W,1,9,1.02,197.3,M,-34.0,M,,*62
23:10:37.829 << $GPGSA,A,3,14,30,07,01,17,20,02,22,19,,,,1.77,1.02,1.45*0E
23:10:37.831 << $GPGSV,4,1,14,14,76,348,40,17,64,255,35,22,59,312,25,30,55,196,30*73
23:10:37.833 << $GPGSV,4,2,14,01,47,077,32,44,33,219,,02,32,050,24,19,28,242,29*7E
23:10:37.834 << $GPGSV,4,3,14,07,24,165,27,20,13,274,21,08,07,062,,15,05,302,*74
23:10:37.836 << $GPGSV,4,4,14,03,02,117,,06,01,196,*73
23:10:37.838 << $GPRMC,041037.000,A,4153.0216,N,08748.2170,W,0.03,219.47,230107,,,A*71
23:10:38.812 << $GPGGA,041038.000,4153.0216,N,08748.2170,W,1,9,1.02,197.3,M,-34.0,M,,*6D
23:10:38.817 << $GPGSA,A,3,14,30,07,01,17,20,02,22,19,,,,1.77,1.02,1.45*0E
23:10:38.819 << $GPGSV,4,1,14,14,76,348,40,17,64,255,35,22,59,312,25,30,55,196,30*73
23:10:38.821 << $GPGSV,4,2,14,01,47,077,32,44,33,219,,02,32,050,24,19,28,242,29*7E
23:10:38.822 << $GPGSV,4,3,14,07,24,165,27,20,13,274,20,08,07,062,,15,05,302,*75
23:10:38.824 << $GPGSV,4,4,14,03,02,117,,06,01,196,*73
23:10:38.826 << $GPRMC,041038.000,A,4153.0216,N,08748.2170,W,0.02,219.47,230107,,,A*7F
23:10:39.741 << $GPGGA,041039.000,4153.0216,N,08748.2170,W,1,9,1.02,197.3,M,-34.0,M,,*6C
23:10:39.745 << $GPGSA,A,3,14,30,07,01,17,20,02,22,19,,,,1.77,1.02,1.45*0E
23:10:39.746 << $GPGSV,4,1,14,14,76,348,40,17,64,255,35,22,59,312,25,30,55,196,30*73
23:10:39.747 << $GPGSV,4,2,14,01,47,077,32,44,33,219,,02,32,050,23,19,28,242,29*79
23:10:39.748 << $GPGSV,4,3,14,07,24,165,27,20,13,274,20,08,07,062,,15,05,302,*75
23:10:39.749 << $GPGSV,4,4,14,03,02,117,,06,01,196,*73
23:10:39.749 << $GPRMC,041039.000,A,4153.0216,N,08748.2170,W,0.02,219.47,230107,,,A*7E
23:10:40.725 << $GPGGA,041040.000,4153.0216,N,08748.2170,W,1,9,1.02,197.3,M,-34.0,M,,*62
23:10:40.729 << $GPGSA,A,3,14,30,07,01,17,20,02,22,19,,,,1.77,1.02,1.45*0E
23:10:40.731 << $GPGSV,4,1,14,14,76,348,40,17,64,255,35,22,59,312,25,30,55,196,30*73
23:10:40.733 << $GPGSV,4,2,14,01,47,077,32,44,33,219,,02,32,050,23,19,28,242,29*79
23:10:40.734 << $GPGSV,4,3,14,07,24,165,27,20,13,274,20,08,07,062,,15,05,302,*75
23:10:41.706 << $GPGSV,4,4,14,03,02,117,,06,01,196,*73
23:10:41.708 << $GPRMC,041040.000,A,4153.0216,N,08748.2170,W,0.04,219.47,230107,,,A*76
23:10:42.174 << $GPGGA,041041.000,4153.0216,N,08748.2170,W,1,9,1.02,197.3,M,-34.0,M,,*63
23:10:42.178 << $GPGSA,A,3,14,30,07,01,17,20,02,22,19,,,,1.77,1.02,1.45*0E
23:10:42.180 << $GPGSV,4,1,14,14,76,348,40,17,64,255,35,22,59,312,24,30,55,196,30*72
23:10:42.182 << $GPGSV,4,2,14,01,47,077,32,44,33,219,,02,32,050,23,19,28,242,29*79
23:10:42.235 << $GPGSV,4,3,14,07,24,165,27,20,13,274,20,08,07,062,,15,05,302,*75
23:10:42.236 << $GPGSV,4,4,14,03,02,117,,06,01,196,*73
23:10:42.237 << $GPRMC,041041.000,A,4153.0216,N,08748.2170,W,0.03,219.47,230107,,,A*70
23:10:42.664 << $GPGGA,041042.000,4153.0216,N,08748.2170,W,1,9,1.02,197.3,M,-34.0,M,,*60
23:10:42.666 << $GPGSA,A,3,14,30,07,01,17,20,02,22,19,,,,1.77,1.02,1.45*0E
23:10:42.666 << $GPGSV,4,1,14,14,76,348,40,17,64,255,35,22,59,312,24,30,55,196,29*7A
23:10:42.667 << $GPGSV,4,2,14,01,47,077,32,44,33,219,,02,32,050,23,19,28,242,29*79
23:10:43.149 << $GPGSV,4,3,14,07,24,165,27,20,13,274,20,08,07,062,,15,05,302,*75
23:10:43.151 << $GPGSV,4,4,14,03,02,117,,06,01,196,*73
23:10:43.152 << $GPRMC,041042.000,A,4153.0216,N,08748.2170,W,0.09,219.47,230107,,,A*79
23:10:43.642 << $GPGGA,041043.000,4153.0216,N,08748.2170,W,1,9,1.02,197.3,M,-34.0,M,,*61
23:10:43.645 << $GPGSA,A,3,14,30,07,01,17,20,02,22,19,,,,1.77,1.02,1.45*0E
23:10:43.648 << $GPGSV,4,1,14,14,76,348,40,17,64,255,35,22,59,312,24,30,55,196,29*7A
23:10:43.650 << $GPGSV,4,2,14,01,47,077,32,44,33,219,,02,32,050,23,19,28,242,29*79
23:10:43.651 << $GPGSV,4,3,14,07,24,165,27,20,13,274,20,08,07,062,,15,05,302,*75
23:10:43.652 << $GPGSV,4,4,14,03,02,117,,06,01,196,*73
23:10:43.654 << $GPRMC,041043.000,A,4153.0216,N,08748.2170,W,0.02,219.47,230107,,,A*73
23:10:44.632 << $GPGGA,041044.000,4153.0216,N,08748.2170,W,1,9,1.02,197.4,M,-34.0,M,,*61
23:10:44.636 << $GPGSA,A,3,14,30,07,01,17,20,02,22,19,,,,1.77,1.02,1.44*0F
23:10:44.638 << $GPGSV,4,1,14,14,76,348,40,17,64,255,35,22,59,312,24,30,55,196,29*7A
23:10:44.639 << $GPGSV,4,2,14,01,47,077,32,44,33,219,,02,32,050,23,19,28,242,29*79
23:10:44.641 << $GPGSV,4,3,14,07,24,165,27,20,13,274,20,08,07,062,,15,05,302,*75
23:10:44.642 << $GPGSV,4,4,14,03,02,117,,06,01,196,*73
23:10:44.644 << $GPRMC,041044.000,A,4153.0216,N,08748.2170,W,0.11,219.47,230107,,,A*76
23:10:45.630 << $GPGGA,041045.000,4153.0216,N,08748.2170,W,1,9,1.02,197.4,M,-34.0,M,,*60
23:10:45.634 << $GPGSA,A,3,14,30,07,01,17,20,02,22,19,,,,1.77,1.02,1.45*0E
23:10:45.637 << $GPGSV,4,1,14,14,76,348,40,17,64,255,35,22,59,312,24,30,55,196,29*7A
23:10:45.638 << $GPGSV,4,2,14,01,47,077,32,44,33,219,,02,32,050,23,19,28,242,29*79
23:10:45.640 << $GPGSV,4,3,14,07,24,165,27,20,13,274,20,08,07,062,,15,05,302,*75
23:10:45.641 << $GPGSV,4,4,14,03,02,117,,06,01,196,*73
23:10:46.079 << $GPRMC,041045.000,A,4153.0216,N,08748.2170,W,0.10,219.47,230107,,,A*76
23:10:46.564 << $GPGGA,041046.000,4153.0216,N,08748.2170,W,1,9,1.02,197.4,M,-34.0,M,,*63
23:10:46.568 << $GPGSA,A,3,14,30,07,01,17,20,02,22,19,,,,1.77,1.02,1.44*0F
23:10:46.570 << $GPGSV,4,1,14,14,76,348,40,17,64,255,35,22,59,312,24,30,55,196,29*7A
23:10:46.572 << $GPGSV,4,2,14,01,47,077,32,02,32,050,23,19,28,242,29,48,28,228,*7D
23:10:46.573 << $GPGSV,4,3,14,07,24,165,27,20,13,274,20,08,07,062,,15,05,302,*75
23:10:46.574 << $GPGSV,4,4,14,03,02,117,,06,01,196,*73
23:10:46.577 << $GPRMC,041046.000,A,4153.0216,N,08748.2170,W,0.06,219.47,230107,,,A*72
23:10:47.550 << $GPGGA,041047.000,4153.0216,N,08748.2170,W,1,9,1.02,197.4,M,-34.0,M,,*62
23:10:47.553 << $GPGSA,A,3,14,30,07,01,17,20,02,22,19,,,,1.77,1.02,1.45*0E
23:10:47.555 << $GPGSV,4,1,14,14,76,349,40,17,64,255,35,22,59,312,24,30,55,196,29*7B
23:10:47.557 << $GPGSV,4,2,14,01,47,077,32,02,32,050,23,19,28,242,29,48,28,228,*7D
23:10:47.558 << $GPGSV,4,3,14,07,24,165,27,20,13,274,21,08,07,062,,15,05,302,*74
23:10:48.020 << $GPGSV,4,4,14,03,02,117,,06,01,196,*73
23:10:48.021 << $GPRMC,041047.000,A,4153.0216,N,08748.2170,W,0.02,219.47,230107,,,A*77
23:10:48.516 << $GPGGA,041048.000,4153.0216,N,08748.2170,W,1,9,1.02,197.4,M,-34.0,M,,*6D
23:10:48.518 << $GPGSA,A,3,14,30,07,01,17,20,02,22,19,,,,1.77,1.02,1.44*0F
23:10:48.520 << $GPGSV,4,1,14,14,76,349,40,17,64,255,35,22,59,312,24,30,55,196,29*7B
23:10:48.521 << $GPGSV,4,2,14,01,47,077,32,02,32,050,23,19,28,242,29,48,28,228,*7D
23:10:48.522 << $GPGSV,4,3,14,07,24,165,27,20,13,274,21,08,07,062,,15,05,302,*74
23:10:48.523 << $GPGSV,4,4,14,03,02,117,,06,01,196,*73
23:10:48.524 << $GPRMC,041048.000,A,4153.0216,N,08748.2170,W,0.08,219.47,230107,,,A*72
23:10:49.509 << $GPGGA,041049.000,4153.0216,N,08748.2169,W,1,9,1.02,197.4,M,-34.0,M,,*64
23:10:49.513 << $GPGSA,A,3,14,30,07,01,17,20,02,22,19,,,,1.77,1.02,1.44*0F
23:10:49.515 << $GPGSV,4,1,14,14,76,349,40,17,64,255,35,22,59,312,24,30,55,196,29*7B
23:10:49.516 << $GPGSV,4,2,14,01,47,077,32,02,32,050,23,19,28,242,29,48,28,228,*7D
23:10:49.517 << $GPGSV,4,3,14,07,24,165,27,20,13,274,21,08,07,062,,15,05,302,*74
23:10:49.517 << $GPGSV,4,4,14,03,02,117,,06,01,196,*73
23:10:49.519 << $GPRMC,041049.000,A,4153.0216,N,08748.2169,W,0.01,219.47,230107,,,A*72
23:10:50.494 << $GPGGA,041050.000,4153.0216,N,08748.2169,W,1,9,1.02,197.4,M,-34.0,M,,*6C
23:10:50.497 << $GPGSA,A,3,14,30,07,01,17,20,02,22,19,,,,1.77,1.02,1.44*0F
23:10:50.500 << $GPGSV,4,1,14,14,76,349,40,17,64,256,35,22,59,312,24,30,55,196,29*78
23:10:50.501 << $GPGSV,4,2,14,01,47,077,32,02,32,050,23,19,28,242,29,48,28,228,*7D
23:10:50.502 << $GPGSV,4,3,14,07,24,165,28,20,13,274,21,08,07,062,,15,05,302,*7B
23:10:50.504 << $GPGSV,4,4,14,03,02,117,,06,01,196,*73
23:10:50.505 << $GPRMC,041050.000,A,4153.0216,N,08748.2169,W,0.05,219.47,230107,,,A*7E
23:10:51.440 << $GPGGA,041051.000,4153.0216,N,08748.2169,W,1,9,1.02,197.4,M,-34.0,M,,*6D
23:10:51.444 << $GPGSA,A,3,14,30,07,01,17,20,02,22,19,,,,1.77,1.02,1.44*0F
23:10:51.446 << $GPGSV,4,1,14,14,76,349,40,17,64,256,35,22,59,312,24,30,55,196,29*78
23:10:51.448 << $GPGSV,4,2,14,01,47,077,32,02,32,050,23,19,28,242,29,48,28,228,*7D
23:10:51.449 << $GPGSV,4,3,14,07,24,165,29,20,13,274,21,08,07,062,,15,05,302,*7A
23:10:51.451 << $GPGSV,4,4,14,03,02,117,,06,01,196,*73
23:10:51.453 << $GPRMC,041051.000,A,4153.0216,N,08748.2169,W,0.02,219.47,230107,,,A*78
23:10:52.432 << $GPGGA,041052.000,4153.0216,N,08748.2169,W,1,9,1.02,197.4,M,-34.0,M,,*6E
23:10:52.436 << $GPGSA,A,3,14,30,07,01,17,20,02,22,19,,,,1.77,1.02,1.44*0F
23:10:52.438 << $GPGSV,4,1,14,14,76,349,40,17,64,256,35,22,59,312,24,30,55,196,29*78
23:10:52.440 << $GPGSV,4,2,14,01,47,077,32,02,32,050,23,19,28,242,29,48,28,228,*7D
23:10:52.442 << $GPGSV,4,3,14,07,24,165,29,20,13,274,21,08,07,062,,15,05,302,*7A
23:10:52.443 << $GPGSV,4,4,14,03,02,117,,06,01,196,*73
23:10:52.902 << $GPRMC,041052.000,A,4153.0216,N,08748.2169,W,0.03,219.47,230107,,,A*7A
23:10:53.890 << $GPGGA,041053.000,4153.0216,N,08748.2169,W,1,9,1.02,197.4,M,-34.0,M,,*6F
23:10:53.894 << $GPGSA,A,3,14,30,07,01,17,20,02,22,19,,,,1.77,1.02,1.44*0F
23:10:53.897 << $GPGSV,4,1,14,14,76,349,40,17,64,256,35,22,59,312,24,30,55,196,29*78
23:10:53.898 << $GPGSV,4,2,14,01,47,077,32,02,32,050,23,19,28,242,29,48,28,228,*7D
23:10:53.900 << $GPGSV,4,3,14,07,24,165,29,20,13,274,21,08,07,062,,15,05,302,*7A
23:10:53.901 << $GPGSV,4,4,14,03,02,117,,06,01,196,*73
23:10:53.903 << $GPRMC,041053.000,A,4153.0216,N,08748.2169,W,0.01,219.47,230107,,,A*79
23:10:54.368 << $GPGGA,041054.000,4153.0216,N,08748.2169,W,1,9,1.02,197.4,M,-34.0,M,,*68
23:10:54.371 << $GPGSA,A,3,14,30,07,01,17,20,02,22,19,,,,1.77,1.02,1.44*0F
23:10:54.373 << $GPGSV,4,1,14,14,76,349,40,17,64,256,35,22,59,312,24,30,55,196,29*78
23:10:54.374 << $GPGSV,4,2,14,01,47,077,32,02,32,050,23,19,28,242,29,48,28,228,*7D
23:10:54.375 << $GPGSV,4,3,14,07,24,165,29,20,13,274,21,08,07,062,,15,05,302,*7A
23:10:54.375 << $GPGSV,4,4,14,03,02,117,,06,01,196,*73
23:10:54.377 << $GPRMC,041054.000,A,4153.0216,N,08748.2169,W,0.03,219.47,230107,,,A*7C
23:10:55.823 << $GPGGA,041055.000,4153.0216,N,08748.2169,W,1,9,1.02,197.4,M,-34.0,M,,*69
23:10:55.826 << $GPGSA,A,3,14,30,07,01,17,20,02,22,19,,,,1.77,1.02,1.44*0F
23:10:55.880 << $GPGSV,4,1,14,14,76,349,40,17,64,256,35,22,59,313,24,30,55,196,29*79
23:10:55.882 << $GPGSV,4,2,14,01,47,077,32,02,32,050,23,19,28,242,29,48,28,228,*7D
23:10:55.882 << $GPGSV,4,3,14,07,24,165,29,20,13,274,21,08,07,062,,15,05,302,*7A
23:10:55.883 << $GPGSV,4,4,14,03,02,117,,06,01,196,*73
23:10:55.885 << $GPRMC,041055.000,A,4153.0216,N,08748.2169,W,0.04,219.47,230107,,,A*7A
23:10:56.800 << $GPGGA,041056.000,4153.0216,N,08748.2169,W,1,9,1.02,197.5,M,-34.0,M,,*6B
23:10:56.803 << $GPGSA,A,3,14,30,07,01,17,20,02,22,19,,,,1.77,1.02,1.44*0F
23:10:56.805 << $GPGSV,4,1,14,14,76,349,40,17,64,256,35,22,59,313,24,30,55,196,30*71
23:10:56.806 << $GPGSV,4,2,14,01,47,077,32,02,32,050,23,19,28,242,29,46,26,232,*76
23:10:56.807 << $GPGSV,4,3,14,07,24,165,29,20,13,274,21,08,07,062,,15,05,302,*7A
23:10:56.808 << $GPGSV,4,4,14,03,02,117,,06,01,196,*73
23:10:56.809 << $GPRMC,041056.000,A,4153.0216,N,08748.2169,W,0.04,219.47,230107,,,A*79
23:10:57.793 << $GPGGA,041057.000,4153.0216,N,08748.2169,W,1,9,1.02,197.5,M,-34.0,M,,*6A
23:10:57.797 << $GPGSA,A,3,14,30,07,01,17,20,02,22,19,,,,1.77,1.02,1.44*0F
23:10:57.799 << $GPGSV,4,1,14,14,76,349,40,17,64,256,35,22,59,313,24,30,55,196,30*71
23:10:57.800 << $GPGSV,4,2,14,01,47,077,32,02,32,050,23,19,28,242,29,46,26,232,*76
23:10:57.802 << $GPGSV,4,3,14,07,24,165,29,20,13,274,21,08,07,062,,15,05,302,*7A
23:10:57.803 << $GPGSV,4,4,14,03,02,117,,06,01,196,*73
23:10:57.806 << $GPRMC,041057.000,A,4153.0216,N,08748.2169,W,0.05,219.47,230107,,,A*79
23:10:58.793 << $GPGGA,041058.000,4153.0215,N,08748.2169,W,1,9,1.02,197.5,M,-34.0,M,,*66
23:10:58.797 << $GPGSA,A,3,14,30,07,01,17,20,02,22,19,,,,1.77,1.02,1.44*0F
23:10:58.800 << $GPGSV,4,1,14,14,76,349,40,17,64,256,35,22,59,313,24,30,55,196,30*71
23:10:58.801 << $GPGSV,4,2,14,01,47,077,32,02,32,050,23,19,28,242,29,46,26,232,*76
23:10:59.241 << $GPGSV,4,3,14,07,24,165,29,20,13,274,21,08,07,062,,15,05,302,*7A
23:10:59.243 << $GPGSV,4,4,14,03,02,117,,06,01,196,*73
23:10:59.245 << $GPRMC,041058.000,A,4153.0215,N,08748.2169,W,0.13,219.47,230107,,,A*72
23:10:59.728 << $GPGGA,041059.000,4153.0215,N,08748.2169,W,1,9,1.02,197.5,M,-34.0,M,,*67
23:10:59.732 << $GPGSA,A,3,14,30,07,01,17,20,02,22,19,,,,1.76,1.02,1.44*0E
23:10:59.735 << $GPGSV,4,1,14,14,76,349,40,17,64,256,35,22,59,313,23,30,55,196,30*76
23:10:59.736 << $GPGSV,4,2,14,01,47,077,32,02,32,050,23,19,28,242,29,46,26,232,*76
23:10:59.738 << $GPGSV,4,3,14,07,24,165,29,20,13,274,21,08,07,062,,15,05,302,*7A
23:10:59.739 << $GPGSV,4,4,14,03,02,117,,06,01,196,*73
23:10:59.741 << $GPRMC,041059.000,A,4153.0215,N,08748.2169,W,0.11,219.47,230107,,,A*71
23:11:00.724 << $GPGGA,041100.000,4153.0215,N,08748.2169,W,1,9,1.02,197.5,M,-34.0,M,,*6A
23:11:00.728 << $GPGSA,A,3,14,30,07,01,17,20,02,22,19,,,,1.76,1.02,1.44*0E
23:11:00.731 << $GPGSV,4,1,14,14,76,349,40,17,64,256,35,22,59,313,22,30,55,196,30*77
23:11:00.733 << $GPGSV,4,2,14,01,47,077,32,02,32,050,23,19,28,242,29,46,26,232,*76
23:11:00.734 << $GPGSV,4,3,14,07,24,165,29,20,13,274,22,08,07,062,,15,05,302,*79
23:11:00.736 << $GPGSV,4,4,14,03,02,117,,06,01,196,*73
23:11:00.738 << $GPRMC,041100.000,A,4153.0215,N,08748.2169,W,0.07,219.47,230107,,,A*7B
23:11:01.718 << $GPGGA,041101.000,4153.0215,N,08748.2169,W,1,9,1.02,197.5,M,-34.0,M,,*6B
23:11:01.721 << $GPGSA,A,3,14,30,07,01,17,20,02,22,19,,,,1.76,1.02,1.44*0E
23:11:01.723 << $GPGSV,4,1,14,14,76,349,40,17,64,256,35,22,59,313,21,30,55,196,30*74
23:11:01.724 << $GPGSV,4,2,14,01,47,077,32,02,32,050,23,19,28,242,29,46,26,232,*76
23:11:01.725 << $GPGSV,4,3,14,07,24,165,29,20,13,274,22,08,07,062,,15,05,302,*79
23:11:01.726 << $GPGSV,4,4,14,03,02,117,,06,01,196,*73
23:11:01.728 << $GPRMC,041101.000,A,4153.0215,N,08748.2169,W,0.04,219.47,230107,,,A*79
23:11:02.648 << $GPGGA,041102.000,4153.0215,N,08748.2169,W,1,9,1.02,197.5,M,-34.0,M,,*68
23:11:02.651 << $GPGSA,A,3,14,30,07,01,17,20,02,22,19,,,,1.76,1.02,1.44*0E
23:11:02.653 << $GPGSV,4,1,14,14,76,349,40,17,64,256,35,22,59,313,22,30,55,196,30*77
23:11:02.655 << $GPGSV,4,2,14,01,47,077,33,02,32,050,23,19,28,242,29,46,26,232,*77
23:11:02.709 << $GPGSV,4,3,14,07,24,165,29,20,13,274,22,08,07,062,,15,05,302,*79
23:11:02.711 << $GPGSV,4,4,14,03,02,117,,06,01,196,*73
23:11:02.715 << $GPRMC,041102.000,A,4153.0215,N,08748.2169,W,0.12,219.47,230107,,,A*7D
23:11:03.676 << $GPGGA,041103.000,4153.0215,N,08748.2169,W,1,9,1.02,197.5,M,-34.0,M,,*69
23:11:03.680 << $GPGSA,A,3,14,30,07,01,17,20,02,22,19,,,,1.76,1.02,1.44*0E
23:11:03.683 << $GPGSV,4,1,14,14,76,349,40,17,64,256,35,22,59,313,22,30,54,196,30*76
23:11:03.685 << $GPGSV,4,2,14,01,47,077,33,02,32,050,23,19,28,242,29,46,26,232,29*7C
23:11:03.686 << $GPGSV,4,3,14,07,24,165,29,20,13,274,22,08,07,062,,15,05,302,*79
23:11:03.687 << $GPGSV,4,4,14,03,02,117,,06,01,196,*73
23:11:04.113 << $GPRMC,041103.000,A,4153.0215,N,08748.2169,W,0.08,219.47,230107,,,A*77
23:11:04.602 << $GPGGA,041104.000,4153.0215,N,08748.2168,W,1,9,1.02,197.6,M,-34.0,M,,*6C
23:11:04.603 << $GPGSA,A,3,14,30,07,01,17,20,02,22,19,,,,1.76,1.02,1.44*0E
23:11:04.604 << $GPGSV,4,1,14,14,76,349,40,17,64,256,35,22,59,313,22,30,54,196,30*76
23:11:04.605 << $GPGSV,4,2,14,01,47,077,33,02,32,050,23,19,28,242,29,46,26,232,29*7C
23:11:04.606 << $GPGSV,4,3,14,07,24,165,29,20,13,274,22,08,07,062,,15,05,302,*79
23:11:04.606 << $GPGSV,4,4,14,03,02,117,,06,01,196,*73
23:11:04.607 << $GPRMC,041104.000,A,4153.0215,N,08748.2168,W,0.08,219.47,230107,,,A*71
23:11:05.576 << $GPGGA,041105.000,4153.0215,N,08748.2168,W,1,9,1.02,197.6,M,-34.0,M,,*6D
23:11:05.579 << $GPGSA,A,3,14,30,07,01,17,20,02,22,19,,,,1.76,1.02,1.44*0E
23:11:05.580 << $GPGSV,4,1,14,14,76,349,40,17,64,256,35,22,59,313,22,30,54,196,30*76
23:11:05.581 << $GPGSV,4,2,14,01,47,077,33,02,32,050,23,19,28,242,29,46,26,232,29*7C
23:11:05.581 << $GPGSV,4,3,14,07,24,165,29,20,13,274,22,08,07,062,,15,05,302,*79
23:11:05.582 << $GPGSV,4,4,14,03,02,117,,06,01,196,*73
23:11:05.583 << $GPRMC,041105.000,A,4153.0215,N,08748.2168,W,0.07,219.47,230107,,,A*7F
23:11:06.575 << $GPGGA,041106.000,4153.0215,N,08748.2168,W,1,9,1.02,197.6,M,-34.0,M,,*6E
23:11:06.579 << $GPGSA,A,3,14,30,07,01,17,20,02,22,19,,,,1.76,1.02,1.44*0E
23:11:06.582 << $GPGSV,4,1,14,14,76,349,40,17,64,256,35,22,59,313,22,30,54,196,31*77
23:11:06.584 << $GPGSV,4,2,14,01,46,077,33,02,32,050,23,19,28,242,29,46,26,232,29*7D
23:11:06.585 << $GPGSV,4,3,14,07,24,165,29,20,13,274,22,08,07,062,,15,05,302,*79
23:11:06.585 << $GPGSV,4,4,14,03,02,117,,06,01,196,*73
23:11:06.587 << $GPRMC,041106.000,A,4153.0215,N,08748.2168,W,0.07,219.47,230107,,,A*7C
23:11:07.565 << $GPGGA,041107.000,4153.0215,N,08748.2168,W,1,9,1.02,197.6,M,-34.0,M,,*6F
23:11:07.569 << $GPGSA,A,3,14,30,07,01,17,20,02,22,19,,,,1.76,1.02,1.44*0E
23:11:07.572 << $GPGSV,4,1,14,14,76,349,40,17,64,256,35,22,59,313,22,30,54,196,31*77
23:11:07.574 << $GPGSV,4,2,14,01,46,077,33,02,32,050,23,19,28,242,29,46,26,232,30*75
23:11:07.575 << $GPGSV,4,3,14,07,24,165,29,20,13,274,22,08,07,062,,15,05,302,*79
23:11:07.577 << $GPGSV,4,4,14,03,02,117,,06,01,196,*73
23:11:07.578 << $GPRMC,041107.000,A,4153.0215,N,08748.2168,W,0.03,219.47,230107,,,A*79
23:11:08.496 << $GPGGA,041108.000,4153.0215,N,08748.2168,W,1,9,1.02,197.6,M,-34.0,M,,*60
23:11:08.553 << $GPGSA,A,3,14,30,07,01,17,20,02,22,19,,,,1.76,1.02,1.44*0E
23:11:08.554 << $GPGSV,4,1,14,14,76,349,40,17,64,256,35,22,59,313,22,30,54,196,31*77
23:11:08.555 << $GPGSV,4,2,14,01,46,077,33,02,32,050,23,19,28,242,29,46,26,232,30*75
23:11:08.556 << $GPGSV,4,3,14,07,24,165,29,20,13,274,22,08,07,062,,15,05,302,*79
23:11:08.556 << $GPGSV,4,4,14,03,02,117,,06,01,196,*73
23:11:08.985 << $GPRMC,041108.000,A,4153.0215,N,08748.2168,W,0.03,219.47,230107,,,A*76
23:11:09.474 << $GPGGA,041109.000,4153.0215,N,08748.2168,W,1,9,1.02,197.6,M,-34.0,M,,*61
23:11:09.478 << $GPGSA,A,3,14,30,07,01,17,20,02,22,19,,,,1.76,1.02,1.44*0E
23:11:09.480 << $GPGSV,4,1,14,14,76,349,40,17,64,256,35,22,59,313,22,30,54,196,31*77
23:11:09.482 << $GPGSV,4,2,14,01,46,077,33,02,32,050,22,19,28,242,29,46,26,232,30*74
23:11:09.535 << $GPGSV,4,3,14,07,24,165,29,20,13,274,22,08,07,062,,15,05,302,*79
23:11:09.536 << $GPGSV,4,4,14,03,02,117,,06,01,196,*73
23:11:09.537 << $GPRMC,041109.000,A,4153.0215,N,08748.2168,W,0.03,219.47,230107,,,A*77
23:11:10.454 << $GPGGA,041110.000,4153.0215,N,08748.2168,W,1,9,1.02,197.6,M,-34.0,M,,*69
23:11:10.457 << $GPGSA,A,3,14,30,07,01,17,20,02,22,19,,,,1.76,1.02,1.44*0E
23:11:10.459 << $GPGSV,4,1,14,14,76,349,40,17,64,256,35,22,59,313,22,30,54,196,31*77
23:11:10.460 << $GPGSV,4,2,14,01,46,077,33,02,32,050,22,19,28,242,29,46,26,232,30*74
23:11:10.461 << $GPGSV,4,3,14,07,24,165,30,20,13,274,22,08,07,062,,15,05,302,*71
23:11:10.933 << $GPGSV,4,4,14,03,02,117,,06,01,196,*73
23:11:10.935 << $GPRMC,041110.000,A,4153.0215,N,08748.2168,W,0.04,219.47,230107,,,A*78
23:11:11.428 << $GPGGA,041111.000,4153.0215,N,08748.2168,W,1,9,1.02,197.6,M,-34.0,M,,*68
23:11:11.431 << $GPGSA,A,3,14,30,07,01,17,20,02,22,19,,,,1.76,1.02,1.44*0E
23:11:11.432 << $GPGSV,4,1,14,14,76,349,40,17,64,256,36,22,59,313,22,30,54,196,31*74
23:11:11.433 << $GPGSV,4,2,14,01,46,077,33,02,32,050,22,19,28,242,29,46,26,232,30*74
23:11:11.434 << $GPGSV,4,3,14,07,24,165,30,20,13,274,21,08,07,062,,15,05,302,*72
23:11:11.435 << $GPGSV,4,4,14,03,02,117,,06,01,196,*73
23:11:11.436 << $GPRMC,041111.000,A,4153.0215,N,08748.2168,W,0.01,219.47,230107,,,A*7C
23:11:12.417 << $GPGGA,041112.000,4153.0215,N,08748.2168,W,1,9,1.02,197.6,M,-34.0,M,,*6B
23:11:12.421 << $GPGSA,A,3,14,30,07,01,17,20,02,22,19,,,,1.76,1.02,1.44*0E
23:11:12.424 << $GPGSV,4,1,14,14,76,349,40,17,64,256,36,22,59,313,22,30,54,196,31*74
23:11:12.425 << $GPGSV,4,2,14,01,46,077,33,02,32,050,22,19,28,242,29,46,26,232,*77
23:11:12.426 << $GPGSV,4,3,14,07,23,165,30,20,13,274,21,08,07,062,,15,05,302,*75
23:11:12.427 << $GPGSV,4,4,14,03,02,117,,06,01,196,*73
23:11:12.429 << $GPRMC,041112.000,A,4153.0215,N,08748.2168,W,0.01,219.47,230107,,,A*7F
23:11:13.408 << $GPGGA,041113.000,4153.0215,N,08748.2168,W,1,9,1.02,197.6,M,-34.0,M,,*6A
23:11:13.412 << $GPGSA,A,3,14,30,07,01,17,20,02,22,19,,,,1.76,1.02,1.44*0E
23:11:13.871 << $GPGSV,4,1,14,14,76,349,40,17,64,256,36,22,59,313,23,30,54,196,31*75
23:11:13.873 << $GPGSV,4,2,14,01,46,077,33,02,32,050,22,19,28,242,29,46,26,232,*77
23:11:13.874 << $GPGSV,4,3,14,07,23,165,30,20,13,274,21,08,07,062,,15,05,302,*75
23:11:13.876 << $GPGSV,4,4,14,03,02,117,,06,01,196,*73
23:11:13.878 << $GPRMC,041113.000,A,4153.0215,N,08748.2168,W,0.03,219.47,230107,,,A*7C
23:11:14.357 << $GPGGA,041114.000,4153.0215,N,08748.2168,W,1,9,1.02,197.7,M,-34.0,M,,*6C
23:11:14.361 << $GPGSA,A,3,14,30,07,01,17,20,02,22,19,,,,1.76,1.02,1.44*0E
23:11:14.363 << $GPGSV,4,1,14,14,76,349,40,17,64,256,36,22,59,313,23,30,54,196,31*75
23:11:14.365 << $GPGSV,4,2,14,01,46,077,33,02,32,050,22,19,28,242,29,46,26,232,*77
23:11:14.838 << $GPGSV,4,3,14,07,23,165,30,20,13,274,21,08,07,062,,15,05,302,*75
23:11:14.840 << $GPGSV,4,4,14,03,02,117,,06,01,196,*73
23:11:14.841 << $GPRMC,041114.000,A,4153.0215,N,08748.2168,W,0.04,219.47,230107,,,A*7C
23:11:15.823 << $GPGGA,041115.000,4153.0215,N,08748.2168,W,1,9,1.02,197.7,M,-34.0,M,,*6D
23:11:15.827 << $GPGSA,A,3,14,30,07,01,17,20,02,22,19,,,,1.76,1.02,1.44*0E
23:11:15.829 << $GPGSV,4,1,14,14,76,349,40,17,64,256,36,22,59,313,23,30,54,196,31*75
23:11:15.831 << $GPGSV,4,2,14,01,46,077,33,02,32,050,21,19,28,242,29,46,26,232,*74
23:11:15.832 << $GPGSV,4,3,14,07,23,165,30,20,13,274,21,08,07,062,,15,05,302,*75
23:11:15.834 << $GPGSV,4,4,14,03,02,117,,06,01,196,*73
23:11:16.299 << $GPRMC,041115.000,A,4153.0215,N,08748.2168,W,0.07,219.47,230107,,,A*7E
23:11:16.790 << $GPGGA,041116.000,4153.0215,N,08748.2168,W,1,9,1.02,197.7,M,-34.0,M,,*6E
23:11:16.793 << $GPGSA,A,3,14,30,07,01,17,20,02,22,19,,,,1.76,1.02,1.44*0E
23:11:16.795 << $GPGSV,4,1,14,14,76,349,40,17,64,256,36,22,59,313,23,30,54,196,31*75
23:11:16.796 << $GPGSV,4,2,14,01,46,077,33,02,32,050,21,19,28,242,29,46,26,232,*74
23:11:16.796 << $GPGSV,4,3,14,07,23,165,30,20,13,274,22,08,07,062,,15,05,302,*76
23:11:16.797 << $GPGSV,4,4,14,03,02,117,,06,01,196,*73
23:11:16.798 << $GPRMC,041116.000,A,4153.0215,N,08748.2168,W,0.09,219.47,230107,,,A*73
23:11:17.771 << $GPGGA,041117.000,4153.0214,N,08748.2168,W,1,9,1.02,197.7,M,-34.0,M,,*6E
23:11:17.772 << $GPGSA,A,3,14,30,07,01,17,20,02,22,19,,,,1.76,1.02,1.44*0E
23:11:17.772 << $GPGSV,4,1,14,14,76,349,40,17,64,256,36,22,59,313,23,30,54,196,31*75
23:11:17.772 << $GPGSV,4,2,14,01,46,077,33,02,32,050,21,19,28,242,29,46,26,232,*74
23:11:17.773 << $GPGSV,4,3,14,07,23,165,30,20,13,274,22,08,07,062,,15,05,302,*76
23:11:17.773 << $GPGSV,4,4,14,03,02,117,,06,01,196,*73
23:11:17.773 << $GPRMC,041117.000,A,4153.0214,N,08748.2168,W,0.11,219.47,230107,,,A*7A
23:11:18.754 << $GPGGA,041118.000,4153.0214,N,08748.2167,W,1,9,1.02,197.7,M,-34.0,M,,*6E
23:11:18.758 << $GPGSA,A,3,14,30,07,01,17,20,02,22,19,,,,1.76,1.02,1.44*0E
23:11:18.761 << $GPGSV,4,1,14,14,76,349,40,17,64,256,36,22,59,313,23,30,54,196,31*75
23:11:18.762 << $GPGSV,4,2,14,01,46,077,33,02,32,050,21,19,28,242,29,46,26,232,*74
23:11:18.764 << $GPGSV,4,3,14,07,23,165,30,20,13,274,21,08,07,062,,15,05,302,*75
23:11:18.765 << $GPGSV,4,4,14,03,02,117,,06,01,196,*73
23:11:18.767 << $GPRMC,041118.000,A,4153.0214,N,08748.2167,W,0.11,219.47,230107,,,A*7A
23:11:19.737 << $GPGGA,041119.000,4153.0214,N,08748.2167,W,1,9,1.02,197.8,M,-34.0,M,,*60
23:11:19.741 << $GPGSA,A,3,14,30,07,01,17,20,02,22,19,,,,1.76,1.02,1.44*0E
23:11:19.743 << $GPGSV,4,1,14,14,77,350,40,17,64,256,36,22,59,313,24,30,54,196,31*7B
23:11:19.744 << $GPGSV,4,2,14,01,46,077,33,02,32,050,20,19,28,242,29,46,26,232,*75
23:11:19.744 << $GPGSV,4,3,14,07,23,165,30,20,13,274,21,08,07,062,,15,05,302,*75
23:11:19.745 << $GPGSV,4,4,14,03,02,117,,06,01,196,*73
23:11:19.746 << $GPRMC,041119.000,A,4153.0214,N,08748.2167,W,0.18,219.47,230107,,,A*72
23:11:20.719 << $GPGGA,041120.000,4153.0214,N,08748.2167,W,1,9,1.02,197.8,M,-34.0,M,,*6A
23:11:20.721 << $GPGSA,A,3,14,30,07,01,17,20,02,22,19,,,,1.76,1.02,1.44*0E
23:11:20.722 << $GPGSV,4,1,14,14,77,350,40,17,64,256,36,22,59,313,24,30,54,196,31*7B
23:11:20.723 << $GPGSV,4,2,14,01,46,077,33,02,32,050,20,19,28,242,29,46,26,232,*75
23:11:20.723 << $GPGSV,4,3,14,07,23,165,30,20,13,274,21,08,07,062,,15,05,301,*76
23:11:20.724 << $GPGSV,4,4,14,03,02,117,,06,01,196,*73
23:11:20.725 << $GPRMC,041120.000,A,4153.0214,N,08748.2167,W,0.07,219.47,230107,,,A*76
23:11:21.701 << $GPGGA,041121.000,4153.0214,N,08748.2167,W,1,9,1.02,197.8,M,-34.0,M,,*6B
23:11:21.702 << $GPGSA,A,3,14,30,07,01,17,20,02,22,19,,,,1.76,1.02,1.44*0E
23:11:21.703 << $GPGSV,4,1,14,14,77,350,40,17,64,256,36,22,59,313,24,30,54,196,31*7B
23:11:21.704 << $GPGSV,4,2,14,01,46,077,33,02,32,050,20,19,28,242,29,46,26,232,*75
23:11:22.150 << $GPGSV,4,3,14,07,23,165,31,20,13,274,21,08,07,062,,15,05,301,*77
23:11:22.151 << $GPGSV,4,4,14,03,02,117,,06,01,196,*73
23:11:22.153 << $GPRMC,041121.000,A,4153.0214,N,08748.2167,W,0.06,219.47,230107,,,A*76
23:11:22.645 << $GPGGA,041122.000,4153.0214,N,08748.2167,W,1,9,1.02,197.8,M,-34.0,M,,*68
23:11:22.648 << $GPGSA,A,3,14,30,07,01,17,20,02,22,19,,,,1.76,1.02,1.44*0E
23:11:22.650 << $GPGSV,4,1,14,14,77,350,40,17,64,256,36,22,59,313,24,30,54,196,31*7B
23:11:22.652 << $GPGSV,4,2,14,01,46,077,33,02,32,050,20,19,28,242,29,07,23,165,31*76
23:11:23.126 << $GPGSV,4,3,14,20,13,274,21,08,07,062,,15,05,301,,33,04,102,*76
23:11:23.128 << $GPGSV,4,4,14,03,02,117,,06,01,196,*73
23:11:23.131 << $GPRMC,041122.000,A,4153.0214,N,08748.2167,W,0.04,219.47,230107,,,A*77
23:11:23.611 << $GPGGA,041123.000,4153.0214,N,08748.2167,W,1,9,1.02,197.8,M,-34.0,M,,*69
23:11:23.614 << $GPGSA,A,3,14,30,07,01,17,20,02,22,19,,,,1.76,1.02,1.44*0E
23:11:23.616 << $GPGSV,4,1,14,14,77,350,40,17,64,256,36,22,59,313,24,30,54,196,31*7B
23:11:24.105 << $GPGSV,4,2,14,01,46,077,33,02,32,050,20,19,28,242,29,07,23,165,31*76
23:11:24.107 << $GPGSV,4,3,14,20,13,274,21,08,07,062,,15,05,301,,33,04,102,*76
23:11:24.107 << $GPGSV,4,4,14,03,02,117,,06,01,196,*73
23:11:24.109 << $GPRMC,041123.000,A,4153.0214,N,08748.2167,W,0.03,219.47,230107,,,A*71
23:11:24.589 << $GPGGA,041124.000,4153.0214,N,08748.2167,W,1,9,1.02,197.8,M,-34.0,M,,*6E
23:11:24.593 << $GPGSA,A,3,14,30,07,01,17,20,02,22,19,,,,1.76,1.02,1.44*0E
23:11:24.596 << $GPGSV,4,1,14,14,77,350,40,17,64,256,36,22,59,313,24,30,54,196,31*7B
23:11:24.597 << $GPGSV,4,2,14,01,46,077,33,02,32,050,21,19,29,242,29,07,23,165,31*76
23:11:24.599 << $GPGSV,4,3,14,20,13,274,21,08,07,062,,15,05,301,,33,04,102,*76
23:11:24.600 << $GPGSV,4,4,14,03,02,117,,06,01,196,*73
23:11:24.602 << $GPRMC,041124.000,A,4153.0214,N,08748.2167,W,0.08,219.47,230107,,,A*7D
23:11:25.571 << $GPGGA,041125.000,4153.0214,N,08748.2167,W,1,9,1.02,197.8,M,-34.0,M,,*6F
23:11:25.575 << $GPGSA,A,3,14,30,07,01,17,20,02,22,19,,,,1.76,1.02,1.44*0E
23:11:25.577 << $GPGSV,4,1,14,14,77,350,40,17,64,256,36,22,59,313,24,30,54,196,32*78
23:11:25.579 << $GPGSV,4,2,14,01,46,077,33,02,32,050,21,19,29,242,29,07,23,165,31*76
23:11:25.580 << $GPGSV,4,3,14,20,13,274,21,08,07,062,,15,05,301,,33,04,102,*76
23:11:25.581 << $GPGSV,4,4,14,03,02,117,,06,01,196,*73
23:11:25.584 << $GPRMC,041125.000,A,4153.0214,N,08748.2167,W,0.04,219.47,230107,,,A*70
23:11:26.563 << $GPGGA,041126.000,4153.0214,N,08748.2167,W,1,9,1.02,197.8,M,-34.0,M,,*6C
23:11:26.567 << $GPGSA,A,3,14,30,07,01,17,20,02,22,19,,,,1.76,1.02,1.44*0E
23:11:26.569 << $GPGSV,4,1,14,14,77,350,40,17,64,256,36,22,59,313,24,30,54,196,32*78
23:11:26.570 << $GPGSV,4,2,14,01,46,077,33,02,32,050,21,19,29,242,29,07,23,165,31*76
23:11:26.572 << $GPGSV,4,3,14,20,13,274,21,08,07,062,,15,05,301,,33,04,102,*76
23:11:26.573 << $GPGSV,4,4,14,03,02,117,,06,01,196,*73
23:11:27.032 << $GPRMC,041126.000,A,4153.0214,N,08748.2167,W,0.14,219.47,230107,,,A*72
23:11:27.517 << $GPGGA,041127.000,4153.0214,N,08748.2166,W,1,9,1.02,197.8,M,-34.0,M,,*6C
23:11:27.521 << $GPGSA,A,3,14,30,07,01,17,20,02,22,19,,,,1.76,1.02,1.44*0E
23:11:27.523 << $GPGSV,4,1,14,14,77,350,40,17,64,256,36,22,60,313,24,30,54,196,32*72
23:11:27.525 << $GPGSV,4,2,14,01,46,077,33,02,32,050,21,19,29,242,29,07,23,165,31*76
23:11:27.526 << $GPGSV,4,3,14,20,13,274,21,08,07,062,,15,05,301,,33,04,102,*76
23:11:27.528 << $GPGSV,4,4,14,03,02,117,,06,01,196,*73
23:11:27.530 << $GPRMC,041127.000,A,4153.0214,N,08748.2166,W,0.07,219.47,230107,,,A*70
23:11:28.508 << $GPGGA,041128.000,4153.0214,N,08748.2166,W,1,9,1.02,197.9,M,-34.0,M,,*62
23:11:28.512 << $GPGSA,A,3,14,30,07,01,17,20,02,22,19,,,,1.76,1.02,1.44*0E
23:11:28.514 << $GPGSV,4,1,14,14,77,350,40,17,64,256,36,22,60,313,24,30,54,196,32*72
23:11:28.516 << $GPGSV,4,2,14,01,46,077,33,02,32,050,20,19,29,242,29,07,23,165,31*77
23:11:28.517 << $GPGSV,4,3,14,20,13,274,20,08,07,062,,15,05,301,,33,04,102,*77
23:11:28.518 << $GPGSV,4,4,14,03,02,117,,06,01,196,*73
23:11:28.520 << $GPRMC,041128.000,A,4153.0214,N,08748.2166,W,0.04,219.47,230107,,,A*7C
23:11:29.494 << $GPGGA,041129.000,4153.0214,N,08748.2166,W,1,9,1.02,197.9,M,-34.0,M,,*63
23:11:29.498 << $GPGSA,A,3,14,30,07,01,17,20,02,22,19,,,,1.76,1.02,1.44*0E
23:11:29.501 << $GPGSV,4,1,14,14,77,350,40,17,64,256,36,22,60,313,24,30,54,196,32*72
23:11:29.502 << $GPGSV,4,2,14,01,46,077,33,02,32,050,20,19,29,242,29,07,23,165,31*77
23:11:29.504 << $GPGSV,4,3,14,20,13,274,20,08,07,062,,15,05,301,,33,04,102,*77
23:11:29.505 << $GPGSV,4,4,14,03,02,117,,06,01,196,*73
23:11:29.507 << $GPRMC,041129.000,A,4153.0214,N,08748.2166,W,0.08,219.47,230107,,,A*71
23:11:30.442 << $GPGGA,041130.000,4153.0213,N,08748.2166,W,1,9,1.02,197.9,M,-34.0,M,,*6C
23:11:30.446 << $GPGSA,A,3,14,30,07,01,17,20,02,22,19,,,,1.76,1.02,1.44*0E
23:11:30.449 << $GPGSV,4,1,14,14,77,350,40,17,64,256,36,22,60,313,24,30,54,196,32*72
23:11:30.450 << $GPGSV,4,2,14,01,46,077,33,02,32,050,21,19,29,242,28,07,23,165,31*77
23:11:30.451 << $GPGSV,4,3,14,20,13,274,20,08,07,062,,15,05,301,,33,04,102,*77
23:11:30.453 << $GPGSV,4,4,14,03,02,117,,06,01,196,*73
23:11:30.454 << $GPRMC,041130.000,A,4153.0213,N,08748.2166,W,0.05,219.47,230107,,,A*73
23:11:31.432 << $GPGGA,041131.000,4153.0213,N,08748.2166,W,1,9,1.02,197.9,M,-34.0,M,,*6D
23:11:31.436 << $GPGSA,A,3,14,30,07,01,17,20,02,22,19,,,,1.76,1.02,1.44*0E
23:11:31.438 << $GPGSV,4,1,14,14,77,350,40,17,64,256,36,22,60,313,24,30,54,196,32*72
23:11:31.440 << $GPGSV,4,2,14,01,46,077,33,02,32,050,20,19,29,242,28,07,23,165,31*76
23:11:31.441 << $GPGSV,4,3,14,20,13,274,20,08,07,062,,15,05,301,,03,02,117,*76
23:11:31.443 << $GPGSV,4,4,14,06,01,196,,34,,,*42
23:11:31.900 << $GPRMC,041131.000,A,4153.0213,N,08748.2166,W,0.09,219.47,230107,,,A*7E
23:11:32.392 << $GPGGA,041132.000,4153.0213,N,08748.2166,W,1,9,1.02,197.9,M,-34.0,M,,*6E
23:11:32.396 << $GPGSA,A,3,14,30,07,01,17,20,02,22,19,,,,1.76,1.02,1.44*0E
23:11:32.397 << $GPGSV,4,1,14,14,77,350,40,17,64,256,36,22,60,313,24,30,54,196,32*72
23:11:32.398 << $GPGSV,4,2,14,01,46,077,33,02,32,050,20,19,29,242,28,07,23,165,31*76
23:11:32.399 << $GPGSV,4,3,14,20,13,274,20,08,07,062,,15,05,301,,03,02,117,*76
23:11:32.400 << $GPGSV,4,4,14,06,01,196,,34,,,*42
23:11:32.402 << $GPRMC,041132.000,A,4153.0213,N,08748.2166,W,0.08,219.47,230107,,,A*7C
23:11:33.383 << $GPGGA,041133.000,4153.0213,N,08748.2166,W,1,9,1.02,197.9,M,-34.0,M,,*6F
23:11:33.387 << $GPGSA,A,3,14,30,07,01,17,20,02,22,19,,,,1.76,1.02,1.44*0E
23:11:33.390 << $GPGSV,4,1,14,14,77,350,40,17,64,256,36,22,60,313,24,30,54,196,32*72
23:11:33.391 << $GPGSV,4,2,14,01,46,077,33,02,32,050,20,19,29,242,28,07,23,165,31*76
23:11:33.845 << $GPGSV,4,3,14,20,13,274,19,08,07,062,,15,05,301,,03,02,117,*7C
23:11:33.846 << $GPGSV,4,4,14,06,01,196,,34,,,*42
23:11:33.899 << $GPRMC,041133.000,A,4153.0213,N,08748.2166,W,0.10,219.47,230107,,,A*74
23:11:34.345 << $GPGGA,041134.000,4153.0213,N,08748.2166,W,1,9,1.02,197.9,M,-34.0,M,,*68
23:11:34.348 << $GPGSA,A,3,14,30,07,01,17,20,02,22,19,,,,1.76,1.02,1.44*0E
23:11:34.350 << $GPGSV,4,1,14,14,77,350,40,17,64,256,36,22,60,313,24,30,54,196,32*72
23:11:34.351 << $GPGSV,4,2,14,01,46,077,33,02,32,050,20,19,29,242,28,07,23,165,31*76
23:11:34.825 << $GPGSV,4,3,14,20,13,274,19,08,07,062,,15,05,301,,03,02,117,*7C
23:11:34.827 << $GPGSV,4,4,14,06,01,196,,34,,,*42
23:11:34.829 << $GPRMC,041134.000,A,4153.0213,N,08748.2166,W,0.10,219.47,230107,,,A*73
23:11:35.813 << $GPGGA,041135.000,4153.0213,N,08748.2166,W,1,9,1.02,197.9,M,-34.0,M,,*69
23:11:35.817 << $GPGSA,A,3,14,30,07,01,17,20,02,22,19,,,,1.76,1.02,1.44*0E
23:11:35.820 << $GPGSV,4,1,14,14,77,350,40,17,64,256,36,22,60,313,24,30,54,196,32*72
23:11:35.822 << $GPGSV,4,2,14,01,46,077,33,02,32,050,20,19,29,242,28,07,23,165,31*76
23:11:35.823 << $GPGSV,4,3,14,20,13,274,18,08,07,062,,15,05,301,,03,02,117,*7D
23:11:35.824 << $GPGSV,4,4,14,06,01,196,,34,,,*42
23:11:35.826 << $GPRMC,041135.000,A,4153.0213,N,08748.2166,W,0.06,219.47,230107,,,A*75
23:11:36.800 << $GPGGA,041136.000,4153.0213,N,08748.2166,W,1,9,1.02,198.0,M,-34.0,M,,*6C
23:11:36.802 << $GPGSA,A,3,14,30,07,01,17,20,02,22,19,,,,1.76,1.02,1.44*0E
23:11:36.804 << $GPGSV,4,1,14,14,77,350,40,17,64,256,36,22,60,313,24,30,54,196,32*72
23:11:36.806 << $GPGSV,4,2,14,01,46,077,33,02,32,050,20,19,29,242,28,07,23,165,31*76
23:11:36.807 << $GPGSV,4,3,14,20,13,274,19,08,07,062,,15,05,301,,03,02,117,*7C
23:11:36.808 << $GPGSV,4,4,14,06,01,196,,34,,,*42
23:11:36.810 << $GPRMC,041136.000,A,4153.0213,N,08748.2166,W,0.07,219.47,230107,,,A*77
23:11:37.793 << $GPGGA,041137.000,4153.0213,N,08748.2166,W,1,9,1.02,198.0,M,-34.0,M,,*6D
23:11:37.794 << $GPGSA,A,3,14,30,07,01,17,20,02,22,19,,,,1.76,1.02,1.44*0E
23:11:37.795 << $GPGSV,4,1,14,14,77,350,40,17,64,256,36,22,60,313,24,30,54,196,32*72
23:11:37.796 << $GPGSV,4,2,14,01,46,077,33,02,32,050,20,19,29,242,28,07,23,165,31*76
23:11:37.796 << $GPGSV,4,3,14,20,13,274,19,08,07,062,,15,05,301,,03,02,117,*7C
23:11:37.797 << $GPGSV,4,4,14,06,01,196,,34,,,*42
23:11:37.798 << $GPRMC,041137.000,A,4153.0213,N,08748.2166,W,0.08,219.47,230107,,,A*79
23:11:38.773 << $GPGGA,041138.000,4153.0213,N,08748.2166,W,1,9,1.02,198.0,M,-34.0,M,,*62
23:11:38.775 << $GPGSA,A,3,14,30,07,01,17,20,02,22,19,,,,1.76,1.02,1.44*0E
23:11:38.776 << $GPGSV,4,1,14,14,77,350,40,17,64,256,36,22,60,313,24,30,54,196,32*72
23:11:38.777 << $GPGSV,4,2,14,01,46,076,33,02,32,050,21,19,29,242,28,07,23,165,31*76
23:11:38.777 << $GPGSV,4,3,14,20,13,274,18,08,07,062,,15,05,301,,03,02,117,*7D
23:11:38.778 << $GPGSV,4,4,14,06,01,196,,35,,,*43
23:11:38.778 << $GPRMC,041138.000,A,4153.0213,N,08748.2166,W,0.03,219.47,230107,,,A*7D
23:11:39.701 << $GPGGA,041139.000,4153.0213,N,08748.2166,W,1,9,1.02,198.0,M,-34.0,M,,*63
23:11:39.705 << $GPGSA,A,3,14,30,07,01,17,20,02,22,19,,,,1.76,1.02,1.44*0E
23:11:39.707 << $GPGSV,4,1,14,14,77,350,40,17,64,256,36,22,60,313,24,30,54,196,32*72
23:11:39.709 << $GPGSV,4,2,14,01,46,076,33,02,32,050,21,19,29,242,27,07,23,165,31*79
23:11:40.189 << $GPGSV,4,3,14,20,13,274,18,08,07,062,,15,05,301,,03,02,117,*7D
23:11:40.192 << $GPGSV,4,4,14,06,01,196,,35,,,*43
23:11:40.194 << $GPRMC,041139.000,A,4153.0213,N,08748.2166,W,0.06,219.47,230107,,,A*79
23:11:40.678 << $GPGGA,041140.000,4153.0213,N,08748.2166,W,1,9,1.02,198.0,M,-34.0,M,,*6D
23:11:40.681 << $GPGSA,A,3,14,30,07,01,17,20,02,22,19,,,,1.76,1.02,1.44*0E
23:11:40.682 << $GPGSV,4,1,14,14,77,350,40,17,64,256,36,22,60,313,23,30,54,196,32*75
23:11:40.684 << $GPGSV,4,2,14,01,46,076,33,02,32,050,20,19,29,242,27,07,23,165,31*78
23:11:40.685 << $GPGSV,4,3,14,20,13,274,18,08,07,062,,15,05,301,,03,02,117,*7D
23:11:40.685 << $GPGSV,4,4,14,06,01,196,,35,,,*43
23:11:40.687 << $GPRMC,041140.000,A,4153.0213,N,08748.2166,W,0.05,219.47,230107,,,A*74
23:11:41.666 << $GPGGA,041141.000,4153.0213,N,08748.2165,W,1,9,1.02,198.0,M,-34.0,M,,*6F
23:11:41.670 << $GPGSA,A,3,14,30,07,01,17,20,02,22,19,,,,1.76,1.02,1.43*09
23:11:41.673 << $GPGSV,4,1,14,14,77,350,40,17,64,256,36,22,60,313,23,30,54,196,32*75
23:11:41.674 << $GPGSV,4,2,14,01,46,076,33,02,32,050,20,19,29,242,27,07,23,165,31*78
23:11:41.676 << $GPGSV,4,3,14,20,13,274,18,08,07,062,,15,05,301,,03,02,117,*7D
23:11:41.677 << $GPGSV,4,4,14,06,01,196,,35,,,*43
23:11:41.678 << $GPRMC,041141.000,A,4153.0213,N,08748.2165,W,0.07,219.47,230107,,,A*74
23:11:42.663 << $GPGGA,041142.000,4153.0213,N,08748.2165,W,1,9,1.02,198.0,M,-34.0,M,,*6C
23:11:42.667 << $GPGSA,A,3,14,30,07,01,17,20,02,22,19,,,,1.76,1.02,1.43*09
23:11:42.669 << $GPGSV,4,1,14,14,77,350,40,17,64,256,36,22,60,313,22,30,54,196,32*74
23:11:42.671 << $GPGSV,4,2,14,01,46,076,33,02,32,050,20,19,29,242,27,07,23,165,31*78
23:11:42.673 << $GPGSV,4,3,14,20,13,274,18,08,07,062,,15,05,301,,03,02,117,*7D
23:11:42.674 << $GPGSV,4,4,14,06,01,196,,35,,,*43
23:11:42.676 << $GPRMC,041142.000,A,4153.0213,N,08748.2165,W,0.07,219.47,230107,,,A*77
23:11:43.644 << $GPGGA,041143.000,4153.0213,N,08748.2165,W,1,9,1.02,198.0,M,-34.0,M,,*6D
23:11:43.649 << $GPGSA,A,3,14,30,07,01,17,20,02,22,19,,,,1.76,1.02,1.43*09
23:11:43.651 << $GPGSV,4,1,14,14,77,350,40,17,64,256,36,22,60,313,22,30,54,196,32*74
23:11:43.653 << $GPGSV,4,2,14,01,46,076,33,02,32,050,20,19,29,242,27,07,23,165,31*78
23:11:43.654 << $GPGSV,4,3,14,20,13,274,18,08,07,062,,15,05,301,,03,02,117,*7D
23:11:43.655 << $GPGSV,4,4,14,06,01,196,,35,,,*43
23:11:43.657 << $GPRMC,041143.000,A,4153.0213,N,08748.2165,W,0.08,219.47,230107,,,A*79
23:11:44.570 << $GPGGA,041144.000,4153.0213,N,08748.2165,W,1,9,1.02,198.0,M,-34.0,M,,*6A
23:11:44.628 << $GPGSA,A,3,14,30,07,01,17,20,02,22,19,,,,1.76,1.02,1.43*09
23:11:44.630 << $GPGSV,4,1,14,14,77,350,40,17,64,256,36,22,60,313,22,30,54,196,31*77
23:11:44.631 << $GPGSV,4,2,14,01,46,076,33,02,32,050,21,19,29,242,27,07,23,165,31*79
23:11:44.632 << $GPGSV,4,3,14,20,13,274,18,08,07,062,,15,05,301,,03,02,117,*7D
23:11:44.633 << $GPGSV,4,4,14,06,01,196,,36,,,*40
23:11:45.063 << $GPRMC,041144.000,A,4153.0213,N,08748.2165,W,0.06,219.47,230107,,,A*70
23:11:45.555 << $GPGGA,041145.000,4153.0212,N,08748.2165,W,1,9,1.02,198.0,M,-34.0,M,,*6A
23:11:45.558 << $GPGSA,A,3,14,30,07,01,17,20,02,22,19,,,,1.76,1.02,1.43*09
23:11:45.561 << $GPGSV,4,1,14,14,77,350,40,17,64,256,36,22,60,313,22,30,54,196,31*77
23:11:45.562 << $GPGSV,4,2,14,01,46,076,33,02,32,050,22,19,29,242,27,07,23,165,31*7A
23:11:45.564 << $GPGSV,4,3,14,20,13,274,18,08,07,062,,15,05,301,,03,02,117,*7D
23:11:45.565 << $GPGSV,4,4,14,06,01,196,,36,,,*40
23:11:45.567 << $GPRMC,041145.000,A,4153.0212,N,08748.2165,W,0.07,219.47,230107,,,A*71
23:11:46.548 << $GPGGA,041146.000,4153.0213,N,08748.2165,W,1,9,1.02,198.0,M,-34.0,M,,*68
23:11:46.552 << $GPGSA,A,3,14,30,07,01,17,20,02,22,19,,,,1.76,1.02,1.43*09
23:11:46.554 << $GPGSV,4,1,14,14,77,350,40,17,64,256,36,22,60,313,22,30,54,196,32*74
23:11:46.556 << $GPGSV,4,2,14,01,46,076,33,02,32,050,23,19,29,242,27,07,23,165,31*7B
23:11:46.557 << $GPGSV,4,3,14,20,13,274,18,08,07,062,,15,05,301,,03,02,117,*7D
23:11:47.010 << $GPGSV,4,4,14,06,01,196,,36,,,*40
23:11:47.013 << $GPRMC,041146.000,A,4153.0213,N,08748.2165,W,0.01,219.47,230107,,,A*75
23:11:47.502 << $GPGGA,041147.000,4153.0212,N,08748.2165,W,1,9,1.02,198.0,M,-34.0,M,,*68
23:11:47.507 << $GPGSA,A,3,14,30,07,01,17,20,02,22,19,,,,1.76,1.02,1.43*09
23:11:47.510 << $GPGSV,4,1,14,14,77,350,40,17,64,256,36,22,60,313,23,30,54,196,32*75
23:11:47.511 << $GPGSV,4,2,14,01,46,076,32,02,32,050,23,19,29,242,27,07,23,165,32*79
23:11:47.513 << $GPGSV,4,3,14,20,13,274,18,08,07,062,,15,05,301,,03,02,117,*7D
23:11:47.514 << $GPGSV,4,4,14,06,01,196,,36,,,*40
23:11:47.516 << $GPRMC,041147.000,A,4153.0212,N,08748.2165,W,0.09,219.47,230107,,,A*7D
23:11:48.489 << $GPGGA,041148.000,4153.0212,N,08748.2165,W,1,9,1.02,198.0,M,-34.0,M,,*67
23:11:48.493 << $GPGSA,A,3,14,30,07,01,17,20,02,22,19,,,,1.76,1.02,1.43*09
23:11:48.495 << $GPGSV,4,1,14,14,77,350,40,17,64,256,37,22,60,313,23,30,54,196,32*74
23:11:48.496 << $GPGSV,4,2,14,01,46,076,32,02,32,050,24,19,29,242,26,07,23,165,32*7F
23:11:48.498 << $GPGSV,4,3,14,20,13,274,18,08,07,062,,15,05,301,,03,02,117,*7D
23:11:48.500 << $GPGSV,4,4,14,06,01,196,,36,,,*40
23:11:48.502 << $GPRMC,041148.000,A,4153.0212,N,08748.2165,W,0.08,219.47,230107,,,A*73
23:11:49.480 << $GPGGA,041149.000,4153.0212,N,08748.2165,W,1,9,1.02,198.0,M,-34.0,M,,*66
23:11:49.484 << $GPGSA,A,3,14,30,07,01,17,20,02,22,19,,,,1.76,1.02,1.43*09
23:11:49.486 << $GPGSV,4,1,14,14,77,350,40,17,64,256,37,22,60,313,23,30,54,196,32*74
23:11:49.487 << $GPGSV,4,2,14,01,46,076,32,02,32,050,24,19,29,242,26,07,23,165,32*7F
23:11:49.488 << $GPGSV,4,3,14,20,13,274,18,08,07,062,,15,05,301,,03,02,117,*7D
23:11:49.490 << $GPGSV,4,4,14,06,01,196,,36,,,*40
23:11:49.492 << $GPRMC,041149.000,A,4153.0212,N,08748.2165,W,0.04,219.47,230107,,,A*7E
23:11:50.466 << $GPGGA,041150.000,4153.0212,N,08748.2165,W,1,9,1.02,198.0,M,-34.0,M,,*6E
23:11:50.470 << $GPGSA,A,3,14,30,07,01,17,20,02,22,19,,,,1.76,1.02,1.43*09
23:11:50.473 << $GPGSV,4,1,14,14,77,350,40,17,64,256,37,22,60,313,23,30,54,196,32*74
23:11:50.474 << $GPGSV,4,2,14,01,46,076,32,02,32,050,24,19,29,242,26,07,23,165,32*7F
23:11:50.476 << $GPGSV,4,3,14,20,13,274,18,08,07,062,,15,05,301,,03,02,117,*7D
23:11:50.477 << $GPGSV,4,4,14,06,01,196,,38,,,*4E
23:11:50.479 << $GPRMC,041150.000,A,4153.0212,N,08748.2165,W,0.05,219.47,230107,,,A*77
23:11:51.451 << $GPGGA,041151.000,4153.0212,N,08748.2165,W,1,9,1.02,198.0,M,-34.0,M,,*6F
23:11:51.455 << $GPGSA,A,3,14,30,07,01,17,20,02,22,19,,,,1.76,1.02,1.43*09
23:11:51.458 << $GPGSV,4,1,14,14,77,351,40,17,64,256,37,22,60,313,24,30,54,196,32*72
23:11:51.459 << $GPGSV,4,2,14,01,46,076,32,02,32,050,24,19,29,242,26,07,23,165,32*7F
23:11:51.461 << $GPGSV,4,3,14,20,13,274,18,08,07,062,,15,05,301,,03,02,117,*7D
23:11:51.462 << $GPGSV,4,4,14,06,01,196,,38,,,*4E
23:11:51.886 << $GPRMC,041151.000,A,4153.0212,N,08748.2165,W,0.08,219.47,230107,,,A*7B
23:11:52.380 << $GPGGA,041152.000,4153.0212,N,08748.2165,W,1,9,1.02,198.0,M,-34.0,M,,*6C
23:11:52.381 << $GPGSA,A,3,14,30,07,01,17,20,02,22,19,,,,1.76,1.02,1.43*09
23:11:52.382 << $GPGSV,4,1,14,14,77,351,40,17,64,256,37,22,60,313,24,30,54,196,32*72
23:11:52.383 << $GPGSV,4,2,14,01,46,076,32,02,32,050,24,19,29,242,26,07,23,165,32*7F
23:11:52.383 << $GPGSV,4,3,14,20,13,274,18,08,07,062,,15,04,301,,03,02,117,*7C
23:11:52.384 << $GPGSV,4,4,14,06,01,196,,38,,,*4E
23:11:52.384 << $GPRMC,041152.000,A,4153.0212,N,08748.2165,W,0.05,219.47,230107,,,A*75
23:11:53.841 << $GPGGA,041153.000,4153.0212,N,08748.2165,W,1,9,1.02,198.0,M,-34.0,M,,*6D
23:11:53.844 << $GPGSA,A,3,14,30,07,01,17,20,02,22,19,,,,1.76,1.02,1.43*09
23:11:53.846 << $GPGSV,4,1,14,14,77,351,40,17,64,256,37,22,60,313,24,30,54,196,32*72
23:11:53.848 << $GPGSV,4,2,14,01,46,076,32,02,32,050,24,19,29,242,25,07,23,165,32*7C
23:11:53.848 << $GPGSV,4,3,14,20,13,274,18,08,07,062,,15,04,301,,03,02,117,*7C
23:11:53.849 << $GPGSV,4,4,14,06,01,196,,38,,,*4E
23:11:53.850 << $GPRMC,041153.000,A,4153.0212,N,08748.2165,W,0.03,219.47,230107,,,A*72
23:11:54.828 << $GPGGA,041154.000,4153.0212,N,08748.2165,W,1,9,1.02,198.0,M,-34.0,M,,*6A
23:11:54.833 << $GPGSA,A,3,14,30,07,01,17,20,02,22,19,,,,1.76,1.02,1.43*09
23:11:54.836 << $GPGSV,4,1,14,14,77,351,40,17,65,256,37,22,60,313,24,30,54,196,32*73
23:11:54.837 << $GPGSV,4,2,14,01,46,076,32,02,32,050,24,19,29,242,25,07,23,165,32*7C
23:11:54.838 << $GPGSV,4,3,14,20,13,274,18,08,07,062,,15,04,301,,03,02,117,*7C
23:11:54.840 << $GPGSV,4,4,14,06,01,196,,38,,,*4E
23:11:54.841 << $GPRMC,041154.000,A,4153.0212,N,08748.2165,W,0.06,219.47,230107,,,A*70
23:11:55.813 << $GPGGA,041155.000,4153.0212,N,08748.2165,W,1,9,1.02,198.1,M,-34.0,M,,*6A
23:11:55.817 << $GPGSA,A,3,14,30,07,01,17,20,02,22,19,,,,1.76,1.02,1.43*09
23:11:55.820 << $GPGSV,4,1,14,14,77,351,40,17,65,256,37,22,60,313,24,30,54,196,32*73
23:11:55.821 << $GPGSV,4,2,14,01,46,076,32,02,32,050,24,19,29,242,25,07,23,165,32*7C
23:11:55.822 << $GPGSV,4,3,14,20,13,274,18,08,07,062,,15,04,301,,03,02,117,*7C
23:11:55.824 << $GPGSV,4,4,14,06,01,196,,38,,,*4E
23:11:55.826 << $GPRMC,041155.000,A,4153.0212,N,08748.2165,W,0.04,219.47,230107,,,A*73
23:11:56.805 << $GPGGA,041156.000,4153.0212,N,08748.2165,W,1,9,1.02,198.1,M,-34.0,M,,*69
23:11:56.808 << $GPGSA,A,3,14,30,07,01,17,20,02,22,19,,,,1.76,1.02,1.43*09
23:11:56.809 << $GPGSV,4,1,14,14,77,351,40,17,65,256,37,22,60,313,25,30,54,196,32*72
23:11:56.810 << $GPGSV,4,2,14,01,46,076,32,02,32,050,24,19,29,242,25,07,23,165,32*7C
23:11:56.811 << $GPGSV,4,3,14,20,13,274,18,08,07,062,,15,04,301,,03,02,117,*7C
23:11:56.812 << $GPGSV,4,4,14,06,01,196,,41,,,*40
23:11:56.813 << $GPRMC,041156.000,A,4153.0212,N,08748.2165,W,0.06,219.47,230107,,,A*72
23:11:57.790 << $GPGGA,041157.000,4153.0212,N,08748.2165,W,1,9,1.02,198.1,M,-34.0,M,,*68
23:11:57.794 << $GPGSA,A,3,14,30,07,01,17,20,02,22,19,,,,1.76,1.02,1.43*09
23:11:57.796 << $GPGSV,4,1,14,14,77,351,40,17,65,256,37,22,60,313,26,30,54,196,32*71
23:11:57.798 << $GPGSV,4,2,14,01,46,076,32,02,32,050,24,19,29,242,25,07,23,165,32*7C
23:11:57.799 << $GPGSV,4,3,14,20,13,273,18,08,07,062,,15,04,301,,03,02,117,*7B
23:11:57.801 << $GPGSV,4,4,14,06,01,196,,41,,,*40
23:11:58.231 << $GPRMC,041157.000,A,4153.0212,N,08748.2165,W,0.06,219.47,230107,,,A*73
23:11:58.720 << $GPGGA,041158.000,4153.0212,N,08748.2165,W,1,9,1.02,198.1,M,-34.0,M,,*67
23:11:58.724 << $GPGSA,A,3,14,30,07,01,17,20,02,22,19,,,,1.76,1.02,1.43*09
23:11:58.726 << $GPGSV,4,1,14,14,77,351,40,17,65,256,37,22,60,313,26,30,54,196,32*71
23:11:58.728 << $GPGSV,4,2,14,01,46,076,32,02,32,050,23,19,29,242,25,07,23,165,32*7B
23:11:59.202 << $GPGSV,4,3,14,20,13,273,17,08,07,062,,15,04,301,,03,02,117,*74
23:11:59.204 << $GPGSV,4,4,14,06,01,196,,41,,,*40
23:11:59.206 << $GPRMC,041158.000,A,4153.0212,N,08748.2165,W,0.04,219.47,230107,,,A*7E
23:11:59.688 << $GPGGA,041159.000,4153.0212,N,08748.2165,W,1,9,1.02,198.1,M,-34.0,M,,*66
23:11:59.692 << $GPGSA,A,3,14,30,07,01,17,20,02,22,19,,,,1.76,1.02,1.43*09
23:11:59.694 << $GPGSV,4,1,14,14,77,351,40,17,65,256,37,22,60,313,26,30,54,196,32*71
23:11:59.695 << $GPGSV,4,2,14,01,46,076,32,02,32,050,23,19,29,242,25,07,23,165,32*7B
23:11:59.696 << $GPGSV,4,3,14,20,13,273,17,08,07,062,,15,04,301,,03,02,117,*74
23:11:59.697 << $GPGSV,4,4,14,06,01,196,,41,,,*40
23:11:59.699 << $GPRMC,041159.000,A,4153.0212,N,08748.2165,W,0.04,219.47,230107,,,A*7F
23:12:00.678 << $GPGGA,041200.000,4153.0212,N,08748.2165,W,1,9,1.02,198.1,M,-34.0,M,,*69
23:12:00.680 << $GPGSA,A,3,14,30,07,01,17,20,02,22,19,,,,1.76,1.02,1.43*09
23:12:00.681 << $GPGSV,4,1,14,14,77,351,40,17,65,256,37,22,60,313,27,30,54,196,32*70
23:12:00.681 << $GPGSV,4,2,14,01,46,076,32,02,32,050,23,19,29,242,25,07,23,165,32*7B
23:12:00.682 << $GPGSV,4,3,14,20,13,273,17,08,07,062,,15,04,301,,03,02,117,*74
23:12:00.682 << $GPGSV,4,4,14,06,01,196,,41,,,*40
23:12:00.683 << $GPRMC,041200.000,A,4153.0212,N,08748.2165,W,0.04,219.47,230107,,,A*70
23:12:01.670 << $GPGGA,041201.000,4153.0212,N,08748.2165,W,1,9,1.02,198.1,M,-34.0,M,,*68
23:12:01.674 << $GPGSA,A,3,14,30,07,01,17,20,02,22,19,,,,1.75,1.02,1.43*0A
23:12:01.676 << $GPGSV,4,1,14,14,77,351,40,17,65,256,37,22,60,313,27,30,54,196,32*70
23:12:01.678 << $GPGSV,4,2,14,01,46,076,32,02,32,050,23,19,29,242,25,07,23,165,32*7B
23:12:01.679 << $GPGSV,4,3,14,20,13,273,17,08,07,062,,15,04,301,,03,02,117,*74
23:12:01.680 << $GPGSV,4,4,14,06,01,196,,41,,,*40
23:12:01.682 << $GPRMC,041201.000,A,4153.0212,N,08748.2165,W,0.02,219.47,230107,,,A*77
23:12:02.609 << $GPGGA,041202.000,4153.0212,N,08748.2164,W,1,9,1.02,198.1,M,-34.0,M,,*6A
23:12:02.613 << $GPGSA,A,3,14,30,07,01,17,20,02,22,19,,,,1.76,1.02,1.43*09
23:12:02.667 << $GPGSV,4,1,14,14,77,351,40,17,65,256,37,22,60,313,27,30,54,196,32*70
23:12:02.668 << $GPGSV,4,2,14,01,46,076,32,02,32,050,22,19,29,242,25,07,23,165,32*7A
23:12:02.669 << $GPGSV,4,3,14,20,13,273,17,08,07,062,,15,04,301,,03,02,117,*74
23:12:02.669 << $GPGSV,4,4,14,06,01,196,,41,,,*40
23:12:02.670 << $GPRMC,041202.000,A,4153.0212,N,08748.2164,W,0.08,219.47,230107,,,A*7F
23:12:03.592 << $GPGGA,041203.000,4153.0212,N,08748.2164,W,1,9,1.02,198.1,M,-34.0,M,,*6B
23:12:03.596 << $GPGSA,A,3,14,30,07,01,17,20,02,22,19,,,,1.76,1.02,1.43*09
23:12:03.598 << $GPGSV,4,1,14,14,77,351,40,17,65,256,37,22,60,313,27,30,54,196,32*70
23:12:03.598 << $GPGSV,4,2,14,01,46,076,32,02,32,050,22,19,29,242,25,07,23,165,32*7A
23:12:03.599 << $GPGSV,4,3,14,20,13,273,17,08,07,062,,15,04,301,,03,02,117,*74
23:12:03.600 << $GPGSV,4,4,14,06,01,196,,43,,,*42
23:12:03.601 << $GPRMC,041203.000,A,4153.0212,N,08748.2164,W,0.06,219.47,230107,,,A*70
23:12:04.572 << $GPGGA,041204.000,4153.0212,N,08748.2164,W,1,9,1.02,198.1,M,-34.0,M,,*6C
23:12:04.576 << $GPGSA,A,3,14,30,07,01,17,20,02,22,19,,,,1.75,1.02,1.43*0A
23:12:04.578 << $GPGSV,4,1,14,14,77,351,40,17,65,256,37,22,60,313,28,30,54,196,32*7F
23:12:04.580 << $GPGSV,4,2,14,01,46,076,32,02,32,050,22,19,29,242,25,07,23,165,32*7A
23:12:04.581 << $GPGSV,4,3,14,20,13,273,17,08,07,062,,15,04,301,,03,02,117,*74
23:12:04.582 << $GPGSV,4,4,14,06,01,196,,43,,,*42
23:12:05.050 << $GPRMC,041204.000,A,4153.0212,N,08748.2164,W,0.05,219.47,230107,,,A*74
23:12:05.542 << $GPGGA,041205.000,4153.0212,N,08748.2164,W,1,9,1.02,198.1,M,-34.0,M,,*6D
23:12:05.546 << $GPGSA,A,3,14,30,07,01,17,20,02,22,19,,,,1.76,1.02,1.43*09
23:12:05.549 << $GPGSV,4,1,14,14,77,351,40,17,65,256,37,22,60,313,28,30,54,196,31*7C
23:12:05.550 << $GPGSV,4,2,14,01,46,076,32,02,32,050,22,19,29,242,25,07,23,165,32*7A
23:12:05.551 << $GPGSV,4,3,14,20,13,273,17,08,07,062,,15,04,301,,03,02,117,*74
23:12:05.552 << $GPGSV,4,4,14,06,01,196,,43,,,*42
23:12:05.554 << $GPRMC,041205.000,A,4153.0212,N,08748.2164,W,0.02,219.47,230107,,,A*72
23:12:06.530 << $GPGGA,041206.000,4153.0212,N,08748.2164,W,1,9,1.02,198.1,M,-34.0,M,,*6E
23:12:06.533 << $GPGSA,A,3,14,30,07,01,17,20,02,22,19,,,,1.75,1.02,1.43*0A
23:12:06.536 << $GPGSV,4,1,14,14,77,351,40,17,65,256,37,22,60,313,28,30,54,196,31*7C
23:12:06.537 << $GPGSV,4,2,14,01,46,076,32,02,32,050,23,19,29,242,25,07,23,165,32*7B
23:12:06.538 << $GPGSV,4,3,14,20,13,273,17,08,07,062,,15,04,301,,03,02,117,*74
23:12:06.540 << $GPGSV,4,4,14,06,01,196,,43,,,*42
23:12:06.542 << $GPRMC,041206.000,A,4153.0212,N,08748.2164,W,0.02,219.47,230107,,,A*71
23:12:07.518 << $GPGGA,041207.000,4153.0212,N,08748.2164,W,1,9,1.02,198.1,M,-34.0,M,,*6F
23:12:07.522 << $GPGSA,A,3,14,30,07,01,17,20,02,22,19,,,,1.75,1.02,1.43*0A
23:12:07.524 << $GPGSV,4,1,14,14,77,351,40,17,65,256,37,22,60,313,29,30,54,196,31*7D
23:12:07.525 << $GPGSV,4,2,14,01,46,076,32,02,32,050,23,19,29,242,25,07,23,165,32*7B
23:12:07.527 << $GPGSV,4,3,14,20,13,273,17,08,07,062,,15,04,301,,03,02,117,*74
23:12:07.528 << $GPGSV,4,4,14,06,01,196,,43,,,*42
23:12:07.531 << $GPRMC,041207.000,A,4153.0212,N,08748.2164,W,0.00,219.47,230107,,,A*72
23:12:08.501 << $GPGGA,041208.000,4153.0212,N,08748.2164,W,1,9,1.02,198.1,M,-34.0,M,,*60
23:12:08.504 << $GPGSA,A,3,14,30,07,01,17,20,02,22,19,,,,1.75,1.02,1.43*0A
23:12:08.506 << $GPGSV,4,1,14,14,77,351,40,17,65,256,37,22,60,313,29,30,54,196,31*7D
23:12:08.507 << $GPGSV,4,2,14,01,46,076,32,02,32,050,23,19,29,242,24,07,23,165,33*7B
23:12:08.508 << $GPGSV,4,3,14,20,13,273,16,08,07,062,,15,04,301,,03,02,117,*75
23:12:08.510 << $GPGSV,4,4,14,06,01,196,,43,,,*42
23:12:08.512 << $GPRMC,041208.000,A,4153.0212,N,08748.2164,W,0.06,219.47,230107,,,A*7B
23:12:09.440 << $GPGGA,041209.000,4153.0212,N,08748.2164,W,1,9,1.02,198.1,M,-34.0,M,,*61
23:12:09.441 << $GPGSA,A,3,14,30,07,01,17,20,02,22,19,,,,1.75,1.02,1.43*0A
23:12:09.442 << $GPGSV,4,1,14,14,77,351,40,17,65,256,37,22,60,313,29,30,54,196,31*7D
23:12:09.442 << $GPGSV,4,2,14,01,46,076,32,02,32,050,23,19,29,242,24,07,23,165,33*7B
23:12:09.442 << $GPGSV,4,3,14,20,13,273,16,08,07,062,,15,04,301,,03,02,117,*75
23:12:09.442 << $GPGSV,4,4,14,06,01,196,,45,,,*44
23:12:09.442 << $GPRMC,041209.000,A,4153.0212,N,08748.2164,W,0.03,219.47,230107,,,A*7F
23:12:10.422 << $GPGGA,041210.000,4153.0212,N,08748.2164,W,1,9,1.02,198.1,M,-34.0,M,,*69
23:12:10.426 << $GPGSA,A,3,14,30,07,01,17,20,02,22,19,,,,1.75,1.02,1.43*0A
23:12:10.428 << $GPGSV,4,1,14,14,77,351,39,17,65,256,37,22,60,313,29,30,54,196,31*73
23:12:10.430 << $GPGSV,4,2,14,01,46,076,32,02,32,050,23,19,29,242,24,07,23,165,33*7B
23:12:10.431 << $GPGSV,4,3,14,20,13,273,16,08,07,062,,15,04,301,,03,02,117,*75
23:12:10.904 << $GPGSV,4,4,14,06,01,196,,45,,,*44
23:12:10.908 << $GPRMC,041210.000,A,4153.0212,N,08748.2164,W,0.03,219.47,230107,,,A*77
23:12:11.389 << $GPGGA,041211.000,4153.0212,N,08748.2164,W,1,9,1.02,198.1,M,-34.0,M,,*68
23:12:11.392 << $GPGSA,A,3,14,30,07,01,17,20,02,22,19,,,,1.75,1.02,1.43*0A
23:12:11.394 << $GPGSV,4,1,14,14,77,351,39,17,65,256,37,22,60,313,29,30,54,196,31*73
23:12:11.395 << $GPGSV,4,2,14,01,46,076,32,02,31,050,23,19,29,242,24,07,23,165,33*78
23:12:11.876 << $GPGSV,4,3,14,20,13,273,15,08,07,062,,15,04,301,,03,02,117,*76
23:12:11.878 << $GPGSV,4,4,14,06,01,196,,45,,,*44
23:12:11.880 << $GPRMC,041211.000,A,4153.0212,N,08748.2164,W,0.05,219.47,230107,,,A*70
23:12:12.369 << $GPGGA,041212.000,4153.0212,N,08748.2164,W,1,9,1.02,198.1,M,-34.0,M,,*6B
23:12:12.371 << $GPGSA,A,3,14,30,07,01,17,20,02,22,19,,,,1.75,1.02,1.43*0A
23:12:12.373 << $GPGSV,4,1,14,14,77,351,39,17,65,256,37,22,60,313,29,30,54,196,31*73
23:12:12.374 << $GPGSV,4,2,14,01,46,076,32,02,31,050,22,19,29,242,24,07,23,165,33*79
23:12:12.855 << $GPGSV,4,3,14,20,13,273,15,08,07,062,,15,04,301,,03,02,117,*76
23:12:12.856 << $GPGSV,4,4,14,06,01,196,,45,,,*44
23:12:12.858 << $GPRMC,041212.000,A,4153.0212,N,08748.2164,W,0.01,219.47,230107,,,A*77
23:12:13.839 << $GPGGA,041213.000,4153.0212,N,08748.2164,W,1,9,1.02,198.1,M,-34.0,M,,*6A
23:12:13.841 << $GPGSA,A,3,14,30,07,01,17,20,02,22,19,,,,1.75,1.02,1.43*0A
23:12:13.843 << $GPGSV,4,1,14,14,77,351,39,17,65,256,37,22,60,313,29,30,54,196,31*73
23:12:13.844 << $GPGSV,4,2,14,01,46,076,32,02,31,050,22,19,29,242,24,07,23,165,33*79
23:12:13.844 << $GPGSV,4,3,14,20,13,273,15,08,07,062,,15,04,301,,03,02,117,*76
23:12:13.845 << $GPGSV,4,4,14,06,01,196,,45,,,*44
23:12:13.845 << $GPRMC,041213.000,A,4153.0212,N,08748.2164,W,0.03,219.47,230107,,,A*74
23:12:14.821 << $GPGGA,041214.000,4153.0212,N,08748.2164,W,1,9,1.02,198.1,M,-34.0,M,,*6D
23:12:14.825 << $GPGSA,A,3,14,30,07,01,17,20,02,22,19,,,,1.75,1.02,1.43*0A
23:12:14.827 << $GPGSV,4,1,14,14,77,351,39,17,65,256,37,22,60,313,29,30,54,196,31*73
23:12:14.829 << $GPGSV,4,2,14,01,46,076,32,02,31,050,22,19,29,242,24,07,23,165,33*79
23:12:14.830 << $GPGSV,4,3,14,20,13,273,15,08,07,062,,15,04,301,,03,02,117,*76
23:12:14.831 << $GPGSV,4,4,14,06,01,196,,45,,,*44
23:12:14.833 << $GPRMC,041214.000,A,4153.0212,N,08748.2164,W,0.03,219.47,230107,,,A*73
23:12:15.811 << $GPGGA,041215.000,4153.0212,N,08748.2164,W,1,9,1.02,198.1,M,-34.0,M,,*6C
23:12:15.813 << $GPGSA,A,3,14,30,07,01,17,20,02,22,19,,,,1.75,1.02,1.43*0A
23:12:15.814 << $GPGSV,4,1,14,14,77,351,38,17,65,256,37,22,60,313,30,30,54,196,31*7A
23:12:15.814 << $GPGSV,4,2,14,01,46,076,32,02,31,050,22,19,29,242,24,07,23,165,33*79
23:12:15.815 << $GPGSV,4,3,14,20,13,273,15,08,07,062,,15,04,301,,03,02,117,*76
23:12:15.816 << $GPGSV,4,4,14,06,01,196,,47,,,*46
23:12:16.262 << $GPRMC,041215.000,A,4153.0212,N,08748.2164,W,0.01,219.47,230107,,,A*70
23:12:16.750 << $GPGGA,041216.000,4153.0212,N,08748.2164,W,1,9,1.02,198.1,M,-34.0,M,,*6F
23:12:16.754 << $GPGSA,A,3,14,30,07,01,17,20,02,22,19,,,,1.75,1.02,1.43*0A
23:12:16.756 << $GPGSV,4,1,14,14,77,351,38,17,65,256,37,22,60,313,31,30,54,196,31*7B
23:12:16.758 << $GPGSV,4,2,14,01,46,076,32,02,31,050,22,19,29,242,24,07,23,165,33*79
23:12:16.760 << $GPGSV,4,3,14,20,13,273,15,08,07,062,,15,04,301,,03,02,117,*76
23:12:16.761 << $GPGSV,4,4,14,06,01,196,,47,,,*46
23:12:16.762 << $GPRMC,041216.000,A,4153.0212,N,08748.2164,W,0.02,219.47,230107,,,A*70
23:12:17.740 << $GPGGA,041217.000,4153.0212,N,08748.2164,W,1,9,1.02,198.1,M,-34.0,M,,*6E
23:12:17.744 << $GPGSA,A,3,14,30,07,01,17,20,02,22,19,,,,1.75,1.02,1.43*0A
23:12:17.746 << $GPGSV,4,1,14,14,77,351,38,17,65,256,37,22,60,313,31,30,54,196,31*7B
23:12:17.748 << $GPGSV,4,2,14,01,46,076,32,02,31,050,22,19,29,242,24,07,23,165,33*79
23:12:17.749 << $GPGSV,4,3,14,20,13,273,15,08,07,062,,15,04,301,,03,02,117,*76
23:12:17.750 << $GPGSV,4,4,14,06,01,196,,47,,,*46
23:12:18.208 << $GPRMC,041217.000,A,4153.0212,N,08748.2164,W,0.02,219.47,230107,,,A*71
23:12:18.700 << $GPGGA,041218.000,4153.0212,N,08748.2164,W,1,9,1.02,198.1,M,-34.0,M,,*61
23:12:18.704 << $GPGSA,A,3,14,30,07,01,17,20,02,22,19,,,,1.75,1.02,1.43*0A
23:12:18.706 << $GPGSV,4,1,14,14,77,351,38,17,65,256,37,22,60,313,31,30,54,196,31*7B
23:12:18.707 << $GPGSV,4,2,14,01,46,076,32,02,31,050,21,19,29,242,24,07,23,165,33*7A
23:12:18.708 << $GPGSV,4,3,14,20,13,273,15,08,07,062,,15,04,301,,03,02,117,*76
23:12:18.708 << $GPGSV,4,4,14,06,01,196,,47,,,*46
23:12:18.710 << $GPRMC,041218.000,A,4153.0212,N,08748.2164,W,0.00,219.47,230107,,,A*7C
23:12:19.692 << $GPGGA,041219.000,4153.0212,N,08748.2164,W,1,9,1.02,198.1,M,-34.0,M,,*60
23:12:19.696 << $GPGSA,A,3,14,30,07,01,17,20,02,22,19,,,,1.75,1.02,1.43*0A
23:12:19.698 << $GPGSV,4,1,14,14,77,351,38,17,65,256,37,22,60,313,31,30,54,196,31*7B
23:12:19.699 << $GPGSV,4,2,14,01,46,076,32,02,31,050,21,19,29,242,24,07,23,165,33*7A
23:12:19.700 << $GPGSV,4,3,14,20,13,273,15,08,07,062,,15,04,301,,03,02,117,*76
23:12:19.701 << $GPGSV,4,4,14,06,01,196,,47,,,*46
23:12:19.703 << $GPRMC,041219.000,A,4153.0212,N,08748.2164,W,0.02,219.47,230107,,,A*7F
23:12:20.675 << $GPGGA,041220.000,4153.0212,N,08748.2164,W,1,9,1.02,198.1,M,-34.0,M,,*6A
23:12:20.679 << $GPGSA,A,3,14,30,07,01,17,20,02,22,19,,,,1.75,1.02,1.43*0A
23:12:20.682 << $GPGSV,4,1,14,14,77,351,38,17,65,256,37,22,60,313,31,30,54,196,30*7A
23:12:20.683 << $GPGSV,4,2,14,01,46,076,32,02,31,050,22,19,29,242,24,07,23,165,33*79
23:12:20.684 << $GPGSV,4,3,14,20,13,273,16,08,07,062,,15,04,301,,03,02,117,*75
23:12:20.685 << $GPGSV,4,4,14,06,01,196,,47,,,*46
23:12:20.687 << $GPRMC,041220.000,A,4153.0212,N,08748.2164,W,0.03,219.47,230107,,,A*74
23:12:21.661 << $GPGGA,041221.000,4153.0212,N,08748.2164,W,1,9,1.02,198.1,M,-34.0,M,,*6B
23:12:21.665 << $GPGSA,A,3,14,30,07,01,17,20,02,22,19,,,,1.75,1.02,1.43*0A
23:12:21.667 << $GPGSV,4,1,14,14,77,351,38,17,65,256,37,22,60,313,31,30,54,196,30*7A
23:12:21.668 << $GPGSV,4,2,14,01,46,076,32,02,31,050,23,19,29,242,24,07,23,165,33*78
23:12:21.669 << $GPGSV,4,3,14,20,13,273,16,08,07,062,,15,04,301,,03,02,117,*75
23:12:21.670 << $GPGSV,4,4,14,06,01,196,,47,,,*46
23:12:21.672 << $GPRMC,041221.000,A,4153.0212,N,08748.2164,W,0.04,219.47,230107,,,A*72
23:12:22.600 << $GPGGA,041222.000,4153.0212,N,08748.2164,W,1,9,1.02,198.1,M,-34.0,M,,*68
23:12:22.603 << $GPGSA,A,3,14,30,07,01,17,20,02,22,19,,,,1.75,1.02,1.43*0A
23:12:22.605 << $GPGSV,4,1,14,14,77,351,38,17,65,256,37,22,60,313,31,30,54,196,30*7A
23:12:22.607 << $GPGSV,4,2,14,01,46,076,32,02,31,050,22,19,29,242,24,07,23,165,33*79
23:12:22.608 << $GPGSV,4,3,14,20,13,273,16,08,07,062,,15,04,301,,03,02,117,*75
23:12:22.609 << $GPGSV,4,4,14,06,01,196,,49,,,*48
23:12:22.610 << $GPRMC,041222.000,A,4153.0212,N,08748.2164,W,0.01,219.47,230107,,,A*74
23:12:23.582 << $GPGGA,041223.000,4153.0212,N,08748.2164,W,1,9,1.02,198.1,M,-34.0,M,,*69
23:12:23.584 << $GPGSA,A,3,14,30,07,01,17,20,02,22,19,,,,1.75,1.02,1.43*0A
23:12:23.585 << $GPGSV,4,1,14,14,77,352,38,17,65,256,37,22,60,313,31,30,54,196,30*79
23:12:23.586 << $GPGSV,4,2,14,01,46,076,32,02,31,050,22,19,29,242,23,07,23,165,33*7E
23:12:23.586 << $GPGSV,4,3,14,20,13,273,16,08,07,062,,15,04,301,,03,02,117,*75
23:12:24.061 << $GPGSV,4,4,14,06,01,196,,49,,,*48
23:12:24.062 << $GPRMC,041223.000,A,4153.0212,N,08748.2164,W,0.03,219.47,230107,,,A*77
23:12:24.554 << $GPGGA,041224.000,4153.0212,N,08748.2164,W,1,9,1.02,198.1,M,-34.0,M,,*6E
23:12:24.557 << $GPGSA,A,3,14,30,07,01,17,20,02,22,19,,,,1.75,1.02,1.43*0A
23:12:24.558 << $GPGSV,4,1,14,14,77,352,38,17,65,256,37,22,60,313,31,30,54,196,30*79
23:12:24.559 << $GPGSV,4,2,14,01,46,076,32,02,31,050,22,19,29,242,23,07,23,165,33*7E
23:12:24.560 << $GPGSV,4,3,14,20,13,273,16,08,07,062,,15,04,301,,03,02,117,*75
23:12:24.561 << $GPGSV,4,4,14,06,01,196,,49,,,*48
23:12:24.562 << $GPRMC,041224.000,A,4153.0212,N,08748.2164,W,0.07,219.47,230107,,,A*74
23:12:25.542 << $GPGGA,041225.000,4153.0212,N,08748.2164,W,1,9,1.02,198.1,M,-34.0,M,,*6F
23:12:25.544 << $GPGSA,A,3,14,30,07,01,17,20,02,22,19,,,,1.75,1.02,1.43*0A
23:12:25.545 << $GPGSV,4,1,14,14,77,352,38,17,65,256,37,22,60,313,32,30,54,196,30*7A
23:12:25.546 << $GPGSV,4,2,14,01,46,076,32,02,31,050,22,19,29,242,23,07,23,165,33*7E
23:12:25.547 << $GPGSV,4,3,14,20,13,273,16,08,07,062,,15,04,301,,03,02,117,*75
23:12:25.547 << $GPGSV,4,4,14,06,01,196,,49,,,*48
23:12:25.548 << $GPRMC,041225.000,A,4153.0212,N,08748.2164,W,0.02,219.47,230107,,,A*70
23:12:26.530 << $GPGGA,041226.000,4153.0212,N,08748.2164,W,1,9,1.02,198.1,M,-34.0,M,,*6C
23:12:26.533 << $GPGSA,A,3,14,30,07,01,17,20,02,22,19,,,,1.75,1.02,1.43*0A
23:12:26.536 << $GPGSV,4,1,14,14,77,352,38,17,65,257,37,22,60,313,32,30,54,196,30*7B
23:12:26.537 << $GPGSV,4,2,14,01,46,076,32,02,31,050,22,19,29,242,23,07,23,165,33*7E
23:12:26.538 << $GPGSV,4,3,14,20,13,273,16,08,07,062,,15,04,301,,03,02,117,*75
23:12:26.539 << $GPGSV,4,4,14,06,01,196,,49,,,*48
23:12:26.541 << $GPRMC,041226.000,A,4153.0212,N,08748.2164,W,0.04,219.47,230107,,,A*75
23:12:27.522 << $GPGGA,041227.000,4153.0212,N,08748.2164,W,1,9,1.02,198.1,M,-34.0,M,,*6D
23:12:27.525 << $GPGSA,A,3,14,30,07,01,17,20,02,22,19,,,,1.75,1.02,1.43*0A
23:12:27.527 << $GPGSV,4,1,14,14,77,352,38,17,65,257,37,22,60,313,32,30,54,196,30*7B
23:12:27.529 << $GPGSV,4,2,14,01,46,076,32,02,31,050,22,19,29,242,23,07,23,165,33*7E
23:12:27.530 << $GPGSV,4,3,14,20,13,273,16,08,07,062,,15,04,301,,03,02,117,*75
23:12:27.531 << $GPGSV,4,4,14,06,01,196,,49,,,*48
23:12:27.532 << $GPRMC,041227.000,A,4153.0212,N,08748.2164,W,0.05,219.47,230107,,,A*75
23:12:28.454 << $GPGGA,041228.000,4153.0212,N,08748.2164,W,1,9,1.02,198.1,M,-34.0,M,,*62
23:12:28.459 << $GPGSA,A,3,14,30,07,01,17,20,02,22,19,,,,1.75,1.02,1.43*0A
23:12:28.461 << $GPGSV,4,1,14,14,77,352,37,17,65,257,37,22,60,313,32,30,54,196,30*74
23:12:28.462 << $GPGSV,4,2,14,01,46,076,32,02,31,050,21,19,29,243,23,07,23,165,33*7C
23:12:28.463 << $GPGSV,4,3,14,20,13,273,16,08,07,062,,15,04,301,,03,02,117,*75
23:12:28.465 << $GPGSV,4,4,14,06,01,196,,37,,,*41
23:12:28.936 << $GPRMC,041228.000,A,4153.0212,N,08748.2164,W,0.04,219.47,230107,,,A*7B
23:12:29.431 << $GPGGA,041229.000,4153.0212,N,08748.2164,W,1,9,1.02,198.1,M,-34.0,M,,*63
23:12:29.434 << $GPGSA,A,3,14,30,07,01,17,20,02,22,19,,,,1.75,1.02,1.43*0A
23:12:29.437 << $GPGSV,4,1,14,14,77,352,37,17,65,257,37,22,60,313,32,30,54,196,30*74
23:12:29.438 << $GPGSV,4,2,14,01,46,076,31,02,31,050,21,19,29,243,23,07,23,165,33*7F
23:12:29.439 << $GPGSV,4,3,14,20,13,273,16,08,07,062,,15,04,301,,03,02,117,*75
23:12:29.440 << $GPGSV,4,4,14,06,01,196,,37,,,*41
23:12:29.442 << $GPRMC,041229.000,A,4153.0212,N,08748.2164,W,0.03,219.47,230107,,,A*7D
23:12:30.889 << $GPGGA,041230.000,4153.0212,N,08748.2164,W,1,9,1.02,198.1,M,-34.0,M,,*6B
23:12:30.893 << $GPGSA,A,3,14,30,07,01,17,20,02,22,19,,,,1.75,1.02,1.43*0A
23:12:30.895 << $GPGSV,4,1,14,14,77,352,37,17,65,257,37,22,60,313,32,30,54,196,30*74
23:12:30.896 << $GPGSV,4,2,14,01,46,076,31,02,31,050,21,19,29,243,23,07,23,165,33*7F
23:12:30.898 << $GPGSV,4,3,14,20,13,273,16,08,07,062,,15,04,301,,03,02,117,*75
23:12:31.379 << $GPGSV,4,4,14,06,01,196,,37,,,*41
23:12:31.381 << $GPRMC,041230.000,A,4153.0212,N,08748.2164,W,0.03,219.47,230107,,,A*75
23:12:31.384 << $GPGGA,041231.000,4153.0212,N,08748.2164,W,1,8,1.27,198.1,M,-34.0,M,,*6C
23:12:31.387 << $GPGSA,A,3,14,30,07,01,17,02,22,19,,,,,2.45,1.27,2.10*0A
23:12:31.389 << $GPGSV,4,1,14,14,77,352,37,17,65,257,37,22,60,313,32,30,54,196,30*74
23:12:31.390 << $GPGSV,4,2,14,01,46,076,31,02,31,050,21,19,29,243,23,07,23,165,33*7F
23:12:31.863 << $GPGSV,4,3,14,20,13,273,,08,07,062,,15,04,301,,03,02,117,*72
23:12:31.864 << $GPGSV,4,4,14,06,01,196,,37,,,*41
23:12:31.866 << $GPRMC,041231.000,A,4153.0212,N,08748.2164,W,0.05,219.47,230107,,,A*72
23:12:32.358 << $GPGGA,041232.000,4153.0212,N,08748.2164,W,1,8,1.27,198.1,M,-34.0,M,,*6F
23:12:32.362 << $GPGSA,A,3,14,30,07,01,17,02,22,19,,,,,2.45,1.27,2.10*0A
23:12:32.364 << $GPGSV,4,1,14,14,77,352,37,17,65,257,37,22,60,313,32,30,54,196,30*74
23:12:32.365 << $GPGSV,4,2,14,01,46,076,31,02,31,050,21,19,29,243,23,07,23,165,33*7F
23:12:32.841 << $GPGSV,4,3,14,20,13,273,,08,07,062,,15,04,301,,03,02,117,*72
23:12:32.842 << $GPGSV,4,4,14,06,01,196,,37,,,*41
23:12:32.843 << $GPRMC,041232.000,A,4153.0212,N,08748.2164,W,0.03,219.47,230107,,,A*77
23:12:33.821 << $GPGGA,041233.000,4153.0212,N,08748.2164,W,1,9,1.02,198.1,M,-34.0,M,,*68
23:12:33.824 << $GPGSA,A,3,14,30,07,01,17,20,02,22,19,,,,1.75,1.02,1.43*0A
23:12:33.825 << $GPGSV,4,1,15,14,77,352,37,17,65,257,37,22,60,313,32,30,54,196,30*75
23:12:33.826 << $GPGSV,4,2,15,01,46,076,31,02,31,050,21,19,29,243,23,07,23,165,33*7E
23:12:33.827 << $GPGSV,4,3,15,20,13,273,16,08,07,062,,15,04,301,,03,02,117,*74
23:12:33.827 << $GPGSV,4,4,15,06,01,196,,24,01,326,,37,,,*70
23:12:33.828 << $GPRMC,041233.000,A,4153.0212,N,08748.2164,W,0.06,219.47,230107,,,A*73
23:12:34.802 << $GPGGA,041234.000,4153.0212,N,08748.2164,W,1,9,1.02,198.1,M,-34.0,M,,*6F
23:12:34.805 << $GPGSA,A,3,14,30,07,01,17,20,02,22,19,,,,1.75,1.02,1.43*0A
23:12:34.808 << $GPGSV,4,1,15,14,77,352,37,17,65,257,37,22,60,313,32,30,54,196,30*75
23:12:34.809 << $GPGSV,4,2,15,01,46,076,31,02,31,050,21,19,29,243,23,07,23,165,33*7E
23:12:34.810 << $GPGSV,4,3,15,20,13,273,15,08,07,062,,15,04,301,,03,02,117,*77
23:12:34.811 << $GPGSV,4,4,15,06,01,196,,24,01,326,,39,,,*7E
23:12:34.813 << $GPRMC,041234.000,A,4153.0212,N,08748.2164,W,0.01,219.47,230107,,,A*73
23:12:35.794 << $GPGGA,041235.000,4153.0212,N,08748.2164,W,1,9,1.02,198.1,M,-34.0,M,,*6E
23:12:35.798 << $GPGSA,A,3,14,30,07,01,17,20,02,22,19,,,,1.75,1.02,1.43*0A
23:12:35.801 << $GPGSV,4,1,15,14,77,352,37,17,65,257,37,22,60,313,32,30,54,196,30*75
23:12:35.802 << $GPGSV,4,2,15,01,46,076,31,02,31,050,21,19,29,243,23,07,23,165,33*7E
23:12:35.803 << $GPGSV,4,3,15,20,13,273,15,08,07,062,,15,04,301,,03,02,117,*77
23:12:35.804 << $GPGSV,4,4,15,06,01,196,,24,01,326,,39,,,*7E
23:12:36.252 << $GPRMC,041235.000,A,4153.0212,N,08748.2164,W,0.04,219.47,230107,,,A*77
23:12:36.738 << $GPGGA,041236.000,4153.0212,N,08748.2164,W,1,9,1.02,198.1,M,-34.0,M,,*6D
23:12:36.741 << $GPGSA,A,3,14,30,07,01,17,20,02,22,19,,,,1.75,1.02,1.42*0B
23:12:36.743 << $GPGSV,4,1,15,14,77,352,37,17,65,257,37,22,60,313,32,30,54,196,30*75
23:12:36.744 << $GPGSV,4,2,15,01,46,076,31,02,31,050,21,19,29,243,23,07,23,165,33*7E
23:12:36.744 << $GPGSV,4,3,15,20,13,273,16,08,07,062,,15,04,301,,03,02,117,*74
23:12:36.745 << $GPGSV,4,4,15,06,01,196,,24,01,326,,39,,,*7E
23:12:36.746 << $GPRMC,041236.000,A,4153.0212,N,08748.2164,W,0.08,219.47,230107,,,A*78
23:12:37.724 << $GPGGA,041237.000,4153.0212,N,08748.2164,W,1,9,1.02,198.1,M,-34.0,M,,*6C
23:12:37.727 << $GPGSA,A,3,14,30,07,01,17,20,02,22,19,,,,1.75,1.02,1.42*0B
23:12:37.729 << $GPGSV,4,1,15,14,77,352,37,17,65,257,37,22,60,313,32,30,54,196,30*75
23:12:37.731 << $GPGSV,4,2,15,01,46,076,31,02,31,050,22,19,29,243,23,07,23,165,33*7D
23:12:37.732 << $GPGSV,4,3,15,20,13,273,16,08,07,062,,15,04,301,,03,02,117,*74
23:12:37.733 << $GPGSV,4,4,15,06,01,196,,24,01,326,,39,,,*7E
23:12:37.738 << $GPRMC,041237.000,A,4153.0212,N,08748.2164,W,0.11,219.47,230107,,,A*71
23:12:38.724 << $GPGGA,041238.000,4153.0213,N,08748.2164,W,1,9,1.02,198.1,M,-34.0,M,,*62
23:12:38.728 << $GPGSA,A,3,14,30,07,01,17,20,02,22,19,,,,1.75,1.02,1.43*0A
23:12:38.731 << $GPGSV,4,1,15,14,77,352,37,17,65,257,37,22,60,313,32,30,54,196,30*75
23:12:38.732 << $GPGSV,4,2,15,01,46,076,31,02,31,050,22,19,29,243,23,07,23,165,33*7D
23:12:38.733 << $GPGSV,4,3,15,20,13,273,16,08,07,062,,15,04,301,,03,02,117,*74
23:12:38.734 << $GPGSV,4,4,15,06,01,196,,24,01,326,,39,,,*7E
23:12:38.736 << $GPRMC,041238.000,A,4153.0213,N,08748.2164,W,0.14,219.47,230107,,,A*7A
23:12:39.663 << $GPGGA,041239.000,4153.0213,N,08748.2165,W,1,9,1.02,198.1,M,-34.0,M,,*62
23:12:39.665 << $GPGSA,A,3,14,30,07,01,17,20,02,22,19,,,,1.75,1.02,1.42*0B
23:12:39.667 << $GPGSV,4,1,15,14,77,352,37,17,65,257,37,22,60,313,32,30,54,196,30*75
23:12:39.668 << $GPGSV,4,2,15,01,46,076,31,02,31,050,22,19,29,243,23,07,23,165,33*7D
23:12:39.669 << $GPGSV,4,3,15,20,13,273,16,08,07,062,,15,04,301,,03,02,117,*74
23:12:39.670 << $GPGSV,4,4,15,06,01,196,,24,01,326,,39,,,*7E
23:12:39.671 << $GPRMC,041239.000,A,4153.0213,N,08748.2165,W,0.15,219.47,230107,,,A*7B
23:12:40.645 << $GPGGA,041240.000,4153.0213,N,08748.2165,W,1,9,1.02,198.1,M,-34.0,M,,*6C
23:12:40.646 << $GPGSA,A,3,14,30,07,01,17,20,02,22,19,,,,1.75,1.02,1.42*0B
23:12:40.647 << $GPGSV,4,1,15,14,77,352,37,17,65,257,37,22,60,313,32,30,54,196,30*75
23:12:40.647 << $GPGSV,4,2,15,01,46,076,30,02,31,050,22,19,29,243,23,07,23,165,33*7C
23:12:40.648 << $GPGSV,4,3,15,20,13,273,16,08,07,062,,15,04,301,,03,02,117,*74
23:12:40.648 << $GPGSV,4,4,15,06,01,196,,24,01,326,,39,,,*7E
23:12:41.126 << $GPRMC,041240.000,A,4153.0213,N,08748.2165,W,0.15,219.47,230107,,,A*75
23:12:41.612 << $GPGGA,041241.000,4153.0214,N,08748.2165,W,1,9,1.02,198.1,M,-34.0,M,,*6A
23:12:41.614 << $GPGSA,A,3,14,30,07,01,17,20,02,22,19,,,,1.75,1.02,1.42*0B
23:12:41.615 << $GPGSV,4,1,15,14,77,352,36,17,65,257,37,22,60,313,32,30,54,196,30*74
23:12:41.616 << $GPGSV,4,2,15,01,46,076,30,02,31,050,22,19,29,243,23,07,23,165,32*7D
23:12:41.617 << $GPGSV,4,3,15,20,13,273,16,08,07,062,,15,04,301,,03,02,117,*74
23:12:41.617 << $GPGSV,4,4,15,06,01,196,,24,01,326,,50,,,*71
23:12:41.620 << $GPRMC,041241.000,A,4153.0214,N,08748.2165,W,0.12,219.47,230107,,,A*74
23:12:42.601 << $GPGGA,041242.000,4153.0214,N,08748.2166,W,1,9,1.02,198.1,M,-34.0,M,,*6A
23:12:42.603 << $GPGSA,A,3,14,30,07,01,17,20,02,22,19,,,,1.75,1.02,1.42*0B
23:12:42.605 << $GPGSV,4,1,15,14,77,352,36,17,65,257,37,22,60,313,32,30,54,196,31*75
23:12:42.605 << $GPGSV,4,2,15,01,46,075,30,02,31,050,22,19,29,243,23,07,23,165,32*7E
23:12:42.606 << $GPGSV,4,3,15,20,13,273,16,08,07,062,,15,04,301,,03,02,117,*74
23:12:42.607 << $GPGSV,4,4,15,06,01,196,,24,01,326,,50,,,*71
23:12:42.608 << $GPRMC,041242.000,A,4153.0214,N,08748.2166,W,0.12,219.47,230107,,,A*74
23:12:43.585 << $GPGGA,041243.000,4153.0214,N,08748.2166,W,1,9,1.02,198.1,M,-34.0,M,,*6B
23:12:43.586 << $GPGSA,A,3,14,30,07,01,17,20,02,22,19,,,,1.75,1.02,1.42*0B
23:12:43.587 << $GPGSV,4,1,15,14,77,352,36,17,65,257,37,22,60,313,32,30,54,196,31*75
23:12:43.587 << $GPGSV,4,2,15,01,46,075,30,02,31,050,21,19,29,243,23,07,23,165,32*7D
23:12:43.588 << $GPGSV,4,3,15,20,13,273,16,08,07,062,,15,04,301,,03,02,117,*74
23:12:43.588 << $GPGSV,4,4,15,06,01,196,,24,01,326,,50,,,*71
23:12:43.589 << $GPRMC,041243.000,A,4153.0214,N,08748.2166,W,0.11,219.47,230107,,,A*76
23:12:44.567 << $GPGGA,041244.000,4153.0214,N,08748.2166,W,1,9,1.02,198.1,M,-34.0,M,,*6C
23:12:44.571 << $GPGSA,A,3,14,30,07,01,17,20,02,22,19,,,,1.75,1.02,1.42*0B
23:12:44.573 << $GPGSV,4,1,15,14,77,352,36,17,65,257,37,22,60,313,32,30,54,196,31*75
23:12:44.574 << $GPGSV,4,2,15,01,46,075,29,02,31,050,20,19,29,243,23,07,23,165,32*74
23:12:44.575 << $GPGSV,4,3,15,20,13,273,16,08,07,062,,15,04,301,,03,02,116,*75
23:12:44.576 << $GPGSV,4,4,15,06,01,196,,24,01,326,,50,,,*71
23:12:44.578 << $GPRMC,041244.000,A,4153.0214,N,08748.2166,W,0.04,219.47,230107,,,A*75
23:12:45.558 << $GPGGA,041245.000,4153.0214,N,08748.2166,W,1,9,1.02,198.1,M,-34.0,M,,*6D
23:12:45.561 << $GPGSA,A,3,14,30,07,01,17,20,02,22,19,,,,1.75,1.02,1.42*0B
23:12:45.563 << $GPGSV,4,1,15,14,77,352,36,17,65,257,36,22,60,313,32,30,54,196,31*74
23:12:45.565 << $GPGSV,4,2,15,01,46,075,28,02,31,050,19,19,29,243,23,07,23,165,32*7F
23:12:45.566 << $GPGSV,4,3,15,20,13,273,16,08,07,062,,15,04,301,,03,02,116,*75
23:12:45.567 << $GPGSV,4,4,15,06,01,196,,24,01,326,,50,,,*71
23:12:45.569 << $GPRMC,041245.000,A,4153.0214,N,08748.2166,W,0.01,219.47,230107,,,A*71
23:12:46.536 << $GPGGA,041246.000,4153.0214,N,08748.2166,W,1,9,1.02,198.1,M,-34.0,M,,*6E
23:12:46.537 << $GPGSA,A,3,14,30,07,01,17,20,02,22,19,,,,1.75,1.02,1.42*0B
23:12:46.538 << $GPGSV,4,1,15,14,77,352,35,17,65,257,36,22,60,313,32,30,54,196,31*77
23:12:46.539 << $GPGSV,4,2,15,01,46,075,28,02,31,050,19,19,29,243,23,07,23,165,31*7C
23:12:46.539 << $GPGSV,4,3,15,20,13,273,16,08,07,062,,15,04,301,,03,02,116,*75
23:12:46.976 << $GPGSV,4,4,15,06,01,196,,24,01,326,,50,,,*71
23:12:46.979 << $GPRMC,041246.000,A,4153.0214,N,08748.2166,W,0.03,219.47,230107,,,A*70
23:12:47.463 << $GPGGA,041247.000,4153.0214,N,08748.2166,W,1,9,1.02,198.1,M,-34.0,M,,*6F
23:12:47.466 << $GPGSA,A,3,14,30,07,01,17,20,02,22,19,,,,1.75,1.02,1.42*0B
23:12:47.467 << $GPGSV,4,1,15,14,77,352,35,17,65,257,36,22,60,313,32,30,54,196,31*77
23:12:47.468 << $GPGSV,4,2,15,01,46,075,28,02,31,050,18,19,29,243,23,07,23,165,31*7D
23:12:47.469 << $GPGSV,4,3,15,20,13,273,16,08,07,062,,15,04,301,,06,02,196,*78
23:12:47.470 << $GPGSV,4,4,15,03,02,116,,24,01,326,,42,,,*7C
23:12:47.471 << $GPRMC,041247.000,A,4153.0214,N,08748.2166,W,0.07,219.47,230107,,,A*75
23:12:48.454 << $GPGGA,041248.000,4153.0214,N,08748.2166,W,1,9,1.02,198.1,M,-34.0,M,,*60
23:12:48.458 << $GPGSA,A,3,14,30,07,01,17,20,02,22,19,,,,1.75,1.02,1.42*0B
23:12:48.459 << $GPGSV,4,1,15,14,77,352,35,17,65,257,36,22,60,313,32,30,54,196,32*74
23:12:48.460 << $GPGSV,4,2,15,01,46,075,28,02,31,050,18,19,29,243,23,07,23,165,31*7D
23:12:48.461 << $GPGSV,4,3,15,20,13,273,16,08,07,062,,15,04,301,,06,02,196,*78
23:12:48.462 << $GPGSV,4,4,15,03,02,116,,24,01,326,,42,,,*7C
23:12:48.463 << $GPRMC,041248.000,A,4153.0214,N,08748.2166,W,0.03,219.47,230107,,,A*7E
23:12:49.440 << $GPGGA,041249.000,4153.0214,N,08748.2166,W,1,9,1.02,198.1,M,-34.0,M,,*61
23:12:49.445 << $GPGSA,A,3,14,30,07,01,17,20,02,22,19,,,,1.75,1.02,1.42*0B
23:12:49.447 << $GPGSV,4,1,15,14,77,352,35,17,65,257,36,22,60,313,32,30,54,196,32*74
23:12:49.448 << $GPGSV,4,2,15,01,46,075,28,02,31,050,19,19,29,243,23,07,23,165,31*7C
23:12:49.449 << $GPGSV,4,3,15,20,13,273,16,08,06,063,,15,04,301,,06,02,196,*78
23:12:49.450 << $GPGSV,4,4,15,03,02,116,,24,01,326,,42,,,*7C
23:12:49.451 << $GPRMC,041249.000,A,4153.0214,N,08748.2166,W,0.05,219.47,230107,,,A*79
23:12:50.877 << $GPGGA,041250.000,4153.0214,N,08748.2166,W,1,9,1.02,198.1,M,-34.0,M,,*69
23:12:50.881 << $GPGSA,A,3,14,30,07,01,17,20,02,22,19,,,,1.75,1.02,1.42*0B
23:12:50.882 << $GPGSV,4,1,15,14,77,352,35,17,65,257,36,22,60,313,32,30,54,196,31*77
23:12:50.883 << $GPGSV,4,2,15,01,46,075,28,02,31,050,19,19,29,243,23,07,23,165,31*7C
23:12:50.883 << $GPGSV,4,3,15,20,13,273,16,08,06,063,,15,04,301,,06,02,196,*78
23:12:50.884 << $GPGSV,4,4,15,03,02,116,,24,01,326,,42,,,*7C
23:12:50.885 << $GPRMC,041250.000,A,4153.0214,N,08748.2166,W,0.09,219.47,230107,,,A*7D
23:12:51.364 << $GPGGA,041251.000,4153.0214,N,08748.2166,W,1,9,1.02,198.1,M,-34.0,M,,*68
23:12:51.367 << $GPGSA,A,3,14,30,07,01,17,20,02,22,19,,,,1.75,1.02,1.42*0B
23:12:51.369 << $GPGSV,4,1,15,14,77,352,35,17,65,257,36,22,60,313,32,30,54,196,31*77
23:12:51.369 << $GPGSV,4,2,15,01,46,075,28,02,31,050,18,19,29,243,23,07,23,165,31*7D
23:12:51.370 << $GPGSV,4,3,15,20,13,273,16,08,06,063,,15,04,301,,06,02,196,*78
23:12:51.849 << $GPGSV,4,4,15,03,02,116,,24,01,326,,42,,,*7C
23:12:51.851 << $GPRMC,041251.000,A,4153.0214,N,08748.2166,W,0.04,219.47,230107,,,A*71
23:12:52.830 << $GPGGA,041252.000,4153.0214,N,08748.2166,W,1,9,1.02,198.1,M,-34.0,M,,*6B
23:12:52.833 << $GPGSA,A,3,14,30,07,01,17,20,02,22,19,,,,1.75,1.02,1.42*0B
23:12:52.835 << $GPGSV,4,1,15,14,77,352,35,17,65,257,36,22,60,313,32,30,54,196,31*77
23:12:52.837 << $GPGSV,4,2,15,01,46,075,28,02,31,050,18,19,29,243,23,07,23,165,31*7D
23:12:52.838 << $GPGSV,4,3,15,20,13,273,16,08,06,063,,15,04,301,,06,02,196,*78
23:12:52.839 << $GPGSV,4,4,15,03,02,116,,24,01,326,,42,,,*7C
23:12:52.841 << $GPRMC,041252.000,A,4153.0214,N,08748.2166,W,0.02,219.47,230107,,,A*74
23:12:53.819 << $GPGGA,041253.000,4153.0214,N,08748.2166,W,1,9,1.02,198.1,M,-34.0,M,,*6A
23:12:53.821 << $GPGSA,A,3,14,30,07,01,17,20,02,22,19,,,,1.75,1.02,1.42*0B
23:12:53.823 << $GPGSV,4,1,15,14,77,352,35,17,65,257,36,22,60,313,32,30,54,196,31*77
23:12:53.824 << $GPGSV,4,2,15,01,46,075,28,02,31,050,18,19,29,243,23,07,23,165,31*7D
23:12:53.825 << $GPGSV,4,3,15,20,13,273,16,08,06,063,,15,04,301,,06,02,196,*78
23:12:53.826 << $GPGSV,4,4,15,03,02,116,,24,01,326,,40,,,*7E
23:12:53.827 << $GPRMC,041253.000,A,4153.0214,N,08748.2166,W,0.03,219.47,230107,,,A*74
23:12:54.793 << $GPGGA,041254.000,4153.0214,N,08748.2166,W,1,9,1.02,198.1,M,-34.0,M,,*6D
23:12:54.797 << $GPGSA,A,3,14,30,07,01,17,20,02,22,19,,,,1.75,1.02,1.42*0B
23:12:54.800 << $GPGSV,4,1,15,14,77,352,35,17,65,257,36,22,60,313,32,30,54,196,31*77
23:12:54.801 << $GPGSV,4,2,15,01,46,075,28,02,31,050,18,19,29,243,22,07,23,165,30*7D
23:12:54.802 << $GPGSV,4,3,15,20,13,273,16,08,06,063,,15,04,301,,06,02,196,*78
23:12:54.803 << $GPGSV,4,4,15,03,02,116,,24,01,326,,40,,,*7E
23:12:54.805 << $GPRMC,041254.000,A,4153.0214,N,08748.2166,W,0.05,219.47,230107,,,A*75
23:12:55.789 << $GPGGA,041255.000,4153.0214,N,08748.2166,W,1,9,1.02,198.1,M,-34.0,M,,*6C
23:12:55.793 << $GPGSA,A,3,14,30,07,01,17,20,02,22,19,,,,1.75,1.02,1.42*0B
23:12:55.795 << $GPGSV,4,1,15,14,77,352,35,17,65,257,36,22,60,313,32,30,54,196,31*77
23:12:55.796 << $GPGSV,4,2,15,01,46,075,28,02,31,050,18,19,29,243,22,07,23,165,30*7D
23:12:55.798 << $GPGSV,4,3,15,20,13,273,16,08,06,063,,15,04,301,,06,02,196,*78
23:12:55.799 << $GPGSV,4,4,15,03,02,116,,24,01,326,,40,,,*7E
23:12:55.800 << $GPRMC,041255.000,A,4153.0214,N,08748.2166,W,0.02,219.47,230107,,,A*73
23:12:56.778 << $GPGGA,041256.000,4153.0214,N,08748.2165,W,1,9,1.02,198.1,M,-34.0,M,,*6C
23:12:56.782 << $GPGSA,A,3,14,30,07,01,17,20,02,22,19,,,,1.75,1.02,1.42*0B
23:12:56.784 << $GPGSV,4,1,15,14,77,352,35,17,65,257,36,22,60,313,32,30,54,196,31*77
23:12:56.786 << $GPGSV,4,2,15,01,46,075,27,02,31,050,18,19,29,243,22,07,23,165,30*72
23:12:56.787 << $GPGSV,4,3,15,20,13,273,16,08,06,063,,15,04,301,,06,02,196,*78
23:12:56.788 << $GPGSV,4,4,15,03,02,116,,24,01,326,,40,,,*7E
23:12:57.212 << $GPRMC,041256.000,A,4153.0214,N,08748.2165,W,0.03,219.47,230107,,,A*72
23:12:57.709 << $GPGGA,041257.000,4153.0214,N,08748.2165,W,1,9,1.02,198.1,M,-34.0,M,,*6D
23:12:57.713 << $GPGSA,A,3,14,30,07,01,17,20,02,22,19,,,,1.75,1.02,1.42*0B
23:12:57.715 << $GPGSV,4,1,15,14,77,352,35,17,65,257,36,22,60,313,32,30,54,196,31*77
23:12:57.716 << $GPGSV,4,2,15,01,46,075,28,02,31,050,18,19,29,243,22,07,23,165,29*75
23:12:58.190 << $GPGSV,4,3,15,20,13,273,16,08,06,063,,15,04,301,,06,02,196,*78
23:12:58.192 << $GPGSV,4,4,15,03,02,116,,24,01,326,,40,,,*7E
23:12:58.195 << $GPRMC,041257.000,A,4153.0214,N,08748.2165,W,0.03,219.47,230107,,,A*73
23:12:58.678 << $GPGGA,041258.000,4153.0214,N,08748.2165,W,1,9,1.02,198.1,M,-34.0,M,,*62
23:12:58.681 << $GPGSA,A,3,14,30,07,01,17,20,02,22,19,,,,1.75,1.02,1.42*0B
23:12:58.683 << $GPGSV,4,1,15,14,77,352,35,17,65,257,36,22,60,313,32,30,54,196,31*77
23:12:58.685 << $GPGSV,4,2,15,01,46,075,28,02,31,050,18,19,29,243,22,07,23,165,29*75
23:12:58.686 << $GPGSV,4,3,15,20,13,273,17,08,06,063,,15,04,301,,06,02,196,*79
23:12:58.687 << $GPGSV,4,4,15,03,02,116,,24,01,326,,40,,,*7E
23:12:58.689 << $GPRMC,041258.000,A,4153.0214,N,08748.2165,W,0.02,219.47,230107,,,A*7D
23:12:59.673 << $GPGGA,041259.000,4153.0214,N,08748.2165,W,1,9,1.02,198.1,M,-34.0,M,,*63
23:12:59.677 << $GPGSA,A,3,14,30,07,01,17,20,02,22,19,,,,1.75,1.02,1.42*0B
23:12:59.679 << $GPGSV,4,1,15,14,77,352,35,17,65,257,36,22,60,313,32,30,54,196,31*77
23:12:59.681 << $GPGSV,4,2,15,01,46,075,28,02,31,050,18,19,29,243,22,07,23,165,29*75
23:12:59.682 << $GPGSV,4,3,15,20,13,273,17,08,06,063,,15,04,301,,06,02,196,*79
23:12:59.683 << $GPGSV,4,4,15,03,02,116,,24,01,326,,40,,,*7E
23:12:59.685 << $GPRMC,041259.000,A,4153.0214,N,08748.2165,W,0.02,219.47,230107,,,A*7C
23:13:00.663 << $GPGGA,041300.000,4153.0214,N,08748.2165,W,1,9,1.02,198.1,M,-34.0,M,,*6E
23:13:00.668 << $GPGSA,A,3,14,30,07,01,17,20,02,22,19,,,,1.75,1.02,1.42*0B
23:13:00.670 << $GPGSV,4,1,15,14,77,352,35,17,65,257,36,22,60,313,33,30,54,196,31*76
23:13:00.672 << $GPGSV,4,2,15,01,46,075,28,51,37,207,,02,31,050,18,19,29,243,22*7F
23:13:00.673 << $GPGSV,4,3,15,07,23,165,29,20,13,273,17,08,06,063,,15,04,301,*7C
23:13:00.674 << $GPGSV,4,4,15,06,02,196,,03,02,116,,24,01,326,*40
23:13:00.676 << $GPRMC,041300.000,A,4153.0214,N,08748.2165,W,0.03,219.47,230107,,,A*70
23:13:01.597 << $GPGGA,041301.000,4153.0214,N,08748.2165,W,1,9,1.02,198.1,M,-34.0,M,,*6F
23:13:01.654 << $GPGSA,A,3,14,30,07,01,17,20,02,22,19,,,,1.75,1.02,1.42*0B
23:13:01.657 << $GPGSV,4,1,15,14,77,352,35,17,65,257,36,22,60,313,33,30,54,196,31*76
23:13:01.658 << $GPGSV,4,2,15,01,46,075,28,51,37,207,,02,31,050,18,19,29,243,22*7F
23:13:01.659 << $GPGSV,4,3,15,07,23,165,29,20,13,273,17,08,06,063,,15,04,301,*7C
23:13:01.660 << $GPGSV,4,4,15,06,02,196,,03,02,116,,24,01,326,*40
23:13:02.095 << $GPRMC,041301.000,A,4153.0214,N,08748.2165,W,0.05,219.47,230107,,,A*77
23:13:02.573 << $GPGGA,041302.000,4153.0214,N,08748.2165,W,1,9,1.02,198.1,M,-34.0,M,,*6C
23:13:02.580 << $GPGSA,A,3,14,30,07,01,17,20,02,22,19,,,,1.75,1.02,1.42*0B
23:13:02.581 << $GPGSV,4,1,15,14,77,352,35,17,65,257,36,22,60,313,33,30,54,196,31*76
23:13:02.582 << $GPGSV,4,2,15,01,46,075,28,51,37,207,,02,31,050,18,19,29,243,22*7F
23:13:02.639 << $GPGSV,4,3,15,07,23,165,29,20,13,273,17,08,06,063,,15,04,301,*7C
23:13:02.640 << $GPGSV,4,4,15,06,02,196,,03,02,116,,24,01,326,*40
23:13:02.642 << $GPRMC,041302.000,A,4153.0214,N,08748.2165,W,0.03,219.47,230107,,,A*72
23:13:03.551 << $GPGGA,041303.000,4153.0214,N,08748.2165,W,1,9,1.02,198.1,M,-34.0,M,,*6D
23:13:03.555 << $GPGSA,A,3,14,30,07,01,17,20,02,22,19,,,,1.75,1.02,1.42*0B
23:13:03.558 << $GPGSV,4,1,15,14,77,352,35,17,65,257,36,22,60,314,33,30,54,196,31*71
23:13:03.559 << $GPGSV,4,2,15,01,46,075,28,51,37,207,,02,31,050,18,19,29,243,22*7F
23:13:03.561 << $GPGSV,4,3,15,07,23,165,29,20,13,273,17,08,06,063,,15,04,301,*7C
23:13:03.562 << $GPGSV,4,4,15,06,02,196,,03,02,116,,24,01,326,*40
23:13:03.564 << $GPRMC,041303.000,A,4153.0214,N,08748.2165,W,0.03,219.47,230107,,,A*73
23:13:04.539 << $GPGGA,041304.000,4153.0214,N,08748.2165,W,1,9,1.02,198.1,M,-34.0,M,,*6A
23:13:04.544 << $GPGSA,A,3,14,30,07,01,17,20,02,22,19,,,,1.75,1.02,1.42*0B
23:13:04.546 << $GPGSV,4,1,15,14,77,352,35,17,65,257,36,22,60,314,33,30,54,196,31*71
23:13:04.548 << $GPGSV,4,2,15,01,46,075,28,51,37,207,,02,31,050,18,19,29,243,22*7F
23:13:05.013 << $GPGSV,4,3,15,07,23,165,29,20,13,273,17,08,06,063,,15,04,301,*7C
23:13:05.015 << $GPGSV,4,4,15,06,02,196,,03,02,116,,24,01,326,*40
23:13:05.017 << $GPRMC,041304.000,A,4153.0214,N,08748.2165,W,0.07,219.47,230107,,,A*70
23:13:05.507 << $GPGGA,041305.000,4153.0214,N,08748.2165,W,1,9,1.02,198.1,M,-34.0,M,,*6B
23:13:05.515 << $GPGSA,A,3,14,30,07,01,17,20,02,22,19,,,,1.75,1.02,1.42*0B
23:13:05.518 << $GPGSV,4,1,15,14,77,352,35,17,65,257,36,22,60,314,33,30,54,196,31*71
23:13:05.520 << $GPGSV,4,2,15,01,46,075,28,51,37,207,,02,31,050,17,19,29,243,22*70
23:13:05.987 << $GPGSV,4,3,15,07,23,165,29,20,13,273,17,08,06,063,,15,04,301,*7C
23:13:05.989 << $GPGSV,4,4,15,06,02,196,,03,02,116,,24,01,325,*43
23:13:05.992 << $GPRMC,041305.000,A,4153.0214,N,08748.2165,W,0.07,219.47,230107,,,A*71
23:13:06.477 << $GPGGA,041306.000,4153.0213,N,08748.2165,W,1,9,1.02,198.1,M,-34.0,M,,*6F
23:13:06.963 << $GPGSA,A,3,14,30,07,01,17,20,02,22,19,,,,1.74,1.02,1.42*0A
23:13:06.966 << $GPGSV,4,1,15,14,77,352,35,17,65,257,36,22,60,314,33,30,54,196,31*71
23:13:06.968 << $GPGSV,4,2,15,01,46,075,28,51,37,207,,02,31,050,17,19,29,243,22*70
23:13:06.969 << $GPGSV,4,3,15,07,23,165,29,20,13,273,18,08,06,063,,15,04,301,*73
23:13:06.970 << $GPGSV,4,4,15,06,02,196,,03,02,116,,24,01,325,*43
23:13:06.972 << $GPRMC,041306.000,A,4153.0213,N,08748.2165,W,0.02,219.47,230107,,,A*70
23:13:07.455 << $GPGGA,041307.000,4153.0213,N,08748.2165,W,1,9,1.02,198.1,M,-34.0,M,,*6E
23:13:07.459 << $GPGSA,A,3,14,30,07,01,17,20,02,22,19,,,,1.74,1.02,1.42*0A
23:13:07.462 << $GPGSV,4,1,15,14,77,352,35,17,65,257,36,22,60,314,33,30,54,196,31*71
23:13:07.463 << $GPGSV,4,2,15,01,46,075,28,51,37,207,,02,31,050,18,19,29,243,22*7F
23:13:07.464 << $GPGSV,4,3,15,07,23,165,29,20,13,273,18,08,06,063,,15,04,301,*73
23:13:07.465 << $GPGSV,4,4,15,06,02,196,,03,02,116,,24,01,325,*43
23:13:07.467 << $GPRMC,041307.000,A,4153.0213,N,08748.2165,W,0.00,219.47,230107,,,A*73
23:13:08.450 << $GPGGA,041308.000,4153.0213,N,08748.2165,W,1,9,1.02,198.1,M,-34.0,M,,*61
23:13:08.454 << $GPGSA,A,3,14,30,07,01,17,20,02,22,19,,,,1.74,1.02,1.42*0A
23:13:08.457 << $GPGSV,4,1,15,14,77,352,35,17,65,257,36,22,60,314,34,30,54,196,31*76
23:13:08.458 << $GPGSV,4,2,15,01,46,075,28,51,37,207,,02,31,050,18,19,29,243,21*7C
23:13:08.460 << $GPGSV,4,3,15,07,23,165,29,20,13,273,18,08,06,063,,15,04,301,*73
23:13:08.461 << $GPGSV,4,4,15,06,02,196,,03,02,116,,24,01,325,*43
23:13:08.463 << $GPRMC,041308.000,A,4153.0213,N,08748.2165,W,0.01,219.47,230107,,,A*7D
23:13:09.446 << $GPGGA,041309.000,4153.0213,N,08748.2165,W,1,9,1.02,198.1,M,-34.0,M,,*60
23:13:09.449 << $GPGSA,A,3,14,30,07,01,17,20,02,22,19,,,,1.74,1.02,1.42*0A
23:13:09.451 << $GPGSV,4,1,15,14,77,352,35,17,65,257,36,22,60,314,34,30,54,196,31*76
23:13:09.452 << $GPGSV,4,2,15,01,46,075,28,51,37,207,,02,31,050,18,19,29,243,21*7C
23:13:09.453 << $GPGSV,4,3,15,07,23,165,29,20,13,273,18,08,06,063,,15,04,301,*73
23:13:09.454 << $GPGSV,4,4,15,06,02,196,,03,02,116,,24,01,325,*43
23:13:09.456 << $GPRMC,041309.000,A,4153.0213,N,08748.2165,W,0.01,219.47,230107,,,A*7C
23:13:10.379 << $GPGGA,041310.000,4153.0213,N,08748.2165,W,1,9,1.02,198.1,M,-34.0,M,,*68
23:13:10.384 << $GPGSA,A,3,14,30,07,01,17,20,02,22,19,,,,1.74,1.02,1.42*0A
23:13:10.386 << $GPGSV,4,1,15,14,77,352,35,17,65,257,36,22,60,314,34,30,54,196,31*76
23:13:10.387 << $GPGSV,4,2,15,01,46,075,28,44,33,219,,02,31,050,18,19,29,243,21*73
23:13:10.867 << $GPGSV,4,3,15,07,23,165,29,20,13,273,18,08,06,063,,15,04,301,*73
23:13:10.869 << $GPGSV,4,4,15,06,02,196,,03,02,116,,24,01,325,*43
23:13:10.872 << $GPRMC,041310.000,A,4153.0213,N,08748.2165,W,0.03,219.47,230107,,,A*76
23:13:11.841 << $GPGGA,041311.000,4153.0213,N,08748.2165,W,1,9,1.02,198.1,M,-34.0,M,,*69
23:13:11.844 << $GPGSA,A,3,14,30,07,01,17,20,02,22,19,,,,1.74,1.02,1.42*0A
23:13:11.847 << $GPGSV,4,1,15,14,77,352,35,17,65,257,36,22,60,314,34,30,53,196,30*70
23:13:11.848 << $GPGSV,4,2,15,01,46,075,28,44,33,219,,02,31,050,18,19,29,243,21*73
23:13:11.849 << $GPGSV,4,3,15,07,23,165,29,20,13,273,18,08,06,063,,15,04,301,*73
23:13:11.849 << $GPGSV,4,4,15,06,02,196,,03,02,116,,24,01,325,*43
23:13:12.324 << $GPRMC,041311.000,A,4153.0213,N,08748.2165,W,0.03,219.47,230107,,,A*77
23:13:12.816 << $GPGGA,041312.000,4153.0213,N,08748.2165,W,1,9,1.02,198.1,M,-34.0,M,,*6A
23:13:12.820 << $GPGSA,A,3,14,30,07,01,17,20,02,22,19,,,,1.74,1.02,1.42*0A
23:13:12.822 << $GPGSV,4,1,15,14,77,352,35,17,65,257,36,22,60,314,34,30,53,196,30*70
23:13:12.824 << $GPGSV,4,2,15,01,46,075,28,44,33,219,,02,31,050,18,19,29,243,21*73
23:13:12.826 << $GPGSV,4,3,15,07,23,165,29,20,13,273,19,08,06,063,,15,04,301,*72
23:13:12.826 << $GPGSV,4,4,15,06,02,196,,03,02,116,,24,01,325,*43
23:13:12.829 << $GPRMC,041312.000,A,4153.0213,N,08748.2165,W,0.03,219.47,230107,,,A*74
23:13:13.811 << $GPGGA,041313.000,4153.0213,N,08748.2165,W,1,9,1.02,198.1,M,-34.0,M,,*6B
23:13:13.815 << $GPGSA,A,3,14,30,07,01,17,20,02,22,19,,,,1.74,1.02,1.42*0A
23:13:13.818 << $GPGSV,4,1,15,14,77,352,35,17,65,257,36,22,60,314,34,30,53,196,30*70
23:13:13.819 << $GPGSV,4,2,15,01,46,075,28,44,33,219,,02,31,050,18,19,29,243,21*73
23:13:13.820 << $GPGSV,4,3,15,07,23,165,29,20,13,273,20,08,06,063,,15,04,301,*78
23:13:13.821 << $GPGSV,4,4,15,06,02,196,,03,02,116,,24,01,325,*43
23:13:13.823 << $GPRMC,041313.000,A,4153.0213,N,08748.2165,W,0.03,219.47,230107,,,A*75
23:13:14.805 << $GPGGA,041314.000,4153.0213,N,08748.2165,W,1,9,1.02,198.2,M,-34.0,M,,*6F
23:13:14.809 << $GPGSA,A,3,14,30,07,01,17,20,02,22,19,,,,1.74,1.02,1.42*0A
23:13:14.811 << $GPGSV,4,1,15,14,77,352,35,17,65,257,36,22,60,314,34,30,53,196,30*70
23:13:14.813 << $GPGSV,4,2,15,01,46,075,28,44,33,219,,02,31,050,18,19,29,243,21*73
23:13:14.814 << $GPGSV,4,3,15,07,23,165,29,20,13,273,20,08,06,063,,15,04,301,*78
23:13:14.815 << $GPGSV,4,4,15,06,02,196,,03,02,116,,24,01,325,*43
23:13:14.817 << $GPRMC,041314.000,A,4153.0213,N,08748.2165,W,0.03,219.47,230107,,,A*72
23:13:15.744 << $GPGGA,041315.000,4153.0213,N,08748.2165,W,1,9,1.02,198.2,M,-34.0,M,,*6E
23:13:15.748 << $GPGSA,A,3,14,30,07,01,17,20,02,22,19,,,,1.74,1.02,1.42*0A
23:13:15.750 << $GPGSV,4,1,15,14,77,352,35,17,65,257,36,22,60,314,34,30,53,196,30*70
23:13:15.752 << $GPGSV,4,2,15,01,46,075,28,44,33,219,,02,31,050,18,19,29,243,21*73
23:13:15.753 << $GPGSV,4,3,15,07,23,165,29,20,13,273,20,08,06,063,,15,04,301,*78
23:13:15.754 << $GPGSV,4,4,15,06,02,196,,03,02,116,,24,01,325,*43
23:13:15.756 << $GPRMC,041315.000,A,4153.0213,N,08748.2165,W,0.03,219.47,230107,,,A*73
23:13:16.733 << $GPGGA,041316.000,4153.0213,N,08748.2165,W,1,9,1.02,198.2,M,-34.0,M,,*6D
23:13:16.738 << $GPGSA,A,3,14,30,07,01,17,20,02,22,19,,,,1.74,1.02,1.42*0A
23:13:16.741 << $GPGSV,4,1,15,14,77,352,35,17,65,257,36,22,60,314,34,30,53,196,30*70
23:13:16.742 << $GPGSV,4,2,15,01,46,075,28,44,33,219,,02,31,050,18,19,29,243,21*73
23:13:16.743 << $GPGSV,4,3,15,07,23,165,28,20,13,273,20,08,06,063,,15,04,301,*79
23:13:16.744 << $GPGSV,4,4,15,06,02,196,,03,02,116,,24,01,325,*43
23:13:17.197 << $GPRMC,041316.000,A,4153.0213,N,08748.2165,W,0.01,219.47,230107,,,A*72
23:13:17.689 << $GPGGA,041317.000,4153.0213,N,08748.2165,W,1,9,1.02,198.2,M,-34.0,M,,*6C
23:13:17.693 << $GPGSA,A,3,14,30,07,01,17,20,02,22,19,,,,1.74,1.02,1.42*0A
23:13:17.695 << $GPGSV,4,1,15,14,77,352,35,17,65,257,36,22,60,314,34,30,53,196,29*78
23:13:17.696 << $GPGSV,4,2,15,01,46,075,27,44,33,219,,02,31,050,19,19,29,243,20*7C
23:13:17.697 << $GPGSV,4,3,15,07,23,165,28,20,13,273,20,08,06,063,,15,04,301,*79
23:13:17.699 << $GPGSV,4,4,15,06,02,196,,03,02,116,,24,01,325,*43
23:13:17.701 << $GPRMC,041317.000,A,4153.0213,N,08748.2165,W,0.03,219.47,230107,,,A*71
23:13:18.677 << $GPGGA,041318.000,4153.0213,N,08748.2165,W,1,9,1.01,198.2,M,-34.0,M,,*60
23:13:18.682 << $GPGSA,A,3,14,30,07,01,17,20,02,22,19,,,,1.74,1.01,1.42*09
23:13:18.685 << $GPGSV,4,1,15,14,77,352,35,17,65,257,36,22,60,314,34,30,53,196,29*78
23:13:18.686 << $GPGSV,4,2,15,01,46,075,27,44,33,219,,02,31,050,19,19,29,243,20*7C
23:13:18.687 << $GPGSV,4,3,15,07,23,165,27,20,13,273,20,08,06,063,,15,04,301,*76
23:13:18.688 << $GPGSV,4,4,15,06,02,196,,03,02,116,,24,01,325,*43
23:13:18.690 << $GPRMC,041318.000,A,4153.0213,N,08748.2165,W,0.04,219.47,230107,,,A*79
23:13:19.675 << $GPGGA,041319.000,4153.0213,N,08748.2165,W,1,9,1.02,198.2,M,-34.0,M,,*62
23:13:19.678 << $GPGSA,A,3,14,30,07,01,17,20,02,22,19,,,,1.74,1.02,1.42*0A
23:13:19.680 << $GPGSV,4,1,15,14,77,352,35,17,65,257,36,22,60,314,34,30,53,196,29*78
23:13:19.682 << $GPGSV,4,2,15,01,46,075,27,02,31,050,19,19,29,243,20,48,28,228,*78
23:13:19.683 << $GPGSV,4,3,15,07,23,165,27,20,13,273,21,08,06,063,,15,04,301,*77
23:13:19.684 << $GPGSV,4,4,15,06,02,196,,03,02,116,,24,01,325,*43
23:13:19.686 << $GPRMC,041319.000,A,4153.0213,N,08748.2165,W,0.02,219.47,230107,,,A*7E
23:13:20.615 << $GPGGA,041320.000,4153.0213,N,08748.2165,W,1,9,1.01,198.2,M,-34.0,M,,*6B
23:13:20.618 << $GPGSA,A,3,14,30,07,01,17,20,02,22,19,,,,1.74,1.01,1.42*09
23:13:20.620 << $GPGSV,4,1,15,14,77,352,35,17,65,257,36,22,60,314,34,30,53,196,29*78
23:13:20.622 << $GPGSV,4,2,15,01,46,075,27,02,31,050,19,19,29,243,20,48,28,228,*78
23:13:20.623 << $GPGSV,4,3,15,07,22,165,27,20,13,273,21,08,06,063,,15,04,301,*76
23:13:20.624 << $GPGSV,4,4,15,06,02,196,,03,02,116,,24,01,325,*43
23:13:20.626 << $GPRMC,041320.000,A,4153.0213,N,08748.2165,W,0.01,219.47,230107,,,A*77
23:13:21.595 << $GPGGA,041321.000,4153.0213,N,08748.2165,W,1,9,1.01,198.2,M,-34.0,M,,*6A
23:13:21.599 << $GPGSA,A,3,14,30,07,01,17,20,02,22,19,,,,1.74,1.01,1.42*09
23:13:21.602 << $GPGSV,4,1,15,14,77,352,35,17,65,257,36,22,60,314,34,30,53,196,29*78
23:13:21.603 << $GPGSV,4,2,15,01,46,075,27,02,31,050,18,19,29,243,19,48,28,228,*73
23:13:21.605 << $GPGSV,4,3,15,07,22,165,27,20,13,273,21,08,06,063,,15,04,301,*76
23:13:21.605 << $GPGSV,4,4,15,06,02,196,,03,02,116,,24,01,325,*43
23:13:22.071 << $GPRMC,041321.000,A,4153.0213,N,08748.2165,W,0.02,219.47,230107,,,A*75
23:13:22.564 << $GPGGA,041322.000,4153.0213,N,08748.2165,W,1,9,1.01,198.3,M,-34.0,M,,*68
23:13:22.566 << $GPGSA,A,3,14,30,07,01,17,20,02,22,19,,,,1.74,1.01,1.42*09
23:13:22.567 << $GPGSV,4,1,15,14,77,352,35,17,65,257,36,22,60,314,34,30,53,196,29*78
23:13:22.568 << $GPGSV,4,2,15,01,46,075,27,02,31,050,18,19,29,243,20,48,28,228,*79
23:13:22.568 << $GPGSV,4,3,15,07,22,165,27,20,13,273,21,08,06,063,,15,04,301,*76
23:13:22.569 << $GPGSV,4,4,15,06,02,196,,03,02,116,,24,01,325,*43
23:13:22.570 << $GPRMC,041322.000,A,4153.0213,N,08748.2165,W,0.01,219.47,230107,,,A*75
23:13:23.541 << $GPGGA,041323.000,4153.0213,N,08748.2165,W,1,9,1.01,198.3,M,-34.0,M,,*69
23:13:23.543 << $GPGSA,A,3,14,30,07,01,17,20,02,22,19,,,,1.74,1.01,1.42*09
23:13:23.544 << $GPGSV,4,1,15,14,77,352,35,17,65,257,36,22,60,314,34,30,53,196,29*78
23:13:23.544 << $GPGSV,4,2,15,01,46,075,27,02,31,050,18,19,29,243,20,48,28,228,*79
23:13:23.545 << $GPGSV,4,3,15,07,22,165,27,20,13,273,22,08,06,063,,15,04,301,*75
23:13:23.545 << $GPGSV,4,4,15,06,02,196,,03,02,116,,24,01,325,*43
23:13:23.546 << $GPRMC,041323.000,A,4153.0213,N,08748.2165,W,0.05,219.47,230107,,,A*70
23:13:24.527 << $GPGGA,041324.000,4153.0213,N,08748.2165,W,1,9,1.01,198.3,M,-34.0,M,,*6E
23:13:24.531 << $GPGSA,A,3,14,30,07,01,17,20,02,22,19,,,,1.74,1.01,1.42*09
23:13:24.533 << $GPGSV,4,1,15,14,77,352,35,17,65,257,36,22,60,314,34,30,53,196,29*78
23:13:24.534 << $GPGSV,4,2,15,01,46,075,27,02,31,050,18,19,29,243,20,48,28,228,*79
23:13:24.536 << $GPGSV,4,3,15,07,22,165,27,20,13,273,22,08,06,063,,15,04,301,*75
23:13:24.537 << $GPGSV,4,4,15,06,02,196,,03,02,116,,24,01,325,*43
23:13:24.539 << $GPRMC,041324.000,A,4153.0213,N,08748.2165,W,0.04,219.47,230107,,,A*76
23:13:25.517 << $GPGGA,041325.000,4153.0213,N,08748.2165,W,1,9,1.01,198.3,M,-34.0,M,,*6F
23:13:25.522 << $GPGSA,A,3,14,30,07,01,17,20,02,22,19,,,,1.74,1.01,1.42*09
23:13:25.524 << $GPGSV,4,1,15,14,77,352,35,17,65,257,36,22,60,314,34,30,53,196,29*78
23:13:25.525 << $GPGSV,4,2,15,01,46,075,27,02,31,050,18,19,29,243,20,48,28,228,*79
23:13:25.526 << $GPGSV,4,3,15,07,22,165,27,20,13,273,23,08,06,063,,15,04,301,*74
23:13:25.527 << $GPGSV,4,4,15,06,02,196,,03,02,116,,24,01,325,*43
23:13:25.529 << $GPRMC,041325.000,A,4153.0213,N,08748.2165,W,0.08,219.47,230107,,,A*7B
23:13:26.516 << $GPGGA,041326.000,4153.0213,N,08748.2165,W,1,9,1.02,198.3,M,-34.0,M,,*6F
23:13:26.520 << $GPGSA,A,3,14,30,07,01,17,20,02,22,19,,,,1.74,1.02,1.42*0A
23:13:26.522 << $GPGSV,4,1,15,14,77,352,35,17,65,257,36,22,60,314,34,30,53,196,29*78
23:13:26.524 << $GPGSV,4,2,15,01,46,075,27,02,31,050,18,19,29,243,20,48,28,228,*79
23:13:26.525 << $GPGSV,4,3,15,07,22,165,27,20,13,273,23,08,06,063,,15,04,301,*74
23:13:26.526 << $GPGSV,4,4,15,06,02,196,,03,02,116,,24,01,325,*43
23:13:26.956 << $GPRMC,041326.000,A,4153.0213,N,08748.2165,W,0.05,219.47,230107,,,A*75
23:13:27.447 << $GPGGA,041327.000,4153.0213,N,08748.2165,W,1,9,1.01,198.3,M,-34.0,M,,*6D
23:13:27.451 << $GPGSA,A,3,14,30,07,01,17,20,02,22,19,,,,1.74,1.01,1.42*09
23:13:27.453 << $GPGSV,4,1,15,14,77,353,35,17,65,257,36,22,60,314,34,30,53,196,29*79
23:13:27.454 << $GPGSV,4,2,15,01,46,075,27,02,31,050,18,19,29,243,20,48,28,228,*79
23:13:27.932 << $GPGSV,4,3,15,07,22,165,27,20,13,273,23,08,06,063,,15,04,301,*74
23:13:27.934 << $GPGSV,4,4,15,06,02,196,,03,02,116,,24,01,325,*43
23:13:27.937 << $GPRMC,041327.000,A,4153.0213,N,08748.2165,W,0.09,219.47,230107,,,A*78
23:13:28.411 << $GPGGA,041328.000,4153.0213,N,08748.2164,W,1,9,1.02,198.3,M,-34.0,M,,*60
23:13:28.415 << $GPGSA,A,3,14,30,07,01,17,20,02,22,19,,,,1.74,1.02,1.42*0A
23:13:28.417 << $GPGSV,4,1,15,14,77,353,35,17,65,257,36,22,60,314,34,30,53,196,29*79
23:13:28.418 << $GPGSV,4,2,15,01,46,075,27,02,31,050,18,19,29,243,20,48,28,228,*79
23:13:28.420 << $GPGSV,4,3,15,07,22,165,26,20,13,273,23,08,06,063,,15,04,300,*74
23:13:28.421 << $GPGSV,4,4,15,06,02,196,,03,02,116,,24,01,325,*43
23:13:28.423 << $GPRMC,041328.000,A,4153.0213,N,08748.2164,W,0.04,219.47,230107,,,A*7B
23:13:29.879 << $GPGGA,041329.000,4153.0213,N,08748.2164,W,1,9,1.01,198.3,M,-34.0,M,,*62
23:13:29.883 << $GPGSA,A,3,14,30,07,01,17,20,02,22,19,,,,1.74,1.01,1.42*09
23:13:29.886 << $GPGSV,4,1,15,14,77,353,35,17,65,257,36,22,60,314,34,30,53,196,28*78
23:13:29.887 << $GPGSV,4,2,15,01,46,075,27,02,31,050,18,19,29,243,20,46,26,232,*72
23:13:29.888 << $GPGSV,4,3,15,07,22,165,26,20,13,273,23,08,06,063,,15,04,300,*74
23:13:29.889 << $GPGSV,4,4,15,06,02,196,,03,02,116,,24,01,325,*43
23:13:29.891 << $GPRMC,041329.000,A,4153.0213,N,08748.2164,W,0.02,219.47,230107,,,A*7C
23:13:30.367 << $GPGGA,041330.000,4153.0213,N,08748.2164,W,1,9,1.02,198.4,M,-34.0,M,,*6E
23:13:30.370 << $GPGSA,A,3,14,30,07,01,17,20,02,22,19,,,,1.74,1.02,1.42*0A
23:13:30.373 << $GPGSV,4,1,15,14,77,353,35,17,65,258,36,22,60,314,34,30,53,196,28*77
23:13:30.374 << $GPGSV,4,2,15,01,46,075,27,02,31,050,18,19,29,243,20,46,26,232,*72
23:13:30.854 << $GPGSV,4,3,15,07,22,165,26,20,13,273,23,08,06,063,,15,04,300,*74
23:13:30.856 << $GPGSV,4,4,15,06,02,196,,03,02,116,,24,01,325,*43
23:13:30.858 << $GPRMC,041330.000,A,4153.0213,N,08748.2164,W,0.02,219.47,230107,,,A*74
23:13:31.832 << $GPGGA,041331.000,4153.0213,N,08748.2164,W,1,9,1.01,198.4,M,-34.0,M,,*6C
23:13:31.836 << $GPGSA,A,3,14,30,07,01,17,20,02,22,19,,,,1.74,1.01,1.41*0A
23:13:31.839 << $GPGSV,4,1,15,14,77,353,35,17,65,258,35,22,60,314,34,30,53,196,28*74
23:13:31.840 << $GPGSV,4,2,15,01,46,075,28,02,31,050,18,19,29,243,20,46,26,232,*7D
23:13:31.841 << $GPGSV,4,3,15,07,22,165,26,20,13,273,23,08,06,063,,15,04,300,*74
23:13:31.842 << $GPGSV,4,4,15,06,02,196,,03,02,116,,24,01,325,*43
23:13:31.844 << $GPRMC,041331.000,A,4153.0213,N,08748.2164,W,0.03,219.47,230107,,,A*74
23:13:32.833 << $GPGGA,041332.000,4153.0213,N,08748.2164,W,1,9,1.02,198.4,M,-34.0,M,,*6C
23:13:32.838 << $GPGSA,A,3,14,30,07,01,17,20,02,22,19,,,,1.74,1.02,1.42*0A
23:13:32.840 << $GPGSV,4,1,15,14,77,353,35,17,65,258,35,22,60,314,33,30,53,196,27*7C
23:13:32.842 << $GPGSV,4,2,15,01,46,075,28,02,31,050,18,19,29,243,21,46,26,232,*7C
23:13:32.843 << $GPGSV,4,3,15,07,22,165,26,20,13,273,23,08,06,063,,15,04,300,*74
23:13:32.844 << $GPGSV,4,4,15,06,02,196,,03,02,116,,24,01,325,*43
23:13:32.846 << $GPRMC,041332.000,A,4153.0213,N,08748.2164,W,0.01,219.47,230107,,,A*75
23:13:33.818 << $GPGGA,041333.000,4153.0213,N,08748.2164,W,1,9,1.02,198.4,M,-34.0,M,,*6D
23:13:33.822 << $GPGSA,A,3,14,30,07,01,17,20,02,22,19,,,,1.74,1.02,1.41*09
23:13:33.824 << $GPGSV,4,1,15,14,77,353,35,17,65,258,35,22,60,314,33,30,53,196,27*7C
23:13:33.825 << $GPGSV,4,2,15,01,46,075,28,02,31,050,18,19,29,243,21,46,26,232,*7C
23:13:33.826 << $GPGSV,4,3,15,07,22,165,26,20,13,273,23,08,06,063,,15,04,300,*74
23:13:33.827 << $GPGSV,4,4,15,06,02,196,,03,02,116,,24,01,325,*43
23:13:33.829 << $GPRMC,041333.000,A,4153.0213,N,08748.2164,W,0.03,219.47,230107,,,A*76
23:13:34.749 << $GPGGA,041334.000,4153.0213,N,08748.2164,W,1,9,1.01,198.4,M,-34.0,M,,*69
23:13:34.752 << $GPGSA,A,3,14,30,07,01,17,20,02,22,19,,,,1.74,1.01,1.41*0A
23:13:34.754 << $GPGSV,4,1,15,14,77,353,35,17,65,258,35,22,60,314,32,30,53,196,26*7C
23:13:34.756 << $GPGSV,4,2,15,01,46,075,28,02,31,050,18,19,29,243,21,46,26,232,*7C
23:13:34.811 << $GPGSV,4,3,15,07,22,165,26,20,13,273,23,08,06,063,,15,04,300,*74
23:13:34.812 << $GPGSV,4,4,15,06,02,196,,03,02,116,,24,01,325,*43
23:13:34.814 << $GPRMC,041334.000,A,4153.0213,N,08748.2164,W,0.04,219.47,230107,,,A*76
23:13:35.723 << $GPGGA,041335.000,4153.0213,N,08748.2164,W,1,9,1.01,198.4,M,-34.0,M,,*68
23:13:35.726 << $GPGSA,A,3,14,30,07,01,17,20,02,22,19,,,,1.74,1.01,1.41*0A
23:13:35.728 << $GPGSV,4,1,15,14,77,353,35,17,65,258,34,22,60,314,32,30,53,196,25*7E
23:13:35.728 << $GPGSV,4,2,15,01,46,075,28,02,31,050,18,19,29,243,21,46,26,232,30*7F
23:13:35.784 << $GPGSV,4,3,15,07,22,165,25,20,13,273,23,08,06,063,,15,04,300,*77
23:13:35.785 << $GPGSV,4,4,15,06,02,196,,03,02,116,,24,01,325,*43
23:13:35.788 << $GPRMC,041335.000,A,4153.0213,N,08748.2164,W,0.03,219.47,230107,,,A*70
23:13:36.754 << $GPGGA,041336.000,4153.0213,N,08748.2164,W,1,9,1.02,198.4,M,-34.0,M,,*68
23:13:36.758 << $GPGSA,A,3,14,30,07,01,17,20,02,22,19,,,,1.74,1.02,1.41*09
23:13:36.760 << $GPGSV,4,1,15,14,77,353,35,17,65,258,34,22,60,314,32,30,53,196,25*7E
23:13:36.762 << $GPGSV,4,2,15,01,46,075,28,02,31,050,18,19,29,243,21,46,26,232,30*7F
23:13:36.763 << $GPGSV,4,3,15,07,22,165,25,20,13,273,23,08,06,063,,15,04,300,*77
23:13:36.764 << $GPGSV,4,4,15,06,02,196,,03,02,116,,24,01,325,*43
23:13:37.190 << $GPRMC,041336.000,A,4153.0213,N,08748.2164,W,0.01,219.47,230107,,,A*71
23:13:37.675 << $GPGGA,041337.000,4153.0213,N,08748.2164,W,1,9,1.01,198.4,M,-34.0,M,,*6A
23:13:37.678 << $GPGSA,A,3,14,30,07,01,17,20,02,22,19,,,,1.74,1.01,1.41*0A
23:13:37.680 << $GPGSV,4,1,15,14,77,353,35,17,65,258,34,22,60,314,32,30,53,196,25*7E
23:13:37.682 << $GPGSV,4,2,15,01,46,075,28,02,31,050,19,19,29,243,21,46,26,232,30*7E
23:13:37.737 << $GPGSV,4,3,15,07,22,165,25,20,13,273,23,08,06,063,,15,04,300,*77
23:13:37.739 << $GPGSV,4,4,15,06,02,196,,03,02,116,,24,01,325,*43
23:13:37.741 << $GPRMC,041337.000,A,4153.0213,N,08748.2164,W,0.04,219.47,230107,,,A*75
23:13:38.652 << $GPGGA,041338.000,4153.0213,N,08748.2164,W,1,9,1.02,198.5,M,-34.0,M,,*67
23:13:38.654 << $GPGSA,A,3,14,30,07,01,17,20,02,22,19,,,,1.74,1.02,1.41*09
23:13:38.655 << $GPGSV,4,1,15,14,77,353,35,17,65,258,34,22,60,314,32,30,53,196,24*7F
23:13:38.656 << $GPGSV,4,2,15,01,46,075,29,02,31,050,19,19,29,243,21,46,26,232,*7C
23:13:38.657 << $GPGSV,4,3,15,07,22,165,25,20,13,273,23,08,06,063,,15,04,300,*77
23:13:38.658 << $GPGSV,4,4,15,06,02,196,,03,02,116,,24,01,325,*43
23:13:38.659 << $GPRMC,041338.000,A,4153.0213,N,08748.2164,W,0.08,219.47,230107,,,A*76
23:13:39.642 << $GPGGA,041339.000,4153.0213,N,08748.2164,W,1,9,1.01,198.5,M,-34.0,M,,*65
23:13:39.643 << $GPGSA,A,3,14,30,07,01,17,20,02,22,19,,,,1.74,1.01,1.41*0A
23:13:39.644 << $GPGSV,4,1,15,14,77,353,35,17,65,258,34,22,60,314,32,30,53,196,23*78
23:13:39.645 << $GPGSV,4,2,15,01,46,075,29,02,31,050,18,19,29,243,21,46,26,232,*7D
23:13:39.645 << $GPGSV,4,3,15,07,22,165,24,20,13,273,23,08,06,063,,15,04,300,*76
23:13:39.645 << $GPGSV,4,4,15,06,02,196,,03,02,116,,24,01,325,*43
23:13:39.646 << $GPRMC,041339.000,A,4153.0213,N,08748.2164,W,0.05,219.47,230107,,,A*7A
23:13:41.092 << $GPGGA,041340.000,4153.0213,N,08748.2164,W,1,9,1.01,198.5,M,-34.0,M,,*6B
23:13:41.096 << $GPGSA,A,3,14,30,07,01,17,20,02,22,19,,,,1.74,1.01,1.41*0A
23:13:41.098 << $GPGSV,4,1,15,14,77,353,35,17,65,258,34,22,60,314,32,30,53,196,22*79
23:13:41.100 << $GPGSV,4,2,15,01,46,075,29,02,31,050,19,19,29,243,21,46,26,232,*7C
23:13:41.101 << $GPGSV,4,3,15,07,22,165,24,20,13,273,23,08,06,063,,15,04,300,*76
23:13:41.102 << $GPGSV,4,4,15,06,02,196,,03,02,116,,24,01,325,*43
23:13:41.104 << $GPRMC,041340.000,A,4153.0213,N,08748.2164,W,0.04,219.47,230107,,,A*75
23:13:41.626 << $GPGGA,041341.000,4153.0212,N,08748.2164,W,1,9,1.01,198.5,M,-34.0,M,,*6B
23:13:41.627 << $GPGSA,A,3,14,30,07,01,17,20,02,22,19,,,,1.74,1.01,1.41*0A
23:13:41.628 << $GPGSV,4,1,15,14,77,353,35,17,65,258,34,22,60,314,32,30,53,196,21*7A
23:13:41.629 << $GPGSV,4,2,15,01,46,075,29,02,31,050,19,19,29,243,21,46,26,232,*7C
23:13:41.630 << $GPGSV,4,3,15,07,22,165,24,20,13,273,23,08,06,063,,15,04,300,*76
23:13:41.630 << $GPGSV,4,4,15,06,02,196,,03,02,116,,24,01,325,*43
23:13:41.941 >> $PMTK182,2,8*33
23:13:42.071 << $GPRMC,041341.000,A,4153.0212,N,08748.2164,W,0.02,219.47,230107,,,A*73
23:13:42.394 << $GPGGA,041342.000,4153.0212,N,08748.2164,W,1,9,1.01,198.5,M,-34.0,M,,*68
23:13:42.398 << $GPGSA,A,3,14,30,07,01,17,20,02,22,19,,,,1.74,1.01,1.41*0A
23:13:42.400 << $GPGSV,4,1,15,14,77,353,35,17,65,258,34,22,60,314,32,30,53,196,21*7A
23:13:42.401 << $GPGSV,4,2,15,01,46,075,29,02,31,050,19,19,29,243,21,46,26,232,*7C
23:13:42.403 << $GPGSV,4,3,15,07,22,165,23,20,13,273,23,08,06,063,,15,04,300,*71
23:13:42.404 << $GPGSV,4,4,15,06,02,196,,03,02,116,,24,01,325,*43
23:13:42.406 << $GPRMC,041342.000,A,4153.0212,N,08748.2164,W,0.02,219.47,230107,,,A*70
23:13:42.418 << $PMTK182,3,8,00018840*1B
23:13:42.419 << $PMTK001,182,2,3*25
23:13:43.393 << $GPGGA,041343.000,4153.0212,N,08748.2164,W,1,9,1.01,198.6,M,-34.0,M,,*6A
23:13:43.397 << $GPGSA,A,3,14,30,07,01,17,20,02,22,19,,,,1.74,1.01,1.41*0A
23:13:43.399 << $GPGSV,4,1,15,14,77,353,35,17,65,258,34,22,60,314,32,30,53,195,21*79
23:13:43.455 << $GPGSV,4,2,15,01,46,075,29,02,31,050,18,19,29,243,21,46,26,232,*7D
23:13:43.456 << $GPGSV,4,3,15,07,22,165,23,20,13,273,23,08,06,063,,15,04,300,*71
23:13:43.457 << $GPGSV,4,4,15,06,02,196,,03,02,116,,24,01,325,*43
23:13:43.458 << $GPRMC,041343.000,A,4153.0212,N,08748.2164,W,0.04,219.47,230107,,,A*77
23:13:44.438 << $GPGGA,041344.000,4153.0212,N,08748.2164,W,1,9,1.01,198.6,M,-34.0,M,,*6D
23:13:44.443 << $GPGSA,A,3,14,30,07,01,17,20,02,22,19,,,,1.74,1.01,1.41*0A
23:13:44.446 << $GPGSV,4,1,15,14,77,353,35,17,65,258,34,22,60,314,32,30,53,195,20*78
23:13:44.447 << $GPGSV,4,2,15,01,46,075,29,02,31,050,18,19,29,243,21,46,26,232,*7D
23:13:44.448 << $GPGSV,4,3,15,07,22,165,23,20,13,273,23,08,06,063,,15,04,300,*71
23:13:44.449 << $GPGSV,4,4,15,06,02,196,,03,02,116,,24,01,325,*43
23:13:44.451 << $GPRMC,041344.000,A,4153.0212,N,08748.2164,W,0.06,219.47,230107,,,A*72
23:13:45.376 << $GPGGA,041345.000,4153.0212,N,08748.2164,W,1,9,1.01,198.6,M,-34.0,M,,*6C
23:13:45.380 << $GPGSA,A,3,14,30,07,01,17,20,02,22,19,,,,1.74,1.01,1.41*0A
23:13:45.383 << $GPGSV,4,1,15,14,77,353,35,17,65,258,33,22,60,314,31,30,53,195,20*7C
23:13:45.384 << $GPGSV,4,2,15,01,46,075,29,02,31,050,19,19,29,243,21,46,26,232,*7C
23:13:45.439 << $GPGSV,4,3,15,07,22,165,23,20,13,273,23,08,06,063,,15,04,300,*71
23:13:45.441 << $GPGSV,4,4,15,06,02,196,,03,02,116,,24,01,325,*43
23:13:45.442 << $GPRMC,041345.000,A,4153.0212,N,08748.2164,W,0.04,219.47,230107,,,A*71
23:13:46.382 << $GPGGA,041346.000,4153.0212,N,08748.2164,W,1,9,1.01,198.6,M,-34.0,M,,*6F
23:13:46.386 << $GPGSA,A,3,14,30,07,01,17,20,02,22,19,,,,1.74,1.01,1.41*0A
23:13:46.389 << $GPGSV,4,1,15,14,77,353,35,17,65,258,33,22,60,314,31,30,53,195,19*76
23:13:46.391 << $GPGSV,4,2,15,01,46,075,30,02,31,050,19,19,29,243,21,46,26,232,*74
23:13:46.392 << $GPGSV,4,3,15,07,22,165,23,20,13,273,23,08,06,063,,15,04,300,*71
23:13:46.446 << $GPGSV,4,4,15,06,02,196,,03,02,116,,24,01,325,*43
23:13:46.448 << $GPRMC,041346.000,A,4153.0212,N,08748.2164,W,0.04,219.47,230107,,,A*72
23:13:47.425 << $GPGGA,041347.000,4153.0212,N,08748.2164,W,1,9,1.02,198.6,M,-34.0,M,,*6D
23:13:47.428 << $GPGSA,A,3,14,30,07,01,17,20,02,22,19,,,,1.74,1.02,1.41*09
23:13:47.431 << $GPGSV,4,1,15,14,77,353,35,17,65,258,33,22,60,314,31,30,53,195,18*77
23:13:47.432 << $GPGSV,4,2,15,01,46,075,30,02,31,050,19,19,29,243,21,07,22,165,23*75
23:13:47.915 << $GPGSV,4,3,15,20,13,273,23,08,06,063,,15,04,300,,33,04,102,*72
23:13:47.917 << $GPGSV,4,4,15,06,02,196,,03,02,116,,24,01,325,*43
23:13:47.920 << $GPRMC,041347.000,A,4153.0212,N,08748.2164,W,0.04,219.47,230107,,,A*73
23:13:48.405 << $GPGGA,041348.000,4153.0212,N,08748.2163,W,1,9,1.01,198.6,M,-34.0,M,,*66
23:13:48.409 << $GPGSA,A,3,14,30,07,01,17,20,02,22,19,,,,1.74,1.01,1.41*0A
23:13:48.411 << $GPGSV,4,1,15,14,77,353,35,17,65,258,33,22,60,314,31,30,53,195,18*77
23:13:48.412 << $GPGSV,4,2,15,01,46,075,30,02,31,050,19,19,29,243,21,07,22,165,23*75
23:13:48.413 << $GPGSV,4,3,15,20,13,273,23,08,06,063,,15,04,300,,33,04,102,*72
23:13:48.415 << $GPGSV,4,4,15,03,03,116,,06,02,196,,24,01,325,*42
23:13:48.418 << $GPRMC,041348.000,A,4153.0212,N,08748.2163,W,0.06,219.47,230107,,,A*79
23:13:49.868 << $GPGGA,041349.000,4153.0212,N,08748.2163,W,1,9,1.02,198.6,M,-34.0,M,,*64
23:13:49.872 << $GPGSA,A,3,14,30,07,01,17,20,02,22,19,,,,1.74,1.02,1.41*09
23:13:49.874 << $GPGSV,4,1,15,14,77,353,35,17,65,258,33,22,60,314,31,30,53,195,18*77
23:13:49.875 << $GPGSV,4,2,15,01,46,075,30,02,31,050,19,19,29,243,21,07,22,165,22*74
23:13:49.876 << $GPGSV,4,3,15,20,13,273,23,08,06,063,,15,04,300,,33,04,102,*72
23:13:49.877 << $GPGSV,4,4,15,03,03,116,,06,02,196,,24,01,325,*42
23:13:49.879 << $GPRMC,041349.000,A,4153.0212,N,08748.2163,W,0.08,219.47,230107,,,A*76
23:13:50.870 << $GPGGA,041350.000,4153.0212,N,08748.2163,W,1,9,1.02,198.6,M,-34.0,M,,*6C
23:13:50.874 << $GPGSA,A,3,14,30,07,01,17,20,02,22,19,,,,1.74,1.02,1.41*09
23:13:50.877 << $GPGSV,4,1,15,14,77,353,35,17,65,258,33,22,60,314,31,30,53,195,18*77
23:13:50.878 << $GPGSV,4,2,15,01,46,075,30,02,31,050,18,19,29,243,22,07,22,165,22*76
23:13:50.879 << $GPGSV,4,3,15,20,13,273,23,08,06,063,,15,04,300,,33,04,102,*72
23:13:50.880 << $GPGSV,4,4,15,03,03,116,,06,02,196,,24,01,325,*42
23:13:50.883 << $GPRMC,041350.000,A,4153.0212,N,08748.2163,W,0.03,219.47,230107,,,A*75
23:13:51.811 << $GPGGA,041351.000,4153.0212,N,08748.2163,W,1,9,1.02,198.6,M,-34.0,M,,*6D
23:13:51.815 << $GPGSA,A,3,14,30,07,01,17,20,02,22,19,,,,1.74,1.02,1.41*09
23:13:51.818 << $GPGSV,4,1,15,14,77,353,35,17,65,258,32,22,60,314,30,30,53,195,20*7C
23:13:51.819 << $GPGSV,4,2,15,01,46,075,30,02,31,050,18,19,29,243,22,07,22,165,22*76
23:13:51.820 << $GPGSV,4,3,15,20,13,273,23,08,06,063,,15,04,300,,33,04,102,*72
23:13:51.876 << $GPGSV,4,4,15,03,03,116,,06,02,196,,24,01,325,*42
23:13:51.878 << $GPRMC,041351.000,A,4153.0212,N,08748.2163,W,0.04,219.47,230107,,,A*73
23:13:52.790 << $GPGGA,041352.000,4153.0212,N,08748.2163,W,1,9,1.01,198.6,M,-34.0,M,,*6D
23:13:52.794 << $GPGSA,A,3,14,30,07,01,17,20,02,22,19,,,,1.74,1.01,1.41*0A
23:13:52.797 << $GPGSV,4,1,15,14,77,353,35,17,65,258,32,22,60,314,30,30,53,195,20*7C
23:13:52.798 << $GPGSV,4,2,15,01,46,075,30,02,31,050,19,19,29,243,23,07,22,165,21*75
23:13:53.283 << $GPGSV,4,3,15,20,13,273,23,08,06,063,,15,04,300,,33,04,102,*72
23:13:53.285 << $GPGSV,4,4,15,03,03,116,,06,02,196,,24,01,325,*42
23:13:53.287 << $GPRMC,041352.000,A,4153.0212,N,08748.2163,W,0.05,219.47,230107,,,A*71
23:13:53.766 << $GPGGA,041353.000,4153.0212,N,08748.2163,W,1,9,1.01,198.7,M,-34.0,M,,*6D
23:13:53.769 << $GPGSA,A,3,14,30,07,01,17,20,02,22,19,,,,1.74,1.01,1.41*0A
23:13:53.772 << $GPGSV,4,1,15,14,77,353,35,17,65,258,32,22,60,314,30,30,53,195,21*7D
23:13:53.773 << $GPGSV,4,2,15,01,46,075,30,02,31,050,19,19,29,243,24,07,22,165,21*72
23:13:53.774 << $GPGSV,4,3,15,20,13,273,24,08,06,063,,15,04,300,,33,04,102,*75
23:13:53.775 << $GPGSV,4,4,15,03,03,116,,06,02,196,,24,01,325,*42
23:13:53.777 << $GPRMC,041353.000,A,4153.0212,N,08748.2163,W,0.03,219.47,230107,,,A*76
23:13:54.762 << $GPGGA,041354.000,4153.0212,N,08748.2163,W,1,9,1.01,198.7,M,-34.0,M,,*6A
23:13:54.766 << $GPGSA,A,3,14,30,07,01,17,20,02,22,19,,,,1.74,1.01,1.41*0A
23:13:54.768 << $GPGSV,4,1,15,14,77,353,34,17,65,258,32,22,60,314,29,30,53,195,22*77
23:13:54.770 << $GPGSV,4,2,15,01,46,075,30,02,31,050,18,19,29,243,24,07,22,165,20*72
23:13:54.771 << $GPGSV,4,3,15,20,13,273,24,08,06,063,,15,04,300,,33,04,102,*75
23:13:54.772 << $GPGSV,4,4,15,03,03,116,,06,02,196,,24,01,325,*42
23:13:54.774 << $GPRMC,041354.000,A,4153.0212,N,08748.2163,W,0.06,219.47,230107,,,A*74
23:13:55.756 << $GPGGA,041355.000,4153.0212,N,08748.2163,W,1,9,1.01,198.7,M,-34.0,M,,*6B
23:13:55.761 << $GPGSA,A,3,14,30,07,01,17,20,02,22,19,,,,1.74,1.01,1.41*0A
23:13:55.763 << $GPGSV,4,1,15,14,77,353,34,17,65,258,32,22,60,314,29,30,53,195,23*76
23:13:55.764 << $GPGSV,4,2,15,01,46,075,31,02,31,050,19,19,29,243,23,07,22,165,21*74
23:13:55.765 << $GPGSV,4,3,15,20,13,273,24,08,06,063,,15,04,300,,33,04,102,*75
23:13:55.766 << $GPGSV,4,4,15,03,03,116,,06,02,196,,24,01,325,*42
23:13:55.768 << $GPRMC,041355.000,A,4153.0212,N,08748.2163,W,0.12,219.47,230107,,,A*70
23:13:56.689 << $GPGGA,041356.000,4153.0212,N,08748.2163,W,1,9,1.01,198.7,M,-34.0,M,,*68
23:13:56.693 << $GPGSA,A,3,14,30,07,01,17,20,02,22,19,,,,1.74,1.01,1.41*0A
23:13:56.695 << $GPGSV,4,1,15,14,77,353,33,17,65,258,31,22,60,314,29,30,53,195,24*75
23:13:56.697 << $GPGSV,4,2,15,01,46,075,31,51,37,207,,02,31,050,20,19,29,243,22*7C
23:13:56.698 << $GPGSV,4,3,15,07,22,165,22,20,13,273,24,08,06,063,,15,04,300,*77
23:13:57.173 << $GPGSV,4,4,15,03,03,116,,06,02,196,,24,01,325,*42
23:13:57.176 << $GPRMC,041356.000,A,4153.0212,N,08748.2163,W,0.10,219.47,230107,,,A*71
23:13:57.662 << $GPGGA,041357.000,4153.0212,N,08748.2162,W,1,9,1.01,198.7,M,-34.0,M,,*68
23:13:57.666 << $GPGSA,A,3,14,30,07,01,17,20,02,22,19,,,,1.74,1.01,1.41*0A
23:13:57.668 << $GPGSV,4,1,15,14,77,353,33,17,65,258,30,22,60,314,29,30,53,195,24*74
23:13:57.669 << $GPGSV,4,2,15,01,46,075,31,51,37,207,,02,31,050,21,19,29,243,22*7D
23:13:57.670 << $GPGSV,4,3,15,07,22,165,22,20,13,273,24,08,06,063,,15,04,300,*77
23:13:57.671 << $GPGSV,4,4,15,03,03,116,,06,02,196,,24,01,325,*42
23:13:57.673 << $GPRMC,041357.000,A,4153.0212,N,08748.2162,W,0.05,219.47,230107,,,A*75
23:13:58.655 << $GPGGA,041358.000,4153.0212,N,08748.2162,W,1,9,1.02,198.7,M,-34.0,M,,*64
23:13:58.660 << $GPGSA,A,3,14,30,07,01,17,20,02,22,19,,,,1.74,1.02,1.41*09
23:13:58.662 << $GPGSV,4,1,15,14,77,353,33,17,65,258,30,22,60,314,30,30,53,195,24*7C
23:13:58.663 << $GPGSV,4,2,15,01,46,075,32,51,37,207,,02,31,050,21,19,29,243,22*7E
23:13:58.664 << $GPGSV,4,3,15,07,22,165,22,20,13,273,24,08,06,063,,15,04,300,*77
23:13:58.665 << $GPGSV,4,4,15,03,03,116,,06,02,196,,24,01,325,*42
23:13:58.667 << $GPRMC,041358.000,A,4153.0212,N,08748.2162,W,0.10,219.47,230107,,,A*7E
23:13:59.648 << $GPGGA,041359.000,4153.0212,N,08748.2162,W,1,9,1.01,198.7,M,-34.0,M,,*66
23:13:59.651 << $GPGSA,A,3,14,30,07,01,17,20,02,22,19,,,,1.74,1.01,1.41*0A
23:13:59.653 << $GPGSV,4,1,15,14,77,354,33,17,65,258,30,22,60,314,30,30,53,195,24*7B
23:13:59.655 << $GPGSV,4,2,15,01,46,075,32,51,37,207,,02,31,050,22,19,29,243,22*7D
23:13:59.656 << $GPGSV,4,3,15,07,22,165,22,20,13,273,24,08,06,063,,15,04,300,*77
23:13:59.657 << $GPGSV,4,4,15,03,03,116,,06,02,196,,24,01,325,*42
23:13:59.659 << $GPRMC,041359.000,A,4153.0212,N,08748.2162,W,0.11,219.47,230107,,,A*7E
23:14:00.635 << $GPGGA,041400.000,4153.0212,N,08748.2162,W,1,9,1.01,198.7,M,-34.0,M,,*6D
23:14:00.639 << $GPGSA,A,3,14,30,07,01,17,20,02,22,19,,,,1.74,1.01,1.41*0A
23:14:00.641 << $GPGSV,4,1,15,14,77,354,33,17,65,258,30,22,60,314,30,30,53,195,24*7B
23:14:00.642 << $GPGSV,4,2,15,01,46,075,32,51,37,207,,02,31,050,21,19,29,243,23*7F
23:14:00.644 << $GPGSV,4,3,15,07,22,165,22,20,13,273,24,08,06,063,,15,04,300,*77
23:14:00.645 << $GPGSV,4,4,15,03,03,116,,06,02,196,,24,01,325,*42
23:14:00.647 << $GPRMC,041400.000,A,4153.0212,N,08748.2162,W,0.06,219.47,230107,,,A*73
23:14:01.565 << $GPGGA,041401.000,4153.0212,N,08748.2162,W,1,9,1.01,198.7,M,-34.0,M,,*6C
23:14:01.570 << $GPGSA,A,3,14,30,07,01,17,20,02,22,19,,,,1.74,1.01,1.41*0A
23:14:01.572 << $GPGSV,4,1,15,14,77,354,32,17,65,258,30,22,60,314,30,30,53,195,24*7A
23:14:01.573 << $GPGSV,4,2,15,01,46,075,32,51,37,207,,02,31,050,20,19,29,243,23*7E
23:14:01.574 << $GPGSV,4,3,15,07,22,165,22,20,13,273,24,08,06,063,,15,04,300,*77
23:14:02.050 << $GPGSV,4,4,15,03,03,116,,06,02,196,,24,01,325,*42
23:14:02.053 << $GPRMC,041401.000,A,4153.0212,N,08748.2162,W,0.02,219.47,230107,,,A*76
23:14:02.539 << $GPGGA,041402.000,4153.0212,N,08748.2162,W,1,9,1.01,198.7,M,-34.0,M,,*6F
23:14:02.541 << $GPGSA,A,3,14,30,07,01,17,20,02,22,19,,,,1.74,1.01,1.41*0A
23:14:02.543 << $GPGSV,4,1,15,14,77,354,32,17,65,258,30,22,60,314,30,30,53,195,24*7A
23:14:02.543 << $GPGSV,4,2,15,01,46,075,32,51,37,207,,02,31,050,20,19,29,243,23*7E
23:14:02.544 << $GPGSV,4,3,15,07,22,165,21,20,13,273,24,08,06,063,,15,04,300,*74
23:14:02.544 << $GPGSV,4,4,15,03,03,116,,06,02,196,,24,01,325,*42
23:14:02.546 << $GPRMC,041402.000,A,4153.0212,N,08748.2162,W,0.05,219.47,230107,,,A*72
23:14:03.526 << $GPGGA,041403.000,4153.0212,N,08748.2162,W,1,9,1.01,198.7,M,-34.0,M,,*6E
23:14:03.531 << $GPGSA,A,3,14,30,07,01,17,20,02,22,19,,,,1.74,1.01,1.41*0A
23:14:03.533 << $GPGSV,4,1,15,14,77,354,32,17,65,258,30,22,60,314,30,30,53,195,24*7A
23:14:03.534 << $GPGSV,4,2,15,01,46,075,32,51,37,207,,02,31,050,20,19,29,243,23*7E
23:14:03.535 << $GPGSV,4,3,15,07,22,165,20,20,13,273,24,08,06,063,,15,04,300,*75
23:14:03.536 << $GPGSV,4,4,15,03,03,116,,06,02,196,,24,01,325,*42
23:14:03.538 << $GPRMC,041403.000,A,4153.0212,N,08748.2162,W,0.04,219.47,230107,,,A*72
23:14:04.518 << $GPGGA,041404.000,4153.0212,N,08748.2162,W,1,9,1.01,198.7,M,-34.0,M,,*69
23:14:04.522 << $GPGSA,A,3,14,30,07,01,17,20,02,22,19,,,,1.74,1.01,1.41*0A
23:14:04.524 << $GPGSV,4,1,15,14,77,354,32,17,65,258,30,22,60,314,30,30,53,195,24*7A
23:14:04.525 << $GPGSV,4,2,15,01,46,075,32,51,37,207,,02,31,050,20,19,30,243,23*76
23:14:04.526 << $GPGSV,4,3,15,07,22,165,19,20,13,273,24,08,06,063,,15,04,300,*7F
23:14:04.528 << $GPGSV,4,4,15,03,03,116,,06,02,196,,24,01,325,*42
23:14:04.530 << $GPRMC,041404.000,A,4153.0212,N,08748.2162,W,0.08,219.47,230107,,,A*79
23:14:05.516 << $GPGGA,041405.000,4153.0212,N,08748.2162,W,1,9,1.01,198.8,M,-34.0,M,,*67
23:14:05.520 << $GPGSA,A,3,14,30,07,01,17,20,02,22,19,,,,1.74,1.01,1.41*0A
23:14:05.522 << $GPGSV,4,1,15,14,77,354,32,17,65,258,30,22,60,314,30,30,53,195,24*7A
23:14:05.524 << $GPGSV,4,2,15,01,46,075,32,44,33,219,,02,31,050,20,19,30,243,24*7E
23:14:05.525 << $GPGSV,4,3,15,07,22,165,18,20,13,273,24,08,06,063,,15,04,300,*7E
23:14:05.526 << $GPGSV,4,4,15,03,03,116,,06,02,196,,24,01,325,*42
23:14:05.528 << $GPRMC,041405.000,A,4153.0212,N,08748.2162,W,0.04,219.47,230107,,,A*74
23:14:06.439 << $GPGGA,041406.000,4153.0212,N,08748.2162,W,1,9,1.01,198.8,M,-34.0,M,,*64
23:14:06.443 << $GPGSA,A,3,14,30,07,01,17,20,02,22,19,,,,1.74,1.01,1.41*0A
23:14:06.446 << $GPGSV,4,1,15,14,77,354,32,17,65,258,30,22,60,314,30,30,53,195,24*7A
23:14:06.447 << $GPGSV,4,2,15,01,46,075,32,44,33,219,,02,31,050,20,19,30,243,24*7E
23:14:06.448 << $GPGSV,4,3,15,07,22,165,18,20,13,273,24,08,06,063,,15,04,300,*7E
23:14:06.926 << $GPGSV,4,4,15,03,03,116,,06,02,196,,24,01,325,*42
23:14:06.928 << $GPRMC,041406.000,A,4153.0212,N,08748.2162,W,0.02,219.47,230107,,,A*71
23:14:07.415 << $GPGGA,041407.000,4153.0212,N,08748.2161,W,1,9,1.01,198.8,M,-34.0,M,,*66
23:14:07.418 << $GPGSA,A,3,14,30,07,01,17,20,02,22,19,,,,1.74,1.01,1.41*0A
23:14:07.420 << $GPGSV,4,1,15,14,77,354,32,17,65,258,30,22,61,314,30,30,53,195,23*7C
23:14:07.422 << $GPGSV,4,2,15,01,46,075,32,44,33,219,,02,31,050,20,19,30,243,24*7E
23:14:07.423 << $GPGSV,4,3,15,07,22,165,18,20,13,273,24,08,06,063,,15,04,300,*7E
23:14:07.424 << $GPGSV,4,4,15,03,03,116,,06,02,196,,24,01,325,*42
23:14:07.426 << $GPRMC,041407.000,A,4153.0212,N,08748.2161,W,0.02,219.47,230107,,,A*73
23:14:08.880 << $GPGGA,041408.000,4153.0212,N,08748.2161,W,1,9,1.01,198.8,M,-34.0,M,,*69
23:14:08.883 << $GPGSA,A,3,14,30,07,01,17,20,02,22,19,,,,1.74,1.01,1.41*0A
23:14:08.885 << $GPGSV,4,1,15,14,77,354,32,17,65,258,30,22,61,314,30,30,53,195,22*7D
23:14:08.887 << $GPGSV,4,2,15,01,46,075,32,44,33,219,,02,31,050,20,19,30,243,24*7E
23:14:08.888 << $GPGSV,4,3,15,07,22,165,17,20,13,273,24,08,06,063,,15,04,300,*71
23:14:08.889 << $GPGSV,4,4,15,03,03,116,,06,02,196,,24,01,325,*42
23:14:08.891 << $GPRMC,041408.000,A,4153.0212,N,08748.2161,W,0.05,219.47,230107,,,A*7B
23:14:09.366 << $GPGGA,041409.000,4153.0212,N,08748.2161,W,1,9,1.01,198.8,M,-34.0,M,,*68
23:14:09.369 << $GPGSA,A,3,14,30,07,01,17,20,02,22,19,,,,1.74,1.01,1.41*0A
23:14:09.371 << $GPGSV,4,1,15,14,77,354,32,17,65,258,30,22,61,314,30,30,53,195,21*7E
23:14:09.373 << $GPGSV,4,2,15,01,46,075,32,44,33,219,,02,31,050,20,19,30,243,24*7E
23:14:09.374 << $GPGSV,4,3,15,07,22,165,17,20,13,273,24,08,06,063,,15,04,300,*71
23:14:09.374 << $GPGSV,4,4,15,03,03,116,,06,02,196,,24,01,325,*42
23:14:09.377 << $GPRMC,041409.000,A,4153.0212,N,08748.2161,W,0.06,219.47,230107,,,A*79
23:14:10.829 << $GPGGA,041410.000,4153.0212,N,08748.2161,W,1,9,1.01,198.8,M,-34.0,M,,*60
23:14:10.833 << $GPGSA,A,3,14,30,07,01,17,20,02,22,19,,,,1.74,1.01,1.41*0A
23:14:10.835 << $GPGSV,4,1,15,14,77,354,32,17,65,258,30,22,61,314,31,30,53,195,21*7F
23:14:10.836 << $GPGSV,4,2,15,01,46,075,32,44,33,219,,02,31,050,19,19,30,243,25*75
23:14:10.837 << $GPGSV,4,3,15,07,22,165,17,20,13,273,24,08,06,063,,15,04,300,*71
23:14:10.839 << $GPGSV,4,4,15,03,03,116,,06,02,196,,24,01,325,*42
23:14:10.841 << $GPRMC,041410.000,A,4153.0212,N,08748.2161,W,0.08,219.47,230107,,,A*7F
23:14:11.803 << $GPGGA,041411.000,4153.0212,N,08748.2161,W,1,9,1.01,198.8,M,-34.0,M,,*61
23:14:11.807 << $GPGSA,A,3,14,30,07,01,17,20,02,22,19,,,,1.73,1.01,1.41*0D
23:14:11.810 << $GPGSV,4,1,15,14,77,354,32,17,65,258,30,22,61,314,31,30,53,195,21*7F
23:14:11.811 << $GPGSV,4,2,15,01,46,075,32,44,33,219,,02,31,050,18,19,30,243,25*74
23:14:11.812 << $GPGSV,4,3,15,07,22,165,17,20,13,273,24,08,06,063,,15,04,300,*71
23:14:12.284 << $GPGSV,4,4,15,03,03,116,,06,02,196,,24,01,325,*42
23:14:12.287 << $GPRMC,041411.000,A,4153.0212,N,08748.2161,W,0.07,219.47,230107,,,A*71
23:14:12.778 << $GPGGA,041412.000,4153.0212,N,08748.2161,W,1,9,1.01,198.8,M,-34.0,M,,*62
23:14:12.781 << $GPGSA,A,3,14,30,07,01,17,20,02,22,19,,,,1.74,1.01,1.41*0A
23:14:12.783 << $GPGSV,4,1,15,14,77,354,32,17,65,258,30,22,61,314,31,30,53,195,22*7C
23:14:12.785 << $GPGSV,4,2,15,01,46,075,32,44,33,219,,02,31,050,18,19,30,243,25*74
23:14:12.786 << $GPGSV,4,3,15,07,22,165,17,20,13,273,24,08,06,063,,15,04,300,*71
23:14:12.787 << $GPGSV,4,4,15,03,03,116,,06,02,196,,24,01,325,*42
23:14:12.789 << $GPRMC,041412.000,A,4153.0212,N,08748.2161,W,0.09,219.47,230107,,,A*7C
23:14:13.772 << $GPGGA,041413.000,4153.0212,N,08748.2161,W,1,9,1.01,198.8,M,-34.0,M,,*63
23:14:13.777 << $GPGSA,A,3,14,30,07,01,17,20,02,22,19,,,,1.73,1.01,1.41*0D
23:14:13.780 << $GPGSV,4,1,15,14,77,354,33,17,65,258,30,22,61,314,31,30,53,195,23*7C
23:14:13.782 << $GPGSV,4,2,15,01,46,075,32,44,33,219,,02,31,050,19,19,30,243,25*75
23:14:13.783 << $GPGSV,4,3,15,07,22,165,17,20,13,273,24,08,06,063,,15,04,300,*71
23:14:13.784 << $GPGSV,4,4,15,03,03,116,,06,02,196,,24,01,325,*42
23:14:13.786 << $GPRMC,041413.000,A,4153.0212,N,08748.2161,W,0.06,219.47,230107,,,A*72
23:14:14.772 << $GPGGA,041414.000,4153.0212,N,08748.2161,W,1,9,1.01,198.8,M,-34.0,M,,*64
23:14:14.775 << $GPGSA,A,3,14,30,07,01,17,20,02,22,19,,,,1.73,1.01,1.41*0D
23:14:14.778 << $GPGSV,4,1,15,14,77,354,33,17,65,258,30,22,61,314,31,30,53,195,23*7C
23:14:14.779 << $GPGSV,4,2,15,01,46,075,32,44,33,219,,02,31,050,20,19,30,243,25*7F
23:14:14.780 << $GPGSV,4,3,15,07,22,165,17,20,13,273,24,08,06,063,,15,04,300,*71
23:14:14.781 << $GPGSV,4,4,15,03,03,116,,06,02,196,,24,01,325,*42
23:14:14.783 << $GPRMC,041414.000,A,4153.0212,N,08748.2161,W,0.05,219.47,230107,,,A*76
23:14:15.702 << $GPGGA,041415.000,4153.0212,N,08748.2161,W,1,9,1.01,198.9,M,-34.0,M,,*64
23:14:15.706 << $GPGSA,A,3,14,30,07,01,17,20,02,22,19,,,,1.73,1.01,1.41*0D
23:14:15.709 << $GPGSV,4,1,15,14,77,354,33,17,65,258,30,22,61,314,30,30,53,195,23*7D
23:14:15.711 << $GPGSV,4,2,15,01,46,075,32,02,31,050,21,19,30,243,25,48,28,228,*7A
23:14:15.712 << $GPGSV,4,3,15,07,22,165,17,20,13,273,24,08,06,063,,15,04,300,*71
23:14:15.713 << $GPGSV,4,4,15,03,03,116,,06,02,196,,24,01,325,*42
23:14:15.715 << $GPRMC,041415.000,A,4153.0212,N,08748.2161,W,0.05,219.47,230107,,,A*77
23:14:16.694 << $GPGGA,041416.000,4153.0212,N,08748.2161,W,1,8,1.42,198.9,M,-34.0,M,,*61
23:14:16.698 << $GPGSA,A,3,14,30,01,17,20,02,22,19,,,,,2.11,1.42,1.57*0D
23:14:16.700 << $GPGSV,4,1,15,14,77,354,34,17,65,258,30,22,61,314,30,30,53,195,23*7A
23:14:16.702 << $GPGSV,4,2,15,01,46,075,32,02,31,050,20,19,30,243,25,48,28,228,*7B
23:14:16.703 << $GPGSV,4,3,15,07,22,165,16,20,13,273,24,08,06,063,,15,04,300,*70
23:14:17.166 << $GPGSV,4,4,15,03,03,116,,06,02,196,,24,01,325,*42
23:14:17.170 << $GPRMC,041416.000,A,4153.0212,N,08748.2161,W,0.04,219.47,230107,,,A*75
23:14:17.654 << $GPGGA,041417.000,4153.0212,N,08748.2161,W,1,8,1.42,198.9,M,-34.0,M,,*60
23:14:17.658 << $GPGSA,A,3,14,30,01,17,20,02,22,19,,,,,2.11,1.42,1.56*0C
23:14:17.660 << $GPGSV,4,1,15,14,77,354,34,17,65,258,30,22,61,314,30,30,53,195,23*7A
23:14:17.662 << $GPGSV,4,2,15,01,46,075,32,02,31,050,19,19,30,243,25,48,28,228,*71
23:14:17.662 << $GPGSV,4,3,15,07,22,165,16,20,13,273,24,08,06,063,,15,04,300,*70
23:14:17.663 << $GPGSV,4,4,15,03,03,116,,06,02,196,,24,01,325,*42
23:14:17.665 << $GPRMC,041417.000,A,4153.0212,N,08748.2161,W,0.04,219.47,230107,,,A*74
23:14:18.649 << $GPGGA,041418.000,4153.0212,N,08748.2160,W,1,9,1.01,198.9,M,-34.0,M,,*68
23:14:18.653 << $GPGSA,A,3,14,30,07,01,17,20,02,22,19,,,,1.73,1.01,1.41*0D
23:14:18.656 << $GPGSV,4,1,15,14,77,354,34,17,65,258,30,22,61,314,30,30,53,195,23*7A
23:14:18.657 << $GPGSV,4,2,15,01,46,074,32,02,31,050,18,19,30,243,25,48,28,228,*71
23:14:18.658 << $GPGSV,4,3,15,07,22,165,16,20,13,273,24,08,06,063,,15,04,300,*70
23:14:18.659 << $GPGSV,4,4,15,03,03,116,,06,02,196,,24,01,325,*42
23:14:18.661 << $GPRMC,041418.000,A,4153.0212,N,08748.2160,W,0.05,219.47,230107,,,A*7B
23:14:19.631 << $GPGGA,041419.000,4153.0212,N,08748.2160,W,1,9,1.01,198.9,M,-34.0,M,,*69
23:14:19.635 << $GPGSA,A,3,14,30,07,01,17,20,02,22,19,,,,1.73,1.01,1.41*0D
23:14:19.637 << $GPGSV,4,1,15,14,77,354,34,17,65,258,30,22,61,314,30,30,53,195,23*7A
23:14:19.638 << $GPGSV,4,2,15,01,46,074,32,02,31,049,18,19,30,243,25,48,28,228,*79
23:14:19.639 << $GPGSV,4,3,15,07,22,165,16,20,13,273,24,08,06,063,,15,04,300,*70
23:14:19.640 << $GPGSV,4,4,15,03,03,116,,06,02,196,,24,01,325,*42
23:14:19.642 << $GPRMC,041419.000,A,4153.0212,N,08748.2160,W,0.04,219.47,230107,,,A*7B
23:14:20.575 << $GPGGA,041420.000,4153.0212,N,08748.2160,W,1,9,1.01,198.9,M,-34.0,M,,*63
23:14:20.579 << $GPGSA,A,3,14,30,07,01,17,20,02,22,19,,,,1.73,1.01,1.41*0D
23:14:20.581 << $GPGSV,4,1,15,14,77,354,34,17,65,258,30,22,61,314,30,30,53,195,23*7A
23:14:20.583 << $GPGSV,4,2,15,01,46,074,32,02,31,049,18,19,30,243,25,48,28,228,*79
23:14:20.639 << $GPGSV,4,3,15,07,22,165,16,20,13,273,24,08,06,063,,15,04,300,*70
23:14:20.640 << $GPGSV,4,4,15,03,03,116,,06,02,196,,24,01,325,*42
23:14:20.642 << $GPRMC,041420.000,A,4153.0212,N,08748.2160,W,0.08,219.47,230107,,,A*7D
23:14:21.550 << $GPGGA,041421.000,4153.0212,N,08748.2160,W,1,8,1.42,198.9,M,-34.0,M,,*64
23:14:21.554 << $GPGSA,A,3,14,30,01,17,20,02,22,19,,,,,2.11,1.42,1.56*0C
23:14:21.556 << $GPGSV,4,1,15,14,77,354,34,17,65,258,30,22,61,314,30,30,53,195,23*7A
23:14:21.557 << $GPGSV,4,2,15,01,46,074,32,02,31,049,18,19,30,243,25,48,28,228,*79
23:14:21.558 << $GPGSV,4,3,15,07,22,165,16,20,13,273,24,08,06,063,,15,04,300,*70
23:14:22.036 << $GPGSV,4,4,15,03,03,116,,06,02,196,,24,01,325,*42
23:14:22.038 << $GPRMC,041421.000,A,4153.0212,N,08748.2160,W,0.13,219.47,230107,,,A*76
23:14:22.530 << $GPGGA,041422.000,4153.0212,N,08748.2159,W,1,8,1.42,199.0,M,-34.0,M,,*65
23:14:22.533 << $GPGSA,A,3,14,30,01,17,20,02,22,19,,,,,2.11,1.42,1.56*0C
23:14:22.536 << $GPGSV,4,1,15,14,77,354,34,17,65,258,30,22,61,314,30,30,53,195,23*7A
23:14:22.537 << $GPGSV,4,2,15,01,46,074,32,02,31,049,18,19,30,243,25,48,28,228,*79
23:14:22.538 << $GPGSV,4,3,15,07,22,165,,20,13,273,24,08,06,063,,15,04,300,*77
23:14:22.539 << $GPGSV,4,4,15,03,03,116,,06,02,196,,24,01,325,*42
23:14:22.541 << $GPRMC,041422.000,A,4153.0212,N,08748.2159,W,0.21,219.47,230107,,,A*7E
23:14:23.518 << $GPGGA,041423.000,4153.0213,N,08748.2159,W,1,8,1.42,199.0,M,-34.0,M,,*65
23:14:23.522 << $GPGSA,A,3,14,30,01,17,20,02,22,19,,,,,2.11,1.42,1.56*0C
23:14:23.524 << $GPGSV,4,1,15,14,77,354,34,17,65,258,30,22,61,314,30,30,53,195,23*7A
23:14:23.525 << $GPGSV,4,2,15,01,46,074,32,02,31,049,18,19,30,243,25,48,28,228,*79
23:14:23.526 << $GPGSV,4,3,15,07,22,165,,20,13,273,24,08,06,063,,15,04,300,*77
23:14:23.527 << $GPGSV,4,4,15,03,03,116,,06,02,196,,24,01,325,*42
23:14:23.529 << $GPRMC,041423.000,A,4153.0213,N,08748.2159,W,0.31,219.47,230107,,,A*7F
23:14:24.510 << $GPGGA,041424.000,4153.0213,N,08748.2157,W,1,8,1.42,199.1,M,-34.0,M,,*6D
23:14:24.515 << $GPGSA,A,3,14,30,01,17,20,02,22,19,,,,,2.11,1.42,1.56*0C
23:14:24.517 << $GPGSV,4,1,15,14,77,354,34,17,65,258,30,22,61,314,30,30,53,195,23*7A
23:14:24.518 << $GPGSV,4,2,15,01,46,074,32,02,31,049,18,19,30,243,25,48,28,228,*79
23:14:24.519 << $GPGSV,4,3,15,07,22,165,,20,13,273,25,08,06,063,,15,04,300,*76
23:14:24.519 << $GPGSV,4,4,15,03,03,116,,06,02,196,,24,01,325,*42
23:14:24.521 << $GPRMC,041424.000,A,4153.0213,N,08748.2157,W,0.37,66.10,230107,,,A*48
23:14:25.498 << $GPGGA,041425.000,4153.0213,N,08748.2156,W,1,8,1.42,199.1,M,-34.0,M,,*6D
23:14:25.502 << $GPGSA,A,3,14,30,01,17,20,02,22,19,,,,,2.11,1.42,1.56*0C
23:14:25.504 << $GPGSV,4,1,15,14,77,354,34,17,65,258,30,22,61,314,30,30,53,195,23*7A
23:14:25.506 << $GPGSV,4,2,15,01,46,074,32,02,31,049,18,19,30,243,25,46,26,232,*72
23:14:25.507 << $GPGSV,4,3,15,07,22,165,,20,13,273,25,08,06,063,,15,04,300,*76
23:14:25.508 << $GPGSV,4,4,15,03,03,116,,06,02,196,,24,01,325,*42
23:14:25.510 << $GPRMC,041425.000,A,4153.0213,N,08748.2156,W,0.42,67.60,230107,,,A*4C
23:14:26.478 << $GPGGA,041426.000,4153.0214,N,08748.2155,W,1,9,1.35,199.2,M,-34.0,M,,*68
23:14:26.481 << $GPGSA,A,3,14,30,01,17,20,02,08,22,19,,,,1.79,1.35,1.17*0C
23:14:26.484 << $GPGSV,4,1,15,14,77,354,34,17,65,258,30,22,61,314,30,30,53,195,23*7A
23:14:26.485 << $GPGSV,4,2,15,01,46,074,32,02,31,049,18,19,30,243,25,46,26,232,*72
23:14:26.486 << $GPGSV,4,3,15,07,22,165,,20,13,273,25,08,06,063,16,15,04,300,*71
23:14:26.912 << $GPGSV,4,4,15,03,03,116,,06,02,196,,24,01,325,*42
23:14:26.915 << $GPRMC,041426.000,A,4153.0214,N,08748.2155,W,0.42,69.66,230107,,,A*43
23:14:27.401 << $GPGGA,041427.000,4153.0214,N,08748.2153,W,1,9,1.35,199.3,M,-34.0,M,,*6E
23:14:27.405 << $GPGSA,A,3,14,30,01,17,20,02,08,22,19,,,,1.79,1.35,1.17*0C
23:14:27.407 << $GPGSV,4,1,15,14,77,354,34,17,65,258,30,22,61,314,30,30,53,195,23*7A
23:14:27.409 << $GPGSV,4,2,15,01,46,074,32,02,31,049,19,19,30,243,25,46,26,232,*73
23:14:27.410 << $GPGSV,4,3,15,07,22,165,,20,13,273,25,08,06,063,16,15,04,300,*71
23:14:27.411 << $GPGSV,4,4,15,03,03,116,,06,02,196,,24,01,325,*42
23:14:27.413 << $GPRMC,041427.000,A,4153.0214,N,08748.2153,W,0.44,71.37,230107,,,A*4F
23:14:28.395 << $GPGGA,041428.000,4153.0214,N,08748.2151,W,1,9,1.35,199.3,M,-34.0,M,,*63
23:14:28.399 << $GPGSA,A,3,14,30,01,17,20,02,08,22,19,,,,1.79,1.35,1.17*0C
23:14:28.401 << $GPGSV,4,1,15,14,77,354,34,17,65,258,30,22,61,314,30,30,53,195,23*7A
23:14:28.867 << $GPGSV,4,2,15,01,46,074,32,02,31,049,19,19,30,243,25,46,26,232,*73
23:14:28.868 << $GPGSV,4,3,15,07,22,165,,20,13,273,25,08,06,063,15,15,04,300,*72
23:14:28.869 << $GPGSV,4,4,15,03,03,116,,06,02,196,,24,01,325,*42
23:14:28.871 << $GPRMC,041428.000,A,4153.0214,N,08748.2151,W,0.50,74.85,230107,,,A*4B
23:14:29.841 << $GPGGA,041429.000,4153.0215,N,08748.2149,W,1,9,1.35,199.4,M,-34.0,M,,*6D
23:14:29.845 << $GPGSA,A,3,14,30,01,17,20,02,08,22,19,,,,1.79,1.35,1.17*0C
23:14:29.847 << $GPGSV,4,1,15,14,77,354,34,17,65,258,30,22,61,314,30,30,53,195,23*7A
23:14:29.848 << $GPGSV,4,2,15,01,46,074,32,02,31,049,19,19,30,243,25,46,26,232,*73
23:14:29.849 << $GPGSV,4,3,15,07,22,165,,20,13,273,25,08,06,063,15,15,04,300,*72
23:14:29.850 << $GPGSV,4,4,15,03,03,116,,06,02,196,,24,01,325,*42
23:14:29.852 << $GPRMC,041429.000,A,4153.0215,N,08748.2149,W,0.54,77.62,230107,,,A*4C
23:14:30.832 << $GPGGA,041430.000,4153.0215,N,08748.2147,W,1,9,1.35,199.5,M,-34.0,M,,*6A
23:14:30.837 << $GPGSA,A,3,14,30,01,17,20,02,08,22,19,,,,1.79,1.35,1.17*0C
23:14:30.839 << $GPGSV,4,1,15,14,77,354,34,17,65,258,30,22,61,314,30,30,53,195,23*7A
23:14:30.840 << $GPGSV,4,2,15,01,46,074,32,02,31,049,19,19,30,243,25,46,26,232,29*78
23:14:30.841 << $GPGSV,4,3,15,07,22,165,,20,13,273,25,08,06,063,15,15,04,300,*72
23:14:30.842 << $GPGSV,4,4,15,03,03,116,,06,02,196,,24,01,325,*42
23:14:30.844 << $GPRMC,041430.000,A,4153.0215,N,08748.2147,W,0.54,78.61,230107,,,A*46
23:14:31.820 << $GPGGA,041431.000,4153.0215,N,08748.2145,W,1,9,1.35,199.6,M,-34.0,M,,*6A
23:14:31.824 << $GPGSA,A,3,14,30,01,17,20,02,08,22,19,,,,1.79,1.35,1.17*0C
23:14:31.826 << $GPGSV,4,1,15,14,77,355,34,17,65,258,30,22,61,314,30,30,53,195,23*7B
23:14:31.828 << $GPGSV,4,2,15,01,46,074,32,02,31,049,19,19,30,243,25,46,26,232,30*70
23:14:31.829 << $GPGSV,4,3,15,07,22,165,,20,13,273,25,08,06,063,15,15,04,300,*72
23:14:32.278 << $GPGSV,4,4,15,03,03,116,,06,02,196,,24,01,325,*42
23:14:32.281 << $GPRMC,041431.000,A,4153.0215,N,08748.2145,W,0.51,77.66,230107,,,A*48
23:14:32.766 << $GPGGA,041432.000,4153.0216,N,08748.2143,W,1,9,1.35,199.7,M,-34.0,M,,*6D
23:14:32.770 << $GPGSA,A,3,14,30,01,17,20,02,08,22,19,,,,1.79,1.35,1.17*0C
23:14:32.772 << $GPGSV,4,1,15,14,77,355,34,17,65,258,30,22,61,314,30,30,53,195,23*7B
23:14:32.773 << $GPGSV,4,2,15,01,46,074,32,02,31,049,20,19,30,243,25,46,26,232,30*7A
23:14:32.774 << $GPGSV,4,3,15,07,22,165,,20,13,273,25,08,06,063,16,15,04,300,*71
23:14:32.775 << $GPGSV,4,4,15,03,03,116,,06,02,196,,24,01,325,*42
23:14:32.778 << $GPRMC,041432.000,A,4153.0216,N,08748.2143,W,0.51,75.77,230107,,,A*4C
23:14:33.758 << $GPGGA,041433.000,4153.0216,N,08748.2142,W,1,9,1.35,199.8,M,-34.0,M,,*62
23:14:33.762 << $GPGSA,A,3,14,30,01,17,20,02,08,22,19,,,,1.78,1.35,1.17*0D
23:14:33.764 << $GPGSV,4,1,15,14,77,355,34,17,65,258,30,22,61,314,30,30,53,195,23*7B
23:14:33.765 << $GPGSV,4,2,15,01,46,074,32,02,31,049,20,19,30,243,25,46,26,232,29*72
23:14:33.766 << $GPGSV,4,3,15,07,22,165,,20,13,273,25,08,06,063,16,15,04,300,*71
23:14:33.767 << $GPGSV,4,4,15,03,03,116,,06,02,196,,24,01,325,*42
23:14:33.769 << $GPRMC,041433.000,A,4153.0216,N,08748.2142,W,0.51,73.30,230107,,,A*49
23:14:34.754 << $GPGGA,041434.000,4153.0217,N,08748.2140,W,1,9,1.35,200.0,M,-34.0,M,,*6D
23:14:34.758 << $GPGSA,A,3,14,30,01,17,20,02,08,22,19,,,,1.78,1.35,1.17*0D
23:14:34.761 << $GPGSV,4,1,15,14,77,355,34,17,66,258,30,22,61,314,30,30,53,195,24*7F
23:14:34.762 << $GPGSV,4,2,15,01,46,074,32,02,31,049,20,19,30,243,25,46,26,232,29*72
23:14:34.763 << $GPGSV,4,3,15,07,22,165,,20,13,273,25,08,06,063,16,15,04,300,*71
23:14:34.764 << $GPGSV,4,4,15,03,03,116,,06,02,196,,24,01,325,*42
23:14:34.766 << $GPRMC,041434.000,A,4153.0217,N,08748.2140,W,0.54,69.94,230107,,,A*4D
23:14:35.686 << $GPGGA,041435.000,4153.0217,N,08748.2138,W,1,9,1.35,200.1,M,-34.0,M,,*62
23:14:35.690 << $GPGSA,A,3,14,30,01,17,20,02,08,22,19,,,,1.79,1.35,1.17*0C
23:14:35.693 << $GPGSV,4,1,15,14,77,355,34,17,66,258,30,22,61,314,30,30,53,195,24*7F
23:14:35.694 << $GPGSV,4,2,15,01,46,074,32,02,31,049,21,19,30,243,25,46,26,232,29*73
23:14:35.750 << $GPGSV,4,3,15,07,22,165,,20,13,273,25,08,06,063,16,15,04,300,*71
23:14:35.751 << $GPGSV,4,4,15,03,03,116,,06,02,196,,24,01,325,*42
23:14:35.753 << $GPRMC,041435.000,A,4153.0217,N,08748.2138,W,0.51,66.84,230107,,,A*48
23:14:36.712 << $GPGGA,041436.000,4153.0218,N,08748.2136,W,1,9,1.35,200.2,M,-34.0,M,,*63
23:14:36.715 << $GPGSA,A,3,14,30,01,17,20,02,08,22,19,,,,1.78,1.35,1.17*0D
23:14:36.718 << $GPGSV,4,1,15,14,77,355,34,17,66,258,30,22,61,314,30,30,53,195,24*7F
23:14:36.719 << $GPGSV,4,2,15,01,46,074,32,02,31,049,21,19,30,243,25,46,26,232,29*73
23:14:36.720 << $GPGSV,4,3,15,07,22,165,,20,13,273,25,08,06,063,16,15,04,300,*71
23:14:37.151 << $GPGSV,4,4,15,03,03,116,,06,02,196,,24,01,325,*42
23:14:37.153 << $GPRMC,041436.000,A,4153.0218,N,08748.2136,W,0.57,64.13,230107,,,A*40
23:14:37.637 << $GPGGA,041437.000,4153.0219,N,08748.2135,W,1,9,1.35,200.4,M,-34.0,M,,*66
23:14:37.641 << $GPGSA,A,3,14,30,01,17,20,02,08,22,19,,,,1.78,1.35,1.17*0D
23:14:37.642 << $GPGSV,4,1,15,14,77,355,33,17,66,258,30,22,61,314,30,30,53,195,24*78
23:14:37.644 << $GPGSV,4,2,15,01,46,074,32,02,31,049,21,19,30,243,25,46,26,232,29*73
23:14:37.645 << $GPGSV,4,3,15,07,22,165,,20,13,272,25,08,06,063,16,15,04,300,*70
23:14:37.646 << $GPGSV,4,4,15,03,03,116,,06,02,196,,24,01,325,*42
23:14:37.647 << $GPRMC,041437.000,A,4153.0219,N,08748.2135,W,0.57,62.24,230107,,,A*41
23:14:38.626 << $GPGGA,041438.000,4153.0220,N,08748.2133,W,1,9,1.35,200.6,M,-34.0,M,,*67
23:14:38.630 << $GPGSA,A,3,14,30,01,17,20,02,08,22,19,,,,1.78,1.35,1.17*0D
23:14:38.632 << $GPGSV,4,1,15,14,77,355,33,17,66,258,30,22,61,314,30,30,53,195,24*78
23:14:38.634 << $GPGSV,4,2,15,01,46,074,32,02,31,049,21,19,30,243,25,46,26,232,29*73
23:14:38.634 << $GPGSV,4,3,15,07,22,165,,20,13,272,25,08,06,063,16,15,04,300,*70
23:14:38.636 << $GPGSV,4,4,15,03,03,116,,06,02,196,,24,01,325,*42
23:14:38.637 << $GPRMC,041438.000,A,4153.0220,N,08748.2133,W,0.50,59.71,230107,,,A*4D
23:14:39.627 << $GPGGA,041439.000,4153.0221,N,08748.2131,W,1,9,1.35,200.7,M,-34.0,M,,*64
23:14:39.631 << $GPGSA,A,3,14,30,01,17,20,02,08,22,19,,,,1.78,1.35,1.17*0D
23:14:39.633 << $GPGSV,4,1,15,14,77,355,33,17,66,258,30,22,61,314,30,30,53,195,24*78
23:14:39.635 << $GPGSV,4,2,15,01,46,074,32,02,31,049,21,19,30,243,25,46,26,232,29*73
23:14:39.635 << $GPGSV,4,3,15,07,22,165,,20,13,272,24,08,06,063,16,15,04,300,*71
23:14:39.636 << $GPGSV,4,4,15,03,03,116,,06,02,196,,24,01,325,*42
23:14:39.638 << $GPRMC,041439.000,A,4153.0221,N,08748.2131,W,0.48,58.32,230107,,,A*40
23:14:40.617 << $GPGGA,041440.000,4153.0222,N,08748.2130,W,1,9,1.35,200.9,M,-34.0,M,,*66
23:14:40.621 << $GPGSA,A,3,14,30,01,17,20,02,08,22,19,,,,1.78,1.35,1.17*0D
23:14:40.623 << $GPGSV,4,1,15,14,77,355,33,17,66,258,30,22,61,314,30,30,53,195,24*78
23:14:40.625 << $GPGSV,4,2,15,01,46,074,32,02,31,049,21,19,30,243,25,46,26,232,*78
23:14:40.625 << $GPGSV,4,3,15,07,22,165,,20,13,272,24,08,06,063,16,15,04,300,*71
23:14:40.627 << $GPGSV,4,4,15,03,03,116,,06,02,196,,24,01,325,*42
23:14:40.628 << $GPRMC,041440.000,A,4153.0222,N,08748.2130,W,0.47,55.01,230107,,,A*4E
23:14:41.539 << $GPGGA,041441.000,4153.0223,N,08748.2129,W,1,9,1.35,201.1,M,-34.0,M,,*67
23:14:41.543 << $GPGSA,A,3,14,30,01,17,20,02,08,22,19,,,,1.78,1.35,1.17*0D
23:14:41.545 << $GPGSV,4,1,15,14,77,355,33,17,66,258,30,22,61,314,30,30,53,195,24*78
23:14:41.546 << $GPGSV,4,2,15,01,46,074,32,02,31,049,21,19,30,243,25,46,26,232,*78
23:14:41.547 << $GPGSV,4,3,15,07,22,165,,20,13,272,24,08,06,063,16,15,04,300,*71
23:14:42.025 << $GPGSV,4,4,15,03,03,116,,06,02,196,,24,01,325,*42
23:14:42.028 << $GPRMC,041441.000,A,4153.0223,N,08748.2129,W,0.39,50.88,230107,,,A*4B
23:14:42.515 << $GPGGA,041442.000,4153.0224,N,08748.2128,W,1,9,1.35,201.3,M,-34.0,M,,*60
23:14:42.518 << $GPGSA,A,3,14,30,01,17,20,02,08,22,19,,,,1.78,1.35,1.17*0D
23:14:42.520 << $GPGSV,4,1,15,14,77,355,33,17,66,258,30,22,61,314,30,30,53,195,24*78
23:14:42.521 << $GPGSV,4,2,15,01,46,074,32,02,31,049,21,19,30,243,25,46,26,232,*78
23:14:42.522 << $GPGSV,4,3,15,07,22,165,,20,13,272,24,08,06,063,16,15,04,300,*71
23:14:42.523 << $GPGSV,4,4,15,03,03,116,,06,02,196,,24,01,325,*42
23:14:42.524 << $GPRMC,041442.000,A,4153.0224,N,08748.2128,W,0.36,46.89,230107,,,A*47
23:14:43.514 << $GPGGA,041443.000,4153.0225,N,08748.2127,W,1,9,1.35,201.4,M,-34.0,M,,*68
23:14:43.518 << $GPGSA,A,3,14,30,01,17,20,02,08,22,19,,,,1.78,1.35,1.16*0C
23:14:43.521 << $GPGSV,4,1,15,14,77,355,33,17,66,258,30,22,61,314,30,30,53,195,24*78
23:14:43.522 << $GPGSV,4,2,15,01,46,074,32,02,31,049,21,19,30,243,25,46,26,232,*78
23:14:43.523 << $GPGSV,4,3,15,07,22,165,,20,13,272,24,08,06,063,16,15,04,300,*71
23:14:43.524 << $GPGSV,4,4,15,03,03,116,,06,02,196,,24,01,325,*42
23:14:43.526 << $GPRMC,041443.000,A,4153.0225,N,08748.2127,W,0.30,42.66,230107,,,A*4B
23:14:44.518 << $GPGGA,041444.000,4153.0225,N,08748.2127,W,1,9,1.35,201.6,M,-34.0,M,,*6D
23:14:44.523 << $GPGSA,A,3,14,30,01,17,20,02,08,22,19,,,,1.78,1.35,1.17*0D
23:14:44.525 << $GPGSV,4,1,15,14,77,355,33,17,66,258,30,22,61,314,30,30,53,195,24*78
23:14:44.526 << $GPGSV,4,2,15,01,46,074,32,02,31,049,21,19,30,243,25,46,26,232,*78
23:14:44.527 << $GPGSV,4,3,15,07,22,165,,20,13,272,24,08,06,063,16,15,04,300,*71
23:14:44.528 << $GPGSV,4,4,15,03,03,116,,06,02,196,,24,01,325,*42
23:14:44.530 << $GPRMC,041444.000,A,4153.0225,N,08748.2127,W,0.25,38.43,230107,,,A*42
23:14:45.441 << $GPGGA,041445.000,4153.0226,N,08748.2126,W,1,9,1.35,201.9,M,-34.0,M,,*61
23:14:45.444 << $GPGSA,A,3,14,30,01,17,20,02,08,22,19,,,,1.78,1.35,1.17*0D
23:14:45.446 << $GPGSV,4,1,15,14,77,355,33,17,66,258,30,22,61,314,30,30,53,195,24*78
23:14:45.447 << $GPGSV,4,2,15,01,46,074,32,02,31,049,21,19,30,243,25,46,26,232,*78
23:14:45.448 << $GPGSV,4,3,15,07,22,165,,20,13,272,24,08,06,063,16,15,04,300,*71
23:14:45.449 << $GPGSV,4,4,15,03,03,116,,06,02,196,,24,01,325,*42
23:14:45.450 << $GPRMC,041445.000,A,4153.0226,N,08748.2126,W,0.24,31.44,230107,,,A*4E
23:14:46.440 << $GPGGA,041446.000,4153.0227,N,08748.2126,W,1,9,1.35,202.1,M,-34.0,M,,*68
23:14:46.444 << $GPGSA,A,3,14,30,01,17,20,02,08,22,19,,,,1.78,1.35,1.17*0D
23:14:46.446 << $GPGSV,4,1,15,14,77,355,33,17,66,258,30,22,61,314,30,30,53,195,24*78
23:14:46.447 << $GPGSV,4,2,15,01,46,074,32,02,31,049,21,19,30,243,25,46,26,232,*78
23:14:46.448 << $GPGSV,4,3,15,07,22,165,,20,13,272,24,08,06,063,15,15,04,300,*72
23:14:46.901 << $GPGSV,4,4,15,03,03,116,,06,02,196,,24,01,325,*42
23:14:46.904 << $GPRMC,041446.000,A,4153.0227,N,08748.2126,W,0.19,29.39,230107,,,A*41
23:14:47.389 << $GPGGA,041447.000,4153.0227,N,08748.2126,W,1,9,1.35,202.3,M,-34.0,M,,*6B
23:14:47.394 << $GPGSA,A,3,14,30,01,17,20,02,08,22,19,,,,1.79,1.35,1.17*0C
23:14:47.396 << $GPGSV,4,1,15,14,77,355,32,17,66,258,30,22,61,314,30,30,53,195,22*7F
23:14:47.397 << $GPGSV,4,2,15,01,46,074,32,02,31,049,22,19,30,243,25,46,26,232,*7B
23:14:47.875 << $GPGSV,4,3,15,07,22,165,,20,13,272,24,08,06,063,15,15,04,300,*72
23:14:47.877 << $GPGSV,4,4,15,03,03,116,,06,02,196,,24,01,325,*42
23:14:47.879 << $GPRMC,041447.000,A,4153.0227,N,08748.2126,W,0.39,22.12,230107,,,A*40
23:14:48.371 << $GPGGA,041448.000,4153.0229,N,08748.2126,W,1,9,1.35,202.5,M,-34.0,M,,*6C
23:14:48.374 << $GPGSA,A,3,14,30,01,17,20,02,08,22,19,,,,1.78,1.35,1.16*0C
23:14:48.377 << $GPGSV,4,1,15,14,77,355,32,17,66,258,30,22,61,314,30,30,53,195,21*7C
23:14:48.852 << $GPGSV,4,2,15,01,46,074,33,02,31,049,21,19,30,243,24,46,26,232,*78
23:14:48.854 << $GPGSV,4,3,15,07,22,165,,20,13,272,24,08,06,063,15,15,04,300,*72
23:14:48.855 << $GPGSV,4,4,15,03,03,116,,06,02,196,,24,01,325,*42
23:14:48.857 << $GPRMC,041448.000,A,4153.0229,N,08748.2126,W,0.44,16.53,230107,,,A*49
23:14:49.827 << $GPGGA,041449.000,4153.0230,N,08748.2126,W,1,9,1.35,202.8,M,-34.0,M,,*68
23:14:49.831 << $GPGSA,A,3,14,30,01,17,20,02,08,22,19,,,,1.78,1.35,1.17*0D
23:14:49.833 << $GPGSV,4,1,15,14,77,355,32,17,66,258,30,22,61,314,30,30,53,195,22*7F
23:14:49.834 << $GPGSV,4,2,15,01,46,074,34,02,31,049,21,19,30,243,22,46,26,232,*79
23:14:49.835 << $GPGSV,4,3,15,07,22,165,,20,13,272,23,08,06,063,15,15,04,300,*75
23:14:49.836 << $GPGSV,4,4,15,03,03,116,,06,02,196,,24,01,325,*42
23:14:49.838 << $GPRMC,041449.000,A,4153.0230,N,08748.2126,W,0.48,17.71,230107,,,A*4D
23:14:50.820 << $GPGGA,041450.000,4153.0231,N,08748.2125,W,1,9,1.35,203.0,M,-34.0,M,,*6B
23:14:50.823 << $GPGSA,A,3,14,30,01,17,20,02,08,22,19,,,,1.78,1.35,1.16*0C
23:14:50.826 << $GPGSV,4,1,15,14,77,355,32,17,66,258,30,22,61,314,30,30,53,195,23*7E
23:14:50.827 << $GPGSV,4,2,15,01,46,074,34,02,31,049,20,19,30,243,22,46,26,232,*78
23:14:51.293 << $GPGSV,4,3,15,07,22,165,,20,13,272,23,08,06,063,15,15,04,300,*75
23:14:51.294 << $GPGSV,4,4,15,03,03,116,,06,02,196,,24,01,325,*42
23:14:51.297 << $GPRMC,041450.000,A,4153.0231,N,08748.2125,W,0.57,19.99,230107,,,A*41
23:14:52.267 << $GPGGA,041451.000,4153.0233,N,08748.2124,W,1,9,1.35,203.2,M,-34.0,M,,*6B
23:14:52.270 << $GPGSA,A,3,14,30,01,17,20,02,08,22,19,,,,1.78,1.35,1.16*0C
23:14:52.272 << $GPGSV,4,1,15,14,77,355,31,17,66,258,30,22,61,314,30,30,53,195,23*7D
23:14:52.274 << $GPGSV,4,2,15,01,46,074,34,02,31,049,20,19,30,243,22,07,22,165,*78
23:14:52.274 << $GPGSV,4,3,15,20,13,272,23,08,06,063,15,15,04,300,,33,04,102,*77
23:14:52.275 << $GPGSV,4,4,15,03,03,116,,06,02,196,,24,01,325,*42
23:14:52.277 << $GPRMC,041451.000,A,4153.0233,N,08748.2124,W,0.67,22.46,230107,,,A*4A
23:14:52.755 << $GPGGA,041452.000,4153.0241,N,08748.2124,W,1,9,1.35,203.5,M,-34.0,M,,*6A
23:14:52.759 << $GPGSA,A,3,14,30,01,17,20,02,08,22,19,,,,1.78,1.35,1.16*0C
23:14:52.761 << $GPGSV,4,1,15,14,77,355,31,17,66,258,30,22,61,314,30,30,53,195,23*7D
23:14:52.762 << $GPGSV,4,2,15,01,46,074,34,02,31,049,20,19,30,243,22,07,22,165,*78
23:14:53.246 << $GPGSV,4,3,15,20,13,272,23,08,06,063,15,15,04,300,,33,04,102,*77
23:14:53.248 << $GPGSV,4,4,15,03,03,116,,06,02,196,,24,01,325,*42
23:14:53.250 << $GPRMC,041452.000,A,4153.0241,N,08748.2124,W,0.71,23.06,230107,,,A*4E
23:14:53.727 << $GPGGA,041453.000,4153.0246,N,08748.2124,W,1,9,1.35,203.8,M,-34.0,M,,*61
23:14:53.731 << $GPGSA,A,3,14,30,01,17,20,02,08,22,19,,,,1.78,1.35,1.16*0C
23:14:53.733 << $GPGSV,4,1,15,14,77,355,31,17,66,258,30,22,61,314,30,30,53,195,23*7D
23:14:54.212 << $GPGSV,4,2,15,01,46,074,34,02,31,049,21,19,30,243,22,07,22,165,*79
23:14:54.214 << $GPGSV,4,3,15,20,13,272,23,08,06,063,15,15,04,300,,33,04,102,*77
23:14:54.215 << $GPGSV,4,4,15,03,03,116,,06,02,196,,24,01,325,*42
23:14:54.217 << $GPRMC,041453.000,A,4153.0246,N,08748.2124,W,0.71,21.52,230107,,,A*4B
23:14:54.701 << $GPGGA,041454.000,4153.0249,N,08748.2121,W,1,9,1.35,204.0,M,-34.0,M,,*63
23:14:54.705 << $GPGSA,A,3,14,30,01,17,20,02,08,22,19,,,,1.78,1.35,1.16*0C
23:14:54.707 << $GPGSV,4,1,15,14,77,355,31,17,66,258,30,22,61,314,30,30,53,195,23*7D
23:14:54.708 << $GPGSV,4,2,15,01,46,074,34,02,31,049,21,19,30,243,23,07,22,165,*78
23:14:54.709 << $GPGSV,4,3,15,20,13,272,23,08,06,063,15,15,04,300,,33,04,102,*77
23:14:54.710 << $GPGSV,4,4,15,03,03,116,,06,02,196,,24,01,325,*42
23:14:54.712 << $GPRMC,041454.000,A,4153.0249,N,08748.2121,W,0.73,20.89,230107,,,A*43
23:14:55.696 << $GPGGA,041455.000,4153.0258,N,08748.2123,W,1,9,1.35,204.9,M,-34.0,M,,*69
23:14:55.699 << $GPGSA,A,3,14,30,01,17,20,02,08,22,19,,,,1.78,1.35,1.16*0C
23:14:55.701 << $GPGSV,4,1,15,14,77,355,31,17,66,258,30,22,61,314,30,30,53,195,24*7A
23:14:55.703 << $GPGSV,4,2,15,01,46,074,34,02,31,049,21,19,30,243,24,07,22,165,*7F
23:14:55.704 << $GPGSV,4,3,15,20,13,272,22,08,06,063,15,15,04,300,,33,04,102,*76
23:14:55.705 << $GPGSV,4,4,15,06,03,196,,03,03,116,,24,01,325,*43
23:14:55.707 << $GPRMC,041455.000,A,4153.0258,N,08748.2123,W,0.77,19.22,230107,,,A*4F
23:14:56.688 << $GPGGA,041456.000,4153.0260,N,08748.2120,W,1,9,1.35,205.2,M,-34.0,M,,*68
23:14:56.690 << $GPGSA,A,3,14,30,01,17,20,02,08,22,19,,,,1.78,1.35,1.16*0C
23:14:56.693 << $GPGSV,4,1,15,14,77,355,31,17,66,258,30,22,61,314,31,30,53,195,24*7B
23:14:56.693 << $GPGSV,4,2,15,01,46,074,34,02,31,049,21,19,30,243,24,07,22,165,*7F
23:14:56.694 << $GPGSV,4,3,15,20,13,272,22,08,06,063,15,15,04,300,,33,04,102,*76
23:14:57.138 << $GPGSV,4,4,15,06,03,196,,03,03,116,,24,01,325,*43
23:14:57.141 << $GPRMC,041456.000,A,4153.0260,N,08748.2120,W,0.76,17.15,230107,,,A*4F
23:14:57.625 << $GPGGA,041457.000,4153.0264,N,08748.2120,W,1,9,1.35,205.5,M,-34.0,M,,*6A
23:14:57.629 << $GPGSA,A,3,14,30,01,17,20,02,08,22,19,,,,1.78,1.35,1.16*0C
23:14:57.631 << $GPGSV,4,1,15,14,77,355,31,17,66,258,30,22,61,314,31,30,53,195,24*7B
23:14:57.632 << $GPGSV,4,2,15,01,46,074,34,02,31,049,22,19,30,243,23,07,22,165,*7B
23:14:57.687 << $GPGSV,4,3,15,20,13,272,22,08,06,063,15,15,04,300,,33,04,102,*76
23:14:57.688 << $GPGSV,4,4,15,06,03,196,,03,03,116,,24,01,325,*43
23:14:57.690 << $GPRMC,041457.000,A,4153.0264,N,08748.2120,W,0.78,15.43,230107,,,A*45
23:14:58.601 << $GPGGA,041458.000,4153.0266,N,08748.2119,W,1,9,1.35,206.1,M,-34.0,M,,*6A
23:14:58.605 << $GPGSA,A,3,14,30,01,17,20,02,08,22,19,,,,1.78,1.35,1.16*0C
23:14:58.607 << $GPGSV,4,1,15,14,77,355,31,17,66,258,29,22,61,314,31,30,53,195,25*72
23:14:58.608 << $GPGSV,4,2,15,01,46,074,34,02,31,049,22,19,30,243,23,07,22,165,*7B
23:14:58.609 << $GPGSV,4,3,15,20,13,272,22,08,06,063,15,15,04,300,,33,04,102,*76
23:14:58.610 << $GPGSV,4,4,15,06,03,196,,03,03,116,,24,01,325,*43
23:14:58.612 << $GPRMC,041458.000,A,4153.0266,N,08748.2119,W,0.77,13.49,230107,,,A*41
23:14:59.598 << $GPGGA,041459.000,4153.0264,N,08748.2116,W,1,10,0.95,206.5,M,-34.0,M,,*51
23:14:59.602 << $GPGSA,A,3,14,30,07,01,17,20,02,08,22,19,,,1.46,0.95,1.11*0A
23:14:59.605 << $GPGSV,4,1,15,14,77,355,31,17,66,258,29,22,61,314,31,30,53,195,26*71
23:14:59.606 << $GPGSV,4,2,15,01,46,074,34,02,31,049,22,19,30,243,23,07,22,165,17*7D
23:14:59.608 << $GPGSV,4,3,15,20,13,272,21,08,06,063,15,15,04,300,,33,04,102,*75
23:14:59.608 << $GPGSV,4,4,15,06,03,196,,03,03,116,,24,01,325,*43
23:14:59.610 << $GPRMC,041459.000,A,4153.0264,N,08748.2116,W,0.73,13.58,230107,,,A*49
23:15:00.587 << $GPGGA,041500.000,4153.0264,N,08748.2113,W,1,10,0.95,206.7,M,-34.0,M,,*5B
23:15:00.591 << $GPGSA,A,3,14,30,07,01,17,20,02,08,22,19,,,1.46,0.95,1.11*0A
23:15:00.593 << $GPGSV,4,1,15,14,77,355,31,17,66,258,29,22,61,314,31,30,53,195,26*71
23:15:00.594 << $GPGSV,4,2,15,01,46,074,34,02,31,049,21,19,30,243,23,07,22,165,17*7E
23:15:00.595 << $GPGSV,4,3,15,20,13,272,20,08,06,063,15,15,04,300,,06,03,196,*78
23:15:00.596 << $GPGSV,4,4,15,03,03,116,,24,01,325,,34,,,*7F
23:15:00.598 << $GPRMC,041500.000,A,4153.0264,N,08748.2113,W,0.69,15.33,230107,,,A*41
23:15:01.525 << $GPGGA,041501.000,4153.0262,N,08748.2107,W,1,10,0.95,206.9,M,-34.0,M,,*57
23:15:01.530 << $GPGSA,A,3,14,30,07,01,17,20,02,08,22,19,,,1.46,0.95,1.11*0A
23:15:01.532 << $GPGSV,4,1,15,14,77,355,31,17,66,258,29,22,61,314,31,30,53,195,26*71
23:15:01.534 << $GPGSV,4,2,15,01,46,074,33,02,31,049,21,19,30,243,23,07,22,165,17*79
23:15:01.534 << $GPGSV,4,3,15,20,13,272,19,08,06,063,15,15,04,300,,06,03,196,*72
23:15:02.515 << $GPGSV,4,4,15,03,03,116,,24,01,325,,34,,,*7F
23:15:02.517 << $GPRMC,041501.000,A,4153.0262,N,08748.2107,W,0.67,21.06,230107,,,A*4C
23:15:02.519 << $GPGGA,041502.000,4153.0262,N,08748.2100,W,1,10,0.95,207.2,M,-34.0,M,,*59
23:15:02.520 << $GPGSA,A,3,14,30,07,01,17,20,02,08,22,19,,,1.46,0.95,1.11*0A
23:15:02.521 << $GPGSV,4,1,15,14,77,355,31,17,66,258,29,22,61,314,31,30,53,195,26*71
23:15:02.522 << $GPGSV,4,2,15,01,46,074,33,02,31,049,21,19,30,243,23,07,22,165,17*79
23:15:03.502 << $GPGSV,4,3,15,20,13,272,19,08,06,063,16,15,04,300,,06,03,196,*71
23:15:03.504 << $GPGSV,4,4,15,03,03,116,,24,01,325,,34,,,*7F
23:15:03.507 << $GPRMC,041502.000,A,4153.0262,N,08748.2100,W,0.68,26.83,230107,,,A*4D
23:15:03.510 << $GPGGA,041503.000,4153.0260,N,08748.2100,W,1,10,0.95,207.7,M,-34.0,M,,*5F
23:15:03.513 << $GPGSA,A,3,14,30,07,01,17,20,02,08,22,19,,,1.46,0.95,1.11*0A
23:15:03.515 << $GPGSV,4,1,15,14,78,356,31,17,66,258,29,22,61,314,31,30,53,195,27*7C
23:15:03.969 << $GPGSV,4,2,15,01,46,074,33,02,31,049,21,19,30,243,23,07,22,165,17*79
23:15:03.970 << $GPGSV,4,3,15,20,13,272,20,08,06,063,16,15,04,300,,06,03,196,*7B
23:15:03.972 << $GPGSV,4,4,15,03,03,116,,24,01,325,,34,,,*7F
23:15:03.974 << $GPRMC,041503.000,A,4153.0260,N,08748.2100,W,0.67,29.48,230107,,,A*49
23:15:04.451 << $GPGGA,041504.000,4153.0258,N,08748.2098,W,1,10,0.95,207.9,M,-34.0,M,,*5D
23:15:04.455 << $GPGSA,A,3,14,30,07,01,17,20,02,08,22,19,,,1.46,0.95,1.11*0A
23:15:04.457 << $GPGSV,4,1,15,14,78,356,31,17,66,258,29,22,61,314,31,30,53,195,27*7C
23:15:04.459 << $GPGSV,4,2,15,01,46,074,33,02,31,049,21,19,30,243,23,07,22,165,17*79
23:15:04.459 << $GPGSV,4,3,15,20,13,272,20,08,06,063,16,15,04,300,,06,03,196,*7B
23:15:04.461 << $GPGSV,4,4,15,03,03,116,,24,01,325,,34,,,*7F
23:15:04.462 << $GPRMC,041504.000,A,4153.0258,N,08748.2098,W,0.64,31.73,230107,,,A*47
23:15:05.446 << $GPGGA,041505.000,4153.0259,N,08748.2098,W,1,10,0.95,208.2,M,-34.0,M,,*59
23:15:05.450 << $GPGSA,A,3,14,30,07,01,17,20,02,08,22,19,,,1.46,0.95,1.11*0A
23:15:05.453 << $GPGSV,4,1,15,14,78,356,31,17,66,258,29,22,61,314,31,30,53,195,27*7C
23:15:05.454 << $GPGSV,4,2,15,01,46,074,33,02,31,049,21,19,30,243,23,07,22,165,17*79
23:15:05.455 << $GPGSV,4,3,15,20,13,272,20,08,06,063,16,15,04,300,,06,03,196,*7B
23:15:05.456 << $GPGSV,4,4,15,03,03,116,,24,01,325,,34,,,*7F
23:15:05.458 << $GPRMC,041505.000,A,4153.0259,N,08748.2098,W,0.47,33.14,230107,,,A*45
23:15:06.894 << $GPGGA,041506.000,4153.0259,N,08748.2098,W,1,10,0.95,208.7,M,-34.0,M,,*5F
23:15:06.897 << $GPGSA,A,3,14,30,07,01,17,20,02,08,22,19,,,1.46,0.95,1.11*0A
23:15:06.900 << $GPGSV,4,1,15,14,78,356,31,17,66,259,29,22,61,314,31,30,53,195,27*7D
23:15:06.901 << $GPGSV,4,2,15,01,46,074,33,02,31,049,20,19,30,243,23,07,22,165,17*78
23:15:06.902 << $GPGSV,4,3,15,20,13,272,20,08,06,063,16,15,04,300,,06,03,196,*7B
23:15:06.903 << $GPGSV,4,4,15,03,03,116,,24,01,325,,35,,,*7E
23:15:06.905 << $GPRMC,041506.000,A,4153.0259,N,08748.2098,W,0.44,34.24,230107,,,A*41
23:15:07.375 << $GPGGA,041507.000,4153.0256,N,08748.2100,W,1,9,1.01,209.3,M,-34.0,M,,*60
23:15:07.379 << $GPGSA,A,3,14,30,07,01,17,20,02,22,19,,,,1.73,1.01,1.40*0C
23:15:07.383 << $GPGSV,4,1,15,14,78,356,31,17,66,259,29,22,61,314,31,30,53,195,28*72
23:15:07.385 << $GPGSV,4,2,15,01,46,074,33,02,31,049,20,19,30,243,23,07,22,165,17*78
23:15:07.385 << $GPGSV,4,3,15,20,13,272,20,08,06,063,,15,04,300,,06,03,196,*7C
23:15:07.386 << $GPGSV,4,4,15,03,03,116,,24,01,325,,35,,,*7E
23:15:07.389 << $GPRMC,041507.000,A,4153.0256,N,08748.2100,W,0.38,33.98,230107,,,A*44
23:15:08.840 << $GPGGA,041508.000,4153.0256,N,08748.2099,W,1,9,1.01,209.5,M,-34.0,M,,*68
23:15:08.843 << $GPGSA,A,3,14,30,07,01,17,20,02,22,19,,,,1.73,1.01,1.40*0C
23:15:08.845 << $GPGSV,4,1,15,14,78,356,31,17,66,259,29,22,61,314,31,30,53,195,28*72
23:15:08.846 << $GPGSV,4,2,15,01,46,074,33,02,31,049,20,19,30,243,22,07,22,165,17*79
23:15:08.848 << $GPGSV,4,3,15,20,13,272,20,08,06,063,,15,04,300,,06,03,196,*7C
23:15:08.848 << $GPGSV,4,4,15,03,03,116,,24,01,325,,35,,,*7E
23:15:08.850 << $GPRMC,041508.000,A,4153.0256,N,08748.2099,W,0.27,33.78,230107,,,A*4A
23:15:09.837 << $GPGGA,041509.000,4153.0257,N,08748.2099,W,1,9,1.01,209.8,M,-34.0,M,,*65
23:15:09.842 << $GPGSA,A,3,14,30,07,01,17,20,02,22,19,,,,1.73,1.01,1.40*0C
23:15:09.844 << $GPGSV,4,1,15,14,78,356,31,17,66,259,29,22,61,314,31,30,53,195,28*72
23:15:09.845 << $GPGSV,4,2,15,01,46,074,33,02,31,049,20,19,30,243,21,07,22,165,17*7A
23:15:09.846 << $GPGSV,4,3,15,20,12,272,20,08,06,063,,15,04,300,,06,03,196,*7D
23:15:09.847 << $GPGSV,4,4,15,03,03,116,,24,01,325,,35,,,*7E
23:15:09.849 << $GPRMC,041509.000,A,4153.0257,N,08748.2099,W,0.21,31.81,230107,,,A*48
23:15:10.828 << $GPGGA,041510.000,4153.0258,N,08748.2098,W,1,9,1.01,210.0,M,-34.0,M,,*63
23:15:10.833 << $GPGSA,A,3,14,30,07,01,17,20,02,22,19,,,,1.73,1.01,1.40*0C
23:15:10.834 << $GPGSV,4,1,15,14,78,356,31,17,66,259,28,22,61,314,31,30,53,195,28*73
23:15:10.836 << $GPGSV,4,2,15,01,46,074,33,02,31,049,21,19,30,243,20,07,22,165,17*7A
23:15:10.837 << $GPGSV,4,3,15,20,12,272,20,08,06,063,,15,04,300,,06,03,196,*7D
23:15:10.838 << $GPGSV,4,4,15,03,03,116,,24,01,325,,35,,,*7E
23:15:10.840 << $GPRMC,041510.000,A,4153.0258,N,08748.2098,W,0.18,28.84,230107,,,A*49
23:15:11.768 << $GPGGA,041511.000,4153.0258,N,08748.2098,W,1,9,1.00,210.3,M,-34.0,M,,*60
23:15:11.771 << $GPGSA,A,3,14,30,07,01,17,20,02,22,19,,,,1.29,1.00,0.81*0E
23:15:11.773 << $GPGSV,4,1,15,14,78,356,31,17,66,259,28,22,61,315,31,30,53,195,28*72
23:15:11.774 << $GPGSV,4,2,15,01,46,074,33,02,31,049,22,19,30,243,20,07,22,165,16*78
23:15:11.775 << $GPGSV,4,3,15,20,12,272,19,08,06,063,,15,04,300,,06,03,196,*77
23:15:11.776 << $GPGSV,4,4,15,03,03,116,,24,01,325,,35,,,*7E
23:15:12.252 << $GPRMC,041511.000,A,4153.0258,N,08748.2098,W,0.16,28.06,230107,,,A*4C
23:15:12.746 << $GPGGA,041512.000,4153.0259,N,08748.2098,W,1,9,1.01,210.5,M,-34.0,M,,*65
23:15:12.750 << $GPGSA,A,3,14,30,07,01,17,20,02,22,19,,,,1.73,1.01,1.40*0C
23:15:12.753 << $GPGSV,4,1,15,14,78,356,31,17,66,259,28,22,61,315,31,30,53,195,28*72
23:15:12.754 << $GPGSV,4,2,15,01,46,074,33,02,31,049,22,19,30,243,20,07,22,165,16*78
23:15:13.230 << $GPGSV,4,3,15,20,12,272,19,08,06,063,,15,04,300,,06,03,196,*77
23:15:13.231 << $GPGSV,4,4,15,03,03,116,,24,01,325,,35,,,*7E
23:15:13.233 << $GPRMC,041512.000,A,4153.0259,N,08748.2098,W,0.17,24.97,230107,,,A*4B
23:15:13.717 << $GPGGA,041513.000,4153.0259,N,08748.2098,W,1,9,1.01,210.8,M,-34.0,M,,*69
23:15:13.720 << $GPGSA,A,3,14,30,07,01,17,20,02,22,19,,,,1.73,1.01,1.40*0C
23:15:13.722 << $GPGSV,4,1,15,14,78,356,30,17,66,259,28,22,61,315,31,30,53,195,28*73
23:15:13.724 << $GPGSV,4,2,15,01,46,074,32,02,31,049,22,19,30,243,20,07,22,165,16*79
23:15:13.724 << $GPGSV,4,3,15,20,12,272,19,08,06,063,,15,04,300,,06,03,196,*77
23:15:13.726 << $GPGSV,4,4,15,03,03,116,,24,01,325,,36,,,*7D
23:15:13.727 << $GPRMC,041513.000,A,4153.0259,N,08748.2098,W,0.25,18.73,230107,,,A*4E
23:15:14.714 << $GPGGA,041514.000,4153.0260,N,08748.2098,W,1,9,1.01,211.0,M,-34.0,M,,*6D
23:15:14.718 << $GPGSA,A,3,14,30,07,01,17,20,02,22,19,,,,1.73,1.01,1.40*0C
23:15:14.721 << $GPGSV,4,1,15,14,78,356,30,17,66,259,28,22,61,315,31,30,53,195,28*73
23:15:14.722 << $GPGSV,4,2,15,01,46,074,32,02,31,049,22,19,30,243,20,07,22,165,16*79
23:15:14.722 << $GPGSV,4,3,15,20,12,272,18,08,06,063,,15,04,300,,06,03,196,*76
23:15:14.724 << $GPGSV,4,4,15,03,03,116,,24,01,325,,36,,,*7D
23:15:14.725 << $GPRMC,041514.000,A,4153.0260,N,08748.2098,W,0.10,18.61,230107,,,A*46
23:15:15.707 << $GPGGA,041515.000,4153.0260,N,08748.2098,W,1,9,1.01,211.3,M,-34.0,M,,*6F
23:15:15.710 << $GPGSA,A,3,14,30,07,01,17,20,02,22,19,,,,1.73,1.01,1.40*0C
23:15:15.713 << $GPGSV,4,1,15,14,78,356,30,17,66,259,29,22,61,315,31,30,53,195,29*73
23:15:15.714 << $GPGSV,4,2,15,01,46,074,32,02,31,049,21,19,30,243,19,07,22,165,16*70
23:15:16.149 << $GPGSV,4,3,15,20,12,272,18,08,06,063,,15,04,300,,06,03,196,*76
23:15:16.150 << $GPGSV,4,4,15,03,03,116,,24,01,325,,36,,,*7D
23:15:16.157 << $GPRMC,041515.000,A,4153.0260,N,08748.2098,W,0.04,18.61,230107,,,A*42
23:15:16.640 << $GPGGA,041516.000,4153.0260,N,08748.2098,W,1,9,1.01,211.6,M,-34.0,M,,*69
23:15:16.642 << $GPGSA,A,3,14,30,07,01,17,20,02,22,19,,,,1.72,1.01,1.40*0D
23:15:16.645 << $GPGSV,4,1,15,14,78,356,30,17,66,259,29,22,61,315,31,30,53,195,29*73
23:15:16.646 << $GPGSV,4,2,15,01,46,074,32,02,31,049,21,19,30,243,19,07,22,165,16*70
23:15:16.647 << $GPGSV,4,3,15,20,12,272,18,08,06,063,,15,04,300,,06,03,196,*76
23:15:16.648 << $GPGSV,4,4,15,03,03,116,,24,01,325,,36,,,*7D
23:15:17.127 << $GPRMC,041516.000,A,4153.0260,N,08748.2098,W,0.12,18.61,230107,,,A*46
23:15:17.614 << $GPGGA,041517.000,4153.0260,N,08748.2099,W,1,9,1.01,211.8,M,-34.0,M,,*67
23:15:17.617 << $GPGSA,A,3,14,30,07,01,17,20,02,22,19,,,,1.72,1.01,1.40*0D
23:15:17.619 << $GPGSV,4,1,15,14,78,356,30,17,66,259,29,22,61,315,31,30,53,195,29*73
23:15:17.621 << $GPGSV,4,2,15,01,46,074,32,02,31,049,22,19,30,243,19,07,22,165,16*73
23:15:17.622 << $GPGSV,4,3,15,20,12,272,18,08,06,063,,15,04,300,,06,03,196,*76
23:15:17.623 << $GPGSV,4,4,15,03,03,116,,24,01,325,,36,,,*7D
23:15:17.625 << $GPRMC,041517.000,A,4153.0260,N,08748.2099,W,0.17,18.61,230107,,,A*43
23:15:18.610 << $GPGGA,041518.000,4153.0260,N,08748.2099,W,1,9,1.01,212.1,M,-34.0,M,,*62
23:15:18.613 << $GPGSA,A,3,14,30,07,01,17,20,02,22,19,,,,1.72,1.01,1.40*0D
23:15:18.615 << $GPGSV,4,1,15,14,78,356,30,17,66,259,29,22,61,315,31,30,53,195,29*73
23:15:18.616 << $GPGSV,4,2,15,01,46,074,32,02,31,049,22,19,30,243,18,07,22,165,16*72
23:15:18.617 << $GPGSV,4,3,15,20,12,272,18,08,06,063,,15,04,300,,06,03,196,*76
23:15:18.618 << $GPGSV,4,4,15,03,03,116,,24,01,325,,36,,,*7D
23:15:18.620 << $GPRMC,041518.000,A,4153.0260,N,08748.2099,W,0.17,18.61,230107,,,A*4C
23:15:19.602 << $GPGGA,041519.000,4153.0261,N,08748.2099,W,1,9,1.01,212.4,M,-34.0,M,,*67
23:15:19.606 << $GPGSA,A,3,14,30,07,01,17,20,02,22,19,,,,1.72,1.01,1.40*0D
23:15:19.609 << $GPGSV,4,1,15,14,78,356,30,17,66,259,29,22,61,315,31,30,52,195,29*72
23:15:19.610 << $GPGSV,4,2,15,01,46,074,32,02,31,049,22,19,30,243,17,07,22,165,16*7D
23:15:19.611 << $GPGSV,4,3,15,20,12,272,18,08,06,063,,15,04,300,,06,03,196,*76
23:15:19.612 << $GPGSV,4,4,15,03,03,116,,24,01,325,,38,,,*73
23:15:19.614 << $GPRMC,041519.000,A,4153.0261,N,08748.2099,W,0.13,18.61,230107,,,A*48
23:15:20.586 << $GPGGA,041520.000,4153.0261,N,08748.2100,W,1,9,1.01,212.7,M,-34.0,M,,*6F
23:15:20.589 << $GPGSA,A,3,14,30,07,01,17,20,02,22,19,,,,1.72,1.01,1.39*03
23:15:20.592 << $GPGSV,4,1,15,14,78,356,29,17,66,259,29,22,61,315,31,30,52,195,29*7A
23:15:20.593 << $GPGSV,4,2,15,01,46,074,32,02,31,049,22,19,30,243,18,07,22,165,16*72
23:15:20.594 << $GPGSV,4,3,15,20,12,272,18,08,06,063,,15,04,300,,06,03,196,*76
23:15:20.595 << $GPGSV,4,4,15,03,03,116,,24,01,325,,38,,,*73
23:15:20.597 << $GPRMC,041520.000,A,4153.0261,N,08748.2100,W,0.22,18.61,230107,,,A*41
23:15:21.516 << $GPGGA,041521.000,4153.0261,N,08748.2100,W,1,9,1.01,212.9,M,-34.0,M,,*60
23:15:21.519 << $GPGSA,A,3,14,30,07,01,17,20,02,22,19,,,,1.72,1.01,1.39*03
23:15:21.521 << $GPGSV,4,1,15,14,78,356,29,17,66,259,29,22,61,315,31,30,52,195,29*7A
23:15:21.522 << $GPGSV,4,2,15,01,46,074,32,02,31,049,22,19,30,243,18,07,22,165,16*72
23:15:21.523 << $GPGSV,4,3,15,20,12,272,18,08,06,063,,15,04,300,,06,03,196,*76
23:15:21.524 << $GPGSV,4,4,15,03,03,116,,24,01,325,,38,,,*73
23:15:21.995 << $GPRMC,041521.000,A,4153.0261,N,08748.2100,W,0.25,18.61,230107,,,A*47
23:15:22.491 << $GPGGA,041522.000,4153.0262,N,08748.2101,W,1,9,1.01,213.2,M,-34.0,M,,*6B
23:15:22.494 << $GPGSA,A,3,14,30,07,01,17,20,02,22,19,,,,1.72,1.01,1.39*03
23:15:22.496 << $GPGSV,4,1,15,14,78,356,29,17,66,259,29,22,61,315,31,30,52,195,29*7A
23:15:22.497 << $GPGSV,4,2,15,01,46,074,31,02,31,049,22,19,30,243,18,07,22,165,16*71
23:15:22.498 << $GPGSV,4,3,15,20,12,272,18,08,06,063,,15,04,300,,06,03,196,*76
23:15:22.499 << $GPGSV,4,4,15,03,03,116,,24,01,325,,38,,,*73
23:15:22.502 << $GPRMC,041522.000,A,4153.0262,N,08748.2101,W,0.28,317.23,230107,,,A*71
23:15:23.478 << $GPGGA,041523.000,4153.0262,N,08748.2102,W,1,9,1.01,213.5,M,-34.0,M,,*6E
23:15:23.482 << $GPGSA,A,3,14,30,07,01,17,20,02,22,19,,,,1.72,1.01,1.39*03
23:15:23.484 << $GPGSV,4,1,15,14,78,356,29,17,66,259,29,22,61,315,31,30,52,195,29*7A
23:15:23.485 << $GPGSV,4,2,15,01,46,074,31,02,30,049,22,19,30,243,18,07,22,165,16*70
23:15:23.486 << $GPGSV,4,3,15,20,12,272,18,08,06,063,,15,04,300,,06,03,196,*76
23:15:23.952 << $GPGSV,4,4,15,03,03,116,,24,01,325,,38,,,*73
23:15:23.954 << $GPRMC,041523.000,A,4153.0262,N,08748.2102,W,0.22,317.23,230107,,,A*79
23:15:24.437 << $GPGGA,041524.000,4153.0261,N,08748.2103,W,1,9,1.01,213.8,M,-34.0,M,,*66
23:15:24.440 << $GPGSA,A,3,14,30,07,01,17,20,02,22,19,,,,1.72,1.01,1.39*03
23:15:24.442 << $GPGSV,4,1,15,14,78,356,29,17,66,259,29,22,61,315,32,30,52,195,29*79
23:15:24.444 << $GPGSV,4,2,15,01,46,074,31,02,30,049,22,19,30,243,17,07,22,165,16*7F
23:15:24.499 << $GPGSV,4,3,15,20,12,272,18,08,06,063,,15,04,300,,06,03,196,*76
23:15:24.500 << $GPGSV,4,4,15,03,03,116,,24,01,325,,38,,,*73
23:15:24.503 << $GPRMC,041524.000,A,4153.0261,N,08748.2103,W,0.34,317.23,230107,,,A*7B
23:15:25.413 << $GPGGA,041525.000,4153.0261,N,08748.2103,W,1,9,1.01,214.1,M,-34.0,M,,*69
23:15:25.416 << $GPGSA,A,3,14,30,07,01,17,20,02,22,19,,,,1.72,1.01,1.39*03
23:15:25.418 << $GPGSV,4,1,15,14,78,356,28,17,66,259,29,22,61,315,32,30,52,195,30*70
23:15:25.419 << $GPGSV,4,2,15,01,46,074,31,02,30,049,22,19,30,243,17,07,22,165,16*7F
23:15:25.420 << $GPGSV,4,3,15,20,12,272,18,08,06,063,,15,04,300,,06,03,196,*76
23:15:25.421 << $GPGSV,4,4,15,03,03,116,,24,01,325,,38,,,*73
23:15:25.423 << $GPRMC,041525.000,A,4153.0261,N,08748.2103,W,0.30,310.68,230107,,,A*76
23:15:26.408 << $GPGGA,041526.000,4153.0260,N,08748.2104,W,1,9,1.01,214.4,M,-34.0,M,,*69
23:15:26.412 << $GPGSA,A,3,14,30,07,01,17,20,02,22,19,,,,1.72,1.01,1.39*03
23:15:26.878 << $GPGSV,4,1,15,14,78,356,28,17,66,259,30,22,61,315,32,30,52,195,30*78
23:15:26.880 << $GPGSV,4,2,15,01,46,074,31,02,30,049,22,19,30,243,17,07,22,165,16*7F
23:15:26.881 << $GPGSV,4,3,15,20,12,272,18,08,06,063,,15,04,300,,06,03,196,*76
23:15:26.882 << $GPGSV,4,4,15,03,03,116,,24,01,325,,41,,,*7D
23:15:26.884 << $GPRMC,041526.000,A,4153.0260,N,08748.2104,W,0.34,303.52,230107,,,A*7C
23:15:27.861 << $GPGGA,041527.000,4153.0259,N,08748.2105,W,1,9,1.01,214.8,M,-34.0,M,,*6F
23:15:27.865 << $GPGSA,A,3,14,30,07,01,17,20,02,22,19,,,,1.72,1.01,1.39*03
23:15:27.867 << $GPGSV,4,1,15,14,78,356,28,17,66,259,30,22,61,315,32,30,52,195,30*78
23:15:27.868 << $GPGSV,4,2,15,01,46,074,31,02,30,049,22,19,30,243,17,07,22,165,16*7F
23:15:27.869 << $GPGSV,4,3,15,20,12,272,18,08,06,063,,15,04,300,,06,03,196,*76
23:15:27.870 << $GPGSV,4,4,15,03,03,116,,24,01,325,,41,,,*7D
23:15:27.872 << $GPRMC,041527.000,A,4153.0259,N,08748.2105,W,0.27,296.35,230107,,,A*78
23:15:28.855 << $GPGGA,041528.000,4153.0259,N,08748.2105,W,1,9,1.01,215.1,M,-34.0,M,,*68
23:15:28.858 << $GPGSA,A,3,14,30,07,01,17,20,02,22,19,,,,1.72,1.01,1.39*03
23:15:28.861 << $GPGSV,4,1,15,14,78,356,28,17,66,259,30,22,61,315,32,30,52,195,30*78
23:15:28.862 << $GPGSV,4,2,15,01,46,074,31,02,30,049,21,19,30,243,17,07,21,165,16*7F
23:15:28.863 << $GPGSV,4,3,15,20,12,272,17,08,06,063,,15,04,300,,06,03,196,*79
23:15:28.864 << $GPGSV,4,4,15,03,03,116,,24,01,325,,41,,,*7D
23:15:29.311 << $GPRMC,041528.000,A,4153.0259,N,08748.2105,W,0.30,290.51,230107,,,A*75
23:15:29.803 << $GPGGA,041529.000,4153.0258,N,08748.2106,W,1,9,1.00,215.3,M,-34.0,M,,*68
23:15:29.806 << $GPGSA,A,3,14,30,07,01,17,20,02,22,19,,,,1.29,1.00,0.81*0E
23:15:29.808 << $GPGSV,4,1,15,14,78,356,28,17,66,259,30,22,61,315,32,30,52,195,30*78
23:15:29.809 << $GPGSV,4,2,15,01,46,074,31,02,30,049,21,19,30,243,17,07,21,165,16*7F
23:15:29.810 << $GPGSV,4,3,15,20,12,272,17,08,06,063,,15,04,300,,06,03,196,*79
23:15:29.811 << $GPGSV,4,4,15,03,03,116,,24,01,325,,41,,,*7D
23:15:29.813 << $GPRMC,041529.000,A,4153.0258,N,08748.2106,W,0.26,211.97,230107,,,A*72
23:15:30.800 << $GPGGA,041530.000,4153.0257,N,08748.2106,W,1,9,1.01,215.5,M,-34.0,M,,*68
23:15:30.804 << $GPGSA,A,3,14,30,07,01,17,20,02,22,19,,,,1.72,1.01,1.39*03
23:15:30.807 << $GPGSV,4,1,15,14,78,356,28,17,66,259,30,22,61,315,32,30,52,195,30*78
23:15:30.809 << $GPGSV,4,2,15,01,46,074,31,02,30,049,21,19,30,243,17,07,21,165,16*7F
23:15:30.809 << $GPGSV,4,3,15,20,12,272,17,08,06,063,,15,04,300,,06,03,196,*79
23:15:30.810 << $GPGSV,4,4,15,03,03,116,,24,01,325,,41,,,*7D
23:15:30.812 << $GPRMC,041530.000,A,4153.0257,N,08748.2106,W,0.17,211.98,230107,,,A*78
23:15:31.781 << $GPGGA,041531.000,4153.0257,N,08748.2106,W,1,9,1.01,215.7,M,-34.0,M,,*6B
23:15:31.785 << $GPGSA,A,3,14,30,07,01,17,20,02,22,19,,,,1.72,1.01,1.39*03
23:15:31.787 << $GPGSV,4,1,15,14,78,356,27,17,66,259,30,22,61,315,32,30,52,195,30*77
23:15:31.788 << $GPGSV,4,2,15,01,46,074,31,02,30,049,21,19,30,243,17,07,21,165,16*7F
23:15:31.789 << $GPGSV,4,3,15,20,12,272,17,08,06,063,,15,04,300,,06,03,196,*79
23:15:31.790 << $GPGSV,4,4,15,03,03,116,,24,01,325,,41,,,*7D
23:15:31.792 << $GPRMC,041531.000,A,4153.0257,N,08748.2106,W,0.22,218.03,230107,,,A*74
23:15:32.773 << $GPGGA,041532.000,4153.0256,N,08748.2107,W,1,9,1.01,216.0,M,-34.0,M,,*6C
23:15:32.777 << $GPGSA,A,3,14,30,07,01,17,20,02,22,19,,,,1.72,1.01,1.39*03
23:15:32.780 << $GPGSV,4,1,15,14,78,356,27,17,66,259,30,22,61,315,32,30,52,195,30*77
23:15:32.781 << $GPGSV,4,2,15,01,46,074,31,02,30,049,20,19,30,243,17,07,21,165,16*7E
23:15:32.782 << $GPGSV,4,3,15,20,12,272,17,08,06,063,,15,04,300,,06,03,196,*79
23:15:32.783 << $GPGSV,4,4,15,03,03,116,,24,01,325,,43,,,*7F
23:15:32.785 << $GPRMC,041532.000,A,4153.0256,N,08748.2107,W,0.11,218.03,230107,,,A*77
23:15:33.705 << $GPGGA,041533.000,4153.0257,N,08748.2107,W,1,9,1.01,216.2,M,-34.0,M,,*6E
23:15:33.709 << $GPGSA,A,3,14,30,07,01,17,20,02,22,19,,,,1.72,1.01,1.39*03
23:15:33.711 << $GPGSV,4,1,15,14,78,356,27,17,66,259,30,22,61,315,32,30,52,195,30*77
23:15:33.712 << $GPGSV,4,2,15,01,46,074,31,02,30,049,20,19,30,243,17,07,21,165,16*7E
23:15:33.713 << $GPGSV,4,3,15,20,12,272,17,08,06,063,,15,04,300,,06,03,196,*79
23:15:33.714 << $GPGSV,4,4,15,03,03,116,,24,01,325,,43,,,*7F
23:15:34.187 << $GPRMC,041533.000,A,4153.0257,N,08748.2107,W,0.18,218.03,230107,,,A*7E
23:15:34.679 << $GPGGA,041534.000,4153.0257,N,08748.2108,W,1,9,1.01,216.4,M,-34.0,M,,*60
23:15:34.683 << $GPGSA,A,3,14,30,07,01,17,20,02,22,19,,,,1.72,1.01,1.39*03
23:15:34.684 << $GPGSV,4,1,15,14,78,356,27,17,66,259,30,22,61,315,32,30,52,195,29*7F
23:15:34.686 << $GPGSV,4,2,15,01,46,074,31,02,30,049,20,19,30,243,17,07,21,165,16*7E
23:15:34.686 << $GPGSV,4,3,15,20,12,272,17,08,06,063,,15,04,300,,06,03,196,*79
23:15:34.688 << $GPGSV,4,4,15,03,03,116,,24,01,325,,43,,,*7F
23:15:34.690 << $GPRMC,041534.000,A,4153.0257,N,08748.2108,W,0.39,218.03,230107,,,A*75
23:15:35.664 << $GPGGA,041535.000,4153.0258,N,08748.2108,W,1,9,1.01,216.6,M,-34.0,M,,*6C
23:15:35.668 << $GPGSA,A,3,14,30,07,01,17,20,02,22,19,,,,1.72,1.01,1.39*03
23:15:35.670 << $GPGSV,4,1,15,14,78,357,28,17,66,259,29,22,61,315,32,30,52,195,28*78
23:15:35.671 << $GPGSV,4,2,15,01,46,074,31,02,30,049,20,19,30,243,17,07,21,165,16*7E
23:15:35.672 << $GPGSV,4,3,15,20,12,272,17,08,06,063,,15,04,300,,06,03,196,*79
23:15:35.673 << $GPGSV,4,4,15,03,03,116,,24,01,325,,43,,,*7F
23:15:35.675 << $GPRMC,041535.000,A,4153.0258,N,08748.2108,W,0.52,318.12,230107,,,A*77
23:15:36.644 << $GPGGA,041536.000,4153.0260,N,08748.2109,W,1,9,1.01,216.9,M,-34.0,M,,*6A
23:15:36.648 << $GPGSA,A,3,14,30,07,01,17,20,02,22,19,,,,1.72,1.01,1.39*03
23:15:36.650 << $GPGSV,4,1,15,14,78,357,28,17,66,259,29,22,61,315,32,30,52,195,28*78
23:15:36.651 << $GPGSV,4,2,15,01,46,074,31,02,30,049,20,19,30,243,18,07,21,165,16*71
23:15:36.652 << $GPGSV,4,3,15,20,12,272,17,08,06,063,,15,04,300,,06,03,196,*79
23:15:36.653 << $GPGSV,4,4,15,03,03,116,,24,01,325,,43,,,*7F
23:15:36.655 << $GPRMC,041536.000,A,4153.0260,N,08748.2109,W,0.57,319.46,230107,,,A*7B
23:15:37.642 << $GPGGA,041537.000,4153.0261,N,08748.2110,W,1,9,1.01,217.1,M,-34.0,M,,*6B
23:15:37.646 << $GPGSA,A,3,14,30,07,01,17,20,02,22,19,,,,1.72,1.01,1.39*03
23:15:37.648 << $GPGSV,4,1,15,14,78,357,28,17,66,259,29,22,61,315,33,30,52,195,28*79
23:15:37.649 << $GPGSV,4,2,15,01,46,074,31,02,30,049,20,19,30,243,18,07,21,165,16*71
23:15:37.650 << $GPGSV,4,3,15,20,12,272,17,08,06,063,,15,04,300,,06,03,196,*79
23:15:37.651 << $GPGSV,4,4,15,03,03,116,,24,01,325,,43,,,*7F
23:15:37.653 << $GPRMC,041537.000,A,4153.0261,N,08748.2110,W,0.57,321.05,230107,,,A*7F
23:15:38.626 << $GPGGA,041538.000,4153.0263,N,08748.2110,W,1,9,1.01,217.3,M,-34.0,M,,*64
23:15:38.630 << $GPGSA,A,3,14,30,07,01,17,20,02,22,19,,,,1.72,1.01,1.39*03
23:15:38.632 << $GPGSV,4,1,15,14,78,357,28,17,66,259,29,22,61,315,33,30,52,195,28*79
23:15:38.632 << $GPGSV,4,2,15,01,46,074,31,02,30,049,21,19,30,243,17,07,21,165,16*7F
23:15:38.633 << $GPGSV,4,3,15,20,12,272,17,08,06,063,,15,04,300,,06,03,196,*79
23:15:38.634 << $GPGSV,4,4,15,03,03,116,,24,01,325,,45,,,*79
23:15:39.067 << $GPRMC,041538.000,A,4153.0263,N,08748.2110,W,0.51,322.82,230107,,,A*78
23:15:39.553 << $GPGGA,041539.000,4153.0264,N,08748.2111,W,1,9,1.01,217.5,M,-34.0,M,,*65
23:15:39.556 << $GPGSA,A,3,14,30,07,01,17,20,02,22,19,,,,1.72,1.01,1.39*03
23:15:39.558 << $GPGSV,4,1,15,14,78,357,28,17,66,259,29,22,61,315,33,30,52,195,28*79
23:15:39.560 << $GPGSV,4,2,15,01,46,074,30,02,30,049,21,19,30,243,16,07,21,165,16*7F
23:15:40.037 << $GPGSV,4,3,15,20,12,272,17,08,06,063,,15,04,300,,06,03,196,*79
23:15:40.039 << $GPGSV,4,4,15,03,03,116,,24,01,325,,45,,,*79
23:15:40.041 << $GPRMC,041539.000,A,4153.0264,N,08748.2111,W,0.42,339.00,230107,,,A*7D
23:15:40.529 << $GPGGA,041540.000,4153.0265,N,08748.2111,W,1,9,1.01,217.7,M,-34.0,M,,*68
23:15:40.533 << $GPGSA,A,3,14,30,07,01,17,20,02,22,19,,,,1.72,1.01,1.39*03
23:15:40.536 << $GPGSV,4,1,15,14,78,357,28,17,66,259,29,22,61,315,33,30,52,195,28*79
23:15:40.537 << $GPGSV,4,2,15,01,46,074,30,02,30,049,21,19,30,244,15,07,21,165,16*7B
23:15:40.538 << $GPGSV,4,3,15,20,12,272,17,08,06,063,,15,04,300,,06,03,196,*79
23:15:40.539 << $GPGSV,4,4,15,03,03,116,,24,01,325,,45,,,*79
23:15:40.541 << $GPRMC,041540.000,A,4153.0265,N,08748.2111,W,0.35,339.05,230107,,,A*77
23:15:41.526 << $GPGGA,041541.000,4153.0266,N,08748.2112,W,1,9,1.01,217.9,M,-34.0,M,,*67
23:15:41.530 << $GPGSA,A,3,14,30,07,01,17,20,02,22,19,,,,1.72,1.01,1.39*03
23:15:41.532 << $GPGSV,4,1,15,14,78,357,28,17,66,259,29,22,61,315,33,30,52,195,28*79
23:15:41.533 << $GPGSV,4,2,15,01,46,074,30,02,30,049,21,19,30,244,15,07,21,165,16*7B
23:15:41.534 << $GPGSV,4,3,15,20,12,272,17,08,06,063,,15,04,300,,06,03,196,*79
23:15:41.535 << $GPGSV,4,4,15,03,03,116,,24,01,325,,45,,,*79
23:15:41.537 << $GPRMC,041541.000,A,4153.0266,N,08748.2112,W,0.30,342.17,230107,,,A*7C
23:15:42.475 << $GPGGA,041542.000,4153.0267,N,08748.2112,W,1,9,1.01,218.1,M,-34.0,M,,*62
23:15:42.479 << $GPGSA,A,3,14,30,07,01,17,20,02,22,19,,,,1.72,1.01,1.39*03
23:15:42.483 << $GPGSV,4,1,15,14,78,357,28,17,66,259,29,22,61,315,33,30,52,195,28*79
23:15:42.485 << $GPGSV,4,2,15,01,46,074,30,02,30,049,22,19,30,244,15,07,21,165,16*78
23:15:42.485 << $GPGSV,4,3,15,20,12,272,17,08,06,063,,15,04,300,,06,03,196,*79
23:15:42.486 << $GPGSV,4,4,15,03,03,116,,24,01,325,,45,,,*79
23:15:42.488 << $GPRMC,041542.000,A,4153.0267,N,08748.2112,W,0.21,343.98,230107,,,A*78
23:15:43.465 << $GPGGA,041543.000,4153.0267,N,08748.2112,W,1,9,1.01,218.3,M,-34.0,M,,*61
23:15:43.468 << $GPGSA,A,3,14,30,07,01,17,20,02,22,19,,,,1.72,1.01,1.39*03
23:15:43.471 << $GPGSV,4,1,15,14,78,357,28,17,66,259,29,22,61,315,34,30,52,195,28*7E
23:15:43.472 << $GPGSV,4,2,15,01,46,074,30,02,30,049,22,19,30,244,14,07,21,165,16*79
23:15:43.473 << $GPGSV,4,3,15,20,12,272,17,08,06,063,,15,04,300,,06,03,196,*79
23:15:43.474 << $GPGSV,4,4,15,03,03,116,,24,01,325,,45,,,*79
23:15:43.476 << $GPRMC,041543.000,A,4153.0267,N,08748.2112,W,0.32,347.56,230107,,,A*7D
23:15:44.461 << $GPGGA,041544.000,4153.0268,N,08748.2112,W,1,9,1.01,218.5,M,-34.0,M,,*6F
23:15:44.465 << $GPGSA,A,3,14,30,07,01,17,20,02,22,19,,,,1.72,1.01,1.39*03
23:15:44.467 << $GPGSV,4,1,15,14,78,357,28,17,66,259,29,22,61,315,34,30,52,195,28*7E
23:15:44.468 << $GPGSV,4,2,15,01,46,074,30,02,30,049,22,19,30,244,14,07,21,165,16*79
23:15:44.469 << $GPGSV,4,3,15,20,12,272,17,08,06,063,,15,04,300,,06,03,196,*79
23:15:44.470 << $GPGSV,4,4,15,03,03,116,,24,01,325,,47,,,*7B
23:15:44.472 << $GPRMC,041544.000,A,4153.0268,N,08748.2112,W,0.39,352.76,230107,,,A*78
23:15:45.402 << $GPGGA,041545.000,4153.0269,N,08748.2112,W,1,8,1.05,218.7,M,-34.0,M,,*68
23:15:45.405 << $GPGSA,A,3,14,30,07,01,17,20,02,22,,,,,1.75,1.05,1.40*06
23:15:45.408 << $GPGSV,4,1,15,14,78,357,28,17,66,259,29,22,61,315,34,30,52,195,28*7E
23:15:45.409 << $GPGSV,4,2,15,01,46,074,30,02,30,049,22,19,30,244,,07,21,165,16*7C
23:15:45.410 << $GPGSV,4,3,15,20,12,272,17,08,06,063,,15,04,300,,06,03,196,*79
23:15:45.411 << $GPGSV,4,4,15,03,03,116,,24,02,325,,47,,,*78
23:15:45.413 << $GPRMC,041545.000,A,4153.0269,N,08748.2112,W,0.37,359.58,230107,,,A*71
23:15:46.400 << $GPGGA,041546.000,4153.0270,N,08748.2111,W,1,8,1.05,218.9,M,-34.0,M,,*6E
23:15:46.404 << $GPGSA,A,3,14,30,07,01,17,20,02,22,,,,,1.75,1.05,1.40*06
23:15:46.406 << $GPGSV,4,1,15,14,78,357,28,17,66,259,29,22,61,315,34,30,52,195,28*7E
23:15:46.408 << $GPGSV,4,2,15,01,46,074,30,02,30,049,22,19,30,244,,07,21,165,16*7C
23:15:46.409 << $GPGSV,4,3,15,20,12,272,18,08,06,063,,15,04,300,,06,03,196,*76
23:15:46.409 << $GPGSV,4,4,15,03,03,116,,24,02,325,,47,,,*78
23:15:46.411 << $GPRMC,041546.000,A,4153.0270,N,08748.2111,W,0.45,5.09,230107,,,A*72
23:15:47.843 << $GPGGA,041547.000,4153.0271,N,08748.2111,W,1,8,1.05,219.0,M,-34.0,M,,*66
23:15:47.848 << $GPGSA,A,3,14,30,07,01,17,20,02,22,,,,,1.75,1.05,1.40*06
23:15:47.850 << $GPGSV,4,1,15,14,78,357,28,17,66,259,29,22,61,315,34,30,52,195,28*7E
23:15:47.851 << $GPGSV,4,2,15,01,46,074,30,02,30,049,23,19,30,244,,07,21,165,16*7D
23:15:47.852 << $GPGSV,4,3,15,20,12,272,18,08,06,063,,15,04,300,,06,03,196,*76
23:15:47.853 << $GPGSV,4,4,15,03,03,116,,24,02,325,,47,,,*78
23:15:47.855 << $GPRMC,041547.000,A,4153.0271,N,08748.2111,W,0.53,6.12,230107,,,A*7C
23:15:48.838 << $GPGGA,041548.000,4153.0273,N,08748.2111,W,1,8,1.04,219.2,M,-34.0,M,,*68
23:15:48.842 << $GPGSA,A,3,14,30,07,01,17,20,02,22,,,,,1.32,1.04,0.81*08
23:15:48.845 << $GPGSV,4,1,15,14,78,357,28,17,66,259,28,22,61,315,34,30,52,195,29*7E
23:15:48.846 << $GPGSV,4,2,15,01,46,074,30,02,30,049,23,19,30,244,,07,21,165,16*7D
23:15:48.847 << $GPGSV,4,3,15,20,12,272,19,08,06,063,,15,04,300,,06,03,196,*77
23:15:48.848 << $GPGSV,4,4,15,03,03,116,,24,02,325,,47,,,*78
23:15:48.849 << $GPRMC,041548.000,A,4153.0273,N,08748.2111,W,0.48,3.74,230107,,,A*7E
23:15:49.821 << $GPGGA,041549.000,4153.0274,N,08748.2111,W,1,8,1.05,219.4,M,-34.0,M,,*69
23:15:49.824 << $GPGSA,A,3,14,30,07,01,17,20,02,22,,,,,1.75,1.05,1.40*06
23:15:49.827 << $GPGSV,4,1,15,14,78,357,28,17,66,259,28,22,61,315,34,30,52,195,29*7E
23:15:49.829 << $GPGSV,4,2,15,01,46,074,30,02,30,049,23,19,30,244,,07,21,165,16*7D
23:15:49.830 << $GPGSV,4,3,15,20,12,272,19,08,06,063,,15,04,300,,06,03,196,*77
23:15:50.271 << $GPGSV,4,4,15,03,03,116,,24,02,325,,47,,,*78
23:15:50.273 << $GPRMC,041549.000,A,4153.0274,N,08748.2111,W,0.57,357.94,230107,,,A*7A
23:15:50.763 << $GPGGA,041550.000,4153.0276,N,08748.2112,W,1,8,1.05,219.6,M,-34.0,M,,*62
23:15:50.767 << $GPGSA,A,3,14,30,07,01,17,20,02,22,,,,,1.75,1.05,1.40*06
23:15:50.770 << $GPGSV,4,1,15,14,78,357,29,17,66,259,28,22,61,315,34,30,52,195,29*7F
23:15:50.771 << $GPGSV,4,2,15,01,46,074,30,02,30,049,22,19,30,244,,07,21,165,16*7C
23:15:50.772 << $GPGSV,4,3,15,20,12,272,19,08,06,063,,15,04,300,,06,03,196,*77
23:15:50.773 << $GPGSV,4,4,15,03,03,116,,24,02,325,,47,,,*78
23:15:50.775 << $GPRMC,041550.000,A,4153.0276,N,08748.2112,W,0.55,353.21,230107,,,A*7B
23:15:51.756 << $GPGGA,041551.000,4153.0277,N,08748.2112,W,1,8,1.05,219.8,M,-34.0,M,,*6C
23:15:51.761 << $GPGSA,A,3,14,30,07,01,17,20,02,22,,,,,1.75,1.05,1.40*06
23:15:51.764 << $GPGSV,4,1,15,14,78,357,29,17,66,259,28,22,61,315,34,30,52,195,29*7F
23:15:51.765 << $GPGSV,4,2,15,01,46,074,30,02,30,049,22,19,30,244,,07,21,165,16*7C
23:15:51.766 << $GPGSV,4,3,15,20,12,272,19,08,06,063,,15,04,300,,06,03,196,*77
23:15:51.767 << $GPGSV,4,4,15,03,03,116,,24,02,325,,49,,,*76
23:15:51.769 << $GPRMC,041551.000,A,4153.0277,N,08748.2112,W,0.70,345.15,230107,,,A*7C
23:15:52.755 << $GPGGA,041552.000,4153.0274,N,08748.2116,W,1,8,1.05,220.0,M,-34.0,M,,*6A
23:15:52.759 << $GPGSA,A,3,14,30,07,01,17,20,02,22,,,,,1.75,1.05,1.40*06
23:15:52.762 << $GPGSV,4,1,15,14,78,357,29,17,66,259,28,22,61,315,34,30,52,195,29*7F
23:15:52.762 << $GPGSV,4,2,15,01,46,074,30,02,30,049,22,19,30,244,,07,21,165,16*7C
23:15:52.764 << $GPGSV,4,3,15,20,12,272,19,08,06,063,,15,04,300,,06,03,196,*77
23:15:52.765 << $GPGSV,4,4,15,03,03,116,,24,02,325,,49,,,*76
23:15:52.766 << $GPRMC,041552.000,A,4153.0274,N,08748.2116,W,0.65,339.29,230107,,,A*78
23:15:53.694 << $GPGGA,041553.000,4153.0270,N,08748.2116,W,1,8,1.05,220.5,M,-34.0,M,,*6A
23:15:53.697 << $GPGSA,A,3,14,30,07,01,17,20,02,22,,,,,1.75,1.05,1.40*06
23:15:53.700 << $GPGSV,4,1,15,14,78,357,29,17,66,259,28,22,61,315,34,30,52,195,29*7F
23:15:53.701 << $GPGSV,4,2,15,01,46,074,30,02,30,049,22,19,30,244,,07,21,165,16*7C
23:15:54.175 << $GPGSV,4,3,15,20,12,272,19,08,06,063,,15,04,300,,06,03,196,*77
23:15:54.176 << $GPGSV,4,4,15,03,03,116,,24,02,325,,49,,,*76
23:15:54.178 << $GPRMC,041553.000,A,4153.0270,N,08748.2116,W,0.58,334.87,230107,,,A*7A
23:15:54.662 << $GPGGA,041554.000,4153.0270,N,08748.2115,W,1,8,1.05,221.0,M,-34.0,M,,*6A
23:15:54.720 << $GPGSA,A,3,14,30,07,01,17,20,02,22,,,,,1.75,1.05,1.40*06
23:15:54.723 << $GPGSV,4,1,15,14,78,357,29,17,66,259,28,22,61,315,34,30,52,195,29*7F
23:15:54.724 << $GPGSV,4,2,15,01,46,073,30,02,30,049,22,19,30,244,,07,21,165,16*7B
23:15:54.725 << $GPGSV,4,3,15,20,12,272,19,08,06,063,,15,04,300,,06,03,196,*77
23:15:54.726 << $GPGSV,4,4,15,03,03,116,,24,02,325,,49,,,*76
23:15:55.151 << $GPRMC,041554.000,A,4153.0270,N,08748.2115,W,0.52,335.16,230107,,,A*7D
23:15:55.641 << $GPGGA,041555.000,4153.0267,N,08748.2113,W,1,8,1.05,221.3,M,-34.0,M,,*68
23:15:55.647 << $GPGSA,A,3,14,30,07,01,17,20,02,22,,,,,1.75,1.05,1.40*06
23:15:55.650 << $GPGSV,4,1,15,14,78,357,29,17,66,259,28,22,61,315,34,30,52,195,29*7F
23:15:55.651 << $GPGSV,4,2,15,01,46,073,30,02,30,049,23,19,30,244,,07,21,165,16*7A
23:15:55.652 << $GPGSV,4,3,15,20,12,272,18,08,06,063,,15,04,300,,06,03,196,*76
23:15:55.652 << $GPGSV,4,4,15,03,03,116,,24,02,325,,49,,,*76
23:15:55.654 << $GPRMC,041555.000,A,4153.0267,N,08748.2113,W,0.47,335.55,230107,,,A*7F
23:15:56.636 << $GPGGA,041556.000,4153.0265,N,08748.2116,W,1,8,1.05,221.7,M,-34.0,M,,*68
23:15:56.640 << $GPGSA,A,3,14,30,07,01,17,20,02,22,,,,,1.75,1.05,1.40*06
23:15:56.642 << $GPGSV,4,1,15,14,78,357,29,17,66,259,28,22,61,315,34,30,52,195,29*7F
23:15:56.644 << $GPGSV,4,2,15,01,46,073,30,02,30,049,23,19,30,244,,07,21,165,16*7A
23:15:56.645 << $GPGSV,4,3,15,20,12,272,18,08,06,063,,15,04,300,,06,03,196,*76
23:15:57.102 << $GPGSV,4,4,15,03,03,115,,24,02,325,,49,,,*75
23:15:57.105 << $GPRMC,041556.000,A,4153.0265,N,08748.2116,W,0.41,335.11,230107,,,A*7D
23:15:57.590 << $GPGGA,041557.000,4153.0266,N,08748.2116,W,1,8,1.05,222.0,M,-34.0,M,,*6E
23:15:57.593 << $GPGSA,A,3,14,30,07,01,17,20,02,22,,,,,1.75,1.05,1.40*06
23:15:57.595 << $GPGSV,4,1,15,14,78,357,29,17,66,259,27,22,61,315,34,30,52,195,29*70
23:15:57.596 << $GPGSV,4,2,15,01,46,073,30,51,37,207,,02,30,049,23,19,30,244,*7E
23:15:57.597 << $GPGSV,4,3,15,07,21,165,16,20,12,272,18,08,06,063,,15,04,300,*7C
23:15:57.598 << $GPGSV,4,4,15,06,03,196,,03,03,115,,24,02,325,*43
23:15:57.600 << $GPRMC,041557.000,A,4153.0266,N,08748.2116,W,0.39,335.84,230107,,,A*7C
23:15:59.050 << $GPGGA,041558.000,4153.0267,N,08748.2117,W,1,8,1.05,222.2,M,-34.0,M,,*63
23:15:59.053 << $GPGSA,A,3,14,30,07,01,17,20,02,22,,,,,1.75,1.05,1.40*06
23:15:59.055 << $GPGSV,4,1,15,14,78,357,29,17,66,259,27,22,61,315,34,30,52,195,29*70
23:15:59.056 << $GPGSV,4,2,15,01,46,073,30,51,37,207,,02,30,049,23,19,30,244,*7E
23:15:59.057 << $GPGSV,4,3,15,07,21,165,16,20,12,272,18,08,06,063,,15,04,300,*7C
23:15:59.058 << $GPGSV,4,4,15,06,03,196,,03,03,115,,24,02,325,*43
23:15:59.060 << $GPRMC,041558.000,A,4153.0267,N,08748.2117,W,0.27,336.53,230107,,,A*75
23:15:59.537 << $GPGGA,041559.000,4153.0267,N,08748.2117,W,1,8,1.05,222.4,M,-34.0,M,,*64
23:16:00.029 << $GPGSA,A,3,14,30,07,01,17,20,02,22,,,,,1.75,1.05,1.40*06
23:16:00.032 << $GPGSV,4,1,15,14,78,357,29,17,66,259,27,22,61,315,35,30,52,195,30*79
23:16:00.033 << $GPGSV,4,2,15,01,46,073,31,51,37,207,,02,30,049,23,19,30,244,*7F
23:16:00.034 << $GPGSV,4,3,15,07,21,165,16,20,12,272,18,08,06,063,,15,04,300,*7C
23:16:00.035 << $GPGSV,4,4,15,06,03,196,,03,03,115,,24,02,325,*43
23:16:00.514 << $GPRMC,041559.000,A,4153.0267,N,08748.2117,W,0.37,336.64,230107,,,A*71
23:16:00.518 << $GPGGA,041600.000,4153.0268,N,08748.2118,W,1,8,1.05,222.7,M,-34.0,M,,*68
23:16:00.520 << $GPGSA,A,3,14,30,07,01,17,20,02,22,,,,,1.75,1.05,1.40*06
23:16:00.522 << $GPGSV,4,1,15,14,78,357,29,17,66,259,26,22,61,315,35,30,52,195,30*78
23:16:00.523 << $GPGSV,4,2,15,01,46,073,31,51,37,207,,02,30,049,23,19,30,244,*7F
23:16:01.005 << $GPGSV,4,3,15,07,21,165,16,20,12,272,19,08,06,063,,15,04,300,*7D
23:16:01.007 << $GPGSV,4,4,15,06,03,196,,03,03,115,,24,02,325,*43
23:16:01.010 << $GPRMC,041600.000,A,4153.0268,N,08748.2118,W,0.37,339.08,230107,,,A*7B
23:16:01.492 << $GPGGA,041601.000,4153.0269,N,08748.2118,W,1,8,1.05,222.9,M,-34.0,M,,*66
23:16:01.494 << $GPGSA,A,3,14,30,07,01,17,20,02,22,,,,,1.75,1.05,1.40*06
23:16:01.496 << $GPGSV,4,1,15,14,78,357,28,17,66,259,26,22,61,315,35,30,52,195,30*79
23:16:01.497 << $GPGSV,4,2,15,01,46,073,31,51,37,207,,02,30,049,23,19,30,244,*7F
23:16:01.498 << $GPGSV,4,3,15,07,21,165,16,20,12,272,19,08,05,063,,15,04,300,*7E
23:16:01.977 << $GPGSV,4,4,15,06,03,196,,03,03,115,,24,02,325,*43
23:16:01.979 << $GPRMC,041601.000,A,4153.0269,N,08748.2118,W,0.27,342.20,230107,,,A*7C
23:16:02.467 << $GPGGA,041602.000,4153.0270,N,08748.2118,W,1,8,1.05,223.1,M,-34.0,M,,*64
23:16:02.469 << $GPGSA,A,3,14,30,07,01,17,20,02,22,,,,,1.75,1.05,1.40*06
23:16:02.472 << $GPGSV,4,1,15,14,78,357,28,17,66,259,26,22,61,315,35,30,52,195,30*79
23:16:02.473 << $GPGSV,4,2,15,01,46,073,31,51,37,207,,02,30,049,23,19,30,244,*7F
23:16:02.474 << $GPGSV,4,3,15,07,21,165,16,20,12,272,19,08,05,063,,15,04,300,*7E
23:16:02.475 << $GPGSV,4,4,15,06,03,196,,03,03,115,,24,02,325,*43
23:16:02.476 << $GPRMC,041602.000,A,4153.0270,N,08748.2118,W,0.10,341.28,230107,,,A*78
23:16:03.454 << $GPGGA,041603.000,4153.0270,N,08748.2118,W,1,8,1.05,223.4,M,-34.0,M,,*60
23:16:03.458 << $GPGSA,A,3,14,30,07,01,17,20,02,22,,,,,1.75,1.05,1.40*06
23:16:03.461 << $GPGSV,4,1,15,14,78,357,28,17,66,259,27,22,61,315,35,30,52,195,30*78
23:16:03.462 << $GPGSV,4,2,15,01,46,073,31,51,37,207,,02,30,049,23,19,30,244,*7F
23:16:03.463 << $GPGSV,4,3,15,07,21,165,16,20,12,272,19,08,05,063,,15,04,300,*7E
23:16:03.464 << $GPGSV,4,4,15,06,03,196,,03,03,115,,24,02,325,*43
23:16:03.465 << $GPRMC,041603.000,A,4153.0270,N,08748.2118,W,0.09,345.19,230107,,,A*77
23:16:04.444 << $GPGGA,041604.000,4153.0270,N,08748.2118,W,1,8,1.05,223.7,M,-34.0,M,,*64
23:16:04.448 << $GPGSA,A,3,14,30,07,01,17,20,02,22,,,,,1.75,1.05,1.40*06
23:16:04.449 << $GPGSV,4,1,15,14,78,357,28,17,66,259,27,22,61,315,34,30,52,195,30*79
23:16:04.450 << $GPGSV,4,2,15,01,46,073,31,51,37,207,,02,30,049,23,19,30,244,*7F
23:16:04.451 << $GPGSV,4,3,15,07,21,165,18,20,12,272,18,08,05,063,,15,04,300,*71
23:16:04.452 << $GPGSV,4,4,15,06,03,196,,03,03,115,,24,02,325,*43
23:16:04.454 << $GPRMC,041604.000,A,4153.0270,N,08748.2118,W,0.23,353.56,230107,,,A*74
23:16:05.433 << $GPGGA,041605.000,4153.0271,N,08748.2117,W,1,8,1.05,223.9,M,-34.0,M,,*65
23:16:05.437 << $GPGSA,A,3,14,30,07,01,17,20,02,22,,,,,1.75,1.05,1.39*08
23:16:05.439 << $GPGSV,4,1,15,14,78,357,27,17,66,259,27,22,61,315,35,30,52,195,30*77
23:16:05.440 << $GPGSV,4,2,15,01,46,073,32,51,37,207,,02,30,049,24,19,30,244,*7B
23:16:05.441 << $GPGSV,4,3,15,07,21,165,18,20,12,272,18,08,05,063,,15,04,300,*71
23:16:05.442 << $GPGSV,4,4,15,06,03,196,,03,03,115,,24,02,325,*43
23:16:05.444 << $GPRMC,041605.000,A,4153.0271,N,08748.2117,W,0.24,4.42,230107,,,A*78
23:16:06.366 << $GPGGA,041606.000,4153.0272,N,08748.2117,W,1,8,1.04,224.2,M,-34.0,M,,*68
23:16:06.370 << $GPGSA,A,3,14,30,07,01,17,20,02,22,,,,,1.32,1.04,0.81*08
23:16:06.373 << $GPGSV,4,1,15,14,78,357,27,17,66,259,28,22,61,315,35,30,52,195,30*78
23:16:06.374 << $GPGSV,4,2,15,01,46,073,32,44,33,219,,02,30,049,24,19,30,244,*74
23:16:06.856 << $GPGSV,4,3,15,07,21,165,18,20,12,272,18,08,05,063,,15,04,300,*71
23:16:07.337 << $GPGSV,4,4,15,06,03,196,,03,03,115,,24,02,325,*43
23:16:07.341 << $GPRMC,041606.000,A,4153.0272,N,08748.2117,W,0.27,17.80,230107,,,A*47
23:16:07.831 << $GPGGA,041607.000,4153.0272,N,08748.2116,W,1,9,1.01,224.5,M,-34.0,M,,*6B
23:16:07.834 << $GPGSA,A,3,14,30,07,01,17,20,02,22,19,,,,1.72,1.01,1.39*03
23:16:07.836 << $GPGSV,4,1,15,14,78,358,27,17,66,259,28,22,61,315,35,30,52,195,30*77
23:16:07.838 << $GPGSV,4,2,15,01,46,073,32,44,33,219,,02,30,049,24,19,30,244,16*73
23:16:08.311 << $GPGSV,4,3,15,07,21,165,18,20,12,272,18,08,05,063,,15,04,300,*71
23:16:08.312 << $GPGSV,4,4,15,06,03,196,,03,03,115,,24,02,325,*43
23:16:08.314 << $GPRMC,041607.000,A,4153.0272,N,08748.2116,W,0.28,37.16,230107,,,A*45
23:16:08.799 << $GPGGA,041608.000,4153.0272,N,08748.2115,W,1,9,1.01,224.7,M,-34.0,M,,*65
23:16:08.803 << $GPGSA,A,3,14,30,07,01,17,20,02,22,19,,,,1.72,1.01,1.39*03
23:16:08.805 << $GPGSV,4,1,15,14,78,358,27,17,66,259,29,22,61,315,35,30,52,195,30*76
23:16:08.806 << $GPGSV,4,2,15,01,46,073,32,44,33,219,,02,30,049,24,19,30,244,16*73
23:16:08.861 << $GPGSV,4,3,15,07,21,165,18,20,12,272,18,08,05,063,,15,04,299,*70
23:16:08.862 << $GPGSV,4,4,15,06,03,196,,03,03,115,,24,02,325,*43
23:16:08.864 << $GPRMC,041608.000,A,4153.0272,N,08748.2115,W,0.26,56.18,230107,,,A*4E
23:16:09.777 << $GPGGA,041609.000,4153.0272,N,08748.2114,W,1,9,1.01,225.0,M,-34.0,M,,*63
23:16:09.780 << $GPGSA,A,3,14,30,07,01,17,20,02,22,19,,,,1.72,1.01,1.39*03
23:16:09.782 << $GPGSV,4,1,15,14,78,358,27,17,66,259,29,22,61,315,35,30,52,195,30*76
23:16:09.783 << $GPGSV,4,2,15,01,46,073,33,44,33,219,,02,30,049,24,19,30,244,14*70
23:16:09.784 << $GPGSV,4,3,15,07,21,165,18,20,12,272,18,08,05,063,,15,04,299,*70
23:16:09.785 << $GPGSV,4,4,15,06,03,196,,03,03,115,,24,02,325,*43
23:16:09.787 << $GPRMC,041609.000,A,4153.0272,N,08748.2114,W,0.23,69.96,230107,,,A*41
23:16:10.765 << $GPGGA,041610.000,4153.0272,N,08748.2113,W,1,9,1.01,225.3,M,-34.0,M,,*6F
23:16:10.768 << $GPGSA,A,3,14,30,07,01,17,20,02,22,19,,,,1.72,1.01,1.39*03
23:16:10.772 << $GPGSV,4,1,15,14,78,358,27,17,66,260,29,22,61,315,35,30,52,195,30*7C
23:16:10.773 << $GPGSV,4,2,15,01,46,073,33,44,33,219,,02,30,049,25,19,30,244,14*71
23:16:10.774 << $GPGSV,4,3,15,07,21,165,18,20,12,272,17,08,05,063,,15,04,299,*7F
23:16:10.776 << $GPGSV,4,4,15,06,03,196,,03,03,115,,24,02,325,*43
23:16:10.778 << $GPRMC,041610.000,A,4153.0272,N,08748.2113,W,0.29,89.17,230107,,,A*43
23:16:11.767 << $GPGGA,041611.000,4153.0271,N,08748.2112,W,1,9,1.01,225.6,M,-34.0,M,,*69
23:16:11.771 << $GPGSA,A,3,14,30,07,01,17,20,02,22,19,,,,1.72,1.01,1.39*03
23:16:11.773 << $GPGSV,4,1,15,14,78,358,27,17,66,260,29,22,61,315,35,30,52,195,29*74
23:16:11.774 << $GPGSV,4,2,15,01,46,073,33,44,33,219,,02,30,049,25,19,30,244,14*71
23:16:11.775 << $GPGSV,4,3,15,07,21,165,18,20,12,272,17,08,05,063,,15,04,299,*7F
23:16:11.776 << $GPGSV,4,4,15,06,03,196,,03,03,115,,24,02,325,*43
23:16:12.210 << $GPRMC,041611.000,A,4153.0271,N,08748.2112,W,0.25,100.27,230107,,,A*7F
23:16:12.701 << $GPGGA,041612.000,4153.0270,N,08748.2111,W,1,9,1.01,225.8,M,-34.0,M,,*66
23:16:12.705 << $GPGSA,A,3,14,30,07,01,17,20,02,22,19,,,,1.72,1.01,1.39*03
23:16:12.708 << $GPGSV,4,1,15,14,78,358,27,17,66,260,29,22,61,315,35,30,52,195,29*74
23:16:12.709 << $GPGSV,4,2,15,01,46,073,33,44,33,219,,02,30,049,25,19,30,244,14*71
23:16:12.710 << $GPGSV,4,3,15,07,21,165,18,20,12,272,17,08,05,063,,15,04,299,*7F
23:16:12.711 << $GPGSV,4,4,15,06,03,196,,03,03,115,,24,02,325,*43
23:16:12.713 << $GPRMC,041612.000,A,4153.0270,N,08748.2111,W,0.34,113.03,230107,,,A*7A
23:16:13.696 << $GPGGA,041613.000,4153.0270,N,08748.2110,W,1,8,1.05,226.1,M,-34.0,M,,*69
23:16:13.700 << $GPGSA,A,3,14,30,07,01,17,20,02,22,,,,,1.75,1.05,1.39*08
23:16:13.702 << $GPGSV,4,1,15,14,78,358,27,17,66,260,29,22,61,315,35,30,52,195,29*74
23:16:13.703 << $GPGSV,4,2,15,01,46,073,33,44,33,219,,02,30,049,25,19,30,244,*74
23:16:13.704 << $GPGSV,4,3,15,07,21,165,18,20,12,272,17,08,05,063,,15,04,299,*7F
23:16:13.705 << $GPGSV,4,4,15,06,03,196,,03,03,115,,24,02,325,*43
23:16:13.706 << $GPRMC,041613.000,A,4153.0270,N,08748.2110,W,0.30,120.88,230107,,,A*7D
23:16:14.695 << $GPGGA,041614.000,4153.0269,N,08748.2110,W,1,9,1.01,226.4,M,-34.0,M,,*66
23:16:14.698 << $GPGSA,A,3,14,30,07,01,17,20,02,22,19,,,,1.72,1.01,1.38*02
23:16:14.700 << $GPGSV,4,1,15,14,78,358,27,17,66,260,29,22,61,315,35,30,52,195,29*74
23:16:14.701 << $GPGSV,4,2,15,01,46,073,33,44,33,219,,02,30,049,25,19,30,244,16*73
23:16:14.702 << $GPGSV,4,3,15,07,21,165,18,20,12,272,17,08,05,063,,15,04,299,*7F
23:16:14.703 << $GPGSV,4,4,15,06,03,196,,03,03,115,,24,02,325,*43
23:16:14.705 << $GPRMC,041614.000,A,4153.0269,N,08748.2110,W,0.39,126.19,230107,,,A*75
23:16:15.674 << $GPGGA,041615.000,4153.0268,N,08748.2109,W,1,9,1.01,226.8,M,-34.0,M,,*62
23:16:15.678 << $GPGSA,A,3,14,30,07,01,17,20,02,22,19,,,,1.72,1.01,1.38*02
23:16:15.680 << $GPGSV,4,1,15,14,78,358,27,17,66,260,29,22,61,315,35,30,52,195,29*74
23:16:15.681 << $GPGSV,4,2,15,01,46,073,33,02,30,049,25,19,30,244,16,48,28,228,*77
23:16:15.682 << $GPGSV,4,3,15,07,21,165,18,20,12,272,17,08,05,063,,15,04,299,*7F
23:16:15.683 << $GPGSV,4,4,15,06,03,196,,03,03,115,,24,02,325,*43
23:16:15.685 << $GPRMC,041615.000,A,4153.0268,N,08748.2109,W,0.40,126.10,230107,,,A*7A
23:16:16.607 << $GPGGA,041616.000,4153.0267,N,08748.2107,W,1,9,1.01,227.1,M,-34.0,M,,*68
23:16:16.610 << $GPGSA,A,3,14,30,07,01,17,20,02,22,19,,,,1.72,1.01,1.38*02
23:16:16.613 << $GPGSV,4,1,15,14,78,358,27,17,66,260,29,22,61,315,36,30,52,195,29*77
23:16:16.614 << $GPGSV,4,2,15,01,46,073,33,02,30,049,25,19,30,244,15,48,28,228,*74
23:16:16.615 << $GPGSV,4,3,15,07,21,165,18,20,12,272,17,08,05,063,,15,04,299,*7F
23:16:16.616 << $GPGSV,4,4,15,06,03,196,,03,03,115,,24,02,325,*43
23:16:17.088 << $GPRMC,041616.000,A,4153.0267,N,08748.2107,W,0.33,128.83,230107,,,A*78
23:16:17.580 << $GPGGA,041617.000,4153.0267,N,08748.2106,W,1,8,1.05,227.4,M,-34.0,M,,*68
23:16:17.582 << $GPGSA,A,3,14,30,07,01,17,20,02,22,,,,,1.75,1.05,1.39*08
23:16:17.585 << $GPGSV,4,1,15,14,78,358,27,17,66,260,30,22,61,315,36,30,52,195,30*77
23:16:17.586 << $GPGSV,4,2,15,01,46,073,33,02,30,049,26,19,30,244,,48,28,228,*73
23:16:17.587 << $GPGSV,4,3,15,07,21,165,18,20,12,272,17,08,05,063,,15,04,299,*7F
23:16:17.588 << $GPGSV,4,4,15,06,03,196,,03,03,115,,24,02,325,*43
23:16:17.589 << $GPRMC,041617.000,A,4153.0267,N,08748.2106,W,0.44,136.51,230107,,,A*78
23:16:18.569 << $GPGGA,041618.000,4153.0265,N,08748.2106,W,1,9,1.01,227.7,M,-34.0,M,,*63
23:16:18.572 << $GPGSA,A,3,14,30,07,01,17,20,02,22,19,,,,1.72,1.01,1.38*02
23:16:18.575 << $GPGSV,4,1,15,14,78,358,27,17,66,260,30,22,61,315,36,30,52,195,30*77
23:16:18.576 << $GPGSV,4,2,15,01,46,073,33,02,30,049,26,19,30,244,16,48,28,228,*74
23:16:18.577 << $GPGSV,4,3,15,07,21,165,18,20,12,272,17,08,05,063,,15,04,299,*7F
23:16:18.578 << $GPGSV,4,4,15,06,03,196,,03,03,115,,24,02,325,*43
23:16:18.579 << $GPRMC,041618.000,A,4153.0265,N,08748.2106,W,0.47,144.28,230107,,,A*7D
23:16:19.560 << $GPGGA,041619.000,4153.0264,N,08748.2105,W,1,9,1.01,228.1,M,-34.0,M,,*69
23:16:19.563 << $GPGSA,A,3,14,30,07,01,17,20,02,22,19,,,,1.72,1.01,1.38*02
23:16:19.565 << $GPGSV,4,1,15,14,78,358,27,17,66,260,30,22,61,315,36,30,52,195,30*77
23:16:19.566 << $GPGSV,4,2,15,01,46,073,33,02,30,049,26,19,30,244,15,48,28,228,*77
23:16:19.567 << $GPGSV,4,3,15,07,21,165,18,20,12,272,17,08,05,063,,15,04,299,*7F
23:16:19.568 << $GPGSV,4,4,15,06,03,196,,03,03,115,,24,02,325,*43
23:16:19.570 << $GPRMC,041619.000,A,4153.0264,N,08748.2105,W,0.53,149.94,230107,,,A*71
23:16:20.545 << $GPGGA,041620.000,4153.0263,N,08748.2105,W,1,8,1.29,228.4,M,-34.0,M,,*6A
23:16:20.549 << $GPGSA,A,3,14,30,07,01,17,02,22,19,,,,,2.43,1.29,2.06*05
23:16:20.551 << $GPGSV,4,1,15,14,78,358,27,17,66,260,31,22,61,315,36,30,52,195,30*76
23:16:20.553 << $GPGSV,4,2,15,01,46,073,33,02,30,049,26,19,30,244,15,48,28,228,*77
23:16:20.553 << $GPGSV,4,3,15,07,21,165,19,20,12,272,16,08,05,063,,15,04,299,*7F
23:16:20.554 << $GPGSV,4,4,15,06,03,196,,03,03,115,,24,02,325,*43
23:16:20.556 << $GPRMC,041620.000,A,4153.0263,N,08748.2105,W,0.54,152.52,230107,,,A*7B
23:16:21.478 << $GPGGA,041621.000,4153.0261,N,08748.2104,W,1,8,1.29,228.7,M,-34.0,M,,*6B
23:16:21.482 << $GPGSA,A,3,14,30,07,01,17,02,22,19,,,,,2.43,1.29,2.06*05
23:16:21.484 << $GPGSV,4,1,15,14,78,358,26,17,66,260,31,22,61,315,36,30,52,195,30*77
23:16:21.485 << $GPGSV,4,2,15,01,46,073,33,02,30,049,26,19,30,244,17,48,28,228,*75
23:16:21.962 << $GPGSV,4,3,15,07,21,165,20,20,12,272,15,08,05,063,,15,04,299,*76
23:16:21.963 << $GPGSV,4,4,15,06,03,196,,03,03,115,,24,02,325,*43
23:16:21.965 << $GPRMC,041621.000,A,4153.0261,N,08748.2104,W,0.56,156.13,230107,,,A*7A
23:16:22.450 << $GPGGA,041622.000,4153.0260,N,08748.2103,W,1,8,1.29,229.1,M,-34.0,M,,*69
23:16:22.453 << $GPGSA,A,3,14,30,07,01,17,02,22,19,,,,,2.43,1.29,2.06*05
23:16:22.455 << $GPGSV,4,1,15,14,78,358,26,17,66,260,31,22,61,315,36,30,52,195,30*77
23:16:22.456 << $GPGSV,4,2,15,01,46,073,33,02,30,049,26,19,30,244,17,48,28,228,*75
23:16:22.934 << $GPGSV,4,3,15,07,21,165,20,20,12,272,15,08,05,063,,15,04,299,*76
23:16:22.936 << $GPGSV,4,4,15,06,03,196,,03,03,115,,24,02,325,*43
23:16:22.938 << $GPRMC,041622.000,A,4153.0260,N,08748.2103,W,0.50,158.89,230107,,,A*74
23:16:23.918 << $GPGGA,041623.000,4153.0258,N,08748.2103,W,1,9,1.00,229.3,M,-34.0,M,,*6B
23:16:23.921 << $GPGSA,A,3,14,30,07,01,17,20,02,22,19,,,,1.29,1.00,0.81*0E
23:16:23.923 << $GPGSV,4,1,15,14,78,358,25,17,66,260,31,22,61,315,36,30,52,195,30*74
23:16:23.925 << $GPGSV,4,2,15,01,46,073,33,02,30,049,27,19,30,244,16,48,28,228,*75
23:16:23.925 << $GPGSV,4,3,15,07,21,165,20,20,12,272,15,08,05,063,,15,04,299,*76
23:16:23.926 << $GPGSV,4,4,15,06,03,196,,03,03,115,,24,02,325,*43
23:16:23.928 << $GPRMC,041623.000,A,4153.0258,N,08748.2103,W,0.52,160.44,230107,,,A*76
23:16:24.398 << $GPGGA,041624.000,4153.0257,N,08748.2102,W,1,9,1.01,229.6,M,-34.0,M,,*66
23:16:24.401 << $GPGSA,A,3,14,30,07,01,17,20,02,22,19,,,,1.71,1.01,1.38*01
23:16:24.457 << $GPGSV,4,1,15,14,78,358,25,17,66,260,31,22,61,315,36,30,52,195,30*74
23:16:24.459 << $GPGSV,4,2,15,01,46,073,33,02,30,049,27,19,30,244,16,46,26,232,*7E
23:16:24.460 << $GPGSV,4,3,15,07,21,165,20,20,12,272,15,08,05,063,,15,04,299,*76
23:16:24.461 << $GPGSV,4,4,15,06,03,196,,03,03,115,,24,02,325,*43
23:16:24.463 << $GPRMC,041624.000,A,4153.0257,N,08748.2102,W,0.44,161.72,230107,,,A*7C
23:16:25.868 << $GPGGA,041625.000,4153.0256,N,08748.2102,W,1,9,1.01,229.8,M,-34.0,M,,*68
23:16:25.871 << $GPGSA,A,3,14,30,07,01,17,20,02,22,19,,,,1.71,1.01,1.38*01
23:16:25.873 << $GPGSV,4,1,15,14,78,358,25,17,66,260,31,22,61,315,36,30,52,195,30*74
23:16:25.874 << $GPGSV,4,2,15,01,46,073,34,02,30,049,27,19,30,244,16,46,26,232,*79
23:16:25.875 << $GPGSV,4,3,15,07,21,165,20,20,12,272,16,08,05,063,,15,04,299,*75
23:16:25.876 << $GPGSV,4,4,15,06,03,196,,03,03,115,,24,02,325,*43
23:16:25.877 << $GPRMC,041625.000,A,4153.0256,N,08748.2102,W,0.33,162.12,230107,,,A*79
23:16:26.860 << $GPGGA,041626.000,4153.0255,N,08748.2102,W,1,9,1.01,230.0,M,-34.0,M,,*68
23:16:26.862 << $GPGSA,A,3,14,30,07,01,17,20,02,22,19,,,,1.71,1.01,1.38*01
23:16:26.864 << $GPGSV,4,1,15,14,78,358,25,17,66,260,31,22,61,315,36,30,52,195,31*75
23:16:26.866 << $GPGSV,4,2,15,01,46,073,34,02,30,049,27,19,30,244,15,46,26,232,*7A
23:16:26.866 << $GPGSV,4,3,15,07,21,165,19,20,12,272,16,08,05,063,,15,04,299,*7F
23:16:26.867 << $GPGSV,4,4,15,06,03,196,,03,03,115,,24,02,325,*43
23:16:27.325 << $GPRMC,041626.000,A,4153.0255,N,08748.2102,W,0.31,162.75,230107,,,A*7A
23:16:27.817 << $GPGGA,041627.000,4153.0254,N,08748.2101,W,1,8,1.29,230.2,M,-34.0,M,,*62
23:16:27.821 << $GPGSA,A,3,14,30,07,01,17,02,22,19,,,,,2.43,1.29,2.06*05
23:16:27.823 << $GPGSV,4,1,15,14,78,358,25,17,66,260,30,22,61,315,36,30,52,195,31*74
23:16:27.825 << $GPGSV,4,2,15,01,46,073,34,02,30,049,27,19,30,244,15,46,26,232,*7A
23:16:28.304 << $GPGSV,4,3,15,07,21,165,19,20,12,272,16,08,05,063,,15,04,299,*7F
23:16:28.305 << $GPGSV,4,4,15,06,03,196,,03,03,115,,24,02,325,*43
23:16:28.308 << $GPRMC,041627.000,A,4153.0254,N,08748.2101,W,0.34,164.26,230107,,,A*7C
23:16:28.790 << $GPGGA,041628.000,4153.0253,N,08748.2101,W,1,8,1.29,230.4,M,-34.0,M,,*6C
23:16:28.794 << $GPGSA,A,3,14,30,07,01,17,02,22,19,,,,,2.43,1.29,2.06*05
23:16:28.796 << $GPGSV,4,1,15,14,78,358,25,17,66,260,30,22,61,315,36,30,52,195,31*74
23:16:28.797 << $GPGSV,4,2,15,01,46,073,34,02,30,049,27,19,30,244,15,46,26,232,*7A
23:16:28.798 << $GPGSV,4,3,15,07,21,165,19,20,12,272,16,08,05,063,,15,04,299,*7F
23:16:28.799 << $GPGSV,4,4,15,06,03,196,,03,03,115,,24,02,325,*43
23:16:28.800 << $GPRMC,041628.000,A,4153.0253,N,08748.2101,W,0.37,168.40,230107,,,A*7B
23:16:29.790 << $GPGGA,041629.000,4153.0252,N,08748.2101,W,1,9,1.01,230.6,M,-34.0,M,,*65
23:16:29.794 << $GPGSA,A,3,14,30,07,01,17,20,02,22,19,,,,1.71,1.01,1.38*01
23:16:29.796 << $GPGSV,4,1,15,14,78,358,24,17,66,260,30,22,61,315,36,30,52,195,31*75
23:16:29.797 << $GPGSV,4,2,15,01,46,073,34,02,30,049,27,19,30,244,15,46,26,232,*7A
23:16:29.798 << $GPGSV,4,3,15,07,21,165,20,20,12,272,16,08,05,063,,15,04,299,*75
23:16:29.799 << $GPGSV,4,4,15,06,03,196,,03,03,115,,24,02,325,*43
23:16:29.800 << $GPRMC,041629.000,A,4153.0252,N,08748.2101,W,0.42,169.97,230107,,,A*72
23:16:30.783 << $GPGGA,041630.000,4153.0250,N,08748.2101,W,1,9,1.01,230.8,M,-34.0,M,,*61
23:16:30.786 << $GPGSA,A,3,14,30,07,01,17,20,02,22,19,,,,1.71,1.01,1.38*01
23:16:30.789 << $GPGSV,4,1,15,14,78,358,23,17,66,260,30,22,61,315,36,30,52,195,31*72
23:16:30.790 << $GPGSV,4,2,15,01,46,073,34,02,30,049,27,19,30,244,15,46,26,232,*7A
23:16:30.791 << $GPGSV,4,3,15,07,21,165,20,20,12,272,16,08,05,063,,15,04,299,*75
23:16:30.792 << $GPGSV,4,4,15,06,03,196,,03,03,115,,24,02,325,*43
23:16:30.794 << $GPRMC,041630.000,A,4153.0250,N,08748.2101,W,0.49,172.09,230107,,,A*7E
23:16:31.719 << $GPGGA,041631.000,4153.0249,N,08748.2101,W,1,9,1.01,231.0,M,-34.0,M,,*61
23:16:31.724 << $GPGSA,A,3,14,30,07,01,17,20,02,22,19,,,,1.71,1.01,1.38*01
23:16:31.726 << $GPGSV,4,1,15,14,78,358,22,17,66,260,30,22,61,315,36,30,52,195,31*73
23:16:31.727 << $GPGSV,4,2,15,01,46,073,34,02,30,049,26,19,30,244,15,46,26,232,*7B
23:16:31.728 << $GPGSV,4,3,15,07,21,165,20,20,12,272,16,08,05,063,,15,04,299,*75
23:16:31.729 << $GPGSV,4,4,15,06,03,196,,03,03,115,,24,02,325,*43
23:16:32.199 << $GPRMC,041631.000,A,4153.0249,N,08748.2101,W,0.50,173.48,230107,,,A*7B
23:16:32.691 << $GPGGA,041632.000,4153.0248,N,08748.2101,W,1,8,1.29,231.2,M,-34.0,M,,*6A
23:16:32.694 << $GPGSA,A,3,14,30,07,01,17,02,22,19,,,,,2.43,1.29,2.06*05
23:16:32.696 << $GPGSV,4,1,15,14,78,358,22,17,66,260,30,22,61,315,36,30,52,195,31*73
23:16:32.697 << $GPGSV,4,2,15,01,46,073,34,02,30,049,26,19,30,244,15,46,26,232,*7B
23:16:32.698 << $GPGSV,4,3,15,07,21,165,20,20,12,272,15,08,05,063,,15,04,299,*76
23:16:32.699 << $GPGSV,4,4,15,06,03,196,,03,03,115,,24,02,325,*43
23:16:32.701 << $GPRMC,041632.000,A,4153.0248,N,08748.2101,W,0.45,176.73,230107,,,A*70
23:16:33.680 << $GPGGA,041633.000,4153.0246,N,08748.2101,W,1,9,1.01,231.4,M,-34.0,M,,*68
23:16:33.685 << $GPGSA,A,3,14,30,07,01,17,20,02,22,19,,,,1.71,1.01,1.38*01
23:16:33.687 << $GPGSV,4,1,15,14,78,358,22,17,66,260,30,22,61,315,36,30,52,195,31*73
23:16:33.688 << $GPGSV,4,2,15,01,46,073,34,02,30,049,26,19,30,244,15,46,26,232,*7B
23:16:33.689 << $GPGSV,4,3,15,07,21,165,20,20,12,272,16,08,05,063,,15,04,299,*75
23:16:33.690 << $GPGSV,4,4,15,06,03,196,,03,03,115,,24,02,325,*43
23:16:33.691 << $GPRMC,041633.000,A,4153.0246,N,08748.2101,W,0.43,178.59,230107,,,A*7F
23:16:34.671 << $GPGGA,041634.000,4153.0245,N,08748.2101,W,1,9,1.01,231.6,M,-34.0,M,,*6E
23:16:34.675 << $GPGSA,A,3,14,30,07,01,17,20,02,22,19,,,,1.71,1.01,1.38*01
23:16:34.677 << $GPGSV,4,1,15,14,78,358,21,17,66,260,30,22,61,315,36,30,52,195,31*70
23:16:34.679 << $GPGSV,4,2,15,01,46,073,34,02,30,049,26,19,30,244,15,07,21,165,20*7A
23:16:34.680 << $GPGSV,4,3,15,20,12,272,16,08,05,063,,15,04,299,,33,04,102,*76
23:16:34.681 << $GPGSV,4,4,15,06,03,196,,03,03,115,,24,02,325,*43
23:16:34.682 << $GPRMC,041634.000,A,4153.0245,N,08748.2101,W,0.39,180.22,230107,,,A*7D
23:16:35.665 << $GPGGA,041635.000,4153.0244,N,08748.2101,W,1,9,1.01,231.8,M,-34.0,M,,*60
23:16:35.670 << $GPGSA,A,3,14,30,07,01,17,20,02,22,19,,,,1.71,1.01,1.38*01
23:16:35.672 << $GPGSV,4,1,15,14,78,358,21,17,66,260,30,22,61,315,36,30,52,195,31*70
23:16:35.673 << $GPGSV,4,2,15,01,46,073,34,02,30,049,26,19,30,244,15,07,21,165,20*7A
23:16:35.674 << $GPGSV,4,3,15,20,12,272,16,08,05,063,,15,04,299,,33,04,102,*76
23:16:35.675 << $GPGSV,4,4,15,06,03,196,,03,03,115,,24,02,325,*43
23:16:35.677 << $GPRMC,041635.000,A,4153.0244,N,08748.2101,W,0.33,179.36,230107,,,A*74
23:16:36.590 << $GPGGA,041636.000,4153.0243,N,08748.2101,W,1,9,1.01,232.0,M,-34.0,M,,*6F
23:16:36.594 << $GPGSA,A,3,14,30,07,01,17,20,02,22,19,,,,1.71,1.01,1.38*01
23:16:36.597 << $GPGSV,4,1,15,14,78,358,20,17,66,260,29,22,61,315,36,30,52,195,31*79
23:16:36.598 << $GPGSV,4,2,15,01,46,073,34,02,30,049,26,19,30,244,15,07,21,165,20*7A
23:16:37.076 << $GPGSV,4,3,15,20,12,272,16,08,05,063,,15,04,299,,33,04,102,*76
23:16:37.078 << $GPGSV,4,4,15,06,03,196,,03,03,115,,24,02,325,*43
23:16:37.080 << $GPRMC,041636.000,A,4153.0243,N,08748.2101,W,0.38,182.39,230107,,,A*70
23:16:37.563 << $GPGGA,041637.000,4153.0242,N,08748.2102,W,1,9,1.01,232.2,M,-34.0,M,,*6E
23:16:37.566 << $GPGSA,A,3,14,30,07,01,17,20,02,22,19,,,,1.71,1.01,1.38*01
23:16:37.569 << $GPGSV,4,1,15,14,78,358,20,17,66,260,29,22,61,315,36,30,52,195,31*79
23:16:37.570 << $GPGSV,4,2,15,01,46,073,34,02,30,049,26,19,30,244,15,07,21,165,20*7A
23:16:37.571 << $GPGSV,4,3,15,20,12,272,16,08,05,063,,15,04,299,,33,04,102,*76
23:16:37.572 << $GPGSV,4,4,15,06,03,196,,03,03,115,,24,02,325,*43
23:16:37.573 << $GPRMC,041637.000,A,4153.0242,N,08748.2102,W,0.39,185.93,230107,,,A*75
23:16:38.563 << $GPGGA,041638.000,4153.0241,N,08748.2102,W,1,9,1.01,232.4,M,-34.0,M,,*64
23:16:38.567 << $GPGSA,A,3,14,30,07,01,17,20,02,22,19,,,,1.71,1.01,1.38*01
23:16:38.569 << $GPGSV,4,1,15,14,78,358,20,17,66,260,29,22,61,315,36,30,52,195,31*79
23:16:38.570 << $GPGSV,4,2,15,01,46,073,34,02,30,049,26,19,30,244,15,07,21,165,21*7B
23:16:38.571 << $GPGSV,4,3,15,20,12,272,16,08,05,063,,15,04,299,,33,04,102,*76
23:16:38.572 << $GPGSV,4,4,15,06,03,196,,03,03,115,,24,02,325,*43
23:16:38.573 << $GPRMC,041638.000,A,4153.0241,N,08748.2102,W,0.31,185.71,230107,,,A*7D
23:16:39.556 << $GPGGA,041639.000,4153.0240,N,08748.2102,W,1,9,1.01,232.6,M,-34.0,M,,*66
23:16:39.560 << $GPGSA,A,3,14,30,07,01,17,20,02,22,19,,,,1.71,1.01,1.38*01
23:16:39.562 << $GPGSV,4,1,15,14,78,359,21,17,66,260,29,22,61,315,36,30,52,195,31*79
23:16:39.564 << $GPGSV,4,2,15,01,46,073,34,02,30,049,26,19,30,244,16,07,21,165,21*78
23:16:39.564 << $GPGSV,4,3,15,20,12,272,16,08,05,063,,15,04,299,,33,04,102,*76
23:16:39.565 << $GPGSV,4,4,15,06,03,196,,03,03,115,,24,02,325,*43
23:16:39.567 << $GPRMC,041639.000,A,4153.0240,N,08748.2102,W,0.26,181.66,230107,,,A*79
23:16:40.490 << $GPGGA,041640.000,4153.0239,N,08748.2102,W,1,9,1.01,232.7,M,-34.0,M,,*67
23:16:40.494 << $GPGSA,A,3,14,30,07,01,17,20,02,22,19,,,,1.71,1.01,1.38*01
23:16:40.496 << $GPGSV,4,1,15,14,78,359,21,17,66,260,29,22,61,315,36,30,52,195,31*79
23:16:40.498 << $GPGSV,4,2,15,01,46,073,34,02,30,049,26,19,30,244,16,07,21,165,21*78
23:16:40.498 << $GPGSV,4,3,15,20,12,272,16,08,05,063,,15,04,299,,33,04,102,*76
23:16:40.500 << $GPGSV,4,4,15,06,03,196,,03,03,115,,24,02,325,*43
23:16:40.502 << $GPRMC,041640.000,A,4153.0239,N,08748.2102,W,0.20,176.85,230107,,,A*7A
23:16:41.484 << $GPGGA,041641.000,4153.0239,N,08748.2101,W,1,9,1.00,232.9,M,-34.0,M,,*6A
23:16:41.487 << $GPGSA,A,3,14,30,07,01,17,20,02,22,19,,,,1.29,1.00,0.81*0E
23:16:41.490 << $GPGSV,4,1,15,14,78,359,21,17,66,260,29,22,61,315,36,30,52,195,31*79
23:16:41.491 << $GPGSV,4,2,15,01,46,073,34,02,30,049,26,19,30,244,16,07,21,165,21*78
23:16:41.492 << $GPGSV,4,3,15,20,12,272,16,08,05,063,,15,04,299,,33,04,102,*76
23:16:41.493 << $GPGSV,4,4,15,06,03,196,,03,03,115,,24,02,325,*43
23:16:41.951 << $GPRMC,041641.000,A,4153.0239,N,08748.2101,W,0.21,170.71,230107,,,A*74
23:16:42.442 << $GPGGA,041642.000,4153.0238,N,08748.2101,W,1,9,1.01,233.1,M,-34.0,M,,*60
23:16:42.445 << $GPGSA,A,3,14,30,07,01,17,20,02,22,19,,,,1.71,1.01,1.38*01
23:16:42.448 << $GPGSV,4,1,15,14,78,359,21,17,66,260,29,22,61,315,36,30,52,195,31*79
23:16:42.449 << $GPGSV,4,2,15,01,46,073,34,02,30,049,26,19,30,244,16,07,21,165,21*78
23:16:42.450 << $GPGSV,4,3,15,20,12,272,16,08,05,063,,15,04,299,,33,04,102,*76
23:16:42.451 << $GPGSV,4,4,15,06,03,196,,03,03,115,,24,02,325,*43
23:16:42.452 << $GPRMC,041642.000,A,4153.0238,N,08748.2101,W,0.27,163.22,230107,,,A*74
23:16:43.428 << $GPGGA,041643.000,4153.0238,N,08748.2100,W,1,9,1.01,233.3,M,-34.0,M,,*62
23:16:43.432 << $GPGSA,A,3,14,30,07,01,17,20,02,22,19,,,,1.71,1.01,1.38*01
23:16:43.434 << $GPGSV,4,1,15,14,78,359,21,17,66,260,29,22,61,315,36,30,52,195,31*79
23:16:43.436 << $GPGSV,4,2,15,01,46,073,34,02,30,049,26,19,30,244,16,07,21,165,22*7B
23:16:43.437 << $GPGSV,4,3,15,20,12,272,17,08,05,063,,15,04,299,,06,03,196,*7B
23:16:43.438 << $GPGSV,4,4,15,03,03,115,,24,02,325,,34,,,*7F
23:16:43.440 << $GPRMC,041643.000,A,4153.0238,N,08748.2100,W,0.16,165.80,230107,,,A*78
23:16:44.426 << $GPGGA,041644.000,4153.0237,N,08748.2100,W,1,9,1.01,233.5,M,-34.0,M,,*6C
23:16:44.430 << $GPGSA,A,3,14,30,07,01,17,20,02,22,19,,,,1.71,1.01,1.38*01
23:16:44.880 << $GPGSV,4,1,15,14,78,359,21,17,66,260,29,22,61,315,36,30,52,195,31*79
23:16:44.882 << $GPGSV,4,2,15,01,46,073,34,19,31,244,16,02,30,049,26,07,21,165,21*79
23:16:44.883 << $GPGSV,4,3,15,20,12,272,17,08,05,063,,15,04,299,,06,03,196,*7B
23:16:44.884 << $GPGSV,4,4,15,03,03,115,,24,02,325,,34,,,*7F
23:16:44.886 << $GPRMC,041644.000,A,4153.0237,N,08748.2100,W,0.18,172.26,230107,,,A*74
23:16:45.861 << $GPGGA,041645.000,4153.0237,N,08748.2101,W,1,9,1.01,233.6,M,-34.0,M,,*6F
23:16:45.865 << $GPGSA,A,3,14,30,07,01,17,20,02,22,19,,,,1.71,1.01,1.38*01
23:16:45.867 << $GPGSV,4,1,15,14,78,359,20,17,66,260,29,22,61,315,36,30,52,195,31*78
23:16:45.868 << $GPGSV,4,2,15,01,46,073,34,19,31,244,16,02,30,049,26,07,21,165,21*79
23:16:45.869 << $GPGSV,4,3,15,20,12,272,17,08,05,063,,15,04,299,,06,03,196,*7B
23:16:45.870 << $GPGSV,4,4,15,03,03,115,,24,02,325,,34,,,*7F
23:16:45.872 << $GPRMC,041645.000,A,4153.0237,N,08748.2101,W,0.28,180.36,230107,,,A*7B
23:16:46.340 << $GPGGA,041646.000,4153.0236,N,08748.2101,W,1,8,1.29,233.8,M,-34.0,M,,*68
23:16:46.344 << $GPGSA,A,3,14,30,07,01,17,02,22,19,,,,,2.43,1.29,2.06*05
23:16:46.346 << $GPGSV,4,1,15,14,78,359,20,17,66,260,29,22,61,315,36,30,52,195,31*78
23:16:46.348 << $GPGSV,4,2,15,01,46,073,34,19,31,244,16,02,30,049,26,07,21,165,21*79
23:16:46.830 << $GPGSV,4,3,15,20,12,272,16,08,05,063,,15,04,299,,06,03,196,*7A
23:16:46.831 << $GPGSV,4,4,15,03,03,115,,24,02,325,,34,,,*7F
23:16:47.308 << $GPRMC,041646.000,A,4153.0236,N,08748.2101,W,0.31,185.53,230107,,,A*77
23:16:47.804 << $GPGGA,041647.000,4153.0235,N,08748.2101,W,1,9,1.01,234.0,M,-34.0,M,,*6E
23:16:47.808 << $GPGSA,A,3,14,30,07,01,17,20,02,22,19,,,,1.71,1.01,1.38*01
23:16:47.810 << $GPGSV,4,1,15,14,78,359,20,17,66,260,29,22,62,315,36,30,52,195,31*7B
23:16:47.812 << $GPGSV,4,2,15,01,46,073,34,19,31,244,16,02,30,049,26,07,21,165,21*79
23:16:47.813 << $GPGSV,4,3,15,20,12,272,16,08,05,063,,15,04,299,,06,03,196,*7A
23:16:47.814 << $GPGSV,4,4,15,03,03,115,,24,02,325,,34,,,*7F
23:16:47.815 << $GPRMC,041647.000,A,4153.0235,N,08748.2101,W,0.30,194.73,230107,,,A*76
23:16:48.799 << $GPGGA,041648.000,4153.0234,N,08748.2102,W,1,9,1.01,234.1,M,-34.0,M,,*62
23:16:48.803 << $GPGSA,A,3,14,30,07,01,17,20,02,22,19,,,,1.71,1.01,1.38*01
23:16:48.806 << $GPGSV,4,1,15,14,78,359,21,17,66,260,28,22,62,315,36,30,52,195,31*7B
23:16:48.807 << $GPGSV,4,2,15,01,46,073,34,19,31,244,16,02,30,049,26,07,21,165,21*79
23:16:48.809 << $GPGSV,4,3,15,20,12,272,16,08,05,063,,15,04,299,,06,03,196,*7A
23:16:48.809 << $GPGSV,4,4,15,03,03,115,,24,02,325,,34,,,*7F
23:16:48.811 << $GPRMC,041648.000,A,4153.0234,N,08748.2102,W,0.31,201.64,230107,,,A*73
23:16:49.797 << $GPGGA,041649.000,4153.0234,N,08748.2103,W,1,9,1.01,234.3,M,-34.0,M,,*60
23:16:49.800 << $GPGSA,A,3,14,30,07,01,17,20,02,22,19,,,,1.71,1.01,1.38*01
23:16:49.803 << $GPGSV,4,1,15,14,78,359,20,17,66,260,28,22,62,315,36,30,52,195,32*79
23:16:49.804 << $GPGSV,4,2,15,01,46,073,34,19,31,244,16,02,30,049,26,07,21,165,22*7A
23:16:49.805 << $GPGSV,4,3,15,20,12,272,16,08,05,063,,15,04,299,,06,03,196,*7A
23:16:49.806 << $GPGSV,4,4,15,03,03,115,,24,02,325,,35,,,*7E
23:16:49.808 << $GPRMC,041649.000,A,4153.0234,N,08748.2103,W,0.28,203.54,230107,,,A*7A
23:16:50.732 << $GPGGA,041650.000,4153.0233,N,08748.2103,W,1,8,1.02,234.4,M,-34.0,M,,*6A
23:16:50.735 << $GPGSA,A,3,30,07,01,17,20,02,22,19,,,,,1.83,1.02,1.52*06
23:16:50.738 << $GPGSV,4,1,15,14,78,359,19,17,66,260,28,22,62,315,36,30,52,195,32*73
23:16:50.739 << $GPGSV,4,2,15,01,46,073,34,19,31,244,16,02,30,049,26,07,21,165,22*7A
23:16:50.740 << $GPGSV,4,3,15,20,12,272,17,08,05,063,,15,04,299,,06,03,196,*7B
23:16:50.741 << $GPGSV,4,4,15,03,03,115,,24,02,325,,35,,,*7E
23:16:50.742 << $GPRMC,041650.000,A,4153.0233,N,08748.2103,W,0.31,210.76,230107,,,A*7F
23:16:51.725 << $GPGGA,041651.000,4153.0232,N,08748.2104,W,1,9,1.01,234.6,M,-34.0,M,,*6D
23:16:51.729 << $GPGSA,A,3,14,30,07,01,17,20,02,22,19,,,,1.71,1.01,1.38*01
23:16:51.732 << $GPGSV,4,1,15,14,78,359,19,17,66,260,27,22,62,315,36,30,52,195,32*7C
23:16:51.733 << $GPGSV,4,2,15,01,46,073,34,19,31,244,16,02,30,049,26,07,21,165,22*7A
23:16:51.734 << $GPGSV,4,3,15,20,12,272,17,08,05,063,,15,04,299,,06,03,196,*7B
23:16:51.735 << $GPGSV,4,4,15,03,03,115,,24,02,325,,35,,,*7E
23:16:52.186 << $GPRMC,041651.000,A,4153.0232,N,08748.2104,W,0.26,219.21,230107,,,A*75
23:16:52.674 << $GPGGA,041652.000,4153.0232,N,08748.2105,W,1,8,1.02,234.7,M,-34.0,M,,*6C
23:16:52.679 << $GPGSA,A,3,30,07,01,17,20,02,22,19,,,,,1.83,1.02,1.52*06
23:16:52.681 << $GPGSV,4,1,15,14,78,359,19,17,66,260,27,22,62,315,36,30,52,195,32*7C
23:16:52.683 << $GPGSV,4,2,15,01,46,073,34,19,31,244,16,02,30,049,26,07,21,165,23*7B
23:16:52.736 << $GPGSV,4,3,15,20,12,272,17,08,05,063,,15,04,299,,06,03,196,*7B
23:16:52.737 << $GPGSV,4,4,15,03,03,115,,24,02,325,,35,,,*7E
23:16:52.738 << $GPRMC,041652.000,A,4153.0232,N,08748.2105,W,0.23,224.28,230107,,,A*75
23:16:53.651 << $GPGGA,041653.000,4153.0232,N,08748.2106,W,1,8,1.05,234.9,M,-34.0,M,,*67
23:16:53.654 << $GPGSA,A,3,14,30,07,01,17,20,02,22,,,,,1.74,1.05,1.38*08
23:16:53.657 << $GPGSV,4,1,15,14,78,359,19,17,66,260,27,22,62,315,36,30,52,195,32*7C
23:16:53.658 << $GPGSV,4,2,15,01,46,073,34,19,31,244,,02,30,049,26,07,21,165,23*7C
23:16:53.659 << $GPGSV,4,3,15,20,12,272,17,08,05,063,,15,04,299,,06,03,196,*7B
23:16:53.659 << $GPGSV,4,4,15,03,03,115,,24,02,325,,35,,,*7E
23:16:53.661 << $GPRMC,041653.000,A,4153.0232,N,08748.2106,W,0.24,220.34,230107,,,A*79
23:16:54.636 << $GPGGA,041654.000,4153.0231,N,08748.2106,W,1,8,1.05,235.0,M,-34.0,M,,*6B
23:16:54.639 << $GPGSA,A,3,14,30,07,01,17,20,02,22,,,,,1.74,1.05,1.39*09
23:16:54.641 << $GPGSV,4,1,15,14,78,359,19,17,66,260,27,22,62,315,36,30,52,195,32*7C
23:16:54.642 << $GPGSV,4,2,15,01,46,073,34,19,31,244,,02,30,049,26,07,21,165,23*7C
23:16:54.643 << $GPGSV,4,3,15,20,12,272,18,08,05,063,,15,04,299,,06,03,196,*74
23:16:54.644 << $GPGSV,4,4,15,03,03,115,,24,02,325,,35,,,*7E
23:16:54.646 << $GPRMC,041654.000,A,4153.0231,N,08748.2106,W,0.26,219.79,230107,,,A*7C
23:16:55.622 << $GPGGA,041655.000,4153.0230,N,08748.2107,W,1,8,1.05,235.1,M,-34.0,M,,*6B
23:16:55.625 << $GPGSA,A,3,14,30,07,01,17,20,02,22,,,,,1.74,1.05,1.38*08
23:16:55.627 << $GPGSV,4,1,15,14,78,359,19,17,66,260,27,22,62,315,37,30,52,194,32*7C
23:16:55.629 << $GPGSV,4,2,15,01,46,073,34,19,31,244,,02,30,049,26,07,21,165,23*7C
23:16:55.630 << $GPGSV,4,3,15,20,12,272,18,08,05,063,,15,04,299,,06,03,196,*74
23:16:55.631 << $GPGSV,4,4,15,03,03,115,,24,02,325,,35,,,*7E
23:16:55.632 << $GPRMC,041655.000,A,4153.0230,N,08748.2107,W,0.32,213.89,230107,,,A*7D
23:16:56.619 << $GPGGA,041656.000,4153.0230,N,08748.2107,W,1,8,1.05,235.3,M,-34.0,M,,*6A
23:16:56.623 << $GPGSA,A,3,14,30,07,01,17,20,02,22,,,,,1.74,1.05,1.38*08
23:16:56.625 << $GPGSV,4,1,15,14,78,359,19,17,66,260,27,22,62,315,37,30,52,194,32*7C
23:16:56.627 << $GPGSV,4,2,15,01,46,073,34,19,31,244,,02,30,049,26,07,21,165,23*7C
23:16:56.628 << $GPGSV,4,3,15,20,12,272,18,08,05,063,,15,04,299,,06,03,196,*74
23:16:56.629 << $GPGSV,4,4,15,03,03,115,,24,02,325,,36,,,*7D
23:16:56.630 << $GPRMC,041656.000,A,4153.0230,N,08748.2107,W,0.35,210.73,230107,,,A*7F
23:16:57.553 << $GPGGA,041657.000,4153.0229,N,08748.2108,W,1,8,1.05,235.4,M,-34.0,M,,*6B
23:16:57.557 << $GPGSA,A,3,14,30,07,01,17,20,02,22,,,,,1.74,1.05,1.38*08
23:16:57.559 << $GPGSV,4,1,15,14,78,359,19,17,66,260,27,22,62,315,37,30,52,194,32*7C
23:16:57.560 << $GPGSV,4,2,15,01,46,073,34,19,31,244,,02,30,049,26,07,21,165,23*7C
23:16:57.561 << $GPGSV,4,3,15,20,12,272,18,08,05,063,,15,04,299,,06,03,196,*74
23:16:58.542 << $GPGSV,4,4,15,03,03,115,,24,02,325,,36,,,*7D
23:16:58.545 << $GPRMC,041657.000,A,4153.0229,N,08748.2108,W,0.26,203.21,230107,,,A*7E
23:16:58.548 << $GPGGA,041658.000,4153.0228,N,08748.2108,W,1,8,1.05,235.6,M,-34.0,M,,*67
23:16:58.550 << $GPGSA,A,3,14,30,07,01,17,20,02,22,,,,,1.74,1.05,1.38*08
23:16:58.552 << $GPGSV,4,1,15,14,78,359,19,17,66,260,27,22,62,315,37,30,52,194,33*7D
23:16:58.553 << $GPGSV,4,2,15,01,46,073,34,19,31,244,,02,30,049,26,07,21,165,23*7C
23:16:59.019 << $GPGSV,4,3,15,20,12,272,18,08,05,063,,15,04,299,,06,03,196,*74
23:16:59.020 << $GPGSV,4,4,15,03,03,115,,24,02,325,,36,,,*7D
23:16:59.022 << $GPRMC,041658.000,A,4153.0228,N,08748.2108,W,0.38,193.59,230107,,,A*7A
23:16:59.508 << $GPGGA,041659.000,4153.0227,N,08748.2108,W,1,8,1.05,235.7,M,-34.0,M,,*68
23:16:59.511 << $GPGSA,A,3,14,30,07,01,17,20,02,22,,,,,1.74,1.05,1.38*08
23:16:59.513 << $GPGSV,4,1,15,14,78,359,19,17,66,260,27,22,62,315,37,30,52,194,33*7D
23:16:59.514 << $GPGSV,4,2,15,01,46,073,34,19,31,244,,02,30,049,26,07,21,165,23*7C
23:16:59.991 << $GPGSV,4,3,15,20,12,272,19,08,05,063,,15,04,299,,06,03,196,*75
23:16:59.993 << $GPGSV,4,4,15,03,03,115,,24,02,325,,36,,,*7D
23:16:59.995 << $GPRMC,041659.000,A,4153.0227,N,08748.2108,W,0.37,186.23,230107,,,A*72
23:17:00.478 << $GPGGA,041700.000,4153.0226,N,08748.2107,W,1,8,1.04,235.8,M,-34.0,M,,*65
23:17:00.482 << $GPGSA,A,3,14,30,07,01,17,20,02,22,,,,,1.32,1.04,0.81*08
23:17:00.485 << $GPGSV,4,1,15,14,78,359,19,17,66,260,27,22,62,315,37,30,52,194,33*7D
23:17:00.486 << $GPGSV,4,2,15,01,46,073,34,19,31,244,,02,30,049,26,07,21,165,23*7C
23:17:00.487 << $GPGSV,4,3,15,20,12,272,19,08,05,063,,03,04,115,,15,04,299,*7C
23:17:00.488 << $GPGSV,4,4,15,06,03,196,,24,02,325,,36,,,*73
23:17:00.490 << $GPRMC,041700.000,A,4153.0226,N,08748.2107,W,0.38,182.47,230107,,,A*78
23:17:01.471 << $GPGGA,041701.000,4153.0225,N,08748.2107,W,1,8,1.05,236.0,M,-34.0,M,,*6D
23:17:01.475 << $GPGSA,A,3,14,30,07,01,17,20,02,22,,,,,1.74,1.05,1.38*08
23:17:01.478 << $GPGSV,4,1,15,14,78,359,18,17,66,260,27,22,62,315,37,30,52,194,33*7C
23:17:01.479 << $GPGSV,4,2,15,01,46,073,34,19,31,244,,02,30,049,26,07,21,165,23*7C
23:17:01.480 << $GPGSV,4,3,15,20,12,272,18,08,05,063,,03,04,115,,15,04,299,*7D
23:17:01.480 << $GPGSV,4,4,15,06,03,196,,24,02,325,,36,,,*73
23:17:01.482 << $GPRMC,041701.000,A,4153.0225,N,08748.2107,W,0.33,180.57,230107,,,A*72
23:17:02.457 << $GPGGA,041702.000,4153.0224,N,08748.2107,W,1,8,1.05,236.1,M,-34.0,M,,*6E
23:17:02.460 << $GPGSA,A,3,14,30,07,01,17,20,02,22,,,,,1.74,1.05,1.38*08
23:17:02.463 << $GPGSV,4,1,15,14,78,359,18,17,66,260,26,22,62,315,37,30,52,194,33*7D
23:17:02.464 << $GPGSV,4,2,15,01,46,073,34,19,31,244,,02,30,049,26,07,21,165,23*7C
23:17:02.465 << $GPGSV,4,3,15,20,12,272,19,08,05,063,,03,04,115,,15,04,299,*7C
23:17:02.466 << $GPGSV,4,4,15,06,03,196,,24,02,325,,36,,,*73
23:17:02.914 << $GPRMC,041702.000,A,4153.0224,N,08748.2107,W,0.31,177.91,230107,,,A*70
23:17:03.399 << $GPGGA,041703.000,4153.0223,N,08748.2107,W,1,8,1.02,236.2,M,-34.0,M,,*6C
23:17:03.402 << $GPGSA,A,3,30,07,01,17,20,02,22,19,,,,,1.83,1.02,1.52*06
23:17:03.405 << $GPGSV,4,1,15,14,78,359,18,17,66,260,26,22,62,315,37,30,52,194,33*7D
23:17:03.406 << $GPGSV,4,2,15,01,46,073,34,19,31,244,16,02,30,049,26,07,21,165,23*7B
23:17:03.460 << $GPGSV,4,3,15,20,12,272,19,08,05,063,,03,04,115,,15,04,299,*7C
23:17:03.462 << $GPGSV,4,4,15,06,03,196,,24,02,325,,38,,,*7D
23:17:03.464 << $GPRMC,041703.000,A,4153.0223,N,08748.2107,W,0.23,177.61,230107,,,A*7A
23:17:04.379 << $GPGGA,041704.000,4153.0222,N,08748.2107,W,1,9,1.01,236.4,M,-34.0,M,,*6E
23:17:04.382 << $GPGSA,A,3,14,30,07,01,17,20,02,22,19,,,,1.71,1.01,1.38*01
23:17:04.384 << $GPGSV,4,1,15,14,78,359,19,17,66,260,26,22,62,315,37,30,52,194,33*7C
23:17:04.386 << $GPGSV,4,2,15,01,46,073,34,19,31,244,16,02,30,049,26,07,21,165,23*7B
23:17:04.866 << $GPGSV,4,3,15,20,12,272,20,08,05,063,,03,04,115,,15,04,299,*76
23:17:04.867 << $GPGSV,4,4,15,06,03,196,,24,02,325,,38,,,*7D
23:17:04.869 << $GPRMC,041704.000,A,4153.0222,N,08748.2107,W,0.21,176.60,230107,,,A*7E
23:17:05.850 << $GPGGA,041705.000,4153.0222,N,08748.2107,W,1,8,1.05,236.5,M,-34.0,M,,*6B
23:17:05.855 << $GPGSA,A,3,14,30,07,01,17,20,02,22,,,,,1.74,1.05,1.38*08
23:17:05.857 << $GPGSV,4,1,15,14,78,359,20,17,66,260,26,22,62,315,37,30,52,194,33*76
23:17:05.858 << $GPGSV,4,2,15,01,46,073,34,19,31,244,14,02,30,049,26,07,21,165,23*79
23:17:05.859 << $GPGSV,4,3,15,20,12,272,20,08,05,063,,03,04,115,,15,04,299,*76
23:17:05.860 << $GPGSV,4,4,15,06,03,196,,24,02,325,,38,,,*7D
23:17:05.862 << $GPRMC,041705.000,A,4153.0222,N,08748.2107,W,0.21,171.78,230107,,,A*71
23:17:06.848 << $GPGGA,041706.000,4153.0221,N,08748.2106,W,1,9,1.01,236.6,M,-34.0,M,,*6C
23:17:06.852 << $GPGSA,A,3,14,30,07,01,17,20,02,22,19,,,,1.71,1.01,1.38*01
23:17:06.855 << $GPGSV,4,1,15,14,78,359,21,17,66,260,26,22,62,315,37,30,52,194,33*77
23:17:06.856 << $GPGSV,4,2,15,01,46,073,34,19,31,244,16,02,30,049,26,07,21,165,23*7B
23:17:06.857 << $GPGSV,4,3,15,20,12,272,20,08,05,063,,03,04,115,,15,04,299,*76
23:17:06.858 << $GPGSV,4,4,15,06,03,196,,24,02,325,,38,,,*7D
23:17:06.860 << $GPRMC,041706.000,A,4153.0221,N,08748.2106,W,0.23,172.15,230107,,,A*7A
23:17:07.837 << $GPGGA,041707.000,4153.0220,N,08748.2106,W,1,8,1.05,236.8,M,-34.0,M,,*67
23:17:07.840 << $GPGSA,A,3,14,30,07,01,17,20,02,22,,,,,1.74,1.05,1.38*08
23:17:07.842 << $GPGSV,4,1,15,14,78,359,21,17,66,260,26,22,62,315,37,30,52,194,33*77
23:17:07.844 << $GPGSV,4,2,15,01,46,073,34,19,31,244,16,02,30,049,26,07,21,165,23*7B
23:17:07.844 << $GPGSV,4,3,15,20,12,272,21,08,05,063,,03,04,115,,15,04,299,*77
23:17:07.845 << $GPGSV,4,4,15,06,03,196,,24,02,325,,38,,,*7D
23:17:08.278 << $GPRMC,041707.000,A,4153.0220,N,08748.2106,W,0.27,172.05,230107,,,A*7F
23:17:08.766 << $GPGGA,041708.000,4153.0220,N,08748.2106,W,1,8,1.05,236.9,M,-34.0,M,,*69
23:17:08.770 << $GPGSA,A,3,14,30,07,01,17,20,02,22,,,,,1.74,1.05,1.38*08
23:17:08.772 << $GPGSV,4,1,15,14,78,359,21,17,66,260,26,22,62,315,37,30,52,194,33*77
23:17:08.773 << $GPGSV,4,2,15,01,46,073,34,19,31,244,16,02,30,049,25,07,21,165,23*78
23:17:08.774 << $GPGSV,4,3,15,20,12,272,22,08,05,063,,03,04,115,,15,04,299,*74
23:17:08.776 << $GPGSV,4,4,15,06,03,196,,24,02,325,,38,,,*7D
23:17:08.777 << $GPRMC,041708.000,A,4153.0220,N,08748.2106,W,0.31,173.21,230107,,,A*70
23:17:09.763 << $GPGGA,041709.000,4153.0219,N,08748.2106,W,1,8,1.02,237.0,M,-34.0,M,,*6D
23:17:09.767 << $GPGSA,A,3,30,07,01,17,20,02,22,19,,,,,1.83,1.02,1.52*06
23:17:09.769 << $GPGSV,4,1,15,14,78,359,20,17,66,260,26,22,62,315,37,30,52,194,33*76
23:17:09.771 << $GPGSV,4,2,15,01,46,073,34,19,31,244,16,02,30,049,25,07,21,165,23*78
23:17:09.771 << $GPGSV,4,3,15,20,12,272,22,08,05,063,,03,04,115,,15,04,299,*74
23:17:10.225 << $GPGSV,4,4,15,06,03,196,,24,02,325,,41,,,*73
23:17:10.227 << $GPRMC,041709.000,A,4153.0219,N,08748.2106,W,0.31,170.87,230107,,,A*74
23:17:10.719 << $GPGGA,041710.000,4153.0218,N,08748.2106,W,1,8,1.05,237.1,M,-34.0,M,,*62
23:17:10.726 << $GPGSA,A,3,14,30,07,01,17,20,02,22,,,,,1.74,1.05,1.38*08
23:17:10.728 << $GPGSV,4,1,15,14,78,359,21,17,66,260,27,22,62,315,37,30,52,194,33*76
23:17:10.729 << $GPGSV,4,2,15,01,46,073,34,19,31,244,16,02,30,049,25,07,21,165,23*78
23:17:11.204 << $GPGSV,4,3,15,20,12,272,22,08,05,063,,03,04,115,,15,04,299,*74
23:17:11.206 << $GPGSV,4,4,15,06,03,196,,24,02,325,,41,,,*73
23:17:11.208 << $GPRMC,041710.000,A,4153.0218,N,08748.2106,W,0.30,176.79,230107,,,A*7B
23:17:11.693 << $GPGGA,041711.000,4153.0217,N,08748.2106,W,1,8,1.02,237.3,M,-34.0,M,,*69
23:17:11.696 << $GPGSA,A,3,30,07,01,17,20,02,22,19,,,,,1.83,1.02,1.52*06
23:17:11.698 << $GPGSV,4,1,15,14,78,000,20,17,66,260,27,22,62,315,37,30,52,194,33*78
23:17:11.699 << $GPGSV,4,2,15,01,46,073,34,19,31,244,16,02,30,049,25,07,21,165,23*78
23:17:11.700 << $GPGSV,4,3,15,20,12,272,22,08,05,063,,03,04,115,,15,04,299,*74
23:17:11.701 << $GPGSV,4,4,15,06,03,196,,24,02,325,,41,,,*73
23:17:11.703 << $GPRMC,041711.000,A,4153.0217,N,08748.2106,W,0.25,182.19,230107,,,A*7C
23:17:12.680 << $GPGGA,041712.000,4153.0216,N,08748.2106,W,1,8,1.05,237.4,M,-34.0,M,,*6B
23:17:12.683 << $GPGSA,A,3,14,30,07,01,17,20,02,22,,,,,1.74,1.05,1.38*08
23:17:12.685 << $GPGSV,4,1,15,14,78,000,20,17,66,260,27,22,62,315,37,30,52,194,33*78
23:17:12.686 << $GPGSV,4,2,15,01,46,073,34,19,31,244,15,02,30,049,25,07,21,165,23*7B
23:17:12.687 << $GPGSV,4,3,15,20,12,272,22,08,05,063,,03,04,115,,15,04,299,*74
23:17:12.688 << $GPGSV,4,4,15,06,03,196,,24,02,325,,41,,,*73
23:17:12.690 << $GPRMC,041712.000,A,4153.0216,N,08748.2106,W,0.21,187.84,230107,,,A*7B
23:17:13.670 << $GPGGA,041713.000,4153.0216,N,08748.2107,W,1,8,1.05,237.5,M,-34.0,M,,*6A
23:17:13.673 << $GPGSA,A,3,14,30,07,01,17,20,02,22,,,,,1.74,1.05,1.38*08
23:17:13.674 << $GPGSV,4,1,15,14,78,000,20,17,66,260,27,22,62,315,37,30,52,194,33*78
23:17:13.676 << $GPGSV,4,2,15,01,46,073,34,19,31,244,15,02,30,049,25,07,21,165,23*7B
23:17:13.676 << $GPGSV,4,3,15,20,12,272,22,08,05,063,,03,04,115,,15,04,299,*74
23:17:13.677 << $GPGSV,4,4,15,06,03,196,,24,02,325,,41,,,*73
23:17:13.679 << $GPRMC,041713.000,A,4153.0216,N,08748.2107,W,0.22,197.56,230107,,,A*76
23:17:14.611 << $GPGGA,041714.000,4153.0215,N,08748.2107,W,1,9,1.01,237.6,M,-34.0,M,,*68
23:17:14.615 << $GPGSA,A,3,14,30,07,01,17,20,02,22,19,,,,1.71,1.01,1.37*0E
23:17:14.618 << $GPGSV,4,1,15,14,78,000,20,17,67,260,27,22,62,315,37,30,52,194,33*79
23:17:14.619 << $GPGSV,4,2,15,01,46,073,34,19,31,244,16,02,30,049,25,07,21,165,23*78
23:17:14.620 << $GPGSV,4,3,15,20,12,272,22,08,05,063,,03,04,115,,15,04,299,*74
23:17:14.620 << $GPGSV,4,4,15,06,03,196,,24,02,325,,41,,,*73
23:17:15.095 << $GPRMC,041714.000,A,4153.0215,N,08748.2107,W,0.26,199.91,230107,,,A*73
23:17:15.590 << $GPGGA,041715.000,4153.0215,N,08748.2108,W,1,8,1.05,237.7,M,-34.0,M,,*62
23:17:15.594 << $GPGSA,A,3,14,30,07,01,17,20,02,22,,,,,1.74,1.05,1.38*08
23:17:15.596 << $GPGSV,4,1,15,14,78,000,20,17,67,260,27,22,62,315,37,30,52,194,33*79
23:17:15.598 << $GPGSV,4,2,15,01,46,073,34,19,31,244,15,02,30,049,25,07,21,165,24*7C
23:17:15.599 << $GPGSV,4,3,15,20,12,272,23,08,05,063,,03,04,115,,15,04,299,*75
23:17:15.600 << $GPGSV,4,4,15,06,03,196,,24,02,325,,43,,,*71
23:17:15.601 << $GPRMC,041715.000,A,4153.0215,N,08748.2108,W,0.26,208.03,230107,,,A*7D
23:17:16.584 << $GPGGA,041716.000,4153.0214,N,08748.2109,W,1,8,1.05,237.8,M,-34.0,M,,*6E
23:17:16.587 << $GPGSA,A,3,14,30,07,01,17,20,02,22,,,,,1.74,1.05,1.38*08
23:17:16.589 << $GPGSV,4,1,15,14,78,000,21,17,67,260,27,22,62,315,37,30,52,194,33*78
23:17:16.590 << $GPGSV,4,2,15,01,46,073,34,19,31,244,15,02,30,049,25,07,21,165,24*7C
23:17:16.591 << $GPGSV,4,3,15,20,12,272,23,08,05,063,,03,04,115,,15,04,299,*75
23:17:16.592 << $GPGSV,4,4,15,06,03,196,,24,02,325,,43,,,*71
23:17:16.594 << $GPRMC,041716.000,A,4153.0214,N,08748.2109,W,0.27,214.08,230107,,,A*79
23:17:17.573 << $GPGGA,041717.000,4153.0214,N,08748.2109,W,1,9,1.01,237.9,M,-34.0,M,,*6B
23:17:17.577 << $GPGSA,A,3,14,30,07,01,17,20,02,22,19,,,,1.71,1.01,1.37*0E
23:17:17.579 << $GPGSV,4,1,15,14,78,000,22,17,67,260,27,22,62,315,37,30,52,194,33*7B
23:17:17.581 << $GPGSV,4,2,15,01,46,073,34,19,31,244,16,02,30,049,25,07,21,165,24*7F
23:17:17.581 << $GPGSV,4,3,15,20,12,271,23,08,05,063,,03,04,115,,15,04,299,*76
23:17:17.582 << $GPGSV,4,4,15,06,03,196,,24,02,325,,43,,,*71
23:17:17.584 << $GPRMC,041717.000,A,4153.0214,N,08748.2109,W,0.20,217.34,230107,,,A*73
23:17:18.565 << $GPGGA,041718.000,4153.0213,N,08748.2110,W,1,9,1.01,238.0,M,-34.0,M,,*6D
23:17:18.568 << $GPGSA,A,3,14,30,07,01,17,20,02,22,19,,,,1.71,1.01,1.37*0E
23:17:18.570 << $GPGSV,4,1,15,14,78,000,22,17,67,260,27,22,62,315,38,30,52,194,34*73
23:17:18.571 << $GPGSV,4,2,15,01,46,073,34,19,31,244,16,02,30,049,25,07,21,165,24*7F
23:17:18.572 << $GPGSV,4,3,15,20,12,271,23,08,05,063,,03,04,115,,15,04,299,*76
23:17:18.573 << $GPGSV,4,4,15,06,03,196,,24,02,325,,43,,,*71
23:17:18.574 << $GPRMC,041718.000,A,4153.0213,N,08748.2110,W,0.18,214.13,230107,,,A*7E
23:17:19.493 << $GPGGA,041719.000,4153.0213,N,08748.2110,W,1,9,1.01,238.1,M,-34.0,M,,*6D
23:17:19.496 << $GPGSA,A,3,14,30,07,01,17,20,02,22,19,,,,1.71,1.01,1.37*0E
23:17:19.499 << $GPGSV,4,1,15,14,78,000,22,17,67,260,26,22,62,316,38,30,52,194,34*71
23:17:19.501 << $GPGSV,4,2,15,01,46,073,34,19,31,244,16,02,30,049,25,07,21,165,24*7F
23:17:19.502 << $GPGSV,4,3,15,20,12,271,23,08,05,063,,03,04,115,,15,04,299,*76
23:17:19.502 << $GPGSV,4,4,15,06,03,196,,24,02,325,,43,,,*71
23:17:19.976 << $GPRMC,041719.000,A,4153.0213,N,08748.2110,W,0.10,211.08,230107,,,A*78
23:17:20.467 << $GPGGA,041720.000,4153.0213,N,08748.2110,W,1,9,1.01,238.2,M,-34.0,M,,*64
23:17:20.470 << $GPGSA,A,3,14,30,07,01,17,20,02,22,19,,,,1.71,1.01,1.37*0E
23:17:20.472 << $GPGSV,4,1,15,14,78,000,23,17,67,260,26,22,62,316,38,30,52,194,34*70
23:17:20.473 << $GPGSV,4,2,15,01,46,073,34,19,31,244,16,02,30,049,25,07,21,165,24*7F
23:17:20.474 << $GPGSV,4,3,15,20,12,271,24,08,05,063,,03,04,115,,15,04,299,*71
23:17:20.475 << $GPGSV,4,4,15,06,03,196,,24,02,325,,43,,,*71
23:17:20.476 << $GPRMC,041720.000,A,4153.0213,N,08748.2110,W,0.17,211.08,230107,,,A*75
23:17:21.454 << $GPGGA,041721.000,4153.0212,N,08748.2110,W,1,9,1.01,238.3,M,-34.0,M,,*65
23:17:21.459 << $GPGSA,A,3,14,30,07,01,17,20,02,22,19,,,,1.71,1.01,1.37*0E
23:17:21.461 << $GPGSV,4,1,15,14,78,000,23,17,67,260,26,22,62,316,38,30,52,194,34*70
23:17:21.462 << $GPGSV,4,2,15,01,46,073,34,19,31,244,16,02,30,049,25,07,21,165,25*7E
23:17:21.464 << $GPGSV,4,3,15,20,12,271,24,08,05,063,,03,04,115,,15,04,299,*71
23:17:21.464 << $GPGSV,4,4,15,06,03,196,,24,02,325,,45,,,*77
23:17:21.466 << $GPRMC,041721.000,A,4153.0212,N,08748.2110,W,0.21,211.08,230107,,,A*70
23:17:22.444 << $GPGGA,041722.000,4153.0211,N,08748.2110,W,1,9,1.01,238.4,M,-34.0,M,,*62
23:17:22.448 << $GPGSA,A,3,14,30,07,01,17,20,02,22,19,,,,1.71,1.01,1.37*0E
23:17:22.450 << $GPGSV,4,1,15,14,78,000,23,17,67,260,26,22,62,316,38,30,52,194,34*70
23:17:22.451 << $GPGSV,4,2,15,01,46,073,34,19,31,244,16,02,30,049,25,07,21,165,25*7E
23:17:22.452 << $GPGSV,4,3,15,20,12,271,24,08,05,063,,03,04,115,,15,04,299,*71
23:17:22.453 << $GPGSV,4,4,15,06,03,196,,24,02,325,,45,,,*77
23:17:22.455 << $GPRMC,041722.000,A,4153.0211,N,08748.2110,W,0.17,211.08,230107,,,A*75
23:17:23.874 << $GPGGA,041723.000,4153.0211,N,08748.2109,W,1,9,1.01,238.5,M,-34.0,M,,*6A
23:17:23.878 << $GPGSA,A,3,14,30,07,01,17,20,02,22,19,,,,1.71,1.01,1.37*0E
23:17:23.879 << $GPGSV,4,1,15,14,78,000,22,17,67,260,25,22,62,316,38,30,52,194,34*72
23:17:23.880 << $GPGSV,4,2,15,01,46,073,34,19,31,244,16,02,30,049,25,07,21,165,25*7E
23:17:23.935 << $GPGSV,4,3,15,20,12,271,24,08,05,063,,03,04,115,,15,04,299,*71
23:17:23.936 << $GPGSV,4,4,15,06,03,196,,24,02,325,,45,,,*77
23:17:23.938 << $GPRMC,041723.000,A,4153.0211,N,08748.2109,W,0.06,211.08,230107,,,A*7C
23:17:24.373 << $GPGGA,041724.000,4153.0211,N,08748.2109,W,1,8,1.04,238.6,M,-34.0,M,,*6A
23:17:24.376 << $GPGSA,A,3,14,30,07,01,17,20,02,22,,,,,1.32,1.04,0.81*08
23:17:24.378 << $GPGSV,4,1,15,14,78,000,23,17,67,260,25,22,62,316,38,30,52,194,34*73
23:17:24.379 << $GPGSV,4,2,15,01,46,073,34,19,31,244,16,02,30,049,25,07,21,165,25*7E
23:17:24.857 << $GPGSV,4,3,15,20,12,271,24,08,05,063,,03,04,115,,15,04,299,*71
23:17:24.859 << $GPGSV,4,4,15,06,03,196,,24,02,325,,45,,,*77
23:17:25.337 << $GPRMC,041724.000,A,4153.0211,N,08748.2109,W,0.07,211.08,230107,,,A*7A
23:17:25.826 << $GPGGA,041725.000,4153.0211,N,08748.2109,W,1,9,1.01,238.7,M,-34.0,M,,*6E
23:17:25.829 << $GPGSA,A,3,14,30,07,01,17,20,02,22,19,,,,1.71,1.01,1.37*0E
23:17:25.832 << $GPGSV,4,1,15,14,78,000,24,17,67,260,24,22,62,316,38,30,52,194,34*75
23:17:25.833 << $GPGSV,4,2,15,01,46,073,33,19,31,244,17,02,30,049,25,07,21,165,25*78
23:17:25.834 << $GPGSV,4,3,15,20,12,271,24,08,05,063,,03,04,115,,15,04,299,*71
23:17:25.835 << $GPGSV,4,4,15,06,03,196,,24,02,325,,45,,,*77
23:17:25.837 << $GPRMC,041725.000,A,4153.0211,N,08748.2109,W,0.10,211.08,230107,,,A*7D
23:17:26.819 << $GPGGA,041726.000,4153.0211,N,08748.2109,W,1,9,1.01,238.8,M,-34.0,M,,*62
23:17:26.823 << $GPGSA,A,3,14,30,07,01,17,20,02,22,19,,,,1.71,1.01,1.37*0E
23:17:26.825 << $GPGSV,4,1,15,14,78,000,24,17,67,260,23,22,62,316,38,30,52,194,34*72
23:17:26.826 << $GPGSV,4,2,15,01,46,073,33,19,31,244,17,02,30,049,25,07,21,165,25*78
23:17:26.827 << $GPGSV,4,3,15,20,12,271,24,08,05,063,,03,04,115,,15,04,299,*71
23:17:26.828 << $GPGSV,4,4,15,06,03,196,,24,02,325,,45,,,*77
23:17:26.830 << $GPRMC,041726.000,A,4153.0211,N,08748.2109,W,0.11,211.08,230107,,,A*7F
23:17:27.810 << $GPGGA,041727.000,4153.0211,N,08748.2108,W,1,9,1.01,238.9,M,-34.0,M,,*63
23:17:27.814 << $GPGSA,A,3,14,30,07,01,17,20,02,22,19,,,,1.70,1.01,1.37*0F
23:17:27.816 << $GPGSV,4,1,15,14,78,000,23,17,67,260,23,22,62,316,38,30,51,194,34*76
23:17:27.817 << $GPGSV,4,2,15,01,46,073,33,19,31,244,17,02,30,049,25,07,21,165,25*78
23:17:27.818 << $GPGSV,4,3,15,20,12,271,24,08,05,063,,03,04,115,,15,04,299,*71
23:17:27.819 << $GPGSV,4,4,15,06,03,196,,24,02,325,,47,,,*75
23:17:27.821 << $GPRMC,041727.000,A,4153.0211,N,08748.2108,W,0.17,211.08,230107,,,A*79
23:17:28.749 << $GPGGA,041728.000,4153.0210,N,08748.2108,W,1,9,1.01,239.0,M,-34.0,M,,*65
23:17:28.753 << $GPGSA,A,3,14,30,07,01,17,20,02,22,19,,,,1.70,1.01,1.37*0F
23:17:28.755 << $GPGSV,4,1,15,14,78,000,22,17,67,260,23,22,62,316,38,30,51,194,34*77
23:17:28.756 << $GPGSV,4,2,15,01,46,073,33,19,31,244,17,02,30,049,25,07,21,165,25*78
23:17:28.811 << $GPGSV,4,3,15,20,12,271,24,08,05,063,,03,04,115,,15,04,299,*71
23:17:28.812 << $GPGSV,4,4,15,06,03,196,,24,02,325,,47,,,*75
23:17:28.814 << $GPRMC,041728.000,A,4153.0210,N,08748.2108,W,0.12,211.08,230107,,,A*72
23:17:29.727 << $GPGGA,041729.000,4153.0210,N,08748.2107,W,1,9,1.01,239.1,M,-34.0,M,,*6A
23:17:29.731 << $GPGSA,A,3,14,30,07,01,17,20,02,22,19,,,,1.70,1.01,1.37*0F
23:17:29.733 << $GPGSV,4,1,15,14,78,000,22,17,67,260,23,22,62,316,38,30,51,194,34*77
23:17:29.734 << $GPGSV,4,2,15,01,46,073,33,19,31,244,17,02,30,049,25,07,21,165,25*78
23:17:29.735 << $GPGSV,4,3,15,20,12,271,25,08,05,063,,03,04,115,,15,04,299,*70
23:17:29.736 << $GPGSV,4,4,15,06,03,196,,24,02,325,,47,,,*75
23:17:29.737 << $GPRMC,041729.000,A,4153.0210,N,08748.2107,W,0.08,211.08,230107,,,A*77
23:17:30.720 << $GPGGA,041730.000,4153.0210,N,08748.2107,W,1,9,1.01,239.2,M,-34.0,M,,*61
23:17:30.724 << $GPGSA,A,3,14,30,07,01,17,20,02,22,19,,,,1.70,1.01,1.37*0F
23:17:30.726 << $GPGSV,4,1,15,14,78,000,22,17,67,260,22,22,62,316,38,30,51,194,34*76
23:17:30.727 << $GPGSV,4,2,15,01,46,072,33,19,31,244,18,02,30,049,25,07,21,165,25*76
23:17:30.729 << $GPGSV,4,3,15,20,12,271,25,08,05,063,,03,04,115,,15,04,299,*70
23:17:31.196 << $GPGSV,4,4,15,06,03,196,,24,02,325,,47,,,*75
23:17:31.199 << $GPRMC,041730.000,A,4153.0210,N,08748.2107,W,0.11,211.08,230107,,,A*77
23:17:31.680 << $GPGGA,041731.000,4153.0210,N,08748.2106,W,1,9,1.01,239.3,M,-34.0,M,,*60
23:17:31.682 << $GPGSA,A,3,14,30,07,01,17,20,02,22,19,,,,1.70,1.01,1.37*0F
23:17:31.684 << $GPGSV,4,1,15,14,78,000,22,17,67,260,21,22,62,316,38,30,51,194,34*75
23:17:31.686 << $GPGSV,4,2,15,01,46,072,33,19,31,244,18,02,30,049,25,07,21,165,25*76
23:17:31.686 << $GPGSV,4,3,15,20,12,271,25,08,05,063,,03,04,115,,15,04,299,*70
23:17:31.687 << $GPGSV,4,4,15,06,03,196,,24,02,325,,47,,,*75
23:17:31.689 << $GPRMC,041731.000,A,4153.0210,N,08748.2106,W,0.06,211.08,230107,,,A*71
23:17:32.668 << $GPGGA,041732.000,4153.0210,N,08748.2106,W,1,9,1.01,239.4,M,-34.0,M,,*64
23:17:32.672 << $GPGSA,A,3,14,30,07,01,17,20,02,22,19,,,,1.70,1.01,1.37*0F
23:17:32.674 << $GPGSV,4,1,15,14,78,000,22,17,67,260,21,22,62,316,38,30,51,194,34*75
23:17:32.676 << $GPGSV,4,2,15,01,46,072,33,19,31,244,18,02,30,049,25,07,21,165,25*76
23:17:32.677 << $GPGSV,4,3,15,20,12,271,25,08,05,063,,03,04,115,,15,04,299,*70
23:17:32.678 << $GPGSV,4,4,15,06,03,196,,24,02,325,,47,,,*75
23:17:32.679 << $GPRMC,041732.000,A,4153.0210,N,08748.2106,W,0.11,211.08,230107,,,A*74
23:17:33.666 << $GPGGA,041733.000,4153.0210,N,08748.2106,W,1,8,1.03,239.5,M,-34.0,M,,*67
23:17:33.670 << $GPGSA,A,3,14,30,07,01,20,02,22,19,,,,,1.82,1.03,1.51*06
23:17:33.673 << $GPGSV,4,1,15,14,78,000,22,17,67,260,20,22,62,316,38,30,51,194,34*74
23:17:33.674 << $GPGSV,4,2,15,01,46,072,33,19,31,244,19,02,30,049,25,07,21,165,25*77
23:17:33.675 << $GPGSV,4,3,15,20,12,271,25,08,05,063,,03,04,115,,15,04,299,*70
23:17:33.675 << $GPGSV,4,4,15,06,03,196,,24,02,325,,47,,,*75
23:17:33.677 << $GPRMC,041733.000,A,4153.0210,N,08748.2106,W,0.20,211.08,230107,,,A*77
23:17:34.607 << $GPGGA,041734.000,4153.0210,N,08748.2105,W,1,8,1.03,239.7,M,-34.0,M,,*61
23:17:34.611 << $GPGSA,A,3,14,30,07,01,20,02,22,19,,,,,1.82,1.03,1.51*06
23:17:34.613 << $GPGSV,4,1,15,14,78,000,23,17,67,260,20,22,62,316,38,30,51,194,34*75
23:17:34.614 << $GPGSV,4,2,15,01,46,072,33,19,31,244,19,02,30,049,25,07,21,165,25*77
23:17:34.615 << $GPGSV,4,3,15,20,12,271,25,08,05,063,,03,04,115,,15,04,299,*70
23:17:34.616 << $GPGSV,4,4,15,06,03,196,,24,02,325,,49,,,*7B
23:17:34.618 << $GPRMC,041734.000,A,4153.0210,N,08748.2105,W,0.14,211.08,230107,,,A*74
23:17:35.602 << $GPGGA,041735.000,4153.0210,N,08748.2104,W,1,8,1.03,239.8,M,-34.0,M,,*6E
23:17:35.605 << $GPGSA,A,3,14,30,07,01,20,02,22,19,,,,,1.82,1.03,1.51*06
23:17:35.608 << $GPGSV,4,1,15,14,78,000,23,17,67,260,19,22,62,316,38,30,51,194,34*7F
23:17:35.609 << $GPGSV,4,2,15,01,46,072,33,19,31,244,20,02,30,049,25,07,21,165,25*7D
23:17:35.610 << $GPGSV,4,3,15,20,12,271,25,08,05,063,,06,04,196,,03,04,115,*7E
23:17:36.061 << $GPGSV,4,4,15,15,04,299,,24,02,325,,49,,,*72
23:17:36.064 << $GPRMC,041735.000,A,4153.0210,N,08748.2104,W,0.17,211.08,230107,,,A*77
23:17:36.550 << $GPGGA,041736.000,4153.0210,N,08748.2104,W,1,8,1.03,239.9,M,-34.0,M,,*6C
23:17:36.553 << $GPGSA,A,3,14,30,07,01,20,02,22,19,,,,,1.83,1.03,1.51*07
23:17:36.555 << $GPGSV,4,1,15,14,78,000,23,17,67,260,18,22,62,316,38,30,51,194,34*7E
23:17:36.556 << $GPGSV,4,2,15,01,46,072,33,19,31,244,20,02,30,049,25,07,20,165,25*7C
23:17:36.611 << $GPGSV,4,3,15,20,12,271,25,08,05,063,,06,04,196,,03,04,115,*7E
23:17:36.612 << $GPGSV,4,4,15,15,04,299,,24,02,325,,49,,,*72
23:17:36.614 << $GPRMC,041736.000,A,4153.0210,N,08748.2104,W,0.19,211.08,230107,,,A*7A
23:17:37.524 << $GPGGA,041737.000,4153.0210,N,08748.2103,W,1,8,1.03,240.0,M,-34.0,M,,*6D
23:17:37.528 << $GPGSA,A,3,14,30,07,01,20,02,22,19,,,,,1.82,1.03,1.51*06
23:17:37.530 << $GPGSV,4,1,15,14,78,000,23,17,67,260,17,22,62,316,38,30,51,194,34*71
23:17:37.531 << $GPGSV,4,2,15,01,46,072,33,19,31,244,20,02,30,049,25,07,20,165,25*7C
23:17:37.585 << $GPGSV,4,3,15,20,12,271,25,08,05,064,,06,04,196,,03,04,115,*79
23:17:37.587 << $GPGSV,4,4,15,15,04,299,,24,02,325,,49,,,*72
23:17:37.589 << $GPRMC,041737.000,A,4153.0210,N,08748.2103,W,0.17,211.08,230107,,,A*72
23:17:38.499 << $GPGGA,041738.000,4153.0210,N,08748.2102,W,1,8,1.03,240.2,M,-34.0,M,,*61
23:17:38.502 << $GPGSA,A,3,14,30,07,01,20,02,22,19,,,,,1.82,1.03,1.51*06
23:17:38.504 << $GPGSV,4,1,15,14,78,000,23,17,67,260,16,22,62,316,38,30,51,194,34*70
23:17:38.505 << $GPGSV,4,2,15,01,46,072,33,19,31,244,20,02,30,049,25,07,20,165,26*7F
23:17:38.560 << $GPGSV,4,3,15,20,12,271,25,08,05,064,,06,04,196,,03,04,115,*79
23:17:38.561 << $GPGSV,4,4,15,15,04,299,,24,02,325,,49,,,*72
23:17:38.563 << $GPRMC,041738.000,A,4153.0210,N,08748.2102,W,0.20,211.08,230107,,,A*78
23:17:39.475 << $GPGGA,041739.000,4153.0210,N,08748.2102,W,1,8,1.03,240.3,M,-34.0,M,,*61
23:17:39.478 << $GPGSA,A,3,14,30,07,01,20,02,22,19,,,,,1.82,1.03,1.51*06
23:17:39.481 << $GPGSV,4,1,15,14,78,000,23,17,67,260,16,22,62,316,38,30,51,194,34*70
23:17:39.482 << $GPGSV,4,2,15,01,46,072,33,19,31,244,21,02,30,049,25,07,20,165,26*7E
23:17:39.483 << $GPGSV,4,3,15,20,12,271,25,08,05,064,,06,04,196,,03,04,115,*79
23:17:39.484 << $GPGSV,4,4,15,15,04,299,,24,02,325,,49,,,*72
23:17:39.486 << $GPRMC,041739.000,A,4153.0210,N,08748.2102,W,0.27,103.48,230107,,,A*7A
23:17:40.473 << $GPGGA,041740.000,4153.0210,N,08748.2101,W,1,8,1.03,240.4,M,-34.0,M,,*6B
23:17:40.477 << $GPGSA,A,3,14,30,07,01,20,02,22,19,,,,,1.82,1.03,1.51*06
23:17:40.478 << $GPGSV,4,1,15,14,78,000,23,17,67,260,16,22,62,316,38,30,51,194,34*70
23:17:40.480 << $GPGSV,4,2,15,01,46,072,33,19,31,244,21,02,30,049,25,07,20,165,26*7E
23:17:40.480 << $GPGSV,4,3,15,20,12,271,25,08,05,064,,06,04,196,,03,04,115,*79
23:17:40.481 << $GPGSV,4,4,15,15,04,299,,24,02,325,,37,,,*7B
23:17:40.937 << $GPRMC,041740.000,A,4153.0210,N,08748.2101,W,0.30,104.03,230107,,,A*79
23:17:41.430 << $GPGGA,041741.000,4153.0209,N,08748.2100,W,1,8,1.03,240.5,M,-34.0,M,,*62
23:17:41.433 << $GPGSA,A,3,14,30,07,01,20,02,22,19,,,,,1.82,1.03,1.51*06
23:17:41.435 << $GPGSV,4,1,15,14,78,000,23,17,67,260,17,22,62,316,38,30,51,194,34*71
23:17:41.437 << $GPGSV,4,2,15,01,46,072,33,19,31,244,21,02,30,049,25,07,20,165,26*7E
23:17:41.438 << $GPGSV,4,3,15,20,12,271,25,08,05,064,,06,04,196,,03,04,115,*79
23:17:41.438 << $GPGSV,4,4,15,15,04,299,,24,02,325,,37,,,*7B
23:17:41.440 << $GPRMC,041741.000,A,4153.0209,N,08748.2100,W,0.29,104.81,230107,,,A*73
23:17:42.420 << $GPGGA,041742.000,4153.0209,N,08748.2099,W,1,9,1.01,240.6,M,-34.0,M,,*60
23:17:42.423 << $GPGSA,A,3,14,30,07,01,17,20,02,22,19,,,,1.70,1.01,1.37*0F
23:17:42.425 << $GPGSV,4,1,15,14,78,000,24,17,67,260,18,22,62,316,38,30,51,194,34*79
23:17:42.426 << $GPGSV,4,2,15,01,46,072,33,19,31,244,21,02,30,049,25,07,20,165,25*7D
23:17:42.888 << $GPGSV,4,3,15,20,12,271,25,08,05,064,,06,04,196,,03,04,115,*79
23:17:42.889 << $GPGSV,4,4,15,15,04,299,,24,02,325,,37,,,*7B
23:17:42.893 << $GPRMC,041742.000,A,4153.0209,N,08748.2099,W,0.23,105.68,230107,,,A*7D
23:17:43.375 << $GPGGA,041743.000,4153.0209,N,08748.2098,W,1,8,1.03,240.7,M,-34.0,M,,*62
23:17:43.379 << $GPGSA,A,3,14,30,07,01,20,02,22,19,,,,,1.82,1.03,1.51*06
23:17:43.381 << $GPGSV,4,1,15,14,78,001,25,17,67,260,18,22,62,316,38,30,51,194,34*79
23:17:43.382 << $GPGSV,4,2,15,01,46,072,33,19,31,244,22,02,30,049,25,07,20,165,25*7E
23:17:43.383 << $GPGSV,4,3,15,20,12,271,25,08,05,064,,06,04,196,,03,04,115,*79
23:17:43.384 << $GPGSV,4,4,15,15,04,299,,24,02,325,,37,,,*7B
23:17:43.385 << $GPRMC,041743.000,A,4153.0209,N,08748.2098,W,0.25,118.49,230107,,,A*74
23:17:44.837 << $GPGGA,041744.000,4153.0208,N,08748.2097,W,1,8,1.03,240.8,M,-34.0,M,,*64
23:17:44.841 << $GPGSA,A,3,14,30,07,01,20,02,22,19,,,,,1.82,1.03,1.51*06
23:17:44.843 << $GPGSV,4,1,15,14,78,001,25,17,67,260,18,22,62,316,38,30,51,194,34*79
23:17:44.844 << $GPGSV,4,2,15,01,46,072,33,19,31,244,23,02,30,049,25,07,20,165,25*7F
23:17:44.845 << $GPGSV,4,3,15,20,12,271,25,08,05,064,,06,04,196,,03,04,115,*79
23:17:44.846 << $GPGSV,4,4,15,15,04,299,,24,02,325,,37,,,*7B
23:17:44.848 << $GPRMC,041744.000,A,4153.0208,N,08748.2097,W,0.25,123.45,230107,,,A*79
23:17:45.776 >> $PMTK182,2,8*33
23:17:45.814 << $GPGGA,041745.000,4153.0208,N,08748.2096,W,1,8,1.03,241.0,M,-34.0,M,,*6D
23:17:45.818 << $GPGSA,A,3,14,30,07,01,20,02,22,19,,,,,1.82,1.03,1.51*06
23:17:45.820 << $GPGSV,4,1,15,14,78,001,25,17,67,260,18,22,62,316,38,30,51,194,34*79
23:17:45.821 << $GPGSV,4,2,15,01,46,072,33,19,31,244,23,02,30,049,25,07,20,165,25*7F
23:17:45.821 << $GPGSV,4,3,15,20,12,271,25,08,05,064,,06,04,196,,03,04,115,*79
23:17:45.822 << $GPGSV,4,4,15,15,04,299,,24,02,325,,37,,,*7B
23:17:45.837 << $GPRMC,041745.000,A,4153.0208,N,08748.2096,W,0.27,125.46,230107,,,A*7E
23:17:45.915 << $PMTK182,3,8,00018CC0*17
23:17:45.916 << $PMTK001,182,2,3*25
23:17:46.365 << $GPGGA,041746.000,4153.0207,N,08748.2096,W,1,8,1.03,241.1,M,-34.0,M,,*60
23:17:46.368 << $GPGSA,A,3,14,30,07,01,20,02,22,19,,,,,1.82,1.03,1.51*06
23:17:46.370 << $GPGSV,4,1,15,14,78,001,25,17,67,261,18,22,62,316,38,30,51,194,34*78
23:17:46.371 << $GPGSV,4,2,15,01,46,072,33,19,31,244,23,02,30,049,25,07,20,165,26*7C
23:17:46.371 << $GPGSV,4,3,15,20,12,271,25,08,05,064,,06,04,196,,03,04,115,*79
23:17:46.372 << $GPGSV,4,4,15,15,04,299,,24,02,325,,37,,,*7B
23:17:46.373 << $GPRMC,041746.000,A,4153.0207,N,08748.2096,W,0.27,125.86,230107,,,A*7E
23:17:47.371 << $GPGGA,041747.000,4153.0207,N,08748.2095,W,1,8,1.03,241.2,M,-34.0,M,,*61
23:17:47.373 << $GPGSA,A,3,14,30,07,01,20,02,22,19,,,,,1.82,1.03,1.51*06
23:17:47.375 << $GPGSV,4,1,15,14,78,001,26,17,67,261,19,22,62,316,38,30,51,194,34*7A
23:17:47.376 << $GPGSV,4,2,15,01,46,072,33,19,31,244,23,02,30,049,25,07,20,165,26*7C
23:17:47.377 << $GPGSV,4,3,15,20,12,271,24,08,05,064,,06,04,196,,03,04,115,*78
23:17:47.378 << $GPGSV,4,4,15,15,04,299,,24,02,325,,39,,,*75
23:17:47.380 << $GPRMC,041747.000,A,4153.0207,N,08748.2095,W,0.26,125.59,230107,,,A*7F
23:17:48.420 << $GPGGA,041748.000,4153.0206,N,08748.2094,W,1,8,1.03,241.3,M,-34.0,M,,*6F
23:17:48.424 << $GPGSA,A,3,14,30,07,01,20,02,22,19,,,,,1.82,1.03,1.51*06
23:17:48.426 << $GPGSV,4,1,15,14,78,001,27,17,67,261,19,22,62,316,38,30,51,194,34*7B
23:17:48.427 << $GPGSV,4,2,15,01,46,072,33,19,31,244,23,02,30,049,25,07,20,165,25*7F
23:17:48.483 << $GPGSV,4,3,15,20,12,271,24,08,05,064,,06,04,196,,03,04,115,*78
23:17:48.485 << $GPGSV,4,4,15,15,04,299,,24,02,325,,39,,,*75
23:17:48.486 << $GPRMC,041748.000,A,4153.0206,N,08748.2094,W,0.26,125.26,230107,,,A*78
23:17:49.461 << $GPGGA,041749.000,4153.0206,N,08748.2093,W,1,8,1.03,241.4,M,-34.0,M,,*6E
23:17:49.465 << $GPGSA,A,3,14,30,07,01,20,02,22,19,,,,,1.82,1.03,1.51*06
23:17:49.466 << $GPGSV,4,1,15,14,78,001,27,17,67,261,19,22,62,316,38,30,51,194,34*7B
23:17:49.467 << $GPGSV,4,2,15,01,46,072,33,19,31,244,23,02,30,049,25,07,20,165,24*7E
23:17:49.521 << $GPGSV,4,3,15,20,12,271,24,08,05,064,,06,04,196,,03,04,115,*78
23:17:49.523 << $GPGSV,4,4,15,15,04,299,,24,02,325,,39,,,*75
23:17:49.525 << $GPRMC,041749.000,A,4153.0206,N,08748.2093,W,0.28,125.38,230107,,,A*7F
23:17:50.378 << $GPGGA,041750.000,4153.0205,N,08748.2092,W,1,8,1.03,241.5,M,-34.0,M,,*65
23:17:50.451 << $GPGSA,A,3,14,30,07,01,20,02,22,19,,,,,1.82,1.03,1.51*06
23:17:50.453 << $GPGSV,4,1,15,14,78,001,27,17,67,261,19,22,62,316,38,30,51,194,34*7B
23:17:50.455 << $GPGSV,4,2,15,01,46,072,33,19,31,244,23,02,30,049,25,07,20,165,24*7E
23:17:50.456 << $GPGSV,4,3,15,20,12,271,24,08,05,064,,06,04,196,,03,04,115,*78
23:17:50.457 << $GPGSV,4,4,15,15,04,299,,24,02,325,,39,,,*75
23:17:50.511 << $GPRMC,041750.000,A,4153.0205,N,08748.2092,W,0.26,126.04,230107,,,A*77
23:17:51.668 << $GPGGA,041751.000,4153.0205,N,08748.2092,W,1,8,1.03,241.6,M,-34.0,M,,*67
23:17:51.670 << $GPGSA,A,3,14,30,07,01,20,02,22,19,,,,,1.82,1.03,1.51*06
23:17:51.672 << $GPGSV,4,1,15,14,78,001,27,17,67,261,19,22,62,316,38,30,51,194,34*7B
23:17:51.674 << $GPGSV,4,2,15,01,46,072,33,19,31,244,23,02,30,049,25,07,20,165,24*7E
23:17:51.674 << $GPGSV,4,3,15,20,12,271,24,08,05,064,,06,04,196,,03,04,115,*78
23:17:51.676 << $GPGSV,4,4,15,15,04,299,,24,02,325,,39,,,*75
23:17:51.677 << $GPRMC,041751.000,A,4153.0205,N,08748.2092,W,0.22,125.07,230107,,,A*72
23:17:52.663 << $GPGGA,041752.000,4153.0204,N,08748.2091,W,1,9,1.01,241.7,M,-34.0,M,,*64
23:17:52.667 << $GPGSA,A,3,14,30,07,01,17,20,02,22,19,,,,1.70,1.01,1.37*0F
23:17:52.669 << $GPGSV,4,1,15,14,78,001,27,17,67,261,20,22,62,316,38,30,51,194,34*71
23:17:52.670 << $GPGSV,4,2,15,01,46,072,33,19,31,244,23,02,30,049,25,07,20,165,25*7F
23:17:52.672 << $GPGSV,4,3,15,20,12,271,24,08,05,064,,06,04,196,,03,04,115,*78
23:17:52.672 << $GPGSV,4,4,15,15,04,299,,24,02,325,,39,,,*75
23:17:52.674 << $GPRMC,041752.000,A,4153.0204,N,08748.2091,W,0.25,122.80,230107,,,A*7C
23:17:53.661 << $GPGGA,041753.000,4153.0204,N,08748.2090,W,1,9,1.01,241.9,M,-34.0,M,,*6A
23:17:53.664 << $GPGSA,A,3,14,30,07,01,17,20,02,22,19,,,,1.70,1.01,1.37*0F
23:17:53.666 << $GPGSV,4,1,15,14,78,001,26,17,67,261,20,22,62,316,38,30,51,194,34*70
23:17:53.667 << $GPGSV,4,2,15,01,46,072,33,19,31,244,23,02,30,049,24,07,20,165,25*7E
23:17:53.668 << $GPGSV,4,3,15,20,12,271,24,08,05,064,,06,04,196,,03,04,115,*78
23:17:53.669 << $GPGSV,4,4,15,15,04,299,,24,02,325,,50,,,*7A
23:17:53.670 << $GPRMC,041753.000,A,4153.0204,N,08748.2090,W,0.24,118.37,230107,,,A*78
23:17:54.589 << $GPGGA,041754.000,4153.0204,N,08748.2089,W,1,9,1.01,242.0,M,-34.0,M,,*6F
23:17:54.593 << $GPGSA,A,3,14,30,07,01,17,20,02,22,19,,,,1.70,1.01,1.37*0F
23:17:54.594 << $GPGSV,4,1,15,14,78,001,25,17,67,261,20,22,62,316,38,30,51,194,34*73
23:17:54.596 << $GPGSV,4,2,15,01,46,072,33,19,31,244,22,02,30,049,23,07,20,165,25*78
23:17:54.596 << $GPGSV,4,3,15,20,12,271,24,08,05,064,,06,04,196,,03,04,115,*78
23:17:54.597 << $GPGSV,4,4,15,15,04,299,,24,02,325,,50,,,*7A
23:17:54.599 << $GPRMC,041754.000,A,4153.0204,N,08748.2089,W,0.25,116.59,230107,,,A*70
23:17:55.575 << $GPGGA,041755.000,4153.0204,N,08748.2088,W,1,8,1.03,242.1,M,-34.0,M,,*6D
23:17:55.578 << $GPGSA,A,3,14,30,07,01,20,02,22,19,,,,,1.82,1.03,1.50*07
23:17:55.581 << $GPGSV,4,1,15,14,78,001,26,17,67,261,19,22,62,316,38,30,51,194,34*7A
23:17:55.582 << $GPGSV,4,2,15,01,46,072,33,19,31,244,22,02,30,049,23,07,20,165,25*78
23:17:55.583 << $GPGSV,4,3,15,20,12,271,24,08,05,064,,06,04,196,,03,04,115,*78
23:17:55.584 << $GPGSV,4,4,15,15,04,299,,24,02,325,,50,,,*7A
23:17:56.050 << $GPRMC,041755.000,A,4153.0204,N,08748.2088,W,0.23,116.45,230107,,,A*7B
23:17:56.538 << $GPGGA,041756.000,4153.0203,N,08748.2087,W,1,9,1.01,242.2,M,-34.0,M,,*66
23:17:56.541 << $GPGSA,A,3,14,30,07,01,17,20,02,22,19,,,,1.70,1.01,1.37*0F
23:17:56.544 << $GPGSV,4,1,15,14,78,001,25,17,67,261,19,22,62,316,38,30,51,194,34*79
23:17:56.545 << $GPGSV,4,2,15,01,46,072,33,19,31,244,22,02,30,049,23,07,20,165,25*78
23:17:56.546 << $GPGSV,4,3,15,20,12,271,23,08,05,064,,06,04,196,,03,04,115,*7F
23:17:56.547 << $GPGSV,4,4,15,15,04,299,,24,02,325,,50,,,*7A
23:17:56.548 << $GPRMC,041756.000,A,4153.0203,N,08748.2087,W,0.26,120.20,230107,,,A*73
23:17:57.534 << $GPGGA,041757.000,4153.0203,N,08748.2087,W,1,8,1.03,242.4,M,-34.0,M,,*62
23:17:57.538 << $GPGSA,A,3,14,30,07,01,20,02,22,19,,,,,1.82,1.03,1.50*07
23:17:57.540 << $GPGSV,4,1,15,14,78,001,24,17,67,261,19,22,62,316,38,30,51,194,34*78
23:17:57.541 << $GPGSV,4,2,15,01,46,072,33,19,31,244,22,02,30,049,23,07,20,165,25*78
23:17:57.542 << $GPGSV,4,3,15,20,12,271,23,08,05,064,,06,04,196,,03,04,115,*7F
23:17:58.004 << $GPGSV,4,4,15,15,04,299,,24,02,325,,50,,,*7A
23:17:58.007 << $GPRMC,041757.000,A,4153.0203,N,08748.2087,W,0.20,122.61,230107,,,A*73
23:17:58.498 << $GPGGA,041758.000,4153.0203,N,08748.2086,W,1,9,1.01,242.5,M,-34.0,M,,*6E
23:17:58.502 << $GPGSA,A,3,14,30,07,01,17,20,02,22,19,,,,1.70,1.01,1.37*0F
23:17:58.504 << $GPGSV,4,1,15,14,78,001,24,17,67,261,19,22,62,316,38,30,51,194,34*78
23:17:58.505 << $GPGSV,4,2,15,01,46,072,33,19,31,244,23,02,30,049,24,07,20,165,25*7E
23:17:58.974 << $GPGSV,4,3,15,20,12,271,23,08,05,064,,06,04,196,,03,04,115,*7F
23:17:58.976 << $GPGSV,4,4,15,15,04,299,,24,02,325,,50,,,*7A
23:17:58.977 << $GPRMC,041758.000,A,4153.0203,N,08748.2086,W,0.21,124.27,230107,,,A*78
23:17:59.460 << $GPGGA,041759.000,4153.0202,N,08748.2086,W,1,9,1.01,242.6,M,-34.0,M,,*6D
23:17:59.463 << $GPGSA,A,3,14,30,07,01,17,20,02,22,19,,,,1.70,1.01,1.37*0F
23:17:59.465 << $GPGSV,4,1,15,14,78,001,24,17,67,261,20,22,62,316,38,30,51,194,34*72
23:17:59.466 << $GPGSV,4,2,15,01,46,072,33,19,31,244,23,02,30,049,24,07,20,165,25*7E
23:17:59.521 << $GPGSV,4,3,15,20,12,271,22,08,05,064,,06,04,196,,03,04,115,*7E
23:17:59.522 << $GPGSV,4,4,15,15,04,299,,24,02,325,,50,,,*7A
23:17:59.524 << $GPRMC,041759.000,A,4153.0202,N,08748.2086,W,0.18,126.61,230107,,,A*72
23:18:00.439 << $GPGGA,041800.000,4153.0202,N,08748.2085,W,1,9,1.01,242.7,M,-34.0,M,,*6C
23:18:00.443 << $GPGSA,A,3,14,30,07,01,17,20,02,22,19,,,,1.70,1.01,1.37*0F
23:18:00.445 << $GPGSV,4,1,15,14,78,001,24,17,67,261,20,22,62,316,38,30,51,194,34*72
23:18:00.446 << $GPGSV,4,2,15,01,46,072,33,19,31,244,23,02,30,049,24,07,20,165,26*7D
23:18:00.447 << $GPGSV,4,3,15,20,12,271,22,08,05,064,,06,04,196,,03,04,115,*7E
23:18:00.448 << $GPGSV,4,4,15,15,04,299,,24,02,325,,42,,,*79
23:18:00.450 << $GPRMC,041800.000,A,4153.0202,N,08748.2085,W,0.16,126.47,230107,,,A*78
23:18:01.437 << $GPGGA,041801.000,4153.0201,N,08748.2084,W,1,9,1.01,242.9,M,-34.0,M,,*61
23:18:01.441 << $GPGSA,A,3,14,30,07,01,17,20,02,22,19,,,,1.70,1.01,1.37*0F
23:18:01.444 << $GPGSV,4,1,15,14,78,001,24,17,67,261,21,22,62,316,38,30,51,194,34*73
23:18:01.445 << $GPGSV,4,2,15,01,46,072,33,19,31,244,23,02,30,049,24,07,20,165,26*7D
23:18:01.446 << $GPGSV,4,3,15,20,12,271,22,08,05,064,,06,04,196,,03,04,115,*7E
23:18:01.447 << $GPGSV,4,4,15,15,04,299,,24,02,325,,42,,,*79
23:18:01.449 << $GPRMC,041801.000,A,4153.0201,N,08748.2084,W,0.20,126.46,230107,,,A*7F
23:18:02.881 << $GPGGA,041802.000,4153.0201,N,08748.2084,W,1,9,1.01,243.0,M,-34.0,M,,*6A
23:18:02.884 << $GPGSA,A,3,14,30,07,01,17,20,02,22,19,,,,1.70,1.01,1.37*0F
23:18:02.886 << $GPGSV,4,1,15,14,78,001,24,17,67,261,21,22,62,316,38,30,51,194,34*73
23:18:02.887 << $GPGSV,4,2,15,01,46,072,33,19,31,244,23,02,30,049,24,07,20,165,26*7D
23:18:02.888 << $GPGSV,4,3,15,20,12,271,22,08,05,064,,06,04,196,,03,04,115,*7E
23:18:02.889 << $GPGSV,4,4,15,15,04,299,,24,02,325,,42,,,*79
23:18:03.366 << $GPRMC,041802.000,A,4153.0201,N,08748.2084,W,0.22,128.32,230107,,,A*73
23:18:03.856 << $GPGGA,041803.000,4153.0201,N,08748.2083,W,1,9,1.01,243.1,M,-34.0,M,,*6D
23:18:03.859 << $GPGSA,A,3,14,30,07,01,17,20,02,22,19,,,,1.70,1.01,1.37*0F
23:18:03.861 << $GPGSV,4,1,15,14,78,001,25,17,67,261,21,22,62,316,38,30,51,194,34*72
23:18:03.862 << $GPGSV,4,2,15,01,46,072,33,19,31,244,23,02,30,048,25,07,20,165,26*7D
23:18:03.863 << $GPGSV,4,3,15,20,12,271,22,08,05,064,,06,04,196,,03,04,115,*7E
23:18:03.864 << $GPGSV,4,4,15,15,04,299,,24,02,325,,42,,,*79
23:18:03.865 << $GPRMC,041803.000,A,4153.0201,N,08748.2083,W,0.26,129.39,230107,,,A*7B
23:18:04.844 << $GPGGA,041804.000,4153.0200,N,08748.2083,W,1,9,1.01,243.2,M,-34.0,M,,*68
23:18:04.849 << $GPGSA,A,3,14,30,07,01,17,20,02,22,19,,,,1.70,1.01,1.37*0F
23:18:04.851 << $GPGSV,4,1,15,14,78,001,25,17,67,261,21,22,62,316,38,30,51,194,34*72
23:18:04.852 << $GPGSV,4,2,15,01,46,072,33,19,31,244,23,02,30,048,25,07,20,165,26*7D
23:18:04.853 << $GPGSV,4,3,15,20,12,271,22,08,05,064,,06,04,196,,03,04,115,*7E
23:18:04.854 << $GPGSV,4,4,15,15,04,299,,24,02,325,,42,,,*79
23:18:04.855 << $GPRMC,041804.000,A,4153.0200,N,08748.2083,W,0.23,130.78,230107,,,A*75
23:18:05.843 << $GPGGA,041805.000,4153.0200,N,08748.2082,W,1,9,1.01,243.3,M,-34.0,M,,*69
23:18:05.846 << $GPGSA,A,3,14,30,07,01,17,20,02,22,19,,,,1.70,1.01,1.37*0F
23:18:05.849 << $GPGSV,4,1,15,14,78,001,25,17,67,261,22,22,62,316,38,30,51,194,34*71
23:18:05.850 << $GPGSV,4,2,15,01,46,072,33,19,31,244,23,02,30,048,25,07,20,165,26*7D
23:18:05.851 << $GPGSV,4,3,15,20,12,271,22,08,05,064,,06,04,196,,03,04,115,*7E
23:18:05.852 << $GPGSV,4,4,15,15,04,299,,24,02,325,,42,,,*79
23:18:05.853 << $GPRMC,041805.000,A,4153.0200,N,08748.2082,W,0.24,128.69,230107,,,A*7B
23:18:06.779 << $GPGGA,041806.000,4153.0199,N,08748.2081,W,1,9,1.01,243.4,M,-34.0,M,,*6D
23:18:06.782 << $GPGSA,A,3,14,30,07,01,17,20,02,22,19,,,,1.70,1.01,1.36*0E
23:18:06.785 << $GPGSV,4,1,15,14,78,001,26,17,67,261,22,22,62,316,38,30,51,194,34*72
23:18:06.786 << $GPGSV,4,2,15,01,46,072,33,19,31,244,24,02,30,048,25,07,20,165,25*79
23:18:06.787 << $GPGSV,4,3,15,20,12,271,22,08,05,064,,06,04,196,,03,04,115,*7E
23:18:06.788 << $GPGSV,4,4,15,15,04,299,,24,02,325,,42,,,*79
23:18:06.789 << $GPRMC,041806.000,A,4153.0199,N,08748.2081,W,0.22,127.16,230107,,,A*79
23:18:07.771 << $GPGGA,041807.000,4153.0199,N,08748.2080,W,1,9,1.01,243.6,M,-34.0,M,,*6F
23:18:07.774 << $GPGSA,A,3,14,30,07,01,17,20,02,22,19,,,,1.70,1.01,1.36*0E
23:18:07.776 << $GPGSV,4,1,15,14,78,001,26,17,67,261,23,22,62,316,38,30,51,194,34*73
23:18:07.777 << $GPGSV,4,2,15,01,46,072,33,19,31,244,24,02,30,048,25,07,20,165,25*79
23:18:07.778 << $GPGSV,4,3,15,20,12,271,23,08,05,064,,06,04,196,,03,04,115,*7F
23:18:07.779 << $GPGSV,4,4,15,15,04,299,,24,02,325,,40,,,*7B
23:18:08.243 << $GPRMC,041807.000,A,4153.0199,N,08748.2080,W,0.18,126.88,230107,,,A*76
23:18:08.730 << $GPGGA,041808.000,4153.0199,N,08748.2080,W,1,9,1.01,243.7,M,-34.0,M,,*61
23:18:08.733 << $GPGSA,A,3,14,30,07,01,17,20,02,22,19,,,,1.70,1.01,1.36*0E
23:18:08.735 << $GPGSV,4,1,15,14,78,001,27,17,67,261,23,22,62,316,38,30,51,194,34*72
23:18:08.736 << $GPGSV,4,2,15,01,46,072,33,19,31,244,24,02,30,048,25,07,20,165,25*79
23:18:08.737 << $GPGSV,4,3,15,20,12,271,23,08,05,064,,06,04,196,,03,04,115,*7F
23:18:08.737 << $GPGSV,4,4,15,15,04,299,,24,02,325,,40,,,*7B
23:18:08.739 << $GPRMC,041808.000,A,4153.0199,N,08748.2080,W,0.17,128.75,230107,,,A*7A
23:18:09.719 << $GPGGA,041809.000,4153.0198,N,08748.2080,W,1,9,1.01,243.8,M,-34.0,M,,*6E
23:18:09.723 << $GPGSA,A,3,14,30,07,01,17,20,02,22,19,,,,1.70,1.01,1.36*0E
23:18:09.725 << $GPGSV,4,1,15,14,78,001,27,17,67,261,23,22,62,316,38,30,51,194,34*72
23:18:09.726 << $GPGSV,4,2,15,01,46,072,33,19,31,244,24,02,30,048,25,07,20,165,25*79
23:18:09.727 << $GPGSV,4,3,15,20,12,271,23,08,05,064,,06,04,196,,03,04,115,*7F
23:18:09.728 << $GPGSV,4,4,15,15,04,299,,24,02,325,,40,,,*7B
23:18:09.729 << $GPRMC,041809.000,A,4153.0198,N,08748.2080,W,0.15,135.64,230107,,,A*74
23:18:10.705 << $GPGGA,041810.000,4153.0198,N,08748.2079,W,1,9,1.01,243.9,M,-34.0,M,,*61
23:18:10.708 << $GPGSA,A,3,14,30,07,01,17,20,02,22,19,,,,1.70,1.01,1.36*0E
23:18:10.710 << $GPGSV,4,1,15,14,78,001,27,17,67,261,23,22,62,316,38,30,51,194,34*72
23:18:10.712 << $GPGSV,4,2,15,01,46,072,33,19,31,244,24,02,30,048,25,07,20,165,25*79
23:18:10.713 << $GPGSV,4,3,15,20,12,271,23,08,05,064,,06,04,196,,03,04,115,*7F
23:18:10.714 << $GPGSV,4,4,15,15,04,299,,24,02,325,,40,,,*7B
23:18:10.715 << $GPRMC,041810.000,A,4153.0198,N,08748.2079,W,0.13,135.64,230107,,,A*7C
23:18:11.684 << $GPGGA,041811.000,4153.0198,N,08748.2079,W,1,9,1.01,244.1,M,-34.0,M,,*6F
23:18:11.688 << $GPGSA,A,3,14,30,07,01,17,20,02,22,19,,,,1.70,1.01,1.36*0E
23:18:11.691 << $GPGSV,4,1,15,14,78,001,27,17,67,261,23,22,62,316,38,30,51,194,34*72
23:18:11.692 << $GPGSV,4,2,15,01,46,072,33,19,31,244,24,02,30,048,25,07,20,165,25*79
23:18:11.693 << $GPGSV,4,3,15,20,12,271,22,08,05,064,,06,04,196,,03,04,115,*7E
23:18:11.694 << $GPGSV,4,4,15,15,04,299,,24,02,325,,40,,,*7B
23:18:11.696 << $GPRMC,041811.000,A,4153.0198,N,08748.2079,W,0.14,135.64,230107,,,A*7A
23:18:12.626 << $GPGGA,041812.000,4153.0197,N,08748.2079,W,1,9,1.01,244.2,M,-34.0,M,,*60
23:18:12.630 << $GPGSA,A,3,14,30,07,01,17,20,02,22,19,,,,1.70,1.01,1.36*0E
23:18:12.633 << $GPGSV,4,1,15,14,78,001,26,17,67,261,23,22,62,316,38,30,51,194,34*73
23:18:12.634 << $GPGSV,4,2,15,01,46,072,33,19,31,244,24,02,30,048,25,07,20,165,25*79
23:18:12.635 << $GPGSV,4,3,15,20,12,271,22,08,05,064,,06,04,196,,03,04,115,*7E
23:18:12.636 << $GPGSV,4,4,15,15,04,299,,24,02,325,,40,,,*7B
23:18:13.108 << $GPRMC,041812.000,A,4153.0197,N,08748.2079,W,0.17,135.64,230107,,,A*75
23:18:13.599 << $GPGGA,041813.000,4153.0197,N,08748.2079,W,1,9,1.01,244.3,M,-34.0,M,,*60
23:18:13.602 << $GPGSA,A,3,14,30,07,01,17,20,02,22,19,,,,1.70,1.01,1.36*0E
23:18:13.604 << $GPGSV,4,1,15,14,78,001,26,17,67,261,23,22,62,316,38,30,51,194,34*73
23:18:13.606 << $GPGSV,4,2,15,01,46,072,33,51,37,207,,19,31,244,24,02,30,048,25*7C
23:18:13.660 << $GPGSV,4,3,15,07,20,165,25,20,12,271,22,08,05,064,,06,04,196,*7C
23:18:13.661 << $GPGSV,4,4,15,03,04,115,,15,04,299,,24,02,325,*4D
23:18:13.664 << $GPRMC,041813.000,A,4153.0197,N,08748.2079,W,0.19,135.64,230107,,,A*7A
23:18:14.578 << $GPGGA,041814.000,4153.0196,N,08748.2079,W,1,9,1.01,244.5,M,-34.0,M,,*60
23:18:14.582 << $GPGSA,A,3,14,30,07,01,17,20,02,22,19,,,,1.70,1.01,1.36*0E
23:18:14.584 << $GPGSV,4,1,15,14,78,001,26,17,67,261,23,22,62,316,38,30,51,194,34*73
23:18:14.585 << $GPGSV,4,2,15,01,46,072,33,51,37,207,,19,31,244,24,02,30,048,25*7C
23:18:14.586 << $GPGSV,4,3,15,07,20,165,26,20,12,271,22,08,05,064,,06,04,196,*7F
23:18:14.587 << $GPGSV,4,4,15,03,04,115,,15,04,299,,24,02,325,*4D
23:18:14.589 << $GPRMC,041814.000,A,4153.0196,N,08748.2079,W,0.23,162.63,230107,,,A*70
23:18:15.571 << $GPGGA,041815.000,4153.0195,N,08748.2079,W,1,9,1.01,244.6,M,-34.0,M,,*61
23:18:15.574 << $GPGSA,A,3,14,30,07,01,17,20,02,22,19,,,,1.70,1.01,1.36*0E
23:18:15.576 << $GPGSV,4,1,15,14,78,002,26,17,67,261,23,22,62,316,38,30,51,194,34*70
23:18:15.577 << $GPGSV,4,2,15,01,46,072,33,51,37,207,,19,31,244,24,02,30,048,25*7C
23:18:15.578 << $GPGSV,4,3,15,07,20,165,26,20,12,271,22,08,05,064,,06,04,196,*7F
23:18:15.579 << $GPGSV,4,4,15,03,04,115,,15,04,299,,24,02,325,*4D
23:18:15.581 << $GPRMC,041815.000,A,4153.0195,N,08748.2079,W,0.22,166.39,230107,,,A*78
23:18:16.569 << $GPGGA,041816.000,4153.0195,N,08748.2079,W,1,9,1.01,244.8,M,-34.0,M,,*6C
23:18:16.573 << $GPGSA,A,3,14,30,07,01,17,20,02,22,19,,,,1.70,1.01,1.36*0E
23:18:16.575 << $GPGSV,4,1,15,14,78,002,26,17,67,261,23,22,62,316,38,30,51,194,34*70
23:18:16.577 << $GPGSV,4,2,15,01,46,072,33,51,37,207,,19,31,244,24,02,30,048,25*7C
23:18:16.577 << $GPGSV,4,3,15,07,20,165,26,20,12,271,21,08,05,064,,06,04,196,*7C
23:18:16.578 << $GPGSV,4,4,15,03,04,115,,15,04,299,,24,02,325,*4D
23:18:16.580 << $GPRMC,041816.000,A,4153.0195,N,08748.2079,W,0.21,169.86,230107,,,A*73
23:18:17.502 << $GPGGA,041817.000,4153.0194,N,08748.2079,W,1,9,1.01,244.9,M,-34.0,M,,*6D
23:18:17.506 << $GPGSA,A,3,14,30,07,01,17,20,02,22,19,,,,1.70,1.01,1.36*0E
23:18:17.509 << $GPGSV,4,1,15,14,78,002,27,17,67,261,23,22,62,316,38,30,51,194,34*71
23:18:17.510 << $GPGSV,4,2,15,01,46,072,33,51,37,207,,19,31,244,24,02,30,048,25*7C
23:18:17.512 << $GPGSV,4,3,15,07,20,165,26,20,12,271,21,08,05,064,,06,04,196,*7C
23:18:17.513 << $GPGSV,4,4,15,03,04,115,,15,04,299,,24,02,325,*4D
23:18:17.984 << $GPRMC,041817.000,A,4153.0194,N,08748.2079,W,0.19,173.71,230107,,,A*7B
23:18:18.478 << $GPGGA,041818.000,4153.0194,N,08748.2079,W,1,9,1.01,245.0,M,-34.0,M,,*6A
23:18:18.481 << $GPGSA,A,3,14,30,07,01,17,20,02,22,19,,,,1.70,1.01,1.36*0E
23:18:18.483 << $GPGSV,4,1,15,14,78,002,27,17,67,261,23,22,62,316,38,30,51,194,34*71
23:18:18.484 << $GPGSV,4,2,15,01,46,072,33,51,37,207,,19,31,244,24,02,30,048,25*7C
23:18:18.485 << $GPGSV,4,3,15,07,20,165,26,20,12,271,21,08,05,064,,06,04,196,*7C
23:18:18.486 << $GPGSV,4,4,15,03,04,115,,15,04,299,,24,02,325,*4D
23:18:18.487 << $GPRMC,041818.000,A,4153.0194,N,08748.2079,W,0.18,176.96,230107,,,A*79
23:18:19.466 << $GPGGA,041819.000,4153.0193,N,08748.2079,W,1,9,1.01,245.2,M,-34.0,M,,*6E
23:18:19.469 << $GPGSA,A,3,14,30,07,01,17,20,02,22,19,,,,1.70,1.01,1.36*0E
23:18:19.471 << $GPGSV,4,1,15,14,78,002,28,17,67,261,23,22,62,316,38,30,51,194,33*79
23:18:19.472 << $GPGSV,4,2,15,01,46,072,33,51,37,207,,19,31,244,24,02,30,048,25*7C
23:18:19.473 << $GPGSV,4,3,15,07,20,165,25,20,12,271,21,08,05,064,,06,04,196,*7F
23:18:19.474 << $GPGSV,4,4,15,03,04,115,,15,04,299,,24,02,325,*4D
23:18:19.475 << $GPRMC,041819.000,A,4153.0193,N,08748.2079,W,0.20,179.17,230107,,,A*72
23:18:20.444 << $GPGGA,041820.000,4153.0192,N,08748.2079,W,1,9,1.01,245.3,M,-34.0,M,,*64
23:18:20.448 << $GPGSA,A,3,14,30,07,01,17,20,02,22,19,,,,1.70,1.01,1.36*0E
23:18:20.450 << $GPGSV,4,1,15,14,78,002,28,17,67,261,23,22,62,316,38,30,51,194,33*79
23:18:20.451 << $GPGSV,4,2,15,01,46,072,33,51,37,207,,19,31,244,24,02,30,048,25*7C
23:18:20.453 << $GPGSV,4,3,15,07,20,165,25,20,12,271,21,08,05,064,,06,04,196,*7F
23:18:20.454 << $GPGSV,4,4,15,03,04,115,,15,04,299,,24,02,325,*4D
23:18:20.456 << $GPRMC,041820.000,A,4153.0192,N,08748.2079,W,0.24,177.71,230107,,,A*73
23:18:21.436 << $GPGGA,041821.000,4153.0192,N,08748.2079,W,1,9,1.01,245.5,M,-34.0,M,,*63
23:18:21.440 << $GPGSA,A,3,14,30,07,01,17,20,02,22,19,,,,1.70,1.01,1.36*0E
23:18:21.443 << $GPGSV,4,1,15,14,78,002,28,17,67,261,23,22,62,316,38,30,51,194,33*79
23:18:21.444 << $GPGSV,4,2,15,01,46,072,33,51,37,207,,19,31,244,24,02,30,048,25*7C
23:18:21.445 << $GPGSV,4,3,15,07,20,165,25,20,12,271,21,08,05,064,,06,04,196,*7F
23:18:21.446 << $GPGSV,4,4,15,03,04,115,,15,04,299,,24,02,325,*4D
23:18:21.447 << $GPRMC,041821.000,A,4153.0192,N,08748.2079,W,0.27,177.02,230107,,,A*75
23:18:22.869 << $GPGGA,041822.000,4153.0191,N,08748.2079,W,1,9,1.01,245.6,M,-34.0,M,,*60
23:18:22.873 << $GPGSA,A,3,14,30,07,01,17,20,02,22,19,,,,1.70,1.01,1.36*0E
23:18:22.874 << $GPGSV,4,1,15,14,78,002,28,17,67,261,23,22,62,316,38,30,51,194,33*79
23:18:22.876 << $GPGSV,4,2,15,01,46,072,33,51,37,207,,19,31,244,24,02,30,048,25*7C
23:18:22.877 << $GPGSV,4,3,15,07,20,165,25,20,12,271,21,08,05,064,,06,04,196,*7F
23:18:22.877 << $GPGSV,4,4,15,03,04,115,,15,04,299,,24,02,325,*4D
23:18:23.352 << $GPRMC,041822.000,A,4153.0191,N,08748.2079,W,0.29,178.58,230107,,,A*7B
23:18:23.846 << $GPGGA,041823.000,4153.0190,N,08748.2079,W,1,9,1.01,245.8,M,-34.0,M,,*6E
23:18:23.850 << $GPGSA,A,3,14,30,07,01,17,20,02,22,19,,,,1.70,1.01,1.36*0E
23:18:23.853 << $GPGSV,4,1,15,14,78,002,29,17,67,261,23,22,62,316,38,30,51,194,33*78
23:18:23.854 << $GPGSV,4,2,15,01,46,072,33,44,33,219,,19,31,244,24,02,30,048,25*73
23:18:24.329 << $GPGSV,4,3,15,07,20,165,25,20,12,271,21,08,05,064,,06,04,196,*7F
23:18:24.331 << $GPGSV,4,4,15,03,04,115,,15,04,299,,24,02,325,*4D
23:18:24.333 << $GPRMC,041823.000,A,4153.0190,N,08748.2079,W,0.31,177.71,230107,,,A*76
23:18:24.812 << $GPGGA,041824.000,4153.0189,N,08748.2079,W,1,9,1.01,245.9,M,-34.0,M,,*60
23:18:24.815 << $GPGSA,A,3,14,30,07,01,17,20,02,22,19,,,,1.70,1.01,1.36*0E
23:18:24.817 << $GPGSV,4,1,15,14,78,002,29,17,67,261,23,22,62,316,38,30,51,194,33*78
23:18:24.819 << $GPGSV,4,2,15,01,46,072,33,44,33,219,,19,31,244,24,02,30,048,25*73
23:18:24.820 << $GPGSV,4,3,15,07,20,165,25,20,12,271,21,08,05,064,,06,04,196,*7F
23:18:24.821 << $GPGSV,4,4,15,03,04,115,,15,04,299,,24,02,325,*4D
23:18:24.822 << $GPRMC,041824.000,A,4153.0189,N,08748.2079,W,0.33,177.32,230107,,,A*7C
23:18:25.804 << $GPGGA,041825.000,4153.0188,N,08748.2079,W,1,9,1.01,246.1,M,-34.0,M,,*6B
23:18:25.809 << $GPGSA,A,3,14,30,07,01,17,20,02,22,19,,,,1.70,1.01,1.36*0E
23:18:25.812 << $GPGSV,4,1,15,14,78,002,29,17,67,261,23,22,62,316,38,30,51,194,33*78
23:18:25.813 << $GPGSV,4,2,15,01,46,072,33,44,33,219,,19,31,244,24,02,30,048,25*73
23:18:25.814 << $GPGSV,4,3,15,07,20,165,25,20,12,271,21,08,05,064,,06,04,196,*7F
23:18:25.815 << $GPGSV,4,4,15,03,04,115,,15,04,299,,24,03,325,*4C
23:18:25.816 << $GPRMC,041825.000,A,4153.0188,N,08748.2079,W,0.34,179.45,230107,,,A*75
23:18:26.794 << $GPGGA,041826.000,4153.0187,N,08748.2079,W,1,9,1.01,246.2,M,-34.0,M,,*64
23:18:26.797 << $GPGSA,A,3,14,30,07,01,17,20,02,22,19,,,,1.70,1.01,1.36*0E
23:18:26.799 << $GPGSV,4,1,15,14,78,002,29,17,67,261,23,22,62,316,38,30,51,194,33*78
23:18:26.800 << $GPGSV,4,2,15,01,46,072,33,44,33,219,,19,31,244,24,02,30,048,25*73
23:18:26.801 << $GPGSV,4,3,15,07,20,165,25,20,12,271,21,08,05,064,,06,04,196,*7F
23:18:26.802 << $GPGSV,4,4,15,03,04,115,,15,04,299,,24,03,325,*4C
23:18:26.803 << $GPRMC,041826.000,A,4153.0187,N,08748.2079,W,0.37,180.96,230107,,,A*72
23:18:27.781 << $GPGGA,041827.000,4153.0186,N,08748.2079,W,1,9,1.01,246.4,M,-34.0,M,,*62
23:18:27.785 << $GPGSA,A,3,14,30,07,01,17,20,02,22,19,,,,1.70,1.01,1.36*0E
23:18:27.786 << $GPGSV,4,1,15,14,78,002,29,17,67,261,23,22,62,316,38,30,51,194,33*78
23:18:27.788 << $GPGSV,4,2,15,01,46,072,33,44,33,219,,19,31,244,24,02,30,048,25*73
23:18:27.788 << $GPGSV,4,3,15,07,20,165,25,20,12,271,21,08,05,064,,06,04,196,*7F
23:18:27.789 << $GPGSV,4,4,15,03,04,115,,15,04,299,,24,03,325,*4C
23:18:28.228 << $GPRMC,041827.000,A,4153.0186,N,08748.2079,W,0.40,181.88,230107,,,A*7C
23:18:28.712 << $GPGGA,041828.000,4153.0185,N,08748.2079,W,1,9,1.01,246.5,M,-34.0,M,,*6F
23:18:28.715 << $GPGSA,A,3,14,30,07,01,17,20,02,22,19,,,,1.70,1.01,1.36*0E
23:18:28.717 << $GPGSV,4,1,15,14,78,002,29,17,67,261,23,22,62,316,38,30,51,194,33*78
23:18:28.718 << $GPGSV,4,2,15,01,46,072,33,44,33,219,,19,31,244,24,02,30,048,25*73
23:18:28.719 << $GPGSV,4,3,15,07,20,165,25,20,12,271,21,08,05,064,,06,04,196,*7F
23:18:28.720 << $GPGSV,4,4,15,03,04,115,,15,04,299,,24,03,325,*4C
23:18:28.721 << $GPRMC,041828.000,A,4153.0185,N,08748.2079,W,0.45,184.72,230107,,,A*75
23:18:29.694 << $GPGGA,041829.000,4153.0184,N,08748.2080,W,1,9,1.01,246.7,M,-34.0,M,,*6B
23:18:29.701 << $GPGSA,A,3,14,30,07,01,17,20,02,22,19,,,,1.70,1.01,1.36*0E
23:18:29.703 << $GPGSV,4,1,15,14,78,002,29,17,67,261,23,22,62,316,38,30,51,194,33*78
23:18:29.704 << $GPGSV,4,2,15,01,46,072,33,44,33,219,,19,31,244,24,02,30,048,24*72
23:18:29.705 << $GPGSV,4,3,15,07,20,165,25,20,12,271,21,08,05,064,,06,04,196,*7F
23:18:29.705 << $GPGSV,4,4,15,03,04,115,,15,04,299,,24,03,325,*4C
23:18:29.707 << $GPRMC,041829.000,A,4153.0184,N,08748.2080,W,0.42,187.04,230107,,,A*76
23:18:30.683 << $GPGGA,041830.000,4153.0183,N,08748.2080,W,1,9,1.01,246.8,M,-34.0,M,,*6B
23:18:30.687 << $GPGSA,A,3,14,30,07,01,17,20,02,22,19,,,,1.69,1.01,1.36*06
23:18:30.689 << $GPGSV,4,1,15,14,78,002,30,17,67,261,22,22,62,316,38,30,51,194,33*71
23:18:30.690 << $GPGSV,4,2,15,01,46,072,33,44,33,219,,19,31,244,24,02,30,048,24*72
23:18:30.691 << $GPGSV,4,3,15,07,20,165,25,20,12,271,21,08,05,064,,06,04,196,*7F
23:18:30.692 << $GPGSV,4,4,15,03,04,115,,15,04,299,,24,03,325,*4C
23:18:30.693 << $GPRMC,041830.000,A,4153.0183,N,08748.2080,W,0.40,188.99,230107,,,A*70
23:18:31.677 << $GPGGA,041831.000,4153.0182,N,08748.2080,W,1,9,1.01,247.0,M,-34.0,M,,*62
23:18:31.681 << $GPGSA,A,3,14,30,07,01,17,20,02,22,19,,,,1.69,1.01,1.36*06
23:18:31.683 << $GPGSV,4,1,15,14,78,002,30,17,67,261,22,22,62,316,38,30,51,194,33*71
23:18:31.684 << $GPGSV,4,2,15,01,46,072,33,44,33,219,,19,31,244,24,02,30,048,24*72
23:18:31.685 << $GPGSV,4,3,15,07,20,165,25,20,12,271,21,08,05,064,,06,04,196,*7F
23:18:31.686 << $GPGSV,4,4,15,03,04,115,,15,04,299,,24,03,325,*4C
23:18:31.687 << $GPRMC,041831.000,A,4153.0182,N,08748.2080,W,0.39,190.96,230107,,,A*78
23:18:32.614 << $GPGGA,041832.000,4153.0181,N,08748.2081,W,1,9,1.01,247.1,M,-34.0,M,,*62
23:18:32.617 << $GPGSA,A,3,14,30,07,01,17,20,02,22,19,,,,1.69,1.01,1.36*06
23:18:32.618 << $GPGSV,4,1,15,14,78,002,30,17,67,261,23,22,62,316,38,30,51,194,33*70
23:18:32.620 << $GPGSV,4,2,15,01,46,072,33,44,33,219,,19,31,244,24,02,30,048,24*72
23:18:32.620 << $GPGSV,4,3,15,07,20,165,25,20,12,271,21,08,05,064,,06,04,196,*7F
23:18:32.621 << $GPGSV,4,4,15,03,04,115,,15,04,299,,24,03,325,*4C
23:18:33.100 << $GPRMC,041832.000,A,4153.0181,N,08748.2081,W,0.40,191.77,230107,,,A*79
23:18:33.590 << $GPGGA,041833.000,4153.0180,N,08748.2081,W,1,9,1.01,247.3,M,-34.0,M,,*60
23:18:33.593 << $GPGSA,A,3,14,30,07,01,17,20,02,22,19,,,,1.70,1.01,1.36*0E
23:18:33.595 << $GPGSV,4,1,15,14,78,002,30,17,67,261,23,22,62,316,38,30,51,194,33*70
23:18:33.597 << $GPGSV,4,2,15,01,46,072,33,19,31,244,24,02,30,048,24,48,28,228,*76
23:18:33.598 << $GPGSV,4,3,15,07,20,165,24,20,12,271,21,08,05,064,,06,04,196,*7E
23:18:33.599 << $GPGSV,4,4,15,03,04,115,,15,04,299,,24,03,325,*4C
23:18:33.600 << $GPRMC,041833.000,A,4153.0180,N,08748.2081,W,0.40,191.66,230107,,,A*79
23:18:34.590 << $GPGGA,041834.000,4153.0178,N,08748.2081,W,1,9,1.01,247.4,M,-34.0,M,,*67
23:18:34.594 << $GPGSA,A,3,14,30,07,01,17,20,02,22,19,,,,1.69,1.01,1.36*06
23:18:34.596 << $GPGSV,4,1,15,14,78,002,30,17,67,261,23,22,62,316,38,30,51,194,32*71
23:18:34.598 << $GPGSV,4,2,15,01,46,072,33,19,31,244,24,02,30,048,24,48,28,228,*76
23:18:34.598 << $GPGSV,4,3,15,07,20,165,24,20,12,271,21,08,05,064,,06,04,196,*7E
23:18:34.600 << $GPGSV,4,4,15,03,04,115,,15,04,299,,24,03,325,*4C
23:18:34.601 << $GPRMC,041834.000,A,4153.0178,N,08748.2081,W,0.33,192.21,230107,,,A*7D
23:18:35.581 << $GPGGA,041835.000,4153.0178,N,08748.2082,W,1,9,1.01,247.5,M,-34.0,M,,*64
23:18:35.584 << $GPGSA,A,3,14,30,07,01,17,20,02,22,19,,,,1.69,1.01,1.36*06
23:18:35.586 << $GPGSV,4,1,15,14,78,002,30,17,67,261,24,22,62,316,38,30,51,194,32*76
23:18:35.587 << $GPGSV,4,2,15,01,46,072,33,19,31,244,24,02,29,048,24,48,28,228,*7E
23:18:35.588 << $GPGSV,4,3,15,07,20,165,24,20,12,271,21,08,05,064,,06,04,196,*7E
23:18:35.589 << $GPGSV,4,4,15,03,04,115,,15,04,299,,24,03,325,*4C
23:18:35.590 << $GPRMC,041835.000,A,4153.0178,N,08748.2082,W,0.33,191.26,230107,,,A*7B
23:18:36.514 << $GPGGA,041836.000,4153.0177,N,08748.2082,W,1,9,1.01,247.7,M,-34.0,M,,*6A
23:18:36.517 << $GPGSA,A,3,14,30,07,01,17,20,02,22,19,,,,1.69,1.01,1.36*06
23:18:36.519 << $GPGSV,4,1,15,14,78,002,30,17,67,261,25,22,62,316,38,30,51,194,32*77
23:18:36.520 << $GPGSV,4,2,15,01,46,072,33,19,31,244,24,02,29,048,24,48,28,228,*7E
23:18:36.521 << $GPGSV,4,3,15,07,20,165,24,20,12,271,21,08,05,064,,06,04,196,*7E
23:18:36.522 << $GPGSV,4,4,15,03,04,115,,15,04,299,,24,03,325,*4C
23:18:36.524 << $GPRMC,041836.000,A,4153.0177,N,08748.2082,W,0.37,189.00,230107,,,A*7E
23:18:37.493 << $GPGGA,041837.000,4153.0176,N,08748.2082,W,1,9,1.01,247.8,M,-34.0,M,,*65
23:18:37.497 << $GPGSA,A,3,14,30,07,01,17,20,02,22,19,,,,1.69,1.01,1.36*06
23:18:37.498 << $GPGSV,4,1,15,14,78,002,30,17,67,261,25,22,62,316,38,30,51,194,32*77
23:18:37.499 << $GPGSV,4,2,15,01,46,072,33,19,31,244,24,02,29,048,24,48,28,228,*7E
23:18:37.500 << $GPGSV,4,3,15,07,20,165,24,20,12,271,21,08,05,064,,06,04,196,*7E
23:18:37.501 << $GPGSV,4,4,15,03,04,115,,15,04,299,,24,03,325,*4C
23:18:37.974 << $GPRMC,041837.000,A,4153.0176,N,08748.2082,W,0.40,186.20,230107,,,A*73
23:18:38.464 << $GPGGA,041838.000,4153.0174,N,08748.2082,W,1,9,1.01,247.9,M,-34.0,M,,*69
23:18:38.467 << $GPGSA,A,3,14,30,07,01,17,20,02,22,19,,,,1.69,1.01,1.36*06
23:18:38.468 << $GPGSV,4,1,15,14,78,002,31,17,67,261,25,22,62,316,38,30,51,194,32*76
23:18:38.469 << $GPGSV,4,2,15,01,46,072,33,19,31,244,24,02,29,048,24,48,28,228,*7E
23:18:38.470 << $GPGSV,4,3,15,07,20,165,24,20,12,271,21,08,05,064,,06,04,196,*7E
23:18:38.471 << $GPGSV,4,4,15,03,04,115,,15,04,299,,24,03,325,*4C
23:18:38.472 << $GPRMC,041838.000,A,4153.0174,N,08748.2082,W,0.35,185.05,230107,,,A*78
23:18:39.484 << $GPGGA,041839.000,4153.0173,N,08748.2082,W,1,9,1.01,248.0,M,-34.0,M,,*69
23:18:39.487 << $GPGSA,A,3,14,30,07,01,17,20,02,22,19,,,,1.69,1.01,1.36*06
23:18:39.489 << $GPGSV,4,1,15,14,78,002,31,17,67,261,25,22,62,316,38,30,51,194,32*76
23:18:39.491 << $GPGSV,4,2,15,01,46,072,33,19,31,244,24,02,29,048,24,48,28,228,*7E
23:18:39.492 << $GPGSV,4,3,15,07,20,165,24,20,12,271,21,08,05,064,,06,04,196,*7E
23:18:39.492 << $GPGSV,4,4,15,03,04,115,,15,04,299,,24,03,325,*4C
23:18:39.494 << $GPRMC,041839.000,A,4153.0173,N,08748.2082,W,0.38,182.79,230107,,,A*7F
23:18:40.413 << $GPGGA,041840.000,4153.0172,N,08748.2082,W,1,9,1.01,248.2,M,-34.0,M,,*64
23:18:40.416 << $GPGSA,A,3,14,30,07,01,17,20,02,22,19,,,,1.69,1.01,1.36*06
23:18:40.418 << $GPGSV,4,1,15,14,78,002,31,17,67,261,25,22,62,316,38,30,51,194,32*76
23:18:40.419 << $GPGSV,4,2,15,01,46,072,33,19,31,244,24,02,29,048,24,48,28,228,*7E
23:18:40.420 << $GPGSV,4,3,15,07,20,165,24,20,12,271,21,08,05,064,,06,04,196,*7E
23:18:40.421 << $GPGSV,4,4,15,03,04,115,,15,04,299,,24,03,325,*4C
23:18:40.423 << $GPRMC,041840.000,A,4153.0172,N,08748.2082,W,0.34,178.37,230107,,,A*73
23:18:41.879 << $GPGGA,041841.000,4153.0172,N,08748.2081,W,1,9,1.01,248.3,M,-34.0,M,,*67
23:18:41.882 << $GPGSA,A,3,14,30,07,01,17,20,02,22,19,,,,1.69,1.01,1.36*06
23:18:41.884 << $GPGSV,4,1,15,14,78,002,31,17,67,261,25,22,62,316,38,30,51,194,32*76
23:18:41.885 << $GPGSV,4,2,15,01,46,072,33,19,31,244,24,02,29,048,24,48,28,228,*7E
23:18:41.886 << $GPGSV,4,3,15,07,20,165,24,20,12,271,21,08,05,064,,06,04,196,*7E
23:18:41.887 << $GPGSV,4,4,15,03,04,115,,15,04,299,,24,03,325,*4C
23:18:41.888 << $GPRMC,041841.000,A,4153.0172,N,08748.2081,W,0.32,175.28,230107,,,A*74
23:18:42.365 << $GPGGA,041842.000,4153.0171,N,08748.2081,W,1,9,1.01,248.4,M,-34.0,M,,*60
23:18:42.369 << $GPGSA,A,3,14,30,07,01,17,20,02,22,19,,,,1.69,1.01,1.36*06
23:18:42.372 << $GPGSV,4,1,15,14,78,002,31,17,67,261,25,22,62,316,38,30,51,194,32*76
23:18:42.373 << $GPGSV,4,2,15,01,46,072,33,19,31,244,24,02,29,048,24,46,26,232,*75
23:18:42.853 << $GPGSV,4,3,15,07,20,165,24,20,12,271,21,08,05,064,,06,04,196,*7E
23:18:42.854 << $GPGSV,4,4,15,03,04,115,,15,04,299,,24,03,325,*4C
23:18:42.856 << $GPRMC,041842.000,A,4153.0171,N,08748.2081,W,0.24,174.18,230107,,,A*71
23:18:43.843 << $GPGGA,041843.000,4153.0170,N,08748.2081,W,1,9,1.01,248.4,M,-34.0,M,,*60
23:18:43.844 << $GPGSA,A,3,14,30,07,01,17,20,02,22,19,,,,1.69,1.01,1.36*06
23:18:43.845 << $GPGSV,4,1,15,14,78,002,32,17,67,261,25,22,62,316,38,30,51,194,32*75
23:18:43.845 << $GPGSV,4,2,15,01,46,072,33,19,31,244,24,02,29,048,24,46,26,232,*75
23:18:43.845 << $GPGSV,4,3,15,07,20,165,24,20,12,271,21,08,05,064,,06,04,196,*7E
23:18:43.845 << $GPGSV,4,4,15,03,04,115,,15,04,299,,24,03,325,*4C
23:18:43.845 << $GPRMC,041843.000,A,4153.0170,N,08748.2081,W,0.21,175.12,230107,,,A*7F
23:18:44.820 << $GPGGA,041844.000,4153.0170,N,08748.2081,W,1,9,1.01,248.5,M,-34.0,M,,*66
23:18:44.825 << $GPGSA,A,3,14,30,07,01,17,20,02,22,19,,,,1.69,1.01,1.36*06
23:18:44.827 << $GPGSV,4,1,15,14,78,002,32,17,67,261,26,22,62,316,38,30,51,194,32*76
23:18:44.828 << $GPGSV,4,2,15,01,46,072,33,19,31,244,24,02,29,048,24,46,26,232,*75
23:18:45.282 << $GPGSV,4,3,15,07,20,165,24,20,12,271,21,08,05,064,,06,04,196,*7E
23:18:45.283 << $GPGSV,4,4,15,03,04,115,,15,04,299,,24,03,325,*4C
23:18:45.284 << $GPRMC,041844.000,A,4153.0170,N,08748.2081,W,0.20,175.69,230107,,,A*75
23:18:45.781 << $GPGGA,041845.000,4153.0169,N,08748.2081,W,1,9,1.01,248.6,M,-34.0,M,,*6C
23:18:45.784 << $GPGSA,A,3,14,30,07,01,17,20,02,22,19,,,,1.69,1.01,1.36*06
23:18:45.786 << $GPGSV,4,1,15,14,78,002,32,17,67,261,26,22,62,316,38,30,51,194,32*76
23:18:45.787 << $GPGSV,4,2,15,01,46,072,33,19,31,244,23,02,29,048,24,46,26,232,*72
23:18:45.788 << $GPGSV,4,3,15,07,20,165,23,20,12,271,21,08,05,064,,06,04,196,*79
23:18:45.789 << $GPGSV,4,4,15,03,04,115,,15,04,299,,24,03,325,*4C
23:18:45.791 << $GPRMC,041845.000,A,4153.0169,N,08748.2081,W,0.17,176.29,230107,,,A*7F
23:18:46.769 << $GPGGA,041846.000,4153.0169,N,08748.2081,W,1,9,1.01,248.7,M,-34.0,M,,*6E
23:18:46.774 << $GPGSA,A,3,14,30,07,01,17,20,02,22,19,,,,1.69,1.01,1.36*06
23:18:46.776 << $GPGSV,4,1,15,14,78,002,32,17,67,261,26,22,62,316,38,30,51,194,32*76
23:18:46.778 << $GPGSV,4,2,15,01,46,072,33,19,31,244,24,02,29,048,24,46,26,232,*75
23:18:46.779 << $GPGSV,4,3,15,07,20,165,23,20,12,271,21,08,05,064,,06,04,196,*79
23:18:46.780 << $GPGSV,4,4,15,03,04,115,,15,04,299,,24,03,325,*4C
23:18:46.781 << $GPRMC,041846.000,A,4153.0169,N,08748.2081,W,0.13,173.47,230107,,,A*75
23:18:47.769 << $GPGGA,041847.000,4153.0168,N,08748.2081,W,1,9,1.01,248.8,M,-34.0,M,,*61
23:18:47.773 << $GPGSA,A,3,14,30,07,01,17,20,02,22,19,,,,1.69,1.01,1.36*06
23:18:47.775 << $GPGSV,4,1,15,14,78,003,32,17,67,261,26,22,62,316,38,30,51,194,32*77
23:18:47.776 << $GPGSV,4,2,15,01,46,072,33,19,31,244,24,02,29,048,24,46,26,232,30*76
23:18:47.777 << $GPGSV,4,3,15,07,20,165,23,20,12,271,21,08,05,064,,06,04,196,*79
23:18:47.778 << $GPGSV,4,4,15,03,04,115,,15,04,299,,24,03,325,*4C
23:18:48.209 << $GPRMC,041847.000,A,4153.0168,N,08748.2081,W,0.09,174.11,230107,,,A*7A
23:18:48.697 << $GPGGA,041848.000,4153.0168,N,08748.2081,W,1,9,1.01,248.9,M,-34.0,M,,*6F
23:18:48.699 << $GPGSA,A,3,14,30,07,01,17,20,02,22,19,,,,1.69,1.01,1.36*06
23:18:48.701 << $GPGSV,4,1,15,14,78,003,32,17,67,261,26,22,62,316,38,30,51,194,32*77
23:18:48.702 << $GPGSV,4,2,15,01,46,072,33,19,31,244,24,02,29,048,24,46,26,232,30*76
23:18:48.755 << $GPGSV,4,3,15,07,20,165,23,20,12,271,21,08,05,064,,06,04,196,*79
23:18:48.756 << $GPGSV,4,4,15,03,04,115,,15,04,298,,24,03,325,*4D
23:18:48.757 << $GPRMC,041848.000,A,4153.0168,N,08748.2081,W,0.08,174.11,230107,,,A*74
23:18:49.682 << $GPGGA,041849.000,4153.0168,N,08748.2081,W,1,9,1.01,249.0,M,-34.0,M,,*66
23:18:49.685 << $GPGSA,A,3,14,30,07,01,17,20,02,22,19,,,,1.69,1.01,1.36*06
23:18:49.687 << $GPGSV,4,1,15,14,78,003,32,17,67,261,26,22,62,316,38,30,51,194,32*77
23:18:49.688 << $GPGSV,4,2,15,01,46,072,32,19,31,244,24,02,29,048,24,46,26,232,30*77
23:18:49.689 << $GPGSV,4,3,15,07,20,165,23,20,12,271,21,08,05,064,,06,04,196,*79
23:18:49.690 << $GPGSV,4,4,15,03,04,115,,15,04,298,,24,03,325,*4D
23:18:49.692 << $GPRMC,041849.000,A,4153.0168,N,08748.2081,W,0.10,174.11,230107,,,A*7C
23:18:50.678 << $GPGGA,041850.000,4153.0167,N,08748.2081,W,1,9,1.01,249.0,M,-34.0,M,,*61
23:18:50.682 << $GPGSA,A,3,14,30,07,01,17,20,02,22,19,,,,1.69,1.01,1.36*06
23:18:50.686 << $GPGSV,4,1,15,14,78,003,32,17,67,262,26,22,62,316,38,30,51,194,32*74
23:18:50.687 << $GPGSV,4,2,15,01,46,072,32,19,31,244,24,02,29,048,24,46,26,232,30*77
23:18:50.688 << $GPGSV,4,3,15,07,20,165,23,20,12,271,21,08,05,064,,06,04,196,*79
23:18:50.689 << $GPGSV,4,4,15,03,04,115,,15,04,298,,24,03,325,*4D
23:18:50.691 << $GPRMC,041850.000,A,4153.0167,N,08748.2081,W,0.11,174.11,230107,,,A*7A
23:18:51.680 << $GPGGA,041851.000,4153.0167,N,08748.2081,W,1,9,1.01,249.1,M,-34.0,M,,*61
23:18:51.684 << $GPGSA,A,3,14,30,07,01,17,20,02,22,19,,,,1.69,1.01,1.36*06
23:18:51.686 << $GPGSV,4,1,15,14,78,003,32,17,67,262,26,22,62,316,38,30,51,194,31*77
23:18:51.687 << $GPGSV,4,2,15,01,46,072,32,19,31,244,24,02,29,048,23,46,26,232,*73
23:18:51.688 << $GPGSV,4,3,15,07,20,165,23,20,12,271,21,08,05,064,,06,04,196,*79
23:18:51.689 << $GPGSV,4,4,15,03,04,115,,15,04,298,,24,03,325,*4D
23:18:51.691 << $GPRMC,041851.000,A,4153.0167,N,08748.2081,W,0.08,174.11,230107,,,A*73
23:18:52.605 << $GPGGA,041852.000,4153.0167,N,08748.2081,W,1,9,1.01,249.2,M,-34.0,M,,*61
23:18:52.608 << $GPGSA,A,3,14,30,07,01,17,20,02,22,19,,,,1.69,1.01,1.36*06
23:18:52.610 << $GPGSV,4,1,15,14,78,003,32,17,67,262,26,22,62,316,38,30,51,194,31*77
23:18:52.612 << $GPGSV,4,2,15,01,46,072,32,19,31,245,24,02,29,048,23,46,26,232,*72
23:18:52.613 << $GPGSV,4,3,15,07,20,165,23,20,12,271,21,08,05,064,,06,04,196,*79
23:18:52.614 << $GPGSV,4,4,15,03,04,115,,15,04,298,,24,03,325,*4D
23:18:53.091 << $GPRMC,041852.000,A,4153.0167,N,08748.2081,W,0.11,174.11,230107,,,A*78
23:18:53.579 << $GPGGA,041853.000,4153.0167,N,08748.2081,W,1,9,1.01,249.3,M,-34.0,M,,*61
23:18:53.582 << $GPGSA,A,3,14,30,07,01,17,20,02,22,19,,,,1.69,1.01,1.36*06
23:18:53.584 << $GPGSV,4,1,15,14,78,003,32,17,67,262,26,22,62,316,38,30,51,194,31*77
23:18:53.585 << $GPGSV,4,2,15,01,46,072,32,19,31,245,24,02,29,048,23,46,26,232,*72
23:18:53.586 << $GPGSV,4,3,15,07,20,165,23,20,12,271,21,08,05,064,,06,04,196,*79
23:18:53.587 << $GPGSV,4,4,15,03,04,115,,15,04,298,,24,03,325,*4D
23:18:53.588 << $GPRMC,041853.000,A,4153.0167,N,08748.2081,W,0.05,174.11,230107,,,A*7C
23:18:54.571 << $GPGGA,041854.000,4153.0167,N,08748.2081,W,1,9,1.01,249.4,M,-34.0,M,,*61
23:18:54.576 << $GPGSA,A,3,14,30,07,01,17,20,02,22,19,,,,1.69,1.01,1.36*06
23:18:54.579 << $GPGSV,4,1,15,14,78,003,32,17,67,262,26,22,62,316,38,30,51,194,31*77
23:18:54.580 << $GPGSV,4,2,15,01,46,072,32,19,31,245,24,02,29,048,23,46,26,232,*72
23:18:54.581 << $GPGSV,4,3,15,07,20,165,23,20,12,271,21,08,05,064,,06,04,196,*79
23:18:54.582 << $GPGSV,4,4,15,03,04,115,,15,04,298,,24,03,325,*4D
23:18:54.584 << $GPRMC,041854.000,A,4153.0167,N,08748.2081,W,0.05,174.11,230107,,,A*7B
23:18:55.567 << $GPGGA,041855.000,4153.0166,N,08748.2081,W,1,9,1.01,249.5,M,-34.0,M,,*60
23:18:55.570 << $GPGSA,A,3,14,30,07,01,17,20,02,22,19,,,,1.69,1.01,1.36*06
23:18:55.572 << $GPGSV,4,1,15,14,78,003,32,17,67,262,26,22,62,316,38,30,51,194,31*77
23:18:55.573 << $GPGSV,4,2,15,01,46,072,32,19,31,245,24,02,29,048,22,46,26,232,*73
23:18:55.574 << $GPGSV,4,3,15,07,20,165,23,20,12,271,21,08,05,064,,06,04,196,*79
23:18:55.575 << $GPGSV,4,4,15,03,04,115,,15,04,298,,24,03,325,*4D
23:18:55.577 << $GPRMC,041855.000,A,4153.0166,N,08748.2081,W,0.06,174.11,230107,,,A*78
23:18:56.501 << $GPGGA,041856.000,4153.0166,N,08748.2081,W,1,9,1.01,249.5,M,-34.0,M,,*63
23:18:56.504 << $GPGSA,A,3,14,30,07,01,17,20,02,22,19,,,,1.69,1.01,1.36*06
23:18:56.505 << $GPGSV,4,1,15,14,78,003,32,17,67,262,26,22,62,316,38,30,51,194,31*77
23:18:56.506 << $GPGSV,4,2,15,01,46,072,32,19,31,245,24,02,29,048,22,46,26,232,*73
23:18:56.506 << $GPGSV,4,3,15,07,20,165,23,20,12,271,21,08,05,064,,06,04,196,*79
23:18:56.507 << $GPGSV,4,4,15,03,04,115,,15,04,298,,24,03,325,*4D
23:18:56.508 << $GPRMC,041856.000,A,4153.0166,N,08748.2081,W,0.05,174.11,230107,,,A*78
23:18:57.490 << $GPGGA,041857.000,4153.0166,N,08748.2081,W,1,9,1.01,249.6,M,-34.0,M,,*61
23:18:57.494 << $GPGSA,A,3,14,30,07,01,17,20,02,22,19,,,,1.69,1.01,1.36*06
23:18:57.496 << $GPGSV,4,1,15,14,78,003,32,17,67,262,26,22,62,316,38,30,51,194,31*77
23:18:57.497 << $GPGSV,4,2,15,01,46,072,32,19,31,245,25,02,29,048,22,46,26,232,*72
23:18:57.498 << $GPGSV,4,3,15,07,20,165,23,20,12,271,21,08,05,064,,06,04,196,*79
23:18:57.499 << $GPGSV,4,4,15,03,04,115,,15,04,298,,24,03,325,*4D
23:18:57.967 << $GPRMC,041857.000,A,4153.0166,N,08748.2081,W,0.06,174.11,230107,,,A*7A
23:18:58.460 << $GPGGA,041858.000,4153.0166,N,08748.2081,W,1,9,1.01,249.7,M,-34.0,M,,*6F
23:18:58.463 << $GPGSA,A,3,14,30,07,01,17,20,02,22,19,,,,1.69,1.01,1.36*06
23:18:58.465 << $GPGSV,4,1,15,14,78,003,32,17,67,262,25,22,62,316,38,30,51,194,30*75
23:18:58.466 << $GPGSV,4,2,15,01,46,072,32,19,31,245,25,02,29,048,22,46,26,232,*72
23:18:58.944 << $GPGSV,4,3,15,07,20,165,23,20,12,271,22,08,05,064,,06,04,196,*7A
23:18:58.945 << $GPGSV,4,4,15,03,04,115,,15,04,298,,24,03,325,*4D
23:18:58.947 << $GPRMC,041858.000,A,4153.0166,N,08748.2081,W,0.09,174.11,230107,,,A*7A
23:18:59.428 << $GPGGA,041859.000,4153.0166,N,08748.2082,W,1,9,1.01,249.8,M,-34.0,M,,*62
23:18:59.433 << $GPGSA,A,3,14,30,07,01,17,20,02,22,19,,,,1.69,1.01,1.36*06
23:18:59.435 << $GPGSV,4,1,15,14,78,003,32,17,67,262,25,22,62,316,38,30,51,194,30*75
23:18:59.436 << $GPGSV,4,2,15,01,46,072,32,19,31,245,25,02,29,048,21,07,20,165,23*72
23:18:59.916 << $GPGSV,4,3,15,20,12,271,22,08,05,064,,06,04,196,,03,04,115,*7E
23:18:59.917 << $GPGSV,4,4,15,15,04,298,,33,04,102,,24,03,325,*48
23:18:59.919 << $GPRMC,041859.000,A,4153.0166,N,08748.2082,W,0.07,174.11,230107,,,A*76
23:19:00.407 << $GPGGA,041900.000,4153.0166,N,08748.2082,W,1,9,1.01,249.9,M,-34.0,M,,*6E
23:19:00.410 << $GPGSA,A,3,14,30,07,01,17,20,02,22,19,,,,1.69,1.01,1.36*06
23:19:00.892 << $GPGSV,4,1,15,14,78,003,32,17,67,262,25,22,62,316,38,30,51,194,30*75
23:19:00.893 << $GPGSV,4,2,15,01,46,072,32,19,31,245,25,02,29,048,21,07,20,165,22*73
23:19:00.894 << $GPGSV,4,3,15,20,12,271,22,08,05,064,,06,04,196,,03,04,115,*7E
23:19:00.895 << $GPGSV,4,4,15,15,04,298,,33,04,102,,24,03,325,*48
23:19:00.897 << $GPRMC,041900.000,A,4153.0166,N,08748.2082,W,0.08,174.11,230107,,,A*74
23:19:01.884 << $GPGGA,041901.000,4153.0166,N,08748.2082,W,1,9,1.01,250.0,M,-34.0,M,,*6E
23:19:01.888 << $GPGSA,A,3,14,30,07,01,17,20,02,22,19,,,,1.69,1.01,1.36*06
23:19:01.890 << $GPGSV,4,1,15,14,78,003,32,17,67,262,25,22,62,316,38,30,51,194,30*75
23:19:01.891 << $GPGSV,4,2,15,01,46,072,32,19,31,245,25,02,29,048,21,07,20,165,22*73
23:19:01.893 << $GPGSV,4,3,15,20,12,271,22,08,05,064,,06,04,196,,03,04,115,*7E
23:19:01.894 << $GPGSV,4,4,15,15,04,298,,33,04,102,,24,03,325,*48
23:19:01.895 << $GPRMC,041901.000,A,4153.0166,N,08748.2082,W,0.07,174.11,230107,,,A*7A
23:19:02.879 << $GPGGA,041902.000,4153.0166,N,08748.2083,W,1,9,1.01,250.1,M,-34.0,M,,*6D
23:19:02.883 << $GPGSA,A,3,14,30,07,01,17,20,02,22,19,,,,1.69,1.01,1.35*05
23:19:02.885 << $GPGSV,4,1,15,14,78,003,32,17,67,262,25,22,62,316,38,30,51,194,30*75
23:19:02.886 << $GPGSV,4,2,15,01,46,072,32,19,31,245,25,02,29,048,21,07,20,165,23*72
23:19:02.887 << $GPGSV,4,3,15,20,12,271,22,08,05,064,,06,04,196,,03,04,115,*7E
23:19:02.888 << $GPGSV,4,4,15,15,04,298,,33,04,102,,24,03,325,*48
23:19:03.329 << $GPRMC,041902.000,A,4153.0166,N,08748.2083,W,0.07,174.11,230107,,,A*78
23:19:03.816 << $GPGGA,041903.000,4153.0166,N,08748.2083,W,1,9,1.01,250.1,M,-34.0,M,,*6C
23:19:03.819 << $GPGSA,A,3,14,30,07,01,17,20,02,22,19,,,,1.69,1.01,1.35*05
23:19:03.821 << $GPGSV,4,1,15,14,78,003,32,17,67,262,25,22,62,316,38,30,51,194,30*75
23:19:03.823 << $GPGSV,4,2,15,01,46,072,32,19,31,245,25,02,29,048,21,07,20,165,23*72
23:19:03.823 << $GPGSV,4,3,15,20,12,271,22,08,05,064,,06,04,196,,03,04,115,*7E
23:19:03.824 << $GPGSV,4,4,15,15,04,298,,33,04,102,,24,03,325,*48
23:19:03.826 << $GPRMC,041903.000,A,4153.0166,N,08748.2083,W,0.09,174.11,230107,,,A*77
23:19:04.810 << $GPGGA,041904.000,4153.0166,N,08748.2083,W,1,9,1.01,250.2,M,-34.0,M,,*68
23:19:04.814 << $GPGSA,A,3,14,30,07,01,17,20,02,22,19,,,,1.69,1.01,1.35*05
23:19:04.816 << $GPGSV,4,1,15,14,78,003,32,17,67,262,25,22,62,316,38,30,51,194,30*75
23:19:04.817 << $GPGSV,4,2,15,01,46,072,32,19,31,245,25,02,29,048,21,07,20,165,23*72
23:19:04.818 << $GPGSV,4,3,15,20,12,271,22,08,05,064,,06,04,196,,03,04,115,*7E
23:19:04.819 << $GPGSV,4,4,15,15,04,298,,33,04,102,,24,03,325,*48
23:19:04.821 << $GPRMC,041904.000,A,4153.0166,N,08748.2083,W,0.09,174.11,230107,,,A*70
23:19:05.805 << $GPGGA,041905.000,4153.0166,N,08748.2083,W,1,9,1.01,250.3,M,-34.0,M,,*68
23:19:05.809 << $GPGSA,A,3,14,30,07,01,17,20,02,22,19,,,,1.69,1.01,1.35*05
23:19:06.249 << $GPGSV,4,1,15,14,78,003,32,17,67,262,25,22,62,316,38,30,51,194,30*75
23:19:06.250 << $GPGSV,4,2,15,01,46,072,32,19,31,245,25,02,29,048,21,07,20,165,23*72
23:19:06.251 << $GPGSV,4,3,15,20,12,271,23,08,05,064,,06,04,196,,03,04,115,*7F
23:19:06.252 << $GPGSV,4,4,15,15,04,298,,33,04,102,,24,03,325,*48
23:19:06.253 << $GPRMC,041905.000,A,4153.0166,N,08748.2083,W,0.07,174.11,230107,,,A*7F
23:19:06.742 << $GPGGA,041906.000,4153.0165,N,08748.2083,W,1,9,1.01,250.4,M,-34.0,M,,*6F
23:19:06.745 << $GPGSA,A,3,14,30,07,01,17,20,02,22,19,,,,1.69,1.01,1.35*05
23:19:06.747 << $GPGSV,4,1,15,14,78,003,32,17,67,262,25,22,62,316,38,30,51,194,30*75
23:19:06.749 << $GPGSV,4,2,15,01,45,071,32,19,31,245,25,02,29,048,21,07,20,165,22*73
23:19:07.226 << $GPGSV,4,3,15,20,12,271,23,08,05,064,,06,04,196,,03,04,115,*7F
23:19:07.226 << $GPGSV,4,4,15,15,04,298,,33,04,102,,24,03,325,*48
23:19:07.227 << $GPRMC,041906.000,A,4153.0165,N,08748.2083,W,0.07,174.11,230107,,,A*7F
23:19:07.719 << $GPGGA,041907.000,4153.0165,N,08748.2084,W,1,9,1.01,250.5,M,-34.0,M,,*68
23:19:07.723 << $GPGSA,A,3,14,30,07,01,17,20,02,22,19,,,,1.69,1.01,1.35*05
23:19:07.725 << $GPGSV,4,1,15,14,78,003,32,17,67,262,25,22,62,316,38,30,51,194,30*75
23:19:07.726 << $GPGSV,4,2,15,01,45,071,32,19,31,245,25,02,29,048,21,07,20,165,22*73
23:19:08.204 << $GPGSV,4,3,15,20,12,271,23,08,05,064,,06,04,196,,03,04,115,*7F
23:19:08.205 << $GPGSV,4,4,15,15,04,298,,33,04,102,,24,03,325,*48
23:19:08.691 << $GPRMC,041907.000,A,4153.0165,N,08748.2084,W,0.10,174.11,230107,,,A*7F
23:19:09.177 << $GPGGA,041908.000,4153.0165,N,08748.2084,W,1,9,1.01,250.6,M,-34.0,M,,*64
23:19:09.180 << $GPGSA,A,3,14,30,07,01,17,20,02,22,19,,,,1.69,1.01,1.35*05
23:19:09.182 << $GPGSV,4,1,15,14,78,003,32,17,67,262,25,22,62,316,38,30,51,194,30*75
23:19:09.184 << $GPGSV,4,2,15,01,45,071,32,51,37,207,,19,31,245,25,02,29,048,21*71
23:19:09.238 << $GPGSV,4,3,15,07,20,165,23,20,12,271,23,08,05,064,,06,04,196,*7B
23:19:09.239 << $GPGSV,4,4,15,03,04,114,,15,04,298,,24,03,325,*4C
23:19:09.240 << $GPRMC,041908.000,A,4153.0165,N,08748.2084,W,0.14,174.11,230107,,,A*74
23:19:09.666 << $GPGGA,041909.000,4153.0165,N,08748.2084,W,1,9,1.01,250.7,M,-34.0,M,,*64
23:19:09.670 << $GPGSA,A,3,14,30,07,01,17,20,02,22,19,,,,1.69,1.01,1.35*05
23:19:09.673 << $GPGSV,4,1,15,14,78,003,32,17,67,262,25,22,62,316,38,30,51,194,30*75
23:19:09.674 << $GPGSV,4,2,15,01,45,071,32,51,37,207,,19,31,245,25,02,29,048,21*71
23:19:10.156 << $GPGSV,4,3,15,07,20,165,23,20,12,271,23,08,05,064,,06,04,196,*7B
23:19:10.157 << $GPGSV,4,4,15,03,04,114,,15,04,298,,24,03,325,*4C
23:19:10.159 << $GPRMC,041909.000,A,4153.0165,N,08748.2084,W,0.12,174.11,230107,,,A*73
23:19:10.646 << $GPGGA,041910.000,4153.0164,N,08748.2084,W,1,9,1.01,250.8,M,-34.0,M,,*62
23:19:10.650 << $GPGSA,A,3,14,30,07,01,17,20,02,22,19,,,,1.69,1.01,1.35*05
23:19:11.132 << $GPGSV,4,1,15,14,78,003,32,17,67,262,25,22,62,316,38,30,51,194,30*75
23:19:11.133 << $GPGSV,4,2,15,01,45,071,32,51,37,207,,19,31,245,25,02,29,048,21*71
23:19:11.134 << $GPGSV,4,3,15,07,20,165,22,20,12,271,23,08,05,064,,06,04,196,*7A
23:19:11.135 << $GPGSV,4,4,15,03,04,114,,15,04,298,,24,03,325,*4C
23:19:11.138 << $GPRMC,041910.000,A,4153.0164,N,08748.2084,W,0.08,174.11,230107,,,A*71
23:19:11.617 << $GPGGA,041911.000,4153.0164,N,08748.2084,W,1,9,1.01,250.9,M,-34.0,M,,*62
23:19:11.621 << $GPGSA,A,3,14,30,07,01,17,20,02,22,19,,,,1.69,1.01,1.35*05
23:19:11.623 << $GPGSV,4,1,15,14,78,003,32,17,67,262,25,22,62,316,38,30,51,194,30*75
23:19:11.624 << $GPGSV,4,2,15,01,45,071,32,51,37,207,,19,31,245,25,02,29,048,21*71
23:19:12.102 << $GPGSV,4,3,15,07,20,165,22,20,12,271,23,08,05,064,,06,04,196,*7A
23:19:12.104 << $GPGSV,4,4,15,03,04,114,,15,04,298,,24,03,325,*4C
23:19:12.105 << $GPRMC,041911.000,A,4153.0164,N,08748.2084,W,0.10,174.11,230107,,,A*79
23:19:12.592 << $GPGGA,041912.000,4153.0164,N,08748.2084,W,1,9,1.01,250.9,M,-34.0,M,,*61
23:19:12.596 << $GPGSA,A,3,14,30,07,01,17,20,02,22,19,,,,1.69,1.01,1.35*05
23:19:12.598 << $GPGSV,4,1,15,14,78,003,32,17,67,262,25,22,62,316,38,30,51,194,30*75
23:19:12.599 << $GPGSV,4,2,15,01,45,071,32,51,37,207,,19,31,245,25,02,29,048,21*71
23:19:13.076 << $GPGSV,4,3,15,07,20,165,23,20,12,271,23,08,05,064,,06,04,196,*7B
23:19:13.078 << $GPGSV,4,4,15,03,04,114,,15,04,298,,24,03,325,*4C
23:19:13.079 << $GPRMC,041912.000,A,4153.0164,N,08748.2084,W,0.11,174.11,230107,,,A*7B
23:19:13.568 << $GPGGA,041913.000,4153.0164,N,08748.2084,W,1,9,1.01,251.0,M,-34.0,M,,*68
23:19:13.571 << $GPGSA,A,3,14,30,07,01,17,20,02,22,19,,,,1.69,1.01,1.35*05
23:19:13.573 << $GPGSV,4,1,15,14,78,003,32,17,67,262,25,22,62,316,38,30,51,194,30*75
23:19:13.574 << $GPGSV,4,2,15,01,45,071,32,51,37,207,,19,31,245,25,02,29,048,21*71
23:19:13.575 << $GPGSV,4,3,15,07,20,165,23,20,12,271,23,08,04,064,,06,04,196,*7A
23:19:13.576 << $GPGSV,4,4,15,03,04,114,,15,04,298,,24,03,325,*4C
23:19:13.578 << $GPRMC,041913.000,A,4153.0164,N,08748.2084,W,0.12,174.11,230107,,,A*79
23:19:14.566 << $GPGGA,041914.000,4153.0163,N,08748.2085,W,1,9,1.01,251.1,M,-34.0,M,,*68
23:19:14.570 << $GPGSA,A,3,14,30,07,01,17,20,02,22,19,,,,1.69,1.01,1.35*05
23:19:14.573 << $GPGSV,4,1,15,14,78,003,32,17,67,262,25,22,62,316,38,30,51,194,30*75
23:19:14.574 << $GPGSV,4,2,15,01,45,071,32,51,37,207,,19,31,245,25,02,29,048,21*71
23:19:14.575 << $GPGSV,4,3,15,07,20,165,22,20,12,271,23,08,04,064,,06,04,196,*7B
23:19:14.576 << $GPGSV,4,4,15,03,04,114,,15,04,298,,24,03,325,*4C
23:19:14.577 << $GPRMC,041914.000,A,4153.0163,N,08748.2085,W,0.11,174.11,230107,,,A*7B
23:19:15.560 << $GPGGA,041915.000,4153.0163,N,08748.2085,W,1,9,1.01,251.2,M,-34.0,M,,*6A
23:19:15.564 << $GPGSA,A,3,14,30,07,01,17,20,02,22,19,,,,1.69,1.01,1.35*05
23:19:15.566 << $GPGSV,4,1,15,14,78,003,32,17,67,262,24,22,62,316,38,30,51,194,30*74
23:19:15.567 << $GPGSV,4,2,15,01,45,071,32,51,37,207,,19,31,245,25,02,29,048,21*71
23:19:15.569 << $GPGSV,4,3,15,07,20,165,21,20,12,271,23,08,04,064,,06,04,196,*78
23:19:15.569 << $GPGSV,4,4,15,03,04,114,,15,04,298,,24,03,325,*4C
23:19:15.571 << $GPRMC,041915.000,A,4153.0163,N,08748.2085,W,0.12,174.11,230107,,,A*79
23:19:16.489 << $GPGGA,041916.000,4153.0163,N,08748.2085,W,1,9,1.01,251.3,M,-34.0,M,,*68
23:19:16.492 << $GPGSA,A,3,14,30,07,01,17,20,02,22,19,,,,1.69,1.01,1.35*05
23:19:16.493 << $GPGSV,4,1,15,14,78,003,32,17,67,262,23,22,62,316,38,30,51,194,30*73
23:19:16.494 << $GPGSV,4,2,15,01,45,071,32,51,37,207,,19,31,245,25,02,29,048,21*71
23:19:16.494 << $GPGSV,4,3,15,07,20,165,21,20,12,271,23,08,04,064,,06,04,196,*78
23:19:16.495 << $GPGSV,4,4,15,03,04,114,,15,04,298,,24,03,325,*4C
23:19:16.495 << $GPRMC,041916.000,A,4153.0163,N,08748.2085,W,0.16,174.11,230107,,,A*7E
23:19:17.482 << $GPGGA,041917.000,4153.0162,N,08748.2085,W,1,9,1.01,251.4,M,-34.0,M,,*6F
23:19:17.485 << $GPGSA,A,3,14,30,07,01,17,20,02,22,19,,,,1.69,1.01,1.35*05
23:19:17.487 << $GPGSV,4,1,15,14,78,003,32,17,67,262,23,22,62,316,38,30,51,194,30*73
23:19:17.488 << $GPGSV,4,2,15,01,45,071,32,44,33,219,,19,31,245,25,02,29,048,21*7E
23:19:17.489 << $GPGSV,4,3,15,07,20,165,21,20,12,271,23,08,04,064,,06,04,196,*78
23:19:17.490 << $GPGSV,4,4,15,03,04,114,,15,04,298,,24,03,325,*4C
23:19:17.945 << $GPRMC,041917.000,A,4153.0162,N,08748.2085,W,0.17,174.11,230107,,,A*7F
23:19:18.437 << $GPGGA,041918.000,4153.0162,N,08748.2086,W,1,9,1.01,251.5,M,-34.0,M,,*62
23:19:18.442 << $GPGSA,A,3,14,30,07,01,17,20,02,22,19,,,,1.69,1.01,1.35*05
23:19:18.444 << $GPGSV,4,1,15,14,78,003,32,17,67,262,23,22,62,316,38,30,51,194,30*73
23:19:18.445 << $GPGSV,4,2,15,01,45,071,32,44,33,219,,19,31,245,25,02,29,048,21*7E
23:19:18.500 << $GPGSV,4,3,15,07,20,165,21,20,12,271,23,08,04,064,,06,04,196,*78
23:19:18.501 << $GPGSV,4,4,15,03,04,114,,15,04,298,,24,03,325,*4C
23:19:18.503 << $GPRMC,041918.000,A,4153.0162,N,08748.2086,W,0.18,174.11,230107,,,A*7C
23:19:19.418 << $GPGGA,041919.000,4153.0161,N,08748.2086,W,1,9,1.01,251.6,M,-34.0,M,,*63
23:19:19.422 << $GPGSA,A,3,14,30,07,01,17,20,02,22,19,,,,1.69,1.01,1.35*05
23:19:19.424 << $GPGSV,4,1,15,14,79,004,32,17,67,262,23,22,62,316,38,30,51,194,30*75
23:19:19.425 << $GPGSV,4,2,15,01,45,071,32,44,33,219,,19,31,245,25,02,29,048,21*7E
23:19:19.426 << $GPGSV,4,3,15,07,20,165,21,20,12,271,23,08,04,064,,06,04,196,*78
23:19:19.427 << $GPGSV,4,4,15,03,04,114,,15,04,298,,24,03,325,*4C
23:19:19.428 << $GPRMC,041919.000,A,4153.0161,N,08748.2086,W,0.14,174.11,230107,,,A*72
23:19:20.879 << $GPGGA,041920.000,4153.0161,N,08748.2087,W,1,9,1.01,251.7,M,-34.0,M,,*69
23:19:20.882 << $GPGSA,A,3,14,30,07,01,17,20,02,22,19,,,,1.69,1.01,1.35*05
23:19:20.884 << $GPGSV,4,1,15,14,79,004,32,17,67,262,23,22,62,316,38,30,51,194,30*75
23:19:20.885 << $GPGSV,4,2,15,01,45,071,32,44,33,219,,19,31,245,25,02,29,048,21*7E
23:19:20.886 << $GPGSV,4,3,15,07,20,165,21,20,12,271,23,08,04,064,,06,04,196,*78
23:19:20.887 << $GPGSV,4,4,15,03,04,114,,15,04,298,,24,03,325,*4C
23:19:20.889 << $GPRMC,041920.000,A,4153.0161,N,08748.2087,W,0.09,174.11,230107,,,A*75
23:19:21.370 << $GPGGA,041921.000,4153.0161,N,08748.2087,W,1,9,1.01,251.8,M,-34.0,M,,*67
23:19:21.373 << $GPGSA,A,3,14,30,07,01,17,20,02,22,19,,,,1.69,1.01,1.35*05
23:19:21.375 << $GPGSV,4,1,15,14,79,004,30,17,67,262,23,22,62,316,37,30,51,194,28*71
23:19:21.376 << $GPGSV,4,2,15,01,45,071,32,44,33,219,,19,31,245,24,02,29,048,21*7F
23:19:21.376 << $GPGSV,4,3,15,07,20,165,21,20,12,271,23,08,04,064,,06,04,196,*78
23:19:21.376 << $GPGSV,4,4,15,03,04,114,,15,04,298,,24,03,325,*4C
23:19:21.377 << $GPRMC,041921.000,A,4153.0161,N,08748.2087,W,0.11,174.11,230107,,,A*7D
23:19:22.824 << $GPGGA,041922.000,4153.0161,N,08748.2087,W,1,8,1.25,251.9,M,-34.0,M,,*62
23:19:22.826 << $GPGSA,A,3,14,30,07,01,17,20,22,19,,,,,2.04,1.25,1.61*08
23:19:22.827 << $GPGSV,4,1,15,14,79,004,29,17,67,262,23,22,62,316,37,30,51,194,18*7A
23:19:22.828 << $GPGSV,4,2,15,01,45,071,24,44,33,219,,19,31,245,24,02,29,048,20*79
23:19:22.829 << $GPGSV,4,3,15,07,20,165,20,20,12,271,22,08,04,064,,06,04,196,*78
23:19:22.829 << $GPGSV,4,4,15,03,04,114,,15,04,298,,24,03,325,*4C
23:19:23.309 << $GPRMC,041922.000,A,4153.0161,N,08748.2087,W,0.07,174.11,230107,,,A*79
23:19:23.803 << $GPGGA,041923.000,4153.0161,N,08748.2087,W,1,8,1.25,252.0,M,-34.0,M,,*69
23:19:23.805 << $GPGSA,A,3,14,30,07,01,17,20,22,19,,,,,2.04,1.25,1.61*08
23:19:23.806 << $GPGSV,4,1,15,14,79,004,29,17,67,262,24,22,62,316,37,30,51,194,29*7F
23:19:23.806 << $GPGSV,4,2,15,01,45,071,32,44,33,219,,19,31,245,24,02,29,048,19*74
23:19:23.807 << $GPGSV,4,3,15,07,20,165,20,20,12,271,23,08,04,064,,06,04,196,*79
23:19:23.807 << $GPGSV,4,4,15,03,04,114,,15,04,298,,24,03,325,*4C
23:19:23.809 << $GPRMC,041923.000,A,4153.0161,N,08748.2087,W,0.03,174.11,230107,,,A*7C
23:19:24.787 << $GPGGA,041924.000,4153.0161,N,08748.2087,W,1,8,1.25,252.1,M,-34.0,M,,*6F
23:19:24.788 << $GPGSA,A,3,14,30,07,01,17,20,22,19,,,,,2.04,1.25,1.61*08
23:19:24.790 << $GPGSV,4,1,15,14,79,004,29,17,67,262,25,22,62,316,37,30,51,194,29*7E
23:19:24.790 << $GPGSV,4,2,15,01,45,071,32,44,33,219,,19,32,245,24,02,29,048,18*76
23:19:25.261 << $GPGSV,4,3,15,07,20,165,20,20,12,271,24,08,04,064,,06,04,196,*7E
23:19:25.262 << $GPGSV,4,4,15,03,04,114,,15,04,298,,24,03,325,*4C
23:19:25.263 << $GPRMC,041924.000,A,4153.0161,N,08748.2087,W,0.08,174.11,230107,,,A*70
23:19:25.749 << $GPGGA,041925.000,4153.0160,N,08748.2087,W,1,8,1.25,252.2,M,-34.0,M,,*6C
23:19:25.752 << $GPGSA,A,3,14,30,07,01,17,20,22,19,,,,,2.04,1.25,1.61*08
23:19:25.805 << $GPGSV,4,1,15,14,79,004,29,17,67,262,24,22,62,316,37,30,51,194,29*7F
23:19:25.807 << $GPGSV,4,2,15,01,45,071,32,44,33,219,,19,32,245,24,02,29,048,17*79
23:19:25.807 << $GPGSV,4,3,15,07,20,165,20,20,12,271,24,08,04,064,,06,04,196,*7E
23:19:25.808 << $GPGSV,4,4,15,03,04,114,,15,04,298,,24,03,325,*4C
23:19:25.809 << $GPRMC,041925.000,A,4153.0160,N,08748.2087,W,0.06,174.11,230107,,,A*7E
23:19:26.726 << $GPGGA,041926.000,4153.0160,N,08748.2087,W,1,8,1.25,252.4,M,-34.0,M,,*69
23:19:26.729 << $GPGSA,A,3,14,30,07,01,17,20,22,19,,,,,2.04,1.25,1.61*08
23:19:26.731 << $GPGSV,4,1,15,14,79,004,29,17,67,262,24,22,62,316,37,30,51,194,29*7F
23:19:26.732 << $GPGSV,4,2,15,01,45,071,32,44,33,219,,19,32,245,24,02,29,048,17*79
23:19:27.214 << $GPGSV,4,3,15,07,20,165,20,20,12,271,24,08,04,064,,06,04,196,*7E
23:19:27.215 << $GPGSV,4,4,15,03,04,114,,15,04,298,,24,03,325,*4C
23:19:27.216 << $GPRMC,041926.000,A,4153.0160,N,08748.2087,W,0.05,174.11,230107,,,A*7E
23:19:27.701 << $GPGGA,041927.000,4153.0160,N,08748.2087,W,1,8,1.25,252.5,M,-34.0,M,,*69
23:19:27.704 << $GPGSA,A,3,14,30,07,01,17,20,22,19,,,,,2.04,1.25,1.61*08
23:19:27.704 << $GPGSV,4,1,15,14,79,004,29,17,67,262,23,22,63,317,37,30,51,194,29*78
23:19:27.705 << $GPGSV,4,2,15,01,45,071,32,19,32,245,24,02,29,048,17,48,28,228,*7D
23:19:27.705 << $GPGSV,4,3,15,07,20,165,20,20,12,271,24,08,04,064,,06,04,196,*7E
23:19:27.706 << $GPGSV,4,4,15,03,04,114,,15,04,298,,24,03,325,*4C
23:19:28.184 << $GPRMC,041927.000,A,4153.0160,N,08748.2087,W,0.05,174.11,230107,,,A*7F
23:19:28.673 << $GPGGA,041928.000,4153.0160,N,08748.2087,W,1,8,1.25,252.7,M,-34.0,M,,*64
23:19:28.677 << $GPGSA,A,3,14,30,07,01,17,20,22,19,,,,,2.04,1.25,1.61*08
23:19:28.678 << $GPGSV,4,1,15,14,79,004,29,17,67,262,22,22,63,317,37,30,51,194,29*79
23:19:28.678 << $GPGSV,4,2,15,01,45,071,32,19,32,245,24,02,29,048,17,48,28,228,*7D
23:19:28.732 << $GPGSV,4,3,15,07,20,165,20,20,12,271,24,08,04,064,,06,04,196,*7E
23:19:28.732 << $GPGSV,4,4,15,03,04,114,,15,04,298,,24,03,325,*4C
23:19:28.733 << $GPRMC,041928.000,A,4153.0160,N,08748.2087,W,0.08,174.11,230107,,,A*7D
23:19:29.650 << $GPGGA,041929.000,4153.0160,N,08748.2086,W,1,8,1.25,252.8,M,-34.0,M,,*6B
23:19:29.651 << $GPGSA,A,3,14,30,07,01,17,20,22,19,,,,,2.04,1.25,1.61*08
23:19:29.652 << $GPGSV,4,1,15,14,79,004,29,17,67,262,22,22,63,317,37,30,51,194,29*79
23:19:29.652 << $GPGSV,4,2,15,01,45,071,32,19,32,245,23,02,29,048,17,48,28,228,*7A
23:19:29.652 << $GPGSV,4,3,15,07,20,165,20,20,12,271,24,08,04,064,,06,04,196,*7E
23:19:29.653 << $GPGSV,4,4,15,03,04,114,,15,04,298,,24,03,325,*4C
23:19:29.654 << $GPRMC,041929.000,A,4153.0160,N,08748.2086,W,0.07,174.11,230107,,,A*72
23:19:30.630 << $GPGGA,041930.000,4153.0160,N,08748.2086,W,1,8,1.25,253.0,M,-34.0,M,,*6A
23:19:30.632 << $GPGSA,A,3,14,30,07,01,17,20,22,19,,,,,2.04,1.25,1.61*08
23:19:30.633 << $GPGSV,4,1,15,14,79,004,29,17,67,262,21,22,63,317,37,30,51,194,29*7A
23:19:30.634 << $GPGSV,4,2,15,01,45,071,32,19,32,245,23,02,29,048,17,48,28,228,*7A
23:19:30.634 << $GPGSV,4,3,15,07,20,165,20,20,12,271,24,08,04,064,,06,04,196,*7E
23:19:30.634 << $GPGSV,4,4,15,03,04,114,,15,04,298,,24,03,325,*4C
23:19:30.635 << $GPRMC,041930.000,A,4153.0160,N,08748.2086,W,0.09,174.11,230107,,,A*74
23:19:31.613 << $GPGGA,041931.000,4153.0159,N,08748.2086,W,1,8,1.25,253.1,M,-34.0,M,,*60
23:19:31.615 << $GPGSA,A,3,14,30,07,01,17,20,22,19,,,,,2.04,1.25,1.61*08
23:19:31.616 << $GPGSV,4,1,15,14,79,004,29,17,67,262,21,22,63,317,37,30,51,194,29*7A
23:19:31.617 << $GPGSV,4,2,15,01,45,071,32,19,32,245,23,02,29,048,17,48,28,228,*7A
23:19:31.618 << $GPGSV,4,3,15,07,20,165,20,20,12,271,24,08,04,064,,06,04,196,*7E
23:19:31.618 << $GPGSV,4,4,15,03,04,114,,15,04,298,,24,03,325,*4C
23:19:31.619 << $GPRMC,041931.000,A,4153.0159,N,08748.2086,W,0.11,174.11,230107,,,A*76
23:19:32.606 << $GPGGA,041932.000,4153.0159,N,08748.2085,W,1,8,1.25,253.3,M,-34.0,M,,*62
23:19:32.607 << $GPGSA,A,3,14,30,07,01,17,20,22,19,,,,,2.04,1.25,1.61*08
23:19:32.607 << $GPGSV,4,1,15,14,79,004,29,17,67,262,21,22,63,317,37,30,51,194,29*7A
23:19:32.608 << $GPGSV,4,2,15,01,45,071,31,19,32,245,23,02,29,048,17,48,28,228,*79
23:19:32.608 << $GPGSV,4,3,15,07,20,165,20,20,12,271,24,08,04,064,,06,04,196,*7E
23:19:32.608 << $GPGSV,4,4,15,03,04,114,,15,04,298,,24,03,325,*4C
23:19:33.061 << $GPRMC,041932.000,A,4153.0159,N,08748.2085,W,0.16,174.11,230107,,,A*71
23:19:33.554 << $GPGGA,041933.000,4153.0159,N,08748.2085,W,1,8,1.25,253.5,M,-34.0,M,,*65
23:19:33.556 << $GPGSA,A,3,14,30,07,01,17,20,22,19,,,,,2.04,1.25,1.61*08
23:19:33.557 << $GPGSV,4,1,15,14,79,004,29,17,67,262,21,22,63,317,37,30,51,194,29*7A
23:19:33.558 << $GPGSV,4,2,15,01,45,071,31,19,32,245,23,02,29,048,17,48,28,228,*79
23:19:33.559 << $GPGSV,4,3,15,07,20,165,20,20,12,271,24,08,04,064,,06,04,196,*7E
23:19:33.559 << $GPGSV,4,4,15,03,04,114,,15,04,298,,24,03,325,*4C
23:19:33.561 << $GPRMC,041933.000,A,4153.0159,N,08748.2085,W,0.21,174.11,230107,,,A*74
23:19:34.481 >> $PMTK182,2,8*33
23:19:34.528 << $GPGGA,041934.000,4153.0158,N,08748.2084,W,1,8,1.25,253.6,M,-34.0,M,,*61
23:19:34.529 << $GPGSA,A,3,14,30,07,01,17,20,22,19,,,,,2.04,1.25,1.61*08
23:19:34.529 << $GPGSV,4,1,15,14,79,004,29,17,67,262,21,22,63,317,37,30,51,194,29*7A
23:19:34.529 << $GPGSV,4,2,15,01,45,071,31,19,32,245,23,02,29,048,17,48,28,228,*79
23:19:34.533 << $GPGSV,4,3,15,07,20,165,20,20,12,271,24,08,04,064,,06,04,196,*7E
23:19:34.533 << $GPGSV,4,4,15,03,04,114,,15,04,298,,24,03,325,*4C
23:19:34.533 << $GPRMC,041934.000,A,4153.0158,N,08748.2084,W,0.27,174.11,230107,,,A*75
23:19:34.628 << $PMTK182,3,8,00018ED0*16
23:19:34.629 << $PMTK001,182,2,3*25
23:19:35.340 << $GPGGA,041935.000,4153.0158,N,08748.2083,W,1,8,1.25,253.8,M,-34.0,M,,*69
23:19:35.344 << $GPGSA,A,3,14,30,07,01,17,20,22,19,,,,,2.04,1.25,1.61*08
23:19:35.401 << $GPGSV,4,1,15,14,79,004,29,17,67,262,21,22,63,317,37,30,50,194,29*7B
23:19:35.402 << $GPGSV,4,2,15,01,45,071,31,19,32,245,23,02,29,048,17,48,28,228,*79
23:19:35.403 << $GPGSV,4,3,15,07,20,165,20,20,12,271,24,08,04,064,,06,04,196,*7E
23:19:35.404 << $GPGSV,4,4,15,03,04,114,,15,04,298,,24,03,325,*4C
23:19:35.406 << $GPRMC,041935.000,A,4153.0158,N,08748.2083,W,0.29,128.76,230107,,,A*75
23:19:36.387 << $GPGGA,041936.000,4153.0158,N,08748.2083,W,1,8,1.02,254.0,M,-34.0,M,,*60
23:19:36.390 << $GPGSA,A,3,14,30,07,01,20,02,22,19,,,,,1.80,1.02,1.48*0D
23:19:36.393 << $GPGSV,4,1,15,14,79,004,29,17,67,262,20,22,63,317,37,30,50,194,29*7A
23:19:36.394 << $GPGSV,4,2,15,01,45,071,31,19,32,245,23,02,29,048,17,46,26,232,*72
23:19:36.448 << $GPGSV,4,3,15,07,20,165,20,20,12,271,24,08,04,064,,06,04,196,*7E
23:19:36.449 << $GPGSV,4,4,15,03,04,114,,15,04,298,,24,03,325,*4C
23:19:36.451 << $GPRMC,041936.000,A,4153.0158,N,08748.2083,W,0.31,123.45,230107,,,A*74
23:19:37.450 << $GPGGA,041937.000,4153.0157,N,08748.2081,W,1,9,1.01,254.2,M,-34.0,M,,*6C
23:19:37.453 << $GPGSA,A,3,14,30,07,01,17,20,02,22,19,,,,1.68,1.01,1.35*04
23:19:37.455 << $GPGSV,4,1,15,14,79,004,29,17,67,262,20,22,63,317,37,30,50,194,29*7A
23:19:37.456 << $GPGSV,4,2,15,01,45,071,31,19,32,245,23,02,29,048,17,46,26,232,*72
23:19:37.512 << $GPGSV,4,3,15,07,20,165,20,20,12,271,24,08,04,064,,06,04,196,*7E
23:19:37.513 << $GPGSV,4,4,15,03,04,114,,15,04,298,,24,03,325,*4C
23:19:37.586 << $GPRMC,041937.000,A,4153.0157,N,08748.2081,W,0.33,117.75,230107,,,A*7E
23:19:38.395 << $GPGGA,041938.000,4153.0157,N,08748.2080,W,1,8,1.02,254.4,M,-34.0,M,,*66
23:19:38.399 << $GPGSA,A,3,14,30,07,01,20,02,22,19,,,,,1.80,1.02,1.48*0D
23:19:38.401 << $GPGSV,4,1,15,14,79,004,29,17,67,262,19,22,63,317,37,30,50,194,29*70
23:19:38.402 << $GPGSV,4,2,15,01,45,071,31,19,32,245,23,02,29,048,17,46,26,232,*72
23:19:38.456 << $GPGSV,4,3,15,07,20,165,20,20,12,271,24,08,04,064,16,06,04,196,*79
23:19:38.458 << $GPGSV,4,4,15,03,04,114,,15,04,298,,24,03,325,*4C
23:19:38.460 << $GPRMC,041938.000,A,4153.0157,N,08748.2080,W,0.35,112.60,230107,,,A*77
23:19:39.358 << $GPGGA,041939.000,4153.0157,N,08748.2079,W,1,8,1.02,254.6,M,-34.0,M,,*63
23:19:39.362 << $GPGSA,A,3,14,30,07,01,20,02,22,19,,,,,1.80,1.02,1.48*0D
23:19:39.364 << $GPGSV,4,1,15,14,79,004,30,17,67,262,19,22,63,317,37,30,50,194,28*79
23:19:39.366 << $GPGSV,4,2,15,01,45,071,30,19,32,245,23,02,29,048,17,46,26,232,*73
23:19:39.420 << $GPGSV,4,3,15,07,20,165,20,20,12,271,25,08,04,064,16,06,04,196,*78
23:19:39.421 << $GPGSV,4,4,15,03,04,114,,15,04,298,,24,03,325,*4C
23:19:39.423 << $GPRMC,041939.000,A,4153.0157,N,08748.2079,W,0.36,108.91,230107,,,A*76
23:19:40.402 << $GPGGA,041940.000,4153.0157,N,08748.2078,W,1,9,1.01,254.8,M,-34.0,M,,*60
23:19:40.406 << $GPGSA,A,3,14,30,07,01,17,20,02,22,19,,,,1.68,1.01,1.35*04
23:19:40.864 << $GPGSV,4,1,15,14,79,004,30,17,67,262,20,22,63,317,37,30,50,194,28*73
23:19:40.866 << $GPGSV,4,2,15,01,45,071,30,19,32,245,23,02,29,048,18,46,26,232,*7C
23:19:40.867 << $GPGSV,4,3,15,07,20,165,20,20,12,271,25,08,04,064,,06,04,196,*7F
23:19:40.868 << $GPGSV,4,4,15,03,04,114,,15,04,298,,24,03,325,*4C
23:19:40.870 << $GPRMC,041940.000,A,4153.0157,N,08748.2078,W,0.37,106.68,230107,,,A*70
23:19:41.854 << $GPGGA,041941.000,4153.0156,N,08748.2076,W,1,9,1.01,255.0,M,-34.0,M,,*67
23:19:41.858 << $GPGSA,A,3,14,30,07,01,17,20,02,22,19,,,,1.68,1.01,1.35*04
23:19:41.860 << $GPGSV,4,1,15,14,79,004,30,17,67,262,21,22,63,317,37,30,50,194,28*72
23:19:41.861 << $GPGSV,4,2,15,01,45,071,30,19,32,245,22,02,29,048,18,46,26,232,*7D
23:19:41.862 << $GPGSV,4,3,15,07,20,165,20,20,12,271,25,08,04,064,,06,04,196,*7F
23:19:41.864 << $GPGSV,4,4,15,03,04,114,,15,04,298,,24,03,325,*4C
23:19:41.865 << $GPRMC,041941.000,A,4153.0156,N,08748.2076,W,0.41,104.30,230107,,,A*70
23:19:42.841 << $GPGGA,041942.000,4153.0156,N,08748.2074,W,1,9,1.01,255.2,M,-34.0,M,,*64
23:19:42.842 << $GPGSA,A,3,14,30,07,01,17,20,02,22,19,,,,1.68,1.01,1.35*04
23:19:42.843 << $GPGSV,4,1,15,14,79,004,30,17,67,262,21,22,63,317,37,30,50,194,28*72
23:19:42.844 << $GPGSV,4,2,15,01,45,071,30,19,32,245,22,02,29,048,18,46,26,232,*7D
23:19:42.844 << $GPGSV,4,3,15,07,20,165,21,20,12,271,25,08,04,064,,06,04,196,*7E
23:19:42.845 << $GPGSV,4,4,15,03,04,114,,15,04,298,,24,03,325,*4C
23:19:43.298 << $GPRMC,041942.000,A,4153.0156,N,08748.2074,W,0.49,102.35,230107,,,A*7A
23:19:43.789 << $GPGGA,041943.000,4153.0156,N,08748.2073,W,1,9,1.01,255.4,M,-34.0,M,,*64
23:19:43.792 << $GPGSA,A,3,14,30,07,01,17,20,02,22,19,,,,1.68,1.01,1.35*04
23:19:43.793 << $GPGSV,4,1,15,14,79,004,30,17,67,262,20,22,63,317,37,30,50,194,28*73
23:19:43.794 << $GPGSV,4,2,15,01,45,071,30,19,32,245,22,02,29,048,18,46,26,232,30*7E
23:19:43.794 << $GPGSV,4,3,15,07,20,165,21,20,12,271,25,06,05,196,,08,04,064,*7F
23:19:43.795 << $GPGSV,4,4,15,03,04,114,,15,04,298,,24,03,325,*4C
23:19:43.796 << $GPRMC,041943.000,A,4153.0156,N,08748.2073,W,0.52,100.33,230107,,,A*72
23:19:44.772 << $GPGGA,041944.000,4153.0156,N,08748.2071,W,1,9,1.01,255.6,M,-34.0,M,,*63
23:19:44.775 << $GPGSA,A,3,14,30,07,01,17,20,02,22,19,,,,1.68,1.01,1.35*04
23:19:44.778 << $GPGSV,4,1,15,14,79,004,30,17,67,262,20,22,63,317,37,30,50,194,28*73
23:19:44.779 << $GPGSV,4,2,15,01,45,071,30,19,32,245,22,02,29,048,18,46,26,232,30*7E
23:19:44.780 << $GPGSV,4,3,15,07,19,165,21,20,12,271,25,06,05,196,,08,04,064,*75
23:19:44.781 << $GPGSV,4,4,15,03,04,114,,15,04,298,,24,03,325,*4C
23:19:44.782 << $GPRMC,041944.000,A,4153.0156,N,08748.2071,W,0.56,97.85,230107,,,A*41
23:19:45.758 << $GPGGA,041945.000,4153.0156,N,08748.2069,W,1,9,1.01,255.8,M,-34.0,M,,*65
23:19:45.762 << $GPGSA,A,3,14,30,07,01,17,20,02,22,19,,,,1.68,1.01,1.35*04
23:19:45.766 << $GPGSV,4,1,15,14,79,004,30,17,67,262,20,22,63,317,37,30,50,194,27*7C
23:19:45.767 << $GPGSV,4,2,15,01,45,071,30,19,32,245,22,02,29,048,18,46,26,232,30*7E
23:19:45.769 << $GPGSV,4,3,15,07,19,165,21,20,12,271,25,06,05,196,,08,04,064,*75
23:19:45.769 << $GPGSV,4,4,15,03,04,114,,15,04,298,,24,03,325,*4C
23:19:45.769 << $GPRMC,041945.000,A,4153.0156,N,08748.2069,W,0.56,95.54,230107,,,A*47
23:19:46.749 << $GPGGA,041946.000,4153.0156,N,08748.2066,W,1,9,1.01,256.1,M,-34.0,M,,*63
23:19:46.754 << $GPGSA,A,3,14,30,07,01,17,20,02,22,19,,,,1.68,1.01,1.35*04
23:19:46.756 << $GPGSV,4,1,15,14,79,004,30,17,67,262,19,22,63,317,37,30,50,194,27*76
23:19:46.757 << $GPGSV,4,2,15,01,45,071,30,19,32,245,22,02,29,048,18,46,26,232,30*7E
23:19:46.758 << $GPGSV,4,3,15,07,19,165,21,20,12,271,25,06,05,196,,08,04,064,*75
23:19:46.759 << $GPGSV,4,4,15,03,04,114,,15,04,298,,24,03,325,*4C
23:19:46.761 << $GPRMC,041946.000,A,4153.0156,N,08748.2066,W,0.61,94.13,230107,,,A*4D
23:19:47.684 << $GPGGA,041947.000,4153.0158,N,08748.2060,W,1,9,1.01,256.4,M,-34.0,M,,*6F
23:19:47.686 << $GPGSA,A,3,14,30,07,01,17,20,02,22,19,,,,1.68,1.01,1.35*04
23:19:47.687 << $GPGSV,4,1,15,14,79,004,30,17,67,262,19,22,63,317,37,30,50,194,27*76
23:19:47.688 << $GPGSV,4,2,15,01,45,071,30,19,32,245,22,02,29,048,18,46,26,232,29*76
23:19:47.688 >> $PMTK182,2,8*33
23:19:47.693 << $GPGSV,4,3,15,07,19,165,21,20,12,271,25,06,05,196,,08,04,064,*75
23:19:48.186 << $GPGSV,4,4,15,03,04,114,,15,04,298,,24,03,325,*4C
23:19:48.188 << $GPRMC,041947.000,A,4153.0158,N,08748.2060,W,0.64,93.68,230107,,,A*4A
23:19:48.379 << $GPGGA,041948.000,4153.0158,N,08748.2055,W,1,9,1.01,257.0,M,-34.0,M,,*63
23:19:48.382 << $GPGSA,A,3,14,30,07,01,17,20,02,22,19,,,,1.68,1.01,1.35*04
23:19:48.384 << $GPGSV,4,1,15,14,79,004,30,17,67,262,19,22,63,317,37,30,50,194,27*76
23:19:48.385 << $GPGSV,4,2,15,01,45,071,30,19,32,245,22,02,29,048,18,46,26,232,28*77
23:19:48.397 << $GPGSV,4,3,15,07,19,165,21,20,12,271,25,06,05,196,,08,04,064,*75
23:19:48.398 << $GPGSV,4,4,15,03,04,114,,15,04,298,,24,03,325,*4C
23:19:48.400 << $GPRMC,041948.000,A,4153.0158,N,08748.2055,W,0.68,93.92,230107,,,A*4A
23:19:48.405 << $PMTK182,3,8,00018F00*61
23:19:48.405 << $PMTK001,182,2,3*25
23:19:49.381 << $GPGGA,041949.000,4153.0158,N,08748.2050,W,1,8,1.02,257.8,M,-34.0,M,,*6D
23:19:49.385 << $GPGSA,A,3,14,30,07,01,20,02,22,19,,,,,1.80,1.02,1.48*0D
23:19:49.387 << $GPGSV,4,1,15,14,79,004,30,17,67,262,18,22,63,317,37,30,50,194,27*77
23:19:49.388 << $GPGSV,4,2,15,01,45,071,30,19,32,245,22,02,29,048,18,46,26,232,28*77
23:19:49.442 << $GPGSV,4,3,15,07,19,165,21,20,12,271,25,06,05,196,,08,04,064,*75
23:19:49.443 << $GPGSV,4,4,15,03,04,114,,15,04,298,,24,03,325,*4C
23:19:49.445 << $GPRMC,041949.000,A,4153.0158,N,08748.2050,W,0.70,94.61,230107,,,A*4C
23:19:50.423 << $GPGGA,041950.000,4153.0159,N,08748.2044,W,1,9,1.01,258.4,M,-34.0,M,,*60
23:19:50.480 << $GPGSA,A,3,14,30,07,01,17,20,02,22,19,,,,1.68,1.01,1.35*04
23:19:50.482 << $GPGSV,4,1,15,14,79,004,30,17,67,262,19,22,63,317,36,30,50,194,27*77
23:19:50.484 << $GPGSV,4,2,15,01,45,071,30,19,32,245,22,02,29,048,18,46,26,232,28*77
23:19:50.485 << $GPGSV,4,3,15,07,19,165,21,20,12,271,25,06,05,196,,08,04,064,*75
23:19:50.486 << $GPGSV,4,4,15,03,04,114,,15,04,298,,24,03,325,*4C
23:19:50.541 << $GPRMC,041950.000,A,4153.0159,N,08748.2044,W,0.73,94.59,230107,,,A*48
23:19:51.371 << $GPGGA,041951.000,4153.0160,N,08748.2040,W,1,9,1.01,258.8,M,-34.0,M,,*63
23:19:51.374 << $GPGSA,A,3,14,30,07,01,17,20,02,22,19,,,,1.68,1.01,1.35*04
23:19:51.375 << $GPGSV,4,1,15,14,79,006,30,17,67,262,19,22,63,317,36,30,50,194,27*75
23:19:51.376 << $GPGSV,4,2,15,01,45,071,30,19,32,245,22,02,29,048,18,46,26,232,28*77
23:19:51.432 << $GPGSV,4,3,15,07,19,165,21,20,12,271,24,06,05,196,,08,04,064,*74
23:19:51.433 << $GPGSV,4,4,15,03,04,114,,15,04,298,,24,03,325,*4C
23:19:51.435 << $GPRMC,041951.000,A,4153.0160,N,08748.2040,W,0.75,95.02,230107,,,A*4E
23:19:52.414 << $GPGGA,041952.000,4153.0161,N,08748.2040,W,1,9,1.01,259.4,M,-34.0,M,,*6C
23:19:52.418 << $GPGSA,A,3,14,30,07,01,17,20,02,22,19,,,,1.68,1.01,1.35*04
23:19:52.420 << $GPGSV,4,1,15,14,79,006,30,17,67,262,19,22,63,317,36,30,50,194,27*75
23:19:52.421 << $GPGSV,4,2,15,01,45,071,30,19,32,245,22,02,29,048,18,46,26,232,28*77
23:19:52.422 << $GPGSV,4,3,15,07,19,165,21,20,12,271,24,06,05,196,,08,04,064,*74
23:19:52.423 << $GPGSV,4,4,15,03,04,114,,15,04,298,,24,03,325,*4C
23:19:52.424 << $GPRMC,041952.000,A,4153.0161,N,08748.2040,W,0.75,94.56,230107,,,A*4C
23:19:53.538 << $GPGGA,041953.000,4153.0162,N,08748.2038,W,1,9,1.01,259.8,M,-34.0,M,,*6D
23:19:53.542 << $GPGSA,A,3,14,30,07,01,17,20,02,22,19,,,,1.68,1.01,1.35*04
23:19:53.544 << $GPGSV,4,1,15,14,79,006,30,17,67,262,19,22,63,317,36,30,50,194,27*75
23:19:53.545 << $GPGSV,4,2,15,01,45,071,30,19,32,245,22,02,29,048,18,46,26,232,28*77
23:19:53.546 << $GPGSV,4,3,15,07,19,165,21,20,12,271,24,06,05,196,,08,04,064,*74
23:19:53.547 << $GPGSV,4,4,15,03,04,114,,15,04,298,,24,03,325,*4C
23:19:53.549 << $GPRMC,041953.000,A,4153.0162,N,08748.2038,W,0.72,94.28,230107,,,A*4F
23:19:54.536 << $GPGGA,041954.000,4153.0162,N,08748.2034,W,1,9,1.01,260.1,M,-34.0,M,,*65
23:19:54.540 << $GPGSA,A,3,14,30,07,01,17,20,02,22,19,,,,1.68,1.01,1.34*05
23:19:54.543 << $GPGSV,4,1,15,14,79,006,30,17,68,263,19,22,63,317,36,30,50,194,27*7B
23:19:54.545 << $GPGSV,4,2,15,01,45,071,30,19,32,245,22,02,29,048,19,46,26,232,28*76
23:19:54.546 << $GPGSV,4,3,15,07,19,165,21,20,12,271,24,06,05,196,,08,04,064,*74
23:19:54.547 << $GPGSV,4,4,15,03,04,114,,15,04,298,,24,03,325,*4C
23:19:54.548 << $GPRMC,041954.000,A,4153.0162,N,08748.2034,W,0.70,92.53,230107,,,A*4C
23:19:55.534 << $GPGGA,041955.000,4153.0163,N,08748.2034,W,1,9,1.01,260.4,M,-34.0,M,,*60
23:19:55.538 << $GPGSA,A,3,14,30,07,01,17,20,02,22,19,,,,1.68,1.01,1.35*04
23:19:55.540 << $GPGSV,4,1,15,14,79,006,30,17,68,263,19,22,63,317,36,30,50,194,27*7B
23:19:55.541 << $GPGSV,4,2,15,01,45,071,30,19,32,245,22,02,29,048,19,46,26,232,28*76
23:19:55.542 << $GPGSV,4,3,15,07,19,165,22,20,12,271,24,06,05,196,,08,04,064,*77
23:19:55.543 << $GPGSV,4,4,15,03,04,114,,15,04,298,,24,03,325,*4C
23:19:55.977 << $GPRMC,041955.000,A,4153.0163,N,08748.2034,W,0.67,93.56,230107,,,A*4E
23:19:56.464 << $GPGGA,041956.000,4153.0162,N,08748.2035,W,1,9,1.01,260.9,M,-34.0,M,,*6E
23:19:56.467 << $GPGSA,A,3,14,30,07,01,17,20,02,22,19,,,,1.68,1.01,1.35*04
23:19:56.469 << $GPGSV,4,1,15,14,79,006,30,17,68,263,19,22,63,317,36,30,50,194,27*7B
23:19:56.470 << $GPGSV,4,2,15,01,45,071,30,19,32,245,22,02,29,048,19,07,19,165,22*74
23:19:56.471 << $GPGSV,4,3,15,20,12,271,24,06,05,196,,08,04,064,,03,04,114,*79
23:19:56.472 << $GPGSV,4,4,15,15,04,298,,33,04,102,,24,03,325,*48
23:19:56.473 << $GPRMC,041956.000,A,4153.0162,N,08748.2035,W,0.43,94.18,230107,,,A*46
23:19:57.456 << $GPGGA,041957.000,4153.0162,N,08748.2036,W,1,9,1.01,261.3,M,-34.0,M,,*67
23:19:57.459 << $GPGSA,A,3,14,30,07,01,17,20,02,22,19,,,,1.68,1.01,1.35*04
23:19:57.461 << $GPGSV,4,1,15,14,79,006,30,17,68,263,20,22,63,317,36,30,50,194,27*71
23:19:57.463 << $GPGSV,4,2,15,01,45,071,30,19,32,245,22,02,29,048,19,07,19,165,22*74
23:19:57.464 << $GPGSV,4,3,15,20,11,270,24,06,05,196,,08,04,064,,03,04,114,*7B
23:19:57.465 << $GPGSV,4,4,15,15,04,298,,33,04,102,,24,03,325,*48
23:19:57.466 << $GPRMC,041957.000,A,4153.0162,N,08748.2036,W,0.41,96.54,230107,,,A*4C
23:19:58.451 << $GPGGA,041958.000,4153.0164,N,08748.2035,W,1,9,1.01,261.7,M,-34.0,M,,*69
23:19:58.455 << $GPGSA,A,3,14,30,07,01,17,20,02,22,19,,,,1.68,1.01,1.34*05
23:19:58.456 << $GPGSV,4,1,15,14,79,006,31,17,68,263,20,22,63,317,36,30,50,194,27*70
23:19:58.456 << $GPGSV,4,2,15,01,45,071,30,19,32,245,22,02,29,048,20,07,19,165,23*7F
23:19:58.456 << $GPGSV,4,3,15,20,11,270,24,06,05,196,,08,04,064,,03,04,114,*7B
23:19:58.457 << $GPGSV,4,4,15,15,04,298,,33,04,102,,24,03,325,*48
23:19:58.457 << $GPRMC,041958.000,A,4153.0164,N,08748.2035,W,0.39,97.04,230107,,,A*4D
23:19:59.879 << $GPGGA,041959.000,4153.0164,N,08748.2033,W,1,9,1.01,262.1,M,-34.0,M,,*6B
23:19:59.882 << $GPGSA,A,3,14,30,07,01,17,20,02,22,19,,,,1.68,1.01,1.34*05
23:19:59.884 << $GPGSV,4,1,15,14,79,006,31,17,68,263,20,22,63,317,36,30,50,194,27*70
23:19:59.885 << $GPGSV,4,2,15,01,45,071,30,19,32,245,22,02,29,048,20,07,19,165,24*78
23:19:59.886 << $GPGSV,4,3,15,20,11,270,24,06,05,196,,08,04,064,,03,04,114,*7B
23:19:59.887 << $GPGSV,4,4,15,15,04,298,,33,04,102,,24,03,325,*48
23:19:59.889 << $GPRMC,041959.000,A,4153.0164,N,08748.2033,W,0.36,97.90,230107,,,A*48
23:20:00.366 << $GPGGA,042000.000,4153.0164,N,08748.2032,W,1,9,1.01,262.4,M,-34.0,M,,*69
23:20:00.853 << $GPGSA,A,3,14,30,07,01,17,20,02,22,19,,,,1.68,1.01,1.34*05
23:20:00.857 << $GPGSV,4,1,15,14,79,006,31,17,68,263,20,22,63,317,36,30,50,194,27*70
23:20:00.857 << $GPGSV,4,2,15,01,45,071,30,19,32,245,22,02,29,048,20,07,19,165,24*78
23:20:00.858 << $GPGSV,4,3,15,20,11,270,24,06,05,196,,08,04,064,,03,04,114,*7B
23:20:00.859 << $GPGSV,4,4,15,15,04,298,,33,04,102,,24,03,325,*48
23:20:01.336 << $GPRMC,042000.000,A,4153.0164,N,08748.2032,W,0.33,97.37,230107,,,A*47
23:20:01.827 << $GPGGA,042001.000,4153.0164,N,08748.2031,W,1,9,1.01,262.6,M,-34.0,M,,*69
23:20:01.831 << $GPGSA,A,3,14,30,07,01,17,20,02,22,19,,,,1.68,1.01,1.34*05
23:20:01.833 << $GPGSV,4,1,15,14,79,006,31,17,68,263,20,22,63,317,36,30,50,194,27*70
23:20:01.834 << $GPGSV,4,2,15,01,45,071,30,19,32,245,22,02,29,048,20,07,19,165,24*78
23:20:01.834 << $GPGSV,4,3,15,20,11,270,24,06,05,196,,08,04,064,,03,04,114,*7B
23:20:01.835 << $GPGSV,4,4,15,15,04,298,,33,04,102,,24,03,325,*48
23:20:01.837 << $GPRMC,042001.000,A,4153.0164,N,08748.2031,W,0.32,99.63,230107,,,A*4B
23:20:02.825 << $GPGGA,042002.000,4153.0164,N,08748.2030,W,1,9,1.01,262.8,M,-34.0,M,,*65
23:20:02.829 << $GPGSA,A,3,14,30,07,01,17,20,02,22,19,,,,1.68,1.01,1.34*05
23:20:02.831 << $GPGSV,4,1,15,14,79,006,31,17,68,263,20,22,63,317,36,30,50,194,27*70
23:20:02.832 << $GPGSV,4,2,15,01,45,071,30,19,32,245,22,02,29,048,21,07,19,165,24*79
23:20:03.286 << $GPGSV,4,3,15,20,11,270,23,06,05,196,,08,04,064,,03,04,114,*7C
23:20:03.288 << $GPGSV,4,4,15,15,04,298,,33,04,102,,24,03,325,*48
23:20:03.290 << $GPRMC,042002.000,A,4153.0164,N,08748.2030,W,0.18,101.46,230107,,,A*76
23:20:03.778 << $GPGGA,042003.000,4153.0164,N,08748.2029,W,1,9,1.01,263.0,M,-34.0,M,,*65
23:20:03.780 << $GPGSA,A,3,14,30,07,01,17,20,02,22,19,,,,1.68,1.01,1.34*05
23:20:03.782 << $GPGSV,4,1,15,14,79,006,31,17,68,263,21,22,63,317,36,30,50,194,26*70
23:20:03.783 << $GPGSV,4,2,15,01,45,071,29,19,32,245,22,02,29,048,22,07,19,165,24*72
23:20:03.784 << $GPGSV,4,3,15,20,11,270,22,06,05,196,,08,04,064,,03,04,114,*7D
23:20:03.785 << $GPGSV,4,4,15,15,04,298,,33,04,102,,24,03,325,*48
23:20:03.787 << $GPRMC,042003.000,A,4153.0164,N,08748.2029,W,0.33,98.61,230107,,,A*42
23:20:04.760 << $GPGGA,042004.000,4153.0164,N,08748.2028,W,1,9,1.01,263.2,M,-34.0,M,,*61
23:20:04.763 << $GPGSA,A,3,14,30,07,01,17,20,02,22,19,,,,1.68,1.01,1.34*05
23:20:04.765 << $GPGSV,4,1,15,14,79,006,31,17,68,263,20,22,63,317,36,30,50,194,26*71
23:20:04.766 << $GPGSV,4,2,15,01,45,071,27,19,32,245,22,02,29,048,22,07,19,165,23*7B
23:20:04.767 << $GPGSV,4,3,15,20,11,270,20,06,05,196,,08,04,064,,03,04,114,*7F
23:20:04.769 << $GPGSV,4,4,15,15,04,298,,33,04,102,,24,03,325,*48
23:20:04.770 << $GPRMC,042004.000,A,4153.0164,N,08748.2028,W,0.39,98.59,230107,,,A*45
23:20:05.758 << $GPGGA,042005.000,4153.0164,N,08748.2026,W,1,8,1.02,263.4,M,-34.0,M,,*6A
23:20:05.762 << $GPGSA,A,3,14,30,07,01,20,02,22,19,,,,,1.80,1.02,1.48*0D
23:20:05.765 << $GPGSV,4,1,15,14,79,006,32,17,68,263,19,22,63,317,36,30,50,194,25*7B
23:20:05.766 << $GPGSV,4,2,15,01,45,071,27,19,32,245,23,02,29,048,23,07,19,165,22*7A
23:20:05.767 << $GPGSV,4,3,15,20,11,270,19,06,05,196,,08,04,064,,03,04,114,*75
23:20:05.768 << $GPGSV,4,4,15,15,04,298,,33,04,102,,24,03,325,*48
23:20:06.212 << $GPRMC,042005.000,A,4153.0164,N,08748.2026,W,0.41,97.18,230107,,,A*4F
23:20:06.707 << $GPGGA,042006.000,4153.0163,N,08748.2025,W,1,9,1.01,263.6,M,-34.0,M,,*6D
23:20:06.711 << $GPGSA,A,3,14,30,07,01,17,20,02,22,19,,,,1.68,1.01,1.34*05
23:20:06.713 << $GPGSV,4,1,15,14,79,006,32,17,68,263,19,22,63,317,36,30,50,194,25*7B
23:20:06.714 << $GPGSV,4,2,15,01,45,071,27,19,32,245,23,02,29,048,23,07,19,165,22*7A
23:20:06.715 << $GPGSV,4,3,15,20,11,270,18,06,05,196,,08,04,064,,03,04,114,*74
23:20:06.716 << $GPGSV,4,4,15,15,04,298,,24,03,325,,34,,,*78
23:20:06.717 << $GPRMC,042006.000,A,4153.0163,N,08748.2025,W,0.39,99.07,230107,,,A*47
23:20:07.691 << $GPGGA,042007.000,4153.0163,N,08748.2023,W,1,8,1.02,263.8,M,-34.0,M,,*66
23:20:07.694 << $GPGSA,A,3,14,30,07,01,20,02,22,19,,,,,1.80,1.02,1.48*0D
23:20:07.696 << $GPGSV,4,1,15,14,79,006,33,17,68,263,19,22,63,317,36,30,50,194,26*79
23:20:07.697 << $GPGSV,4,2,15,01,45,071,27,19,32,245,23,02,29,048,24,07,19,165,21*7E
23:20:07.698 << $GPGSV,4,3,15,20,11,270,18,06,05,196,,08,04,064,,03,04,114,*74
23:20:08.162 << $GPGSV,4,4,15,15,04,298,,24,03,325,,34,,,*78
23:20:08.165 << $GPRMC,042007.000,A,4153.0163,N,08748.2023,W,0.44,96.96,230107,,,A*4D
23:20:08.657 << $GPGGA,042008.000,4153.0163,N,08748.2021,W,1,8,1.02,263.9,M,-34.0,M,,*6A
23:20:08.661 << $GPGSA,A,3,14,30,07,01,20,02,22,19,,,,,1.80,1.02,1.48*0D
23:20:08.663 << $GPGSV,4,1,15,14,79,006,33,17,68,263,19,22,63,317,36,30,50,194,27*78
23:20:08.664 << $GPGSV,4,2,15,01,45,071,26,19,32,245,23,02,29,048,24,07,19,165,21*7F
23:20:08.665 << $GPGSV,4,3,15,20,11,270,18,06,05,196,,08,04,064,,03,04,114,*74
23:20:08.666 << $GPGSV,4,4,15,15,04,298,,24,03,325,,34,,,*78
23:20:08.668 << $GPRMC,042008.000,A,4153.0163,N,08748.2021,W,0.49,94.48,230107,,,A*4C
23:20:09.640 << $GPGGA,042009.000,4153.0163,N,08748.2019,W,1,8,1.02,264.1,M,-34.0,M,,*6F
23:20:09.644 << $GPGSA,A,3,14,30,07,01,20,02,22,19,,,,,1.80,1.02,1.48*0D
23:20:09.646 << $GPGSV,4,1,15,14,79,006,33,17,68,263,19,22,63,317,36,30,50,194,27*78
23:20:09.648 << $GPGSV,4,2,15,01,45,071,26,19,32,245,22,02,29,048,24,07,19,165,21*7E
23:20:09.649 << $GPGSV,4,3,15,20,11,270,18,06,05,196,,08,04,064,,03,04,114,*74
23:20:09.650 << $GPGSV,4,4,15,15,04,298,,24,03,325,,34,,,*78
23:20:09.651 << $GPRMC,042009.000,A,4153.0163,N,08748.2019,W,0.53,86.80,230107,,,A*4A
23:20:10.633 << $GPGGA,042010.000,4153.0164,N,08748.2018,W,1,9,1.01,264.2,M,-34.0,M,,*60
23:20:10.637 << $GPGSA,A,3,14,30,07,01,17,20,02,22,19,,,,1.68,1.01,1.34*05
23:20:10.639 << $GPGSV,4,1,15,14,79,006,33,17,68,263,19,22,63,317,36,30,50,194,28*77
23:20:10.641 << $GPGSV,4,2,15,01,45,071,26,19,32,245,22,02,29,048,24,07,19,165,21*7E
23:20:10.641 << $GPGSV,4,3,15,20,11,270,18,06,05,196,,08,04,064,,03,04,114,*74
23:20:10.642 << $GPGSV,4,4,15,15,04,298,,24,03,325,,34,,,*78
23:20:10.644 << $GPRMC,042010.000,A,4153.0164,N,08748.2018,W,0.48,77.87,230107,,,A*47
23:20:11.622 << $GPGGA,042011.000,4153.0165,N,08748.2016,W,1,9,1.01,264.4,M,-34.0,M,,*68
23:20:11.626 << $GPGSA,A,3,14,30,07,01,17,20,02,22,19,,,,1.68,1.01,1.34*05
23:20:11.628 << $GPGSV,4,1,15,14,79,006,33,17,68,263,19,22,63,317,36,30,50,194,28*77
23:20:11.629 << $GPGSV,4,2,15,01,45,071,26,19,32,245,23,02,29,048,24,07,19,165,21*7F
23:20:11.630 << $GPGSV,4,3,15,20,11,270,18,06,05,196,,08,04,064,,03,04,114,*74
23:20:11.630 << $GPGSV,4,4,15,15,04,298,,24,03,325,,34,,,*78
23:20:11.632 << $GPRMC,042011.000,A,4153.0165,N,08748.2016,W,0.51,68.53,230107,,,A*46
23:20:12.556 << $GPGGA,042012.000,4153.0166,N,08748.2015,W,1,9,1.01,264.5,M,-34.0,M,,*6A
23:20:12.559 << $GPGSA,A,3,14,30,07,01,17,20,02,22,19,,,,1.68,1.01,1.34*05
23:20:12.562 << $GPGSV,4,1,15,14,79,006,33,17,68,263,19,22,63,317,36,30,50,194,28*77
23:20:12.563 << $GPGSV,4,2,15,01,45,071,26,19,32,245,23,02,29,048,24,07,19,165,20*7E
23:20:12.564 << $GPGSV,4,3,15,20,11,270,18,06,05,196,,03,05,114,,08,04,064,*75
23:20:12.565 << $GPGSV,4,4,15,15,04,298,,24,03,325,,34,,,*78
23:20:13.039 << $GPRMC,042012.000,A,4153.0166,N,08748.2015,W,0.49,62.41,230107,,,A*45
23:20:13.529 << $GPGGA,042013.000,4153.0167,N,08748.2014,W,1,8,1.02,264.7,M,-34.0,M,,*6B
23:20:13.532 << $GPGSA,A,3,14,30,07,01,20,02,22,19,,,,,1.80,1.02,1.48*0D
23:20:13.534 << $GPGSV,4,1,15,14,79,006,33,17,68,263,18,22,63,317,36,30,50,194,28*76
23:20:13.536 << $GPGSV,4,2,15,01,45,071,26,19,32,245,23,02,29,048,23,07,19,165,20*79
23:20:14.014 << $GPGSV,4,3,15,20,11,270,17,06,05,196,,03,05,114,,08,04,064,*7A
23:20:14.015 << $GPGSV,4,4,15,15,04,298,,24,03,325,,35,,,*79
23:20:14.016 << $GPRMC,042013.000,A,4153.0167,N,08748.2014,W,0.38,59.30,230107,,,A*4C
23:20:14.505 << $GPGGA,042014.000,4153.0168,N,08748.2013,W,1,8,1.02,264.8,M,-34.0,M,,*6B
23:20:14.508 << $GPGSA,A,3,14,30,07,01,20,02,22,19,,,,,1.80,1.02,1.48*0D
23:20:14.510 << $GPGSV,4,1,15,14,79,006,33,17,68,263,18,22,63,317,36,30,50,194,28*76
23:20:14.511 << $GPGSV,4,2,15,01,45,071,26,19,32,245,22,02,29,048,23,07,19,165,20*78
23:20:14.512 << $GPGSV,4,3,15,20,11,270,17,06,05,196,,03,05,114,,08,04,064,*7A
23:20:14.512 << $GPGSV,4,4,15,15,04,298,,24,03,325,,35,,,*79
23:20:14.515 << $GPRMC,042014.000,A,4153.0168,N,08748.2013,W,0.43,50.98,230107,,,A*44
23:20:15.501 << $GPGGA,042015.000,4153.0169,N,08748.2012,W,1,8,1.02,264.9,M,-34.0,M,,*6B
23:20:15.506 << $GPGSA,A,3,14,30,07,01,20,02,22,19,,,,,1.80,1.02,1.48*0D
23:20:15.509 << $GPGSV,4,1,15,14,79,006,33,17,68,263,18,22,63,317,36,30,50,194,28*76
23:20:15.511 << $GPGSV,4,2,15,01,45,071,26,19,32,245,22,02,29,048,22,07,19,165,20*79
23:20:15.512 << $GPGSV,4,3,15,20,11,270,17,06,05,196,,03,05,114,,08,04,064,*7A
23:20:15.512 << $GPGSV,4,4,15,15,04,298,,24,03,325,,35,,,*79
23:20:15.513 << $GPRMC,042015.000,A,4153.0169,N,08748.2012,W,0.44,41.04,230107,,,A*47
23:20:16.496 << $GPGGA,042016.000,4153.0170,N,08748.2012,W,1,9,1.01,264.9,M,-34.0,M,,*62
23:20:16.499 << $GPGSA,A,3,14,30,07,01,17,20,02,22,19,,,,1.68,1.01,1.34*05
23:20:16.501 << $GPGSV,4,1,15,14,79,006,33,17,68,263,18,22,63,317,36,30,50,194,28*76
23:20:16.502 << $GPGSV,4,2,15,01,45,071,26,19,32,245,22,02,29,048,22,07,19,165,21*78
23:20:16.503 << $GPGSV,4,3,15,20,11,270,16,06,05,196,,03,05,114,,08,04,064,*7B
23:20:16.504 << $GPGSV,4,4,15,15,04,298,,24,03,325,,35,,,*79
23:20:16.505 << $GPRMC,042016.000,A,4153.0170,N,08748.2012,W,0.42,33.03,230107,,,A*48
23:20:17.426 << $GPGGA,042017.000,4153.0171,N,08748.2012,W,1,8,1.02,265.0,M,-34.0,M,,*68
23:20:17.430 << $GPGSA,A,3,14,30,07,01,20,02,22,19,,,,,1.79,1.02,1.47*04
23:20:17.433 << $GPGSV,4,1,15,14,79,006,33,17,68,263,18,22,63,317,36,30,50,194,28*76
23:20:17.434 << $GPGSV,4,2,15,01,45,071,26,19,32,245,22,02,29,048,22,07,19,165,21*78
23:20:17.435 << $GPGSV,4,3,15,20,11,270,15,06,05,196,,03,05,114,,08,04,064,*78
23:20:17.436 << $GPGSV,4,4,15,15,04,298,,24,03,325,,35,,,*79
23:20:17.911 << $GPRMC,042017.000,A,4153.0171,N,08748.2012,W,0.40,25.59,230107,,,A*42
23:20:18.410 << $GPGGA,042018.000,4153.0172,N,08748.2012,W,1,9,1.01,265.1,M,-34.0,M,,*67
23:20:18.413 << $GPGSA,A,3,14,30,07,01,17,20,02,22,19,,,,1.68,1.01,1.34*05
23:20:18.415 << $GPGSV,4,1,15,14,79,006,33,17,68,263,18,22,63,317,36,30,50,194,28*76
23:20:18.417 << $GPGSV,4,2,15,01,45,071,26,19,32,245,22,02,29,048,22,07,19,165,20*79
23:20:18.891 << $GPGSV,4,3,15,20,11,270,15,06,05,196,,03,05,114,,08,04,064,*78
23:20:18.893 << $GPGSV,4,4,15,15,04,298,,24,03,325,,35,,,*79
23:20:18.894 << $GPRMC,042018.000,A,4153.0172,N,08748.2012,W,0.43,15.48,230107,,,A*4E
23:20:19.377 << $GPGGA,042019.000,4153.0174,N,08748.2012,W,1,9,1.01,265.1,M,-34.0,M,,*60
23:20:19.378 << $GPGSA,A,3,14,30,07,01,17,20,02,22,19,,,,1.68,1.01,1.34*05
23:20:19.379 << $GPGSV,4,1,15,14,79,006,33,17,68,263,18,22,63,317,36,30,50,194,28*76
23:20:19.380 << $GPGSV,4,2,15,01,45,071,26,19,32,245,21,02,29,048,22,07,19,165,20*7A
23:20:19.867 << $GPGSV,4,3,15,20,11,270,15,06,05,196,,03,05,114,,08,04,064,*78
23:20:19.868 << $GPGSV,4,4,15,15,04,298,,24,03,325,,36,,,*7A
23:20:19.870 << $GPRMC,042019.000,A,4153.0174,N,08748.2012,W,0.46,3.38,230107,,,A*7C
23:20:20.360 << $GPGGA,042020.000,4153.0175,N,08748.2013,W,1,8,1.02,265.2,M,-34.0,M,,*6B
23:20:20.364 << $GPGSA,A,3,14,30,07,01,20,02,22,19,,,,,1.80,1.02,1.47*02
23:20:20.366 << $GPGSV,4,1,15,14,79,006,33,17,68,263,18,22,63,317,36,30,50,194,27*79
23:20:20.840 << $GPGSV,4,2,15,01,45,071,26,19,32,245,21,02,29,048,22,07,19,165,21*7B
23:20:20.842 << $GPGSV,4,3,15,20,11,270,15,06,05,196,,03,05,114,,08,04,064,*78
23:20:20.843 << $GPGSV,4,4,15,15,04,298,,24,03,325,,36,,,*7A
23:20:20.844 << $GPRMC,042020.000,A,4153.0175,N,08748.2013,W,0.52,350.42,230107,,,A*7B
23:20:21.333 << $GPGGA,042021.000,4153.0176,N,08748.2014,W,1,8,1.00,265.2,M,-34.0,M,,*6C
23:20:21.337 << $GPGSA,A,3,14,30,07,01,20,02,22,19,,,,,1.30,1.00,0.83*02
23:20:21.338 << $GPGSV,4,1,15,14,79,006,33,17,68,263,17,22,63,317,36,30,50,194,27*76
23:20:21.340 << $GPGSV,4,2,15,01,45,071,26,19,32,245,21,02,29,048,22,07,19,165,21*7B
23:20:21.821 << $GPGSV,4,3,15,20,11,270,15,06,05,196,,03,05,114,,08,04,064,*78
23:20:21.823 << $GPGSV,4,4,15,15,04,298,,24,03,325,,36,,,*7A
23:20:21.825 << $GPRMC,042021.000,A,4153.0176,N,08748.2014,W,0.53,338.85,230107,,,A*7A
23:20:22.808 << $GPGGA,042022.000,4153.0177,N,08748.2016,W,1,9,1.01,265.2,M,-34.0,M,,*6C
23:20:22.813 << $GPGSA,A,3,14,30,07,01,17,20,02,22,19,,,,1.68,1.01,1.34*05
23:20:22.814 << $GPGSV,4,1,15,14,79,006,33,17,68,263,17,22,63,317,36,30,50,194,27*76
23:20:22.815 << $GPGSV,4,2,15,01,45,071,26,19,32,245,21,02,29,048,22,07,19,165,21*7B
23:20:22.816 << $GPGSV,4,3,15,20,11,270,16,06,05,196,,03,05,114,,08,04,064,*7B
23:20:22.817 << $GPGSV,4,4,15,15,04,298,,24,03,325,,36,,,*7A
23:20:23.280 << $GPRMC,042022.000,A,4153.0177,N,08748.2016,W,0.61,329.18,230107,,,A*7F
23:20:23.768 << $GPGGA,042023.000,4153.0179,N,08748.2023,W,1,8,1.02,264.5,M,-34.0,M,,*61
23:20:23.770 << $GPGSA,A,3,14,30,07,01,20,02,22,19,,,,,1.79,1.02,1.47*04
23:20:23.773 << $GPGSV,4,1,15,14,79,007,33,17,68,263,17,22,63,317,36,30,50,194,28*78
23:20:23.774 << $GPGSV,4,2,15,01,45,071,26,19,32,245,21,02,29,048,22,07,19,165,21*7B
23:20:23.774 << $GPGSV,4,3,15,20,11,270,16,06,05,196,,03,05,114,,08,04,064,*7B
23:20:23.775 << $GPGSV,4,4,15,15,04,298,,24,03,325,,36,,,*7A
23:20:23.777 << $GPRMC,042023.000,A,4153.0179,N,08748.2023,W,0.59,322.81,230107,,,A*76
23:20:24.746 << $GPGGA,042024.000,4153.0181,N,08748.2029,W,1,9,1.01,263.9,M,-34.0,M,,*62
23:20:24.750 << $GPGSA,A,3,14,30,07,01,17,20,02,22,19,,,,1.68,1.01,1.34*05
23:20:24.752 << $GPGSV,4,1,15,14,79,007,33,17,68,263,17,22,63,317,36,30,50,194,28*78
23:20:24.753 << $GPGSV,4,2,15,01,45,071,26,19,32,245,21,02,29,048,22,07,19,165,21*7B
23:20:24.754 << $GPGSV,4,3,15,20,11,270,16,06,05,196,,03,05,114,,08,04,064,*7B
23:20:24.755 << $GPGSV,4,4,15,15,04,298,,24,03,325,,36,,,*7A
23:20:24.756 << $GPRMC,042024.000,A,4153.0181,N,08748.2029,W,0.60,319.15,230107,,,A*73
23:20:25.730 << $GPGGA,042025.000,4153.0182,N,08748.2027,W,1,9,1.01,263.6,M,-34.0,M,,*61
23:20:25.734 << $GPGSA,A,3,14,30,07,01,17,20,02,22,19,,,,1.68,1.01,1.34*05
23:20:25.737 << $GPGSV,4,1,15,14,79,007,33,17,68,263,17,22,63,317,36,30,50,194,28*78
23:20:25.738 << $GPGSV,4,2,15,01,45,071,26,19,32,245,21,02,29,048,22,07,19,165,21*7B
23:20:25.739 << $GPGSV,4,3,15,20,11,270,16,06,05,196,,03,05,114,,08,04,064,*7B
23:20:25.740 << $GPGSV,4,4,15,15,04,298,,24,03,325,,36,,,*7A
23:20:25.741 << $GPRMC,042025.000,A,4153.0182,N,08748.2027,W,0.59,318.29,230107,,,A*7B
23:20:26.714 << $GPGGA,042026.000,4153.0182,N,08748.2029,W,1,9,1.01,263.2,M,-34.0,M,,*68
23:20:26.718 << $GPGSA,A,3,14,30,07,01,17,20,02,22,19,,,,1.68,1.01,1.34*05
23:20:26.719 << $GPGSV,4,1,15,14,79,007,33,17,68,263,17,22,63,317,36,30,50,194,28*78
23:20:26.721 << $GPGSV,4,2,15,01,45,071,26,19,32,245,22,02,29,048,22,07,19,165,21*78
23:20:26.721 << $GPGSV,4,3,15,20,11,270,16,06,05,196,,03,05,114,,08,04,064,*7B
23:20:26.722 << $GPGSV,4,4,15,15,04,298,,24,03,325,,38,,,*74
23:20:26.724 << $GPRMC,042026.000,A,4153.0182,N,08748.2029,W,0.55,315.84,230107,,,A*70
23:20:27.706 << $GPGGA,042027.000,4153.0184,N,08748.2031,W,1,9,1.01,262.7,M,-34.0,M,,*62
23:20:27.709 << $GPGSA,A,3,14,30,07,01,17,20,02,22,19,,,,1.68,1.01,1.34*05
23:20:27.711 << $GPGSV,4,1,15,14,79,007,34,17,68,263,17,22,63,317,35,30,50,194,27*73
23:20:27.712 << $GPGSV,4,2,15,01,45,071,19,19,32,245,22,02,29,048,22,07,19,165,21*74
23:20:27.713 << $GPGSV,4,3,15,20,11,270,16,06,05,196,,03,05,114,,08,04,064,*7B
23:20:27.714 << $GPGSV,4,4,15,15,04,298,,24,03,325,,38,,,*74
23:20:27.716 << $GPRMC,042027.000,A,4153.0184,N,08748.2031,W,0.54,314.66,230107,,,A*72
23:20:28.690 << $GPGGA,042028.000,4153.0184,N,08748.2032,W,1,9,1.01,262.4,M,-34.0,M,,*6D
23:20:28.693 << $GPGSA,A,3,14,30,07,01,17,20,02,22,19,,,,1.68,1.01,1.34*05
23:20:28.695 << $GPGSV,4,1,15,14,79,007,34,17,68,263,17,22,63,317,34,30,50,194,26*73
23:20:28.696 << $GPGSV,4,2,15,01,45,071,19,19,32,245,22,02,29,048,22,07,19,165,21*74
23:20:28.697 << $GPGSV,4,3,15,20,11,270,16,06,05,196,,03,05,114,,08,04,064,16*7C
23:20:29.121 << $GPGSV,4,4,15,15,04,298,,24,03,325,,38,,,*74
23:20:29.124 << $GPRMC,042028.000,A,4153.0184,N,08748.2032,W,0.52,312.17,230107,,,A*78
23:20:29.617 << $GPGGA,042029.000,4153.0185,N,08748.2030,W,1,9,1.01,262.3,M,-34.0,M,,*68
23:20:29.621 << $GPGSA,A,3,14,30,07,01,17,20,02,22,19,,,,1.68,1.01,1.34*05
23:20:29.622 << $GPGSV,4,1,15,14,79,007,34,17,68,263,17,22,63,317,33,30,50,194,25*77
23:20:29.624 << $GPGSV,4,2,15,01,45,071,18,19,32,245,22,02,29,048,22,07,19,165,22*76
23:20:29.624 << $GPGSV,4,3,15,20,11,270,16,06,05,196,,03,05,114,,08,04,064,*7B
23:20:29.625 << $GPGSV,4,4,15,15,04,298,,24,03,325,,38,,,*74
23:20:29.627 << $GPRMC,042029.000,A,4153.0185,N,08748.2030,W,0.47,310.88,230107,,,A*7A
23:20:30.610 << $GPGGA,042030.000,4153.0185,N,08748.2032,W,1,9,1.01,262.3,M,-34.0,M,,*62
23:20:30.614 << $GPGSA,A,3,14,30,07,01,17,20,02,22,19,,,,1.68,1.01,1.34*05
23:20:30.617 << $GPGSV,4,1,15,14,79,007,34,17,68,263,17,22,63,317,33,30,50,194,25*77
23:20:30.618 << $GPGSV,4,2,15,01,45,071,18,19,32,245,22,02,29,048,22,07,19,165,22*76
23:20:30.619 << $GPGSV,4,3,15,20,11,270,16,06,05,196,,03,05,114,,08,04,064,*7B
23:20:30.620 << $GPGSV,4,4,15,15,04,298,,24,03,325,,38,,,*74
23:20:30.621 << $GPRMC,042030.000,A,4153.0185,N,08748.2032,W,0.27,311.45,230107,,,A*76
23:20:31.598 << $GPGGA,042031.000,4153.0186,N,08748.2032,W,1,9,1.01,262.3,M,-34.0,M,,*60
23:20:31.602 << $GPGSA,A,3,14,30,07,01,17,20,02,22,19,,,,1.68,1.01,1.34*05
23:20:31.604 << $GPGSV,4,1,15,14,79,007,34,17,68,263,17,22,63,317,33,30,50,194,25*77
23:20:31.605 << $GPGSV,4,2,15,01,45,071,18,19,32,245,22,02,29,048,23,07,19,165,23*76
23:20:31.606 << $GPGSV,4,3,15,20,11,270,16,06,05,196,,03,05,114,,08,04,064,*7B
23:20:31.608 << $GPGSV,4,4,15,15,04,298,,24,03,325,,38,,,*74
23:20:31.609 << $GPRMC,042031.000,A,4153.0186,N,08748.2032,W,0.30,321.97,230107,,,A*7E
23:20:32.589 << $GPGGA,042032.000,4153.0186,N,08748.2032,W,1,9,1.01,262.3,M,-34.0,M,,*63
23:20:32.593 << $GPGSA,A,3,14,30,07,01,17,20,02,22,19,,,,1.68,1.01,1.34*05
23:20:32.594 << $GPGSV,4,1,15,14,79,007,34,17,68,263,17,22,63,317,33,30,50,194,25*77
23:20:32.596 << $GPGSV,4,2,15,01,45,071,18,19,32,245,22,02,29,048,23,07,19,165,23*76
23:20:32.596 << $GPGSV,4,3,15,20,11,270,15,06,05,196,,03,05,114,,08,04,064,*78
23:20:32.597 << $GPGSV,4,4,15,15,04,298,,24,03,325,,41,,,*7A
23:20:32.599 << $GPRMC,042032.000,A,4153.0186,N,08748.2032,W,0.24,333.52,230107,,,A*72
23:20:33.514 << $GPGGA,042033.000,4153.0187,N,08748.2031,W,1,9,1.01,262.3,M,-34.0,M,,*60
23:20:33.517 << $GPGSA,A,3,14,30,07,01,17,20,02,22,19,,,,1.68,1.01,1.34*05
23:20:33.519 << $GPGSV,4,1,15,14,79,007,34,17,68,263,17,22,63,317,33,30,50,194,25*77
23:20:33.521 << $GPGSV,4,2,15,01,45,071,18,19,32,245,23,02,29,048,23,07,19,165,23*77
23:20:33.522 << $GPGSV,4,3,15,20,11,270,15,06,05,196,,03,05,114,,08,04,064,*78
23:20:34.001 << $GPGSV,4,4,15,15,04,298,,24,03,325,,41,,,*7A
23:20:34.004 << $GPRMC,042033.000,A,4153.0187,N,08748.2031,W,0.20,344.41,230107,,,A*77
23:20:34.488 << $GPGGA,042034.000,4153.0187,N,08748.2031,W,1,9,1.01,262.3,M,-34.0,M,,*67
23:20:34.491 << $GPGSA,A,3,14,30,07,01,17,20,02,22,19,,,,1.68,1.01,1.34*05
23:20:34.493 << $GPGSV,4,1,15,14,79,007,34,17,68,263,17,22,63,317,33,30,50,194,25*77
23:20:34.495 << $GPGSV,4,2,15,01,45,071,19,19,32,245,23,02,29,048,22,07,19,165,23*77
23:20:34.496 << $GPGSV,4,3,15,20,11,270,15,06,05,196,,03,05,114,,08,04,064,*78
23:20:34.497 << $GPGSV,4,4,15,15,04,298,,24,03,325,,41,,,*7A
23:20:34.498 << $GPRMC,042034.000,A,4153.0187,N,08748.2031,W,0.24,356.65,230107,,,A*71
23:20:35.475 << $GPGGA,042035.000,4153.0188,N,08748.2030,W,1,9,1.01,262.3,M,-34.0,M,,*68
23:20:35.479 << $GPGSA,A,3,14,30,07,01,17,20,02,22,19,,,,1.68,1.01,1.34*05
23:20:35.482 << $GPGSV,4,1,15,14,79,007,34,17,68,263,17,22,63,317,33,30,50,194,25*77
23:20:35.483 << $GPGSV,4,2,15,01,45,071,20,19,32,245,23,02,29,048,22,07,19,165,23*7D
23:20:35.484 << $GPGSV,4,3,15,20,11,270,15,06,05,196,,03,05,114,,08,04,064,*78
23:20:35.484 << $GPGSV,4,4,15,15,04,298,,24,03,325,,41,,,*7A
23:20:35.486 << $GPRMC,042035.000,A,4153.0188,N,08748.2030,W,0.28,9.14,230107,,,A*7D
23:20:36.472 << $GPGGA,042036.000,4153.0189,N,08748.2029,W,1,8,1.31,262.3,M,-34.0,M,,*60
23:20:36.476 << $GPGSA,A,3,14,30,07,01,17,02,22,19,,,,,2.41,1.31,2.02*0A
23:20:36.478 << $GPGSV,4,1,15,14,79,007,34,17,68,263,17,22,63,317,33,30,50,194,24*76
23:20:36.479 << $GPGSV,4,2,15,01,45,071,20,19,32,245,23,02,29,048,21,07,19,165,23*7E
23:20:36.480 << $GPGSV,4,3,15,20,11,270,,06,05,196,,03,05,114,,08,04,064,*7C
23:20:36.481 << $GPGSV,4,4,15,15,04,298,,24,03,325,,41,,,*7A
23:20:36.483 << $GPRMC,042036.000,A,4153.0189,N,08748.2029,W,0.24,16.19,230107,,,A*48
23:20:37.458 << $GPGGA,042037.000,4153.0189,N,08748.2029,W,1,8,1.31,262.2,M,-34.0,M,,*60
23:20:37.461 << $GPGSA,A,3,14,30,07,01,17,02,22,19,,,,,2.41,1.31,2.02*0A
23:20:37.461 << $GPGSV,4,1,15,14,79,007,34,17,68,263,17,22,63,317,33,30,50,194,24*76
23:20:37.462 << $GPGSV,4,2,15,01,45,071,20,19,32,245,23,02,29,048,21,07,19,165,22*7F
23:20:37.462 << $GPGSV,4,3,15,20,11,270,,06,05,196,,03,05,114,,08,04,064,*7C
23:20:37.462 << $GPGSV,4,4,15,15,04,298,,24,03,325,,41,,,*7A
23:20:37.464 << $GPRMC,042037.000,A,4153.0189,N,08748.2029,W,0.24,25.18,230107,,,A*48
23:20:38.384 << $GPGGA,042038.000,4153.0190,N,08748.2028,W,1,8,1.31,262.2,M,-34.0,M,,*66
23:20:38.442 << $GPGSA,A,3,14,30,07,01,17,02,22,19,,,,,2.41,1.31,2.02*0A
23:20:38.444 << $GPGSV,4,1,15,14,79,007,34,17,68,263,16,22,63,317,33,30,50,194,23*70
23:20:38.445 << $GPGSV,4,2,15,01,45,071,19,19,32,245,23,02,29,048,21,07,19,165,22*75
23:20:38.446 << $GPGSV,4,3,15,20,11,270,,06,05,196,,03,05,114,,08,04,064,*7C
23:20:38.447 << $GPGSV,4,4,15,15,04,298,,24,03,325,,41,,,*7A
23:20:38.878 << $GPRMC,042038.000,A,4153.0190,N,08748.2028,W,0.20,32.97,230107,,,A*4B
23:20:39.367 << $GPGGA,042039.000,4153.0190,N,08748.2027,W,1,8,1.15,262.2,M,-34.0,M,,*6E
23:20:39.372 << $GPGSA,A,3,14,30,07,01,17,02,22,19,,,,,1.46,1.15,0.90*01
23:20:39.374 << $GPGSV,4,1,15,14,79,007,34,17,68,263,17,22,63,317,33,30,50,194,23*71
23:20:39.375 << $GPGSV,4,2,15,01,45,071,18,19,32,245,23,02,29,048,21,07,19,165,23*75
23:20:39.846 << $GPGSV,4,3,15,20,11,270,,06,05,196,,03,05,114,,08,04,064,*7C
23:20:39.847 << $GPGSV,4,4,15,15,04,298,,24,03,325,,43,,,*78
23:20:39.849 << $GPRMC,042039.000,A,4153.0190,N,08748.2027,W,0.24,49.71,230107,,,A*45
23:20:40.831 << $GPGGA,042040.000,4153.0190,N,08748.2026,W,1,8,1.31,262.1,M,-34.0,M,,*64
23:20:40.835 << $GPGSA,A,3,14,30,07,01,17,02,22,19,,,,,2.41,1.31,2.02*0A
23:20:40.837 << $GPGSV,4,1,15,14,79,007,34,17,68,263,18,22,63,317,33,30,50,194,24*79
23:20:40.838 << $GPGSV,4,2,15,01,45,071,18,19,32,245,23,02,29,048,22,07,19,165,23*76
23:20:41.311 << $GPGSV,4,3,15,20,11,270,,06,05,196,,03,05,114,,08,04,064,*7C
23:20:41.313 << $GPGSV,4,4,15,15,04,298,,24,03,325,,43,,,*78
23:20:41.315 << $GPRMC,042040.000,A,4153.0190,N,08748.2026,W,0.25,62.94,230107,,,A*49
23:20:41.801 << $GPGGA,042041.000,4153.0190,N,08748.2025,W,1,8,1.31,262.1,M,-34.0,M,,*66
23:20:41.805 << $GPGSA,A,3,14,30,07,01,17,02,22,19,,,,,2.40,1.31,2.02*0B
23:20:41.806 << $GPGSV,4,1,15,14,79,007,34,17,68,263,18,22,63,317,33,30,50,194,25*78
23:20:41.808 << $GPGSV,4,2,15,01,45,071,18,19,32,245,23,02,29,048,22,07,19,165,23*76
23:20:41.808 << $GPGSV,4,3,15,20,11,270,,06,05,196,,03,05,114,,08,04,064,*7C
23:20:41.809 << $GPGSV,4,4,15,15,04,298,,24,03,325,,43,,,*78
23:20:41.810 << $GPRMC,042041.000,A,4153.0190,N,08748.2025,W,0.33,82.87,230107,,,A*40
23:20:42.792 << $GPGGA,042042.000,4153.0189,N,08748.2024,W,1,8,1.31,262.0,M,-34.0,M,,*6D
23:20:42.796 << $GPGSA,A,3,14,30,07,01,17,02,22,19,,,,,2.41,1.31,2.02*0A
23:20:42.798 << $GPGSV,4,1,15,14,79,007,34,17,68,263,18,22,63,317,33,30,50,194,25*78
23:20:42.799 << $GPGSV,4,2,15,01,45,070,18,19,32,245,22,02,29,048,22,07,19,165,23*76
23:20:42.800 << $GPGSV,4,3,15,20,11,270,,06,05,196,,03,05,114,,08,04,064,*7C
23:20:42.801 << $GPGSV,4,4,15,15,04,298,,24,03,325,,43,,,*78
23:20:42.803 << $GPRMC,042042.000,A,4153.0189,N,08748.2024,W,0.35,93.41,230107,,,A*46
23:20:43.790 << $GPGGA,042043.000,4153.0189,N,08748.2023,W,1,8,1.31,262.0,M,-34.0,M,,*6B
23:20:43.794 << $GPGSA,A,3,14,30,07,01,17,02,22,19,,,,,2.41,1.31,2.02*0A
23:20:43.795 << $GPGSV,4,1,15,14,79,007,34,17,68,263,18,22,63,317,33,30,50,194,25*78
23:20:43.796 << $GPGSV,4,2,15,01,45,070,19,19,32,245,21,02,29,048,22,07,19,165,23*74
23:20:43.797 << $GPGSV,4,3,15,20,11,270,,06,05,196,,03,05,114,,08,04,064,*7C
23:20:43.798 << $GPGSV,4,4,15,15,04,298,,24,03,325,,43,,,*78
23:20:43.800 << $GPRMC,042043.000,A,4153.0189,N,08748.2023,W,0.42,103.41,230107,,,A*78
23:20:44.727 << $GPGGA,042044.000,4153.0188,N,08748.2022,W,1,8,1.31,261.9,M,-34.0,M,,*66
23:20:44.733 << $GPGSA,A,3,14,30,07,01,17,02,22,19,,,,,2.41,1.31,2.02*0A
23:20:44.735 << $GPGSV,4,1,15,14,79,007,34,17,68,263,19,22,63,317,33,30,50,194,25*79
23:20:44.737 << $GPGSV,4,2,15,01,45,070,19,19,32,245,20,02,29,048,22,07,19,165,23*75
23:20:44.738 << $GPGSV,4,3,15,20,11,270,,06,05,196,,03,05,114,,08,04,064,*7C
23:20:44.738 << $GPGSV,4,4,15,15,04,298,,24,03,325,,43,,,*78
23:20:44.740 << $GPRMC,042044.000,A,4153.0188,N,08748.2022,W,0.48,109.88,230107,,,A*7A
23:20:45.706 << $GPGGA,042045.000,4153.0187,N,08748.2020,W,1,8,1.31,261.8,M,-34.0,M,,*6B
23:20:45.710 << $GPGSA,A,3,14,30,07,01,17,02,22,19,,,,,2.41,1.31,2.02*0A
23:20:45.712 << $GPGSV,4,1,15,14,79,007,34,17,68,263,19,22,63,317,33,30,50,194,25*79
23:20:45.713 << $GPGSV,4,2,15,01,45,070,20,19,32,245,20,02,29,048,22,07,19,165,23*7F
23:20:45.714 << $GPGSV,4,3,15,20,11,270,,06,05,196,,03,05,114,,08,04,064,*7C
23:20:46.187 << $GPGSV,4,4,15,15,04,298,,24,03,325,,45,,,*7E
23:20:46.190 << $GPRMC,042045.000,A,4153.0187,N,08748.2020,W,0.49,107.57,230107,,,A*7B
23:20:46.681 << $GPGGA,042046.000,4153.0187,N,08748.2018,W,1,8,1.31,261.7,M,-34.0,M,,*6C
23:20:46.684 << $GPGSA,A,3,14,30,07,01,17,02,22,19,,,,,2.40,1.31,2.02*0B
23:20:46.686 << $GPGSV,4,1,15,14,79,007,34,17,68,263,19,22,63,317,33,30,50,194,25*79
23:20:46.687 << $GPGSV,4,2,15,01,45,070,20,19,32,245,20,02,29,048,22,07,19,165,23*7F
23:20:47.167 << $GPGSV,4,3,15,20,11,270,,06,05,196,,03,05,114,,08,04,064,*7C
23:20:47.169 << $GPGSV,4,4,15,15,04,298,,24,03,325,,45,,,*7E
23:20:47.170 << $GPRMC,042046.000,A,4153.0187,N,08748.2018,W,0.49,106.70,230107,,,A*77
23:20:47.649 << $GPGGA,042047.000,4153.0187,N,08748.2016,W,1,8,1.31,261.6,M,-34.0,M,,*62
23:20:47.653 << $GPGSA,A,3,14,30,07,01,17,02,22,19,,,,,2.41,1.31,2.02*0A
23:20:47.656 << $GPGSV,4,1,15,14,79,007,34,17,68,263,19,22,63,317,33,30,50,194,25*79
23:20:47.657 << $GPGSV,4,2,15,01,45,070,20,19,32,245,19,02,29,048,22,07,19,165,23*75
23:20:47.657 << $GPGSV,4,3,15,20,11,270,,06,05,196,,03,05,114,,08,04,064,*7C
23:20:47.658 << $GPGSV,4,4,15,15,04,298,,24,03,325,,45,,,*7E
23:20:47.660 << $GPRMC,042047.000,A,4153.0187,N,08748.2016,W,0.54,109.43,230107,,,A*7B
23:20:48.638 << $GPGGA,042048.000,4153.0186,N,08748.2014,W,1,8,1.31,261.6,M,-34.0,M,,*6E
23:20:48.641 << $GPGSA,A,3,14,30,07,01,17,02,22,19,,,,,2.40,1.31,2.02*0B
23:20:48.644 << $GPGSV,4,1,15,14,79,007,34,17,68,263,19,22,63,317,33,30,50,194,25*79
23:20:48.645 << $GPGSV,4,2,15,01,45,070,20,19,32,245,19,02,29,048,22,07,19,165,23*75
23:20:48.646 << $GPGSV,4,3,15,20,11,270,,06,05,196,,03,05,114,,08,04,064,*7C
23:20:48.647 << $GPGSV,4,4,15,15,04,298,,24,03,325,,45,,,*7E
23:20:48.648 << $GPRMC,042048.000,A,4153.0186,N,08748.2014,W,0.57,112.67,230107,,,A*78
23:20:49.631 << $GPGGA,042049.000,4153.0185,N,08748.2013,W,1,8,1.31,261.5,M,-34.0,M,,*68
23:20:49.636 << $GPGSA,A,3,14,30,07,01,17,02,22,19,,,,,2.40,1.31,2.02*0B
23:20:49.639 << $GPGSV,4,1,15,14,79,007,34,17,68,263,19,22,63,317,33,30,50,194,25*79
23:20:49.640 << $GPGSV,4,2,15,01,45,070,20,19,32,245,19,02,29,048,22,07,19,165,23*75
23:20:50.088 << $GPGSV,4,3,15,20,11,270,,06,05,196,,03,05,114,,08,04,064,*7C
23:20:50.089 << $GPGSV,4,4,15,15,04,298,,24,03,325,,45,,,*7E
23:20:50.092 << $GPRMC,042049.000,A,4153.0185,N,08748.2013,W,0.61,117.99,230107,,,A*7C
23:20:50.581 << $GPGGA,042050.000,4153.0184,N,08748.2005,W,1,8,1.31,261.3,M,-34.0,M,,*60
23:20:50.584 << $GPGSA,A,3,14,30,07,01,17,02,22,19,,,,,2.40,1.31,2.02*0B
23:20:50.586 << $GPGSV,4,1,15,14,79,007,34,17,68,263,20,22,63,317,33,30,50,194,25*73
23:20:50.587 << $GPGSV,4,2,15,01,45,070,21,19,32,245,19,02,29,048,22,07,19,165,23*74
23:20:50.588 << $GPGSV,4,3,15,20,11,270,,06,05,196,,03,05,114,,08,04,064,*7C
23:20:50.589 << $GPGSV,4,4,15,15,04,298,,24,03,325,,45,,,*7E
23:20:51.063 << $GPRMC,042050.000,A,4153.0184,N,08748.2005,W,0.60,119.36,230107,,,A*78
23:20:51.556 << $GPGGA,042051.000,4153.0182,N,08748.1997,W,1,8,1.31,261.3,M,-34.0,M,,*66
23:20:51.560 << $GPGSA,A,3,14,30,07,01,17,02,22,19,,,,,2.40,1.31,2.02*0B
23:20:51.562 << $GPGSV,4,1,15,14,79,007,34,17,68,263,19,22,63,317,33,30,50,194,25*79
23:20:51.563 << $GPGSV,4,2,15,01,45,070,21,19,32,245,20,02,29,048,22,07,19,165,22*7F
23:20:51.564 << $GPGSV,4,3,15,20,11,270,,06,05,196,,03,05,114,,08,04,064,*7C
23:20:51.565 << $GPGSV,4,4,15,15,04,298,,24,03,325,,45,,,*7E
23:20:51.566 << $GPRMC,042051.000,A,4153.0182,N,08748.1997,W,0.61,120.26,230107,,,A*74
23:20:52.548 << $GPGGA,042052.000,4153.0181,N,08748.1989,W,1,8,1.31,261.1,M,-34.0,M,,*6B
23:20:52.551 << $GPGSA,A,3,14,30,07,01,17,02,22,19,,,,,2.40,1.31,2.02*0B
23:20:52.553 << $GPGSV,4,1,15,14,79,007,33,17,68,263,19,22,63,317,33,30,50,194,25*7E
23:20:52.554 << $GPGSV,4,2,15,01,45,070,21,19,32,245,20,02,29,048,22,07,19,165,22*7F
23:20:52.555 << $GPGSV,4,3,15,20,11,270,,06,05,196,,03,05,114,,08,04,064,*7C
23:20:52.557 << $GPGSV,4,4,15,15,04,298,,24,03,325,,47,,,*7C
23:20:52.558 << $GPRMC,042052.000,A,4153.0181,N,08748.1989,W,0.65,120.00,230107,,,A*7B
23:20:53.538 << $GPGGA,042053.000,4153.0180,N,08748.1979,W,1,8,1.31,261.0,M,-34.0,M,,*65
23:20:53.542 << $GPGSA,A,3,14,30,07,01,17,02,22,19,,,,,2.40,1.31,2.02*0B
23:20:53.544 << $GPGSV,4,1,15,14,79,007,33,17,68,263,19,22,63,317,33,30,50,194,25*7E
23:20:53.545 << $GPGSV,4,2,15,01,45,070,21,19,32,245,20,02,29,048,22,07,19,165,22*7F
23:20:53.546 << $GPGSV,4,3,15,20,11,270,17,06,05,196,,03,05,114,,08,04,064,*7A
23:20:53.547 << $GPGSV,4,4,15,15,04,298,,24,03,325,,47,,,*7C
23:20:53.549 << $GPRMC,042053.000,A,4153.0180,N,08748.1979,W,0.71,117.98,230107,,,A*74
23:20:54.476 << $GPGGA,042054.000,4153.0180,N,08748.1977,W,1,8,1.31,260.9,M,-34.0,M,,*64
23:20:54.480 << $GPGSA,A,3,14,30,07,01,17,02,22,19,,,,,2.40,1.31,2.02*0B
23:20:54.482 << $GPGSV,4,1,15,14,79,007,33,17,68,263,19,22,63,317,33,30,50,194,25*7E
23:20:54.483 << $GPGSV,4,2,15,01,45,070,20,19,32,245,20,02,29,048,22,07,19,165,22*7E
23:20:54.484 << $GPGSV,4,3,15,20,11,270,17,06,05,196,,03,05,114,,08,04,064,15*7E
23:20:54.485 << $GPGSV,4,4,15,15,04,298,,24,03,325,,47,,,*7C
23:20:54.487 << $GPRMC,042054.000,A,4153.0180,N,08748.1977,W,0.72,114.92,230107,,,A*77
23:20:55.461 << $GPGGA,042055.000,4153.0176,N,08748.1974,W,1,9,1.01,260.3,M,-34.0,M,,*67
23:20:55.466 << $GPGSA,A,3,14,30,07,01,17,20,02,22,19,,,,1.67,1.01,1.33*0D
23:20:55.468 << $GPGSV,4,1,15,14,79,008,33,17,68,263,19,22,63,317,32,30,50,194,25*70
23:20:55.469 << $GPGSV,4,2,15,01,45,070,20,19,32,245,20,02,29,048,22,07,19,165,22*7E
23:20:55.470 << $GPGSV,4,3,15,20,11,270,16,06,05,196,,03,05,114,,08,04,064,15*7F
23:20:55.471 << $GPGSV,4,4,15,15,04,298,,24,03,325,,47,,,*7C
23:20:55.473 << $GPRMC,042055.000,A,4153.0176,N,08748.1974,W,0.76,114.99,230107,,,A*73
23:20:56.456 << $GPGGA,042056.000,4153.0172,N,08748.1972,W,1,9,1.00,259.8,M,-34.0,M,,*66
23:20:56.459 << $GPGSA,A,3,14,30,07,01,17,20,02,22,19,,,,1.28,1.00,0.80*0E
23:20:56.461 << $GPGSV,4,1,15,14,79,008,33,17,68,263,19,22,63,317,32,30,50,194,25*70
23:20:56.462 << $GPGSV,4,2,15,01,45,070,20,19,32,245,19,02,29,048,22,07,19,165,22*74
23:20:56.910 << $GPGSV,4,3,15,20,11,270,16,06,05,196,,03,05,114,,08,04,064,17*7D
23:20:56.911 << $GPGSV,4,4,15,24,03,325,,15,03,298,,47,,,*7B
23:20:56.913 << $GPRMC,042056.000,A,4153.0172,N,08748.1972,W,0.81,116.08,230107,,,A*70
23:20:57.408 << $GPGGA,042057.000,4153.0172,N,08748.1979,W,1,9,1.01,259.1,M,-34.0,M,,*64
23:20:57.411 << $GPGSA,A,3,14,30,07,01,17,20,02,22,19,,,,1.67,1.01,1.33*0D
23:20:57.413 << $GPGSV,4,1,15,14,79,008,34,17,68,263,18,22,63,317,32,30,50,194,26*75
23:20:57.414 << $GPGSV,4,2,15,01,45,070,21,19,32,245,19,02,29,048,22,07,19,165,23*74
23:20:57.895 << $GPGSV,4,3,15,20,11,270,17,06,05,196,,03,05,114,,08,04,064,*7A
23:20:57.896 << $GPGSV,4,4,15,24,03,325,,15,03,298,,47,,,*7B
23:20:57.898 << $GPRMC,042057.000,A,4153.0172,N,08748.1979,W,0.79,117.96,230107,,,A*7B
23:20:58.381 << $GPGGA,042058.000,4153.0169,N,08748.1979,W,1,9,1.01,258.4,M,-34.0,M,,*65
23:20:58.385 << $GPGSA,A,3,14,30,07,01,17,20,02,22,19,,,,1.67,1.01,1.33*0D
23:20:58.387 << $GPGSV,4,1,15,14,79,008,34,17,68,264,18,22,63,317,32,30,50,194,26*72
23:20:58.868 << $GPGSV,4,2,15,01,45,070,21,19,32,245,19,02,29,048,22,07,19,165,23*74
23:20:58.870 << $GPGSV,4,3,15,20,11,270,17,06,05,196,,03,05,114,,08,04,064,*7A
23:20:58.871 << $GPGSV,4,4,15,24,03,325,,15,03,298,,49,,,*75
23:20:58.872 << $GPRMC,042058.000,A,4153.0169,N,08748.1979,W,0.76,119.11,230107,,,A*70
23:20:59.358 << $GPGGA,042059.000,4153.0166,N,08748.1978,W,1,9,1.01,257.8,M,-34.0,M,,*69
23:20:59.362 << $GPGSA,A,3,14,30,07,01,17,20,02,22,19,,,,1.67,1.01,1.33*0D
23:20:59.364 << $GPGSV,4,1,15,14,79,008,34,17,68,264,18,22,63,317,32,30,50,194,26*72
23:20:59.365 << $GPGSV,4,2,15,01,45,070,22,19,32,245,19,02,29,048,22,07,19,165,23*77
23:20:59.838 << $GPGSV,4,3,15,20,11,270,16,06,05,196,,03,05,114,,08,04,064,*7B
23:20:59.839 << $GPGSV,4,4,15,24,03,325,,15,03,298,,49,,,*75
23:20:59.842 << $GPRMC,042059.000,A,4153.0166,N,08748.1978,W,0.73,120.29,230107,,,A*7B
23:21:00.828 << $GPGGA,042100.000,4153.0165,N,08748.1983,W,1,9,1.01,257.7,M,-34.0,M,,*6C
23:21:00.832 << $GPGSA,A,3,14,30,07,01,17,20,02,22,19,,,,1.67,1.01,1.33*0D
23:21:00.834 << $GPGSV,4,1,15,14,79,008,34,17,68,264,18,22,63,317,32,30,50,194,26*72
23:21:00.835 << $GPGSV,4,2,15,01,45,070,22,19,32,245,18,02,29,048,22,07,19,165,23*76
23:21:00.836 << $GPGSV,4,3,15,20,11,270,16,06,05,196,,03,05,114,,08,04,064,*7B
23:21:00.837 << $GPGSV,4,4,15,24,03,325,,15,03,298,,49,,,*75
23:21:00.839 << $GPRMC,042100.000,A,4153.0165,N,08748.1983,W,0.54,122.73,230107,,,A*79
23:21:01.826 << $GPGGA,042101.000,4153.0160,N,08748.1988,W,1,9,1.01,256.9,M,-34.0,M,,*6C
23:21:01.830 << $GPGSA,A,3,14,30,07,01,17,20,02,22,19,,,,1.67,1.01,1.33*0D
23:21:01.831 << $GPGSV,4,1,15,14,79,008,34,17,68,264,18,22,63,317,32,30,50,194,26*72
23:21:01.833 << $GPGSV,4,2,15,01,45,070,23,19,32,245,18,02,29,048,22,07,19,165,23*77
23:21:01.833 << $GPGSV,4,3,15,20,11,270,16,06,05,196,,03,05,114,,08,04,064,*7B
23:21:02.273 << $GPGSV,4,4,15,24,03,325,,15,03,298,,49,,,*75
23:21:02.276 << $GPRMC,042101.000,A,4153.0160,N,08748.1988,W,0.53,129.33,230107,,,A*7E
23:21:02.770 << $GPGGA,042102.000,4153.0159,N,08748.1994,W,1,9,1.01,256.4,M,-34.0,M,,*65
23:21:02.774 << $GPGSA,A,3,14,30,07,01,17,20,02,22,19,,,,1.67,1.01,1.33*0D
23:21:02.776 << $GPGSV,4,1,15,14,79,008,34,17,68,264,18,22,63,317,32,30,50,194,26*72
23:21:02.777 << $GPGSV,4,2,15,01,45,070,23,19,32,245,18,02,29,048,22,07,19,165,23*77
23:21:02.778 << $GPGSV,4,3,15,20,11,270,16,06,05,196,,03,05,114,,08,04,064,*7B
23:21:02.779 << $GPGSV,4,4,15,24,03,325,,15,03,298,,49,,,*75
23:21:02.781 << $GPRMC,042102.000,A,4153.0159,N,08748.1994,W,0.54,137.26,230107,,,A*76
23:21:03.754 << $GPGGA,042103.000,4153.0162,N,08748.2001,W,1,9,1.01,255.8,M,-34.0,M,,*65
23:21:03.758 << $GPGSA,A,3,14,30,07,01,17,20,02,22,19,,,,1.67,1.01,1.33*0D
23:21:03.761 << $GPGSV,4,1,15,14,79,008,34,17,68,264,18,22,63,317,32,30,50,194,26*72
23:21:04.224 << $GPGSV,4,2,15,01,45,070,24,19,32,245,18,02,29,048,22,07,19,165,23*70
23:21:04.226 << $GPGSV,4,3,15,20,11,270,16,06,05,196,,03,05,114,,08,04,064,*7B
23:21:04.227 << $GPGSV,4,4,15,24,03,325,,15,03,298,,49,,,*75
23:21:04.229 << $GPRMC,042103.000,A,4153.0162,N,08748.2001,W,0.46,143.03,230107,,,A*7E
23:21:04.714 << $GPGGA,042104.000,4153.0161,N,08748.2000,W,1,9,1.01,255.7,M,-34.0,M,,*6F
23:21:04.717 << $GPGSA,A,3,14,30,07,01,17,20,02,22,19,,,,1.67,1.01,1.33*0D
23:21:04.719 << $GPGSV,4,1,15,14,79,008,34,17,68,264,18,22,63,317,32,30,50,194,26*72
23:21:04.720 << $GPGSV,4,2,15,01,45,070,23,19,32,245,18,02,29,048,22,07,19,165,24*70
23:21:04.721 << $GPGSV,4,3,15,20,11,270,16,06,05,196,,03,05,114,,08,04,064,*7B
23:21:04.722 << $GPGSV,4,4,15,24,03,325,,15,03,298,,49,,,*75
23:21:04.723 << $GPRMC,042104.000,A,4153.0161,N,08748.2000,W,0.29,146.78,230107,,,A*7B
23:21:05.696 << $GPGGA,042105.000,4153.0160,N,08748.2000,W,1,8,1.02,255.6,M,-34.0,M,,*6C
23:21:05.699 << $GPGSA,A,3,14,30,07,01,20,02,22,19,,,,,1.79,1.02,1.47*04
23:21:05.701 << $GPGSV,4,1,15,14,79,008,34,17,68,264,17,22,63,317,32,30,50,194,26*7D
23:21:05.702 << $GPGSV,4,2,15,01,45,070,23,51,37,207,,19,32,245,17,02,29,048,23*70
23:21:05.703 << $GPGSV,4,3,15,07,19,165,24,20,11,270,16,06,05,196,,03,05,114,*7E
23:21:05.704 << $GPGSV,4,4,15,08,04,064,,24,04,324,,15,03,298,*40
23:21:05.705 << $GPRMC,042105.000,A,4153.0160,N,08748.2000,W,0.24,150.66,230107,,,A*7E
23:21:06.685 << $GPGGA,042106.000,4153.0159,N,08748.2000,W,1,9,1.01,255.4,M,-34.0,M,,*65
23:21:06.688 << $GPGSA,A,3,14,30,07,01,17,20,02,22,19,,,,1.67,1.01,1.33*0D
23:21:06.690 << $GPGSV,4,1,15,14,79,008,34,17,68,264,17,22,63,317,32,30,50,194,26*7D
23:21:06.691 << $GPGSV,4,2,15,01,45,070,23,51,37,207,,19,32,245,17,02,29,048,23*70
23:21:06.692 << $GPGSV,4,3,15,07,19,165,24,20,11,270,16,06,05,196,,03,05,114,*7E
23:21:07.156 << $GPGSV,4,4,15,08,04,064,,24,04,324,,15,03,298,*40
23:21:07.158 << $GPRMC,042106.000,A,4153.0159,N,08748.2000,W,0.23,154.13,230107,,,A*76
23:21:07.639 << $GPGGA,042107.000,4153.0159,N,08748.2000,W,1,9,1.01,255.3,M,-34.0,M,,*63
23:21:07.642 << $GPGSA,A,3,14,30,07,01,17,20,02,22,19,,,,1.67,1.01,1.33*0D
23:21:07.644 << $GPGSV,4,1,15,14,79,008,34,17,68,264,17,22,63,317,32,30,50,194,26*7D
23:21:07.645 << $GPGSV,4,2,15,01,45,070,23,51,37,207,,19,32,245,16,02,29,048,23*71
23:21:08.126 << $GPGSV,4,3,15,07,19,165,24,20,11,270,16,06,05,196,,03,05,114,*7E
23:21:08.126 << $GPGSV,4,4,15,08,04,064,,24,04,324,,15,03,298,*40
23:21:08.127 << $GPRMC,042107.000,A,4153.0159,N,08748.2000,W,0.07,153.09,230107,,,A*7D
23:21:08.617 << $GPGGA,042108.000,4153.0158,N,08748.2000,W,1,9,1.01,255.2,M,-34.0,M,,*6C
23:21:08.620 << $GPGSA,A,3,14,30,07,01,17,20,02,22,19,,,,1.67,1.01,1.33*0D
23:21:08.622 << $GPGSV,4,1,15,14,79,008,34,17,68,264,17,22,63,317,32,30,50,194,26*7D
23:21:08.623 << $GPGSV,4,2,15,01,45,070,24,51,37,207,,19,32,245,16,02,29,048,23*76
23:21:08.624 << $GPGSV,4,3,15,07,19,165,24,20,11,270,16,06,05,196,,03,05,114,*7E
23:21:08.625 << $GPGSV,4,4,15,08,04,064,,24,04,324,,15,03,298,*40
23:21:08.626 << $GPRMC,042108.000,A,4153.0158,N,08748.2000,W,0.13,154.34,230107,,,A*7F
23:21:09.608 << $GPGGA,042109.000,4153.0158,N,08748.2000,W,1,8,1.02,255.0,M,-34.0,M,,*6D
23:21:09.613 << $GPGSA,A,3,14,30,07,01,20,02,22,19,,,,,1.79,1.02,1.46*05
23:21:09.615 << $GPGSV,4,1,15,14,79,008,34,17,68,264,17,22,63,317,32,30,50,194,26*7D
23:21:09.617 << $GPGSV,4,2,15,01,45,070,24,51,37,207,,19,32,245,16,02,29,048,23*76
23:21:09.618 << $GPGSV,4,3,15,07,19,165,24,20,11,270,16,06,05,196,,03,05,114,*7E
23:21:09.619 << $GPGSV,4,4,15,08,04,064,,24,04,324,,15,03,298,*40
23:21:09.620 << $GPRMC,042109.000,A,4153.0158,N,08748.2000,W,0.16,153.01,230107,,,A*7A
23:21:10.609 << $GPGGA,042110.000,4153.0158,N,08748.1999,W,1,8,1.02,254.9,M,-34.0,M,,*67
23:21:10.613 << $GPGSA,A,3,14,30,07,01,20,02,22,19,,,,,1.79,1.02,1.47*04
23:21:10.615 << $GPGSV,4,1,15,14,79,008,34,17,68,264,17,22,63,317,32,30,50,194,27*7C
23:21:10.616 << $GPGSV,4,2,15,01,45,070,24,51,37,207,,19,32,245,15,02,29,048,23*75
23:21:10.617 << $GPGSV,4,3,15,07,19,165,24,20,11,270,16,06,05,196,,03,05,114,*7E
23:21:10.617 << $GPGSV,4,4,15,08,04,064,,24,04,324,,15,03,298,*40
23:21:10.619 << $GPRMC,042110.000,A,4153.0158,N,08748.1999,W,0.12,155.19,230107,,,A*73
23:21:11.590 << $GPGGA,042111.000,4153.0157,N,08748.1999,W,1,8,1.02,254.8,M,-34.0,M,,*68
23:21:11.594 << $GPGSA,A,3,14,30,07,01,20,02,22,19,,,,,1.79,1.02,1.46*05
23:21:11.597 << $GPGSV,4,1,15,14,79,008,34,17,68,264,16,22,63,317,32,30,50,193,27*7A
23:21:11.598 << $GPGSV,4,2,15,01,45,070,24,51,37,207,,19,32,245,15,02,29,048,23*75
23:21:11.599 << $GPGSV,4,3,15,07,19,165,24,20,11,270,16,06,05,196,,03,05,114,*7E
23:21:12.023 << $GPGSV,4,4,15,08,04,064,,24,04,324,,15,03,298,*40
23:21:12.025 << $GPRMC,042111.000,A,4153.0157,N,08748.1999,W,0.13,152.36,230107,,,A*76
23:21:12.513 << $GPGGA,042112.000,4153.0157,N,08748.1999,W,1,8,1.02,254.6,M,-34.0,M,,*65
23:21:12.517 << $GPGSA,A,3,14,30,07,01,20,02,22,19,,,,,1.79,1.02,1.46*05
23:21:12.519 << $GPGSV,4,1,15,14,79,008,34,17,68,264,16,22,63,317,32,30,50,193,27*7A
23:21:12.520 << $GPGSV,4,2,15,01,45,070,24,51,37,207,,19,32,245,15,02,29,048,24*72
23:21:12.521 << $GPGSV,4,3,15,07,19,165,24,20,11,270,16,06,05,196,,03,05,114,*7E
23:21:12.522 << $GPGSV,4,4,15,08,04,064,,24,04,324,,15,03,298,*40
23:21:12.524 << $GPRMC,042112.000,A,4153.0157,N,08748.1999,W,0.03,152.36,230107,,,A*74
23:21:13.502 << $GPGGA,042113.000,4153.0157,N,08748.1999,W,1,8,1.02,254.4,M,-34.0,M,,*66
23:21:13.506 << $GPGSA,A,3,14,30,07,01,20,02,22,19,,,,,1.79,1.02,1.46*05
23:21:13.508 << $GPGSV,4,1,15,14,79,008,34,17,68,264,16,22,63,317,32,30,50,193,27*7A
23:21:13.509 << $GPGSV,4,2,15,01,45,070,24,51,37,207,,19,32,245,15,02,29,048,24*72
23:21:13.510 << $GPGSV,4,3,15,07,19,165,24,20,11,270,16,06,05,196,,03,05,114,*7E
23:21:13.511 << $GPGSV,4,4,15,08,04,064,,24,04,324,,15,03,298,*40
23:21:13.512 << $GPRMC,042113.000,A,4153.0157,N,08748.1999,W,0.06,152.36,230107,,,A*70
23:21:14.495 << $GPGGA,042114.000,4153.0157,N,08748.1999,W,1,9,1.01,254.3,M,-34.0,M,,*64
23:21:14.499 << $GPGSA,A,3,14,30,07,01,17,20,02,22,19,,,,1.67,1.01,1.33*0D
23:21:14.501 << $GPGSV,4,1,15,14,79,008,34,17,68,264,16,22,63,317,32,30,50,193,27*7A
23:21:14.502 << $GPGSV,4,2,15,01,45,070,24,44,33,219,,19,32,245,15,02,29,048,24*7D
23:21:14.503 << $GPGSV,4,3,15,07,19,165,24,20,11,270,16,06,05,196,,03,05,114,*7E
23:21:14.504 << $GPGSV,4,4,15,08,04,064,,24,04,324,,15,03,298,*40
23:21:14.505 << $GPRMC,042114.000,A,4153.0157,N,08748.1999,W,0.14,152.36,230107,,,A*74
23:21:15.486 << $GPGGA,042115.000,4153.0157,N,08748.2000,W,1,8,1.02,254.1,M,-34.0,M,,*6F
23:21:15.489 << $GPGSA,A,3,14,30,07,01,20,02,22,19,,,,,1.79,1.02,1.46*05
23:21:15.492 << $GPGSV,4,1,15,14,79,008,34,17,68,264,16,22,63,317,32,30,50,193,27*7A
23:21:15.493 << $GPGSV,4,2,15,01,45,070,24,44,33,219,,19,32,245,15,02,28,048,24*7C
23:21:15.494 << $GPGSV,4,3,15,07,19,165,24,20,11,270,16,06,05,196,,03,05,114,*7E
23:21:15.495 << $GPGSV,4,4,15,08,04,064,,24,04,324,,15,03,298,*40
23:21:15.497 << $GPRMC,042115.000,A,4153.0157,N,08748.2000,W,0.31,152.36,230107,,,A*78
23:21:16.465 << $GPGGA,042116.000,4153.0158,N,08748.2001,W,1,9,1.01,253.9,M,-34.0,M,,*6F
23:21:16.469 << $GPGSA,A,3,14,30,07,01,17,20,02,22,19,,,,1.67,1.01,1.33*0D
23:21:16.471 << $GPGSV,4,1,15,14,79,008,34,17,68,264,16,22,63,317,32,30,50,193,27*7A
23:21:16.473 << $GPGSV,4,2,15,01,45,070,24,44,33,219,,19,32,245,15,02,28,048,24*7C
23:21:16.474 << $GPGSV,4,3,15,07,19,165,24,20,11,270,16,06,05,196,,03,05,114,*7E
23:21:16.902 << $GPGSV,4,4,15,08,04,064,,24,04,324,,15,03,298,*40
23:21:16.903 << $GPRMC,042116.000,A,4153.0158,N,08748.2001,W,0.36,152.36,230107,,,A*72
23:21:17.392 << $GPGGA,042117.000,4153.0159,N,08748.2002,W,1,8,1.05,253.8,M,-34.0,M,,*68
23:21:17.395 << $GPGSA,A,3,14,30,07,01,17,20,02,22,,,,,1.70,1.05,1.33*07
23:21:17.397 << $GPGSV,4,1,15,14,79,008,34,17,68,264,16,22,63,317,32,30,50,193,27*7A
23:21:17.398 << $GPGSV,4,2,15,01,45,070,24,44,33,219,,19,32,245,,02,28,048,24*78
23:21:17.399 << $GPGSV,4,3,15,07,19,165,24,20,11,270,17,06,05,196,,03,05,114,*7F
23:21:17.400 << $GPGSV,4,4,15,08,04,064,,24,04,324,,15,03,298,*40
23:21:17.401 << $GPRMC,042117.000,A,4153.0159,N,08748.2002,W,0.34,298.60,230107,,,A*75
23:21:18.385 << $GPGGA,042118.000,4153.0159,N,08748.2003,W,1,8,1.04,253.6,M,-34.0,M,,*69
23:21:18.386 << $GPGSA,A,3,14,30,07,01,17,20,02,22,,,,,1.31,1.04,0.80*0A
23:21:18.387 << $GPGSV,4,1,15,14,79,008,34,17,68,264,16,22,63,317,32,30,50,193,28*75
23:21:18.387 << $GPGSV,4,2,15,01,45,070,24,44,33,219,,19,32,245,,02,28,048,24*78
23:21:18.852 << $GPGSV,4,3,15,07,19,165,24,20,11,270,17,06,05,196,,03,05,114,*7F
23:21:18.854 << $GPGSV,4,4,15,08,04,064,,24,04,324,,15,03,298,*40
23:21:18.856 << $GPRMC,042118.000,A,4153.0159,N,08748.2003,W,0.40,295.88,230107,,,A*73
23:21:19.846 << $GPGGA,042119.000,4153.0159,N,08748.2005,W,1,8,1.05,253.4,M,-34.0,M,,*6D
23:21:19.850 << $GPGSA,A,3,14,30,07,01,17,20,02,22,,,,,1.70,1.05,1.33*07
23:21:19.852 << $GPGSV,4,1,15,14,79,008,34,17,68,264,17,22,63,317,32,30,50,193,28*74
23:21:19.853 << $GPGSV,4,2,15,01,45,070,24,44,33,219,,19,32,245,,02,28,048,24*78
23:21:19.854 << $GPGSV,4,3,15,07,19,165,24,20,11,270,17,06,05,196,,03,05,114,*7F
23:21:19.855 << $GPGSV,4,4,15,08,04,064,,24,04,324,,15,03,298,*40
23:21:19.856 << $GPRMC,042119.000,A,4153.0159,N,08748.2005,W,0.41,295.31,230107,,,A*77
23:21:20.837 << $GPGGA,042120.000,4153.0159,N,08748.2006,W,1,8,1.05,253.3,M,-34.0,M,,*63
23:21:20.841 << $GPGSA,A,3,14,30,07,01,17,20,02,22,,,,,1.70,1.05,1.33*07
23:21:20.843 << $GPGSV,4,1,15,14,79,008,34,17,68,264,18,22,63,317,32,30,50,193,28*7B
23:21:20.844 << $GPGSV,4,2,15,01,45,070,24,44,33,219,,19,32,245,,02,28,048,24*78
23:21:21.294 << $GPGSV,4,3,15,07,19,165,24,20,11,270,17,06,05,196,,03,05,114,*7F
23:21:21.295 << $GPGSV,4,4,15,08,04,064,,24,04,324,,15,03,298,*40
23:21:21.297 << $GPRMC,042120.000,A,4153.0159,N,08748.2006,W,0.33,294.33,230107,,,A*78
23:21:22.267 << $GPGGA,042121.000,4153.0160,N,08748.2008,W,1,8,1.05,253.1,M,-34.0,M,,*64
23:21:22.271 << $GPGSA,A,3,14,30,07,01,17,20,02,22,,,,,1.70,1.05,1.33*07
23:21:22.272 << $GPGSV,4,1,15,14,79,008,34,17,68,264,20,22,63,317,32,30,50,193,28*70
23:21:22.273 << $GPGSV,4,2,15,01,45,070,25,44,33,219,,19,32,245,,02,28,048,25*78
23:21:22.274 << $GPGSV,4,3,15,07,19,165,23,20,11,270,17,06,05,196,,03,05,114,*78
23:21:22.275 << $GPGSV,4,4,15,08,04,064,,24,04,324,,15,03,298,*40
23:21:22.748 << $GPRMC,042121.000,A,4153.0160,N,08748.2008,W,0.41,282.05,230107,,,A*7A
23:21:22.807 << $GPGGA,042122.000,4153.0160,N,08748.2009,W,1,8,1.05,253.0,M,-34.0,M,,*67
23:21:22.810 << $GPGSA,A,3,14,30,07,01,17,20,02,22,,,,,1.70,1.05,1.33*07
23:21:22.812 << $GPGSV,4,1,15,14,79,008,34,17,68,264,20,22,63,317,32,30,50,193,28*70
23:21:22.813 << $GPGSV,4,2,15,01,45,070,26,44,33,219,,19,32,245,,02,28,048,25*7B
23:21:23.235 << $GPGSV,4,3,15,07,19,165,23,20,11,270,17,06,05,196,,03,05,114,*78
23:21:23.237 << $GPGSV,4,4,15,08,04,064,,24,04,324,,15,03,298,*40
23:21:23.239 << $GPRMC,042122.000,A,4153.0160,N,08748.2009,W,0.44,275.79,230107,,,A*7E
23:21:23.726 << $GPGGA,042123.000,4153.0159,N,08748.2011,W,1,9,1.01,252.8,M,-34.0,M,,*69
23:21:23.730 << $GPGSA,A,3,14,30,07,01,17,20,02,19,22,,,,1.67,1.01,1.33*0D
23:21:23.732 << $GPGSV,4,1,15,14,79,008,34,17,68,264,21,22,63,317,32,30,50,193,28*71
23:21:23.733 << $GPGSV,4,2,15,01,45,070,27,44,33,219,,19,32,245,20,02,28,048,25*78
23:21:23.734 << $GPGSV,4,3,15,07,19,165,23,20,11,270,18,06,05,196,,03,05,114,*77
23:21:23.735 << $GPGSV,4,4,15,08,04,064,,24,04,324,,15,03,298,*40
23:21:23.736 << $GPRMC,042123.000,A,4153.0159,N,08748.2011,W,0.35,267.60,230107,,,A*71
23:21:24.714 << $GPGGA,042124.000,4153.0159,N,08748.2012,W,1,9,1.01,252.6,M,-34.0,M,,*63
23:21:24.718 << $GPGSA,A,3,14,30,07,01,17,20,02,19,22,,,,1.67,1.01,1.33*0D
23:21:24.720 << $GPGSV,4,1,15,14,79,008,34,17,68,264,21,22,63,317,32,30,50,193,28*71
23:21:24.722 << $GPGSV,4,2,15,01,45,070,27,19,32,245,20,02,28,048,25,48,28,228,*7C
23:21:24.722 << $GPGSV,4,3,15,07,19,165,22,20,11,270,19,06,05,196,,03,05,114,*77
23:21:24.723 << $GPGSV,4,4,15,08,04,064,,24,04,324,,15,03,298,*40
23:21:24.725 << $GPRMC,042124.000,A,4153.0159,N,08748.2012,W,0.37,258.45,230107,,,A*7C
23:21:25.706 << $GPGGA,042125.000,4153.0158,N,08748.2013,W,1,9,1.01,252.4,M,-34.0,M,,*60
23:21:25.710 << $GPGSA,A,3,14,30,07,01,17,20,02,19,22,,,,1.67,1.01,1.33*0D
23:21:25.713 << $GPGSV,4,1,15,14,79,008,34,17,68,264,21,22,63,317,32,30,50,193,28*71
23:21:25.714 << $GPGSV,4,2,15,01,45,070,26,19,32,245,17,02,28,048,25,48,28,228,*79
23:21:25.715 << $GPGSV,4,3,15,07,19,165,21,20,11,270,19,06,05,196,,03,05,114,*74
23:21:25.715 << $GPGSV,4,4,15,08,04,064,,24,04,324,,15,03,298,*40
23:21:25.717 << $GPRMC,042125.000,A,4153.0158,N,08748.2013,W,0.36,251.78,230107,,,A*7B
23:21:26.693 << $GPGGA,042126.000,4153.0158,N,08748.2014,W,1,9,1.01,252.3,M,-34.0,M,,*63
23:21:26.697 << $GPGSA,A,3,14,30,07,01,17,20,02,19,22,,,,1.67,1.01,1.33*0D
23:21:26.698 << $GPGSV,4,1,15,14,79,008,34,17,68,264,21,22,63,317,32,30,50,193,28*71
23:21:26.699 << $GPGSV,4,2,15,01,45,070,26,19,32,245,17,02,28,048,25,48,28,228,*79
23:21:26.700 << $GPGSV,4,3,15,07,19,165,21,20,11,270,19,06,05,196,,03,05,114,*74
23:21:26.701 << $GPGSV,4,4,15,08,04,064,17,24,04,324,,15,03,298,*46
23:21:27.139 << $GPRMC,042126.000,A,4153.0158,N,08748.2014,W,0.31,251.15,230107,,,A*73
23:21:27.630 << $GPGGA,042127.000,4153.0157,N,08748.2016,W,1,9,1.01,252.1,M,-34.0,M,,*6D
23:21:27.634 << $GPGSA,A,3,14,30,07,01,17,20,02,19,22,,,,1.67,1.01,1.33*0D
23:21:27.636 << $GPGSV,4,1,15,14,79,009,34,17,68,264,22,22,63,317,32,30,50,193,28*73
23:21:27.637 << $GPGSV,4,2,15,01,45,070,26,19,32,245,20,02,28,048,24,48,28,228,*7C
23:21:28.616 << $GPGSV,4,3,15,07,19,165,21,20,11,270,18,06,05,196,,03,05,114,*75
23:21:28.618 << $GPGSV,4,4,15,08,04,064,15,24,04,324,,15,03,298,*44
23:21:28.620 << $GPRMC,042127.000,A,4153.0157,N,08748.2016,W,0.38,249.34,230107,,,A*7C
23:21:28.622 << $GPGGA,042128.000,4153.0157,N,08748.2017,W,1,9,1.01,251.9,M,-34.0,M,,*68
23:21:28.625 << $GPGSA,A,3,14,30,07,01,17,20,02,19,22,,,,1.67,1.01,1.33*0D
23:21:28.627 << $GPGSV,4,1,15,14,79,009,34,17,68,264,22,22,63,317,32,30,50,193,28*73
23:21:28.628 << $GPGSV,4,2,15,01,45,070,26,19,32,245,20,02,28,048,24,48,28,228,*7C
23:21:29.089 << $GPGSV,4,3,15,07,19,165,20,20,11,270,18,06,05,196,,03,05,114,*74
23:21:29.091 << $GPGSV,4,4,15,08,04,064,15,24,04,324,,15,03,297,*4B
23:21:29.093 << $GPRMC,042128.000,A,4153.0157,N,08748.2017,W,0.46,250.78,230107,,,A*7B
23:21:29.579 << $GPGGA,042129.000,4153.0157,N,08748.2019,W,1,9,1.01,251.7,M,-34.0,M,,*69
23:21:29.582 << $GPGSA,A,3,14,30,07,01,17,20,02,19,22,,,,1.67,1.01,1.33*0D
23:21:29.584 << $GPGSV,4,1,15,14,79,009,34,17,68,264,23,22,63,317,32,30,50,193,28*72
23:21:29.585 << $GPGSV,4,2,15,01,45,070,26,19,32,245,19,02,28,048,24,48,28,228,29*7D
23:21:29.586 << $GPGSV,4,3,15,07,19,165,20,20,11,270,18,06,05,196,,03,05,114,*74
23:21:29.586 << $GPGSV,4,4,15,08,04,064,16,24,04,324,,15,03,297,*48
23:21:29.588 << $GPRMC,042129.000,A,4153.0157,N,08748.2019,W,0.43,247.79,230107,,,A*76
23:21:30.572 << $GPGGA,042130.000,4153.0156,N,08748.2020,W,1,9,1.01,251.5,M,-34.0,M,,*68
23:21:30.576 << $GPGSA,A,3,14,30,07,01,17,20,02,19,22,,,,1.67,1.01,1.33*0D
23:21:30.578 << $GPGSV,4,1,15,14,79,009,34,17,68,264,23,22,63,317,32,30,50,193,28*72
23:21:30.579 << $GPGSV,4,2,15,01,45,070,26,19,32,245,19,02,28,048,24,48,28,228,29*7D
23:21:30.580 << $GPGSV,4,3,15,07,19,165,20,20,11,270,18,06,05,196,,03,05,114,*74
23:21:30.581 << $GPGSV,4,4,15,08,04,064,16,24,04,324,,15,03,297,*48
23:21:30.582 << $GPRMC,042130.000,A,4153.0156,N,08748.2020,W,0.36,241.66,230107,,,A*7F
23:21:31.559 << $GPGGA,042131.000,4153.0155,N,08748.2021,W,1,9,1.01,251.3,M,-34.0,M,,*6D
23:21:31.563 << $GPGSA,A,3,14,30,07,01,17,20,02,19,22,,,,1.67,1.01,1.33*0D
23:21:31.565 << $GPGSV,4,1,15,14,79,009,34,17,68,264,23,22,63,317,32,30,50,193,28*72
23:21:31.566 << $GPGSV,4,2,15,01,45,070,26,19,32,245,20,02,28,048,24,48,28,228,29*77
23:21:31.567 << $GPGSV,4,3,15,07,19,165,20,20,11,270,18,06,05,196,,03,05,114,*74
23:21:32.010 << $GPGSV,4,4,15,08,04,064,16,24,04,324,,15,03,297,*48
23:21:32.012 << $GPRMC,042131.000,A,4153.0155,N,08748.2021,W,0.48,232.62,230107,,,A*75
23:21:32.503 << $GPGGA,042132.000,4153.0154,N,08748.2022,W,1,9,1.01,251.1,M,-34.0,M,,*6E
23:21:32.506 << $GPGSA,A,3,14,30,07,01,17,20,02,19,22,,,,1.67,1.01,1.33*0D
23:21:32.509 << $GPGSV,4,1,15,14,79,009,34,17,68,264,23,22,63,317,32,30,50,193,28*72
23:21:32.510 << $GPGSV,4,2,15,01,45,070,26,19,32,245,20,02,28,048,24,48,28,228,29*77
23:21:32.511 << $GPGSV,4,3,15,07,19,165,20,20,11,270,18,06,05,196,,03,05,114,*74
23:21:32.511 << $GPGSV,4,4,15,08,04,064,16,24,04,324,,15,03,297,*48
23:21:32.513 << $GPRMC,042132.000,A,4153.0154,N,08748.2022,W,0.42,226.85,230107,,,A*72
23:21:33.492 << $GPGGA,042133.000,4153.0153,N,08748.2023,W,1,9,1.01,250.8,M,-34.0,M,,*61
23:21:33.496 << $GPGSA,A,3,14,30,07,01,17,20,02,19,22,,,,1.67,1.01,1.33*0D
23:21:33.498 << $GPGSV,4,1,15,14,79,009,34,17,68,264,24,22,63,317,32,30,50,193,28*75
23:21:33.499 << $GPGSV,4,2,15,01,45,070,26,19,32,245,20,02,28,048,24,48,28,228,29*77
23:21:33.500 << $GPGSV,4,3,15,07,19,165,20,20,11,270,18,06,05,196,,03,05,114,*74
23:21:33.501 << $GPGSV,4,4,15,08,04,064,16,24,04,324,,15,03,297,*48
23:21:33.502 << $GPRMC,042133.000,A,4153.0153,N,08748.2023,W,0.40,224.66,230107,,,A*78
23:21:34.484 << $GPGGA,042134.000,4153.0152,N,08748.2024,W,1,9,1.01,250.6,M,-34.0,M,,*6E
23:21:34.487 << $GPGSA,A,3,14,30,07,01,17,20,02,19,22,,,,1.67,1.01,1.33*0D
23:21:34.489 << $GPGSV,4,1,15,14,79,009,34,17,68,264,24,22,63,317,32,30,50,193,28*75
23:21:34.491 << $GPGSV,4,2,15,01,45,070,26,19,32,245,20,02,28,048,24,48,28,228,29*77
23:21:34.492 << $GPGSV,4,3,15,07,19,165,20,20,11,270,18,06,05,196,,03,05,114,*74
23:21:34.493 << $GPGSV,4,4,15,08,04,064,16,24,04,324,,15,03,297,*48
23:21:34.494 << $GPRMC,042134.000,A,4153.0152,N,08748.2024,W,0.41,225.82,230107,,,A*73
23:21:35.474 << $GPGGA,042135.000,4153.0152,N,08748.2025,W,1,9,1.01,250.4,M,-34.0,M,,*6C
23:21:35.479 << $GPGSA,A,3,14,30,07,01,17,20,02,19,22,,,,1.67,1.01,1.33*0D
23:21:35.481 << $GPGSV,4,1,15,14,79,009,34,17,68,264,24,22,64,318,32,30,50,193,28*7D
23:21:35.482 << $GPGSV,4,2,15,01,45,070,26,19,32,245,21,02,28,048,24,48,28,228,29*76
23:21:35.483 << $GPGSV,4,3,15,07,19,165,20,20,11,270,18,06,05,196,,03,05,114,*74
23:21:35.483 << $GPGSV,4,4,15,08,04,064,16,24,04,324,,15,03,297,*48
23:21:35.485 << $GPRMC,042135.000,A,4153.0152,N,08748.2025,W,0.42,228.37,230107,,,A*73
23:21:36.403 << $GPGGA,042136.000,4153.0151,N,08748.2026,W,1,9,1.01,250.1,M,-34.0,M,,*6A
23:21:36.406 << $GPGSA,A,3,14,30,07,01,17,20,02,19,22,,,,1.67,1.01,1.33*0D
23:21:36.409 << $GPGSV,4,1,15,14,79,009,34,17,68,264,25,22,64,318,32,30,50,193,28*7C
23:21:36.410 << $GPGSV,4,2,15,01,45,070,26,19,32,245,21,02,28,048,24,48,28,228,29*76
23:21:36.411 << $GPGSV,4,3,15,07,19,165,20,20,11,270,18,06,05,196,,03,05,114,*74
23:21:36.889 << $GPGSV,4,4,15,08,04,064,16,24,04,324,,15,03,297,*48
23:21:36.891 << $GPRMC,042136.000,A,4153.0151,N,08748.2026,W,0.41,230.50,230107,,,A*7B
23:21:37.876 << $GPGGA,042137.000,4153.0150,N,08748.2028,W,1,9,1.01,249.9,M,-34.0,M,,*64
23:21:37.880 << $GPGSA,A,3,14,30,07,01,17,20,02,19,22,,,,1.67,1.01,1.33*0D
23:21:37.882 << $GPGSV,4,1,15,14,79,009,34,17,68,264,26,22,64,318,32,30,50,193,28*7F
23:21:37.883 << $GPGSV,4,2,15,01,45,070,26,19,32,245,20,02,28,048,24,48,28,228,*7C
23:21:37.884 << $GPGSV,4,3,15,07,19,165,20,20,11,270,18,06,05,196,,03,05,114,*74
23:21:37.885 << $GPGSV,4,4,15,08,04,064,16,24,04,324,,15,03,297,*48
23:21:37.886 << $GPRMC,042137.000,A,4153.0150,N,08748.2028,W,0.39,232.95,230107,,,A*71
23:21:38.871 << $GPGGA,042138.000,4153.0150,N,08748.2029,W,1,9,1.01,249.6,M,-34.0,M,,*65
23:21:38.876 << $GPGSA,A,3,14,30,07,01,17,20,02,19,22,,,,1.67,1.01,1.33*0D
23:21:38.878 << $GPGSV,4,1,15,14,79,009,34,17,68,264,26,22,64,318,32,30,50,193,28*7F
23:21:38.879 << $GPGSV,4,2,15,01,45,070,26,19,32,245,20,02,28,048,25,48,28,228,29*76
23:21:38.880 << $GPGSV,4,3,15,07,19,165,21,20,11,270,18,06,05,196,,03,05,114,*75
23:21:38.880 << $GPGSV,4,4,15,08,04,064,16,24,04,324,,15,03,297,*48
23:21:38.882 << $GPRMC,042138.000,A,4153.0150,N,08748.2029,W,0.52,235.49,230107,,,A*74
23:21:39.861 << $GPGGA,042139.000,4153.0149,N,08748.2031,W,1,9,1.01,249.3,M,-34.0,M,,*60
23:21:39.865 << $GPGSA,A,3,14,30,07,01,17,20,02,19,22,,,,1.67,1.01,1.33*0D
23:21:39.867 << $GPGSV,4,1,15,14,79,009,35,17,68,264,26,22,64,318,32,30,50,193,28*7E
23:21:39.868 << $GPGSV,4,2,15,01,45,070,26,19,32,245,19,02,28,048,25,48,28,228,29*7C
23:21:39.869 << $GPGSV,4,3,15,07,19,165,21,20,11,270,18,06,05,196,,03,05,114,*75
23:21:39.869 << $GPGSV,4,4,15,08,04,064,16,24,04,324,,15,03,297,*48
23:21:39.871 << $GPRMC,042139.000,A,4153.0149,N,08748.2031,W,0.45,237.87,230107,,,A*72
23:21:40.791 << $GPGGA,042140.000,4153.0149,N,08748.2032,W,1,9,1.01,249.1,M,-34.0,M,,*6F
23:21:40.794 << $GPGSA,A,3,14,30,07,01,17,20,02,19,22,,,,1.67,1.01,1.33*0D
23:21:40.797 << $GPGSV,4,1,15,14,79,009,35,17,68,264,26,22,64,318,32,30,50,193,28*7E
23:21:40.798 << $GPGSV,4,2,15,01,45,070,26,19,32,245,19,02,28,048,25,48,28,228,28*7D
23:21:40.799 << $GPGSV,4,3,15,07,19,165,21,20,11,270,18,06,05,196,,03,05,114,*75
23:21:40.800 << $GPGSV,4,4,15,08,04,064,16,24,04,324,,15,03,297,*48
23:21:40.802 << $GPRMC,042140.000,A,4153.0149,N,08748.2032,W,0.43,243.29,230107,,,A*7E
23:21:41.785 << $GPGGA,042141.000,4153.0148,N,08748.2034,W,1,9,1.01,248.8,M,-34.0,M,,*61
23:21:41.789 << $GPGSA,A,3,14,30,07,01,17,20,02,19,22,,,,1.67,1.01,1.33*0D
23:21:41.791 << $GPGSV,4,1,15,14,79,009,35,17,68,264,26,22,64,318,32,30,50,193,28*7E
23:21:41.792 << $GPGSV,4,2,15,01,45,070,26,19,32,245,19,02,28,048,25,48,28,228,29*7C
23:21:41.793 << $GPGSV,4,3,15,07,19,165,21,20,11,270,18,06,05,196,,03,05,114,*75
23:21:42.251 << $GPGSV,4,4,15,08,04,064,16,24,04,324,,15,03,297,*48
23:21:42.253 << $GPRMC,042141.000,A,4153.0148,N,08748.2034,W,0.55,249.78,230107,,,A*71
23:21:42.745 << $GPGGA,042142.000,4153.0148,N,08748.2036,W,1,9,1.01,248.5,M,-34.0,M,,*6D
23:21:42.748 << $GPGSA,A,3,14,30,07,01,17,20,02,19,22,,,,1.67,1.01,1.33*0D
23:21:42.750 << $GPGSV,4,1,15,14,79,009,35,17,68,264,26,22,64,318,32,30,50,193,28*7E
23:21:42.751 << $GPGSV,4,2,15,01,45,070,26,19,32,245,18,02,28,048,25,46,26,232,*7D
23:21:43.226 << $GPGSV,4,3,15,07,19,165,20,20,11,270,18,06,05,196,,03,05,114,*74
23:21:43.227 << $GPGSV,4,4,15,08,04,064,16,24,04,324,,15,03,297,*48
23:21:43.229 << $GPRMC,042142.000,A,4153.0148,N,08748.2036,W,0.56,256.26,230107,,,A*76
23:21:43.713 << $GPGGA,042143.000,4153.0149,N,08748.2038,W,1,9,1.00,248.2,M,-34.0,M,,*65
23:21:43.716 << $GPGSA,A,3,14,30,07,01,17,20,02,19,22,,,,1.28,1.00,0.80*0E
23:21:43.718 << $GPGSV,4,1,15,14,79,009,35,17,68,264,26,22,64,318,32,30,49,193,28*76
23:21:43.719 << $GPGSV,4,2,15,01,45,070,26,19,32,245,18,02,28,048,25,46,26,232,*7D
23:21:43.720 << $GPGSV,4,3,15,07,19,165,20,20,11,270,18,06,05,196,,03,05,114,*74
23:21:43.720 << $GPGSV,4,4,15,08,04,064,16,24,04,324,,15,03,297,*48
23:21:43.722 << $GPRMC,042143.000,A,4153.0149,N,08748.2038,W,0.63,265.12,230107,,,A*79
23:21:44.693 << $GPGGA,042144.000,4153.0152,N,08748.2045,W,1,9,1.01,247.2,M,-34.0,M,,*6C
23:21:44.696 << $GPGSA,A,3,14,30,07,01,17,20,02,19,22,,,,1.67,1.01,1.33*0D
23:21:44.698 << $GPGSV,4,1,15,14,79,009,35,17,68,264,26,22,64,318,32,30,49,193,28*76
23:21:44.699 << $GPGSV,4,2,15,01,45,070,26,19,32,245,18,02,28,048,25,46,26,232,*7D
23:21:44.700 << $GPGSV,4,3,15,07,19,165,20,20,11,270,18,06,05,196,,03,05,114,*74
23:21:44.700 << $GPGSV,4,4,15,08,04,064,16,24,04,324,,15,03,297,*48
23:21:44.702 << $GPRMC,042144.000,A,4153.0152,N,08748.2045,W,0.63,270.99,230107,,,A*79
23:21:45.685 << $GPGGA,042145.000,4153.0154,N,08748.2044,W,1,9,1.01,246.2,M,-34.0,M,,*6B
23:21:45.688 << $GPGSA,A,3,14,30,07,01,17,20,02,19,22,,,,1.67,1.01,1.33*0D
23:21:45.690 << $GPGSV,4,1,15,14,79,009,35,17,68,264,26,22,64,318,32,30,49,193,28*76
23:21:45.692 << $GPGSV,4,2,15,01,45,070,26,19,32,245,18,02,28,048,25,46,26,232,*7D
23:21:45.693 << $GPGSV,4,3,15,07,19,165,20,20,11,270,19,06,05,196,,03,05,114,*75
23:21:45.693 << $GPGSV,4,4,15,08,04,064,16,24,04,324,,15,03,297,*48
23:21:45.695 << $GPRMC,042145.000,A,4153.0154,N,08748.2044,W,0.58,277.52,230107,,,A*77
23:21:46.678 << $GPGGA,042146.000,4153.0156,N,08748.2046,W,1,9,1.01,245.6,M,-34.0,M,,*6F
23:21:46.679 << $GPGSA,A,3,14,30,07,01,17,20,02,19,22,,,,1.67,1.01,1.33*0D
23:21:46.680 << $GPGSV,4,1,15,14,79,009,35,17,68,264,27,22,64,318,32,30,49,193,28*77
23:21:46.680 << $GPGSV,4,2,15,01,45,070,26,19,32,245,18,02,28,048,25,46,26,232,*7D
23:21:46.681 << $GPGSV,4,3,15,07,19,165,20,20,11,270,19,06,05,196,,03,05,114,*75
23:21:47.127 << $GPGSV,4,4,15,08,04,064,16,24,04,324,,15,03,297,*48
23:21:47.129 << $GPRMC,042146.000,A,4153.0156,N,08748.2046,W,0.53,280.92,230107,,,A*7B
23:21:47.612 << $GPGGA,042147.000,4153.0158,N,08748.2051,W,1,9,1.01,245.1,M,-34.0,M,,*61
23:21:47.616 << $GPGSA,A,3,14,30,07,01,17,20,02,19,22,,,,1.67,1.01,1.33*0D
23:21:47.619 << $GPGSV,4,1,15,14,79,009,35,17,68,264,28,22,64,318,31,30,49,193,28*7B
23:21:47.620 << $GPGSV,4,2,15,01,45,070,26,19,32,245,18,02,28,047,25,46,26,232,*72
23:21:47.676 << $GPGSV,4,3,15,07,19,165,20,20,11,270,19,06,05,196,,03,05,114,*75
23:21:47.677 << $GPGSV,4,4,15,08,04,064,16,24,04,324,,15,03,297,*48
23:21:47.679 << $GPRMC,042147.000,A,4153.0158,N,08748.2051,W,0.53,285.28,230107,,,A*76
23:21:48.592 << $GPGGA,042148.000,4153.0161,N,08748.2056,W,1,9,1.01,244.4,M,-34.0,M,,*67
23:21:48.596 << $GPGSA,A,3,14,30,07,01,17,20,02,19,22,,,,1.67,1.01,1.33*0D
23:21:48.597 << $GPGSV,4,1,15,14,79,009,35,17,68,264,27,22,64,318,31,30,49,193,28*74
23:21:48.598 << $GPGSV,4,2,15,01,45,070,25,19,32,245,18,02,28,047,25,46,26,232,*71
23:21:48.599 << $GPGSV,4,3,15,07,19,165,20,20,11,270,19,06,05,196,,03,05,114,*75
23:21:48.601 << $GPGSV,4,4,15,08,04,064,16,24,04,324,,15,03,297,*48
23:21:48.602 << $GPRMC,042148.000,A,4153.0161,N,08748.2056,W,0.53,289.99,230107,,,A*72
23:21:49.583 << $GPGGA,042149.000,4153.0162,N,08748.2058,W,1,9,1.01,244.1,M,-34.0,M,,*6E
23:21:49.586 << $GPGSA,A,3,14,30,07,01,17,20,02,19,22,,,,1.67,1.01,1.32*0C
23:21:49.589 << $GPGSV,4,1,15,14,79,009,35,17,68,264,27,22,64,318,31,30,49,193,28*74
23:21:49.590 << $GPGSV,4,2,15,01,45,070,24,19,32,245,18,02,28,047,25,46,26,232,*70
23:21:49.591 << $GPGSV,4,3,15,07,19,165,20,20,11,270,18,06,05,196,,03,05,114,*74
23:21:49.591 << $GPGSV,4,4,15,08,04,064,16,24,04,324,,15,03,297,*48
23:21:49.593 << $GPRMC,042149.000,A,4153.0162,N,08748.2058,W,0.62,296.65,230107,,,A*71
23:21:50.573 << $GPGGA,042150.000,4153.0164,N,08748.2060,W,1,9,1.01,243.6,M,-34.0,M,,*6B
23:21:50.577 << $GPGSA,A,3,14,30,07,01,17,20,02,19,22,,,,1.67,1.01,1.32*0C
23:21:50.578 << $GPGSV,4,1,15,14,79,009,35,17,68,264,27,22,64,318,31,30,49,193,28*74
23:21:50.580 << $GPGSV,4,2,15,01,45,070,24,19,32,245,19,02,28,047,25,46,26,232,*71
23:21:50.580 << $GPGSV,4,3,15,07,19,165,20,20,11,270,19,06,05,196,,03,05,114,*75
23:21:50.581 << $GPGSV,4,4,15,08,04,064,16,24,04,324,,15,03,297,*48
23:21:51.024 << $GPRMC,042150.000,A,4153.0164,N,08748.2060,W,0.60,301.32,230107,,,A*7B
23:21:51.519 << $GPGGA,042151.000,4153.0164,N,08748.2064,W,1,9,1.01,243.2,M,-34.0,M,,*6A
23:21:51.522 << $GPGSA,A,3,14,30,07,01,17,20,02,19,22,,,,1.67,1.01,1.32*0C
23:21:51.525 << $GPGSV,4,1,15,14,79,009,35,17,68,264,27,22,64,318,31,30,49,193,28*74
23:21:51.526 << $GPGSV,4,2,15,01,45,070,24,19,32,245,20,02,28,047,25,07,19,165,20*71
23:21:51.526 << $GPGSV,4,3,15,20,11,270,19,06,05,196,,03,05,114,,08,04,064,16*73
23:21:51.527 << $GPGSV,4,4,15,24,04,324,,33,04,102,,15,03,297,*46
23:21:51.529 << $GPRMC,042151.000,A,4153.0164,N,08748.2064,W,0.57,305.19,230107,,,A*77
23:21:52.509 << $GPGGA,042152.000,4153.0162,N,08748.2067,W,1,9,1.01,242.3,M,-34.0,M,,*6C
23:21:52.513 << $GPGSA,A,3,14,30,07,01,17,20,02,19,22,,,,1.67,1.01,1.32*0C
23:21:52.515 << $GPGSV,4,1,15,14,79,009,35,17,68,264,27,22,64,318,31,30,49,193,28*74
23:21:52.516 << $GPGSV,4,2,15,01,45,070,24,19,32,245,21,02,28,047,25,07,18,165,20*71
23:21:52.516 << $GPGSV,4,3,15,20,11,270,19,06,05,196,,03,05,114,,08,04,064,16*73
23:21:52.517 << $GPGSV,4,4,15,24,04,324,,33,04,102,,15,03,297,*46
23:21:52.518 << $GPRMC,042152.000,A,4153.0162,N,08748.2067,W,0.40,305.41,230107,,,A*7A
23:21:53.499 << $GPGGA,042153.000,4153.0164,N,08748.2071,W,1,9,1.01,241.5,M,-34.0,M,,*69
23:21:53.502 << $GPGSA,A,3,14,30,07,01,17,20,02,19,22,,,,1.67,1.01,1.32*0C
23:21:53.504 << $GPGSV,4,1,15,14,79,009,35,17,68,264,27,22,64,318,31,30,49,193,28*74
23:21:53.505 << $GPGSV,4,2,15,01,45,070,25,19,32,245,21,02,28,047,25,07,18,165,20*70
23:21:53.505 << $GPGSV,4,3,15,20,11,270,19,06,05,196,,03,05,114,,24,04,324,*7D
23:21:53.506 << $GPGSV,4,4,15,33,04,102,,08,03,064,16,15,03,297,*4F
23:21:53.508 << $GPRMC,042153.000,A,4153.0164,N,08748.2071,W,0.41,306.12,230107,,,A*7E
23:21:54.440 << $GPGGA,042154.000,4153.0164,N,08748.2073,W,1,9,1.01,241.2,M,-34.0,M,,*6B
23:21:54.444 << $GPGSA,A,3,14,30,07,01,17,20,02,19,22,,,,1.67,1.01,1.32*0C
23:21:54.445 << $GPGSV,4,1,15,14,79,009,35,17,68,264,27,22,64,318,31,30,49,193,28*74
23:21:54.445 << $GPGSV,4,2,15,01,45,070,25,19,32,245,21,02,28,047,25,07,18,165,20*70
23:21:54.445 << $GPGSV,4,3,15,20,11,270,19,06,05,196,,03,05,114,,24,04,324,*7D
23:21:54.446 << $GPGSV,4,4,15,33,04,102,,08,03,064,,15,03,297,*48
23:21:54.447 << $GPRMC,042154.000,A,4153.0164,N,08748.2073,W,0.27,308.52,230107,,,A*71
23:21:55.428 << $GPGGA,042155.000,4153.0165,N,08748.2073,W,1,9,1.01,240.9,M,-34.0,M,,*61
23:21:55.431 << $GPGSA,A,3,14,30,07,01,17,20,02,19,22,,,,1.66,1.01,1.32*0D
23:21:55.434 << $GPGSV,4,1,15,14,79,009,35,17,68,264,27,22,64,318,31,30,49,193,28*74
23:21:55.435 << $GPGSV,4,2,15,01,45,070,24,19,32,245,21,02,28,047,25,07,18,165,20*71
23:21:55.436 << $GPGSV,4,3,15,20,11,270,19,06,05,196,,03,05,114,,24,04,324,*7D
23:21:55.437 << $GPGSV,4,4,15,33,04,102,,08,03,064,,15,03,297,*48
23:21:55.902 << $GPRMC,042155.000,A,4153.0165,N,08748.2073,W,0.10,309.90,230107,,,A*7A
23:21:56.388 << $GPGGA,042156.000,4153.0165,N,08748.2073,W,1,9,1.01,240.6,M,-34.0,M,,*6D
23:21:56.391 << $GPGSA,A,3,14,30,07,01,17,20,02,19,22,,,,1.66,1.01,1.32*0D
23:21:56.393 << $GPGSV,4,1,15,14,79,009,35,17,68,264,28,22,64,318,31,30,49,193,27*74
23:21:56.394 << $GPGSV,4,2,15,01,45,070,23,19,32,245,21,02,28,047,26,07,18,165,20*75
23:21:56.395 << $GPGSV,4,3,15,20,11,270,19,06,05,196,,03,05,114,,24,04,324,*7D
23:21:56.395 << $GPGSV,4,4,15,33,04,102,,08,03,064,,15,03,297,*48
23:21:56.397 << $GPRMC,042156.000,A,4153.0165,N,08748.2073,W,0.11,315.16,230107,,,A*7B
23:21:57.379 << $GPGGA,042157.000,4153.0165,N,08748.2073,W,1,9,1.01,240.3,M,-34.0,M,,*69
23:21:57.382 << $GPGSA,A,3,14,30,07,01,17,20,02,19,22,,,,1.66,1.01,1.32*0D
23:21:57.384 << $GPGSV,4,1,15,14,79,009,35,17,68,264,28,22,64,318,31,30,49,193,27*74
23:21:57.385 << $GPGSV,4,2,15,01,45,070,23,19,32,245,21,02,28,047,26,07,18,165,20*75
23:21:57.850 << $GPGSV,4,3,15,20,11,270,19,06,05,196,,03,05,114,,24,04,324,*7D
23:21:57.851 << $GPGSV,4,4,15,33,04,102,,08,03,064,,15,03,297,*48
23:21:57.852 << $GPRMC,042157.000,A,4153.0165,N,08748.2073,W,0.19,328.55,230107,,,A*7B
23:21:58.840 << $GPGGA,042158.000,4153.0166,N,08748.2073,W,1,9,1.01,240.0,M,-34.0,M,,*66
23:21:58.844 << $GPGSA,A,3,14,30,07,01,17,20,02,19,22,,,,1.66,1.01,1.32*0D
23:21:58.846 << $GPGSV,4,1,15,14,79,009,35,17,68,264,28,22,64,318,31,30,49,193,27*74
23:21:58.847 << $GPGSV,4,2,15,01,45,070,24,19,32,245,21,02,28,047,26,07,18,165,20*72
23:21:58.848 << $GPGSV,4,3,15,20,11,270,20,06,05,196,,03,05,114,,24,04,324,*77
23:21:58.849 << $GPGSV,4,4,15,33,04,102,,08,03,064,,15,03,297,*48
23:21:58.850 << $GPRMC,042158.000,A,4153.0166,N,08748.2073,W,0.22,328.55,230107,,,A*7F
23:21:59.831 << $GPGGA,042159.000,4153.0166,N,08748.2072,W,1,9,1.01,239.8,M,-34.0,M,,*60
23:21:59.835 << $GPGSA,A,3,14,30,07,01,17,20,02,19,22,,,,1.66,1.01,1.32*0D
23:21:59.837 << $GPGSV,4,1,15,14,79,010,35,17,68,264,28,22,64,318,31,30,49,193,27*7C
23:21:59.838 << $GPGSV,4,2,15,01,45,070,24,19,32,245,21,02,28,047,26,07,18,165,20*72
23:21:59.839 << $GPGSV,4,3,15,20,11,270,20,06,05,196,,03,05,114,,24,04,324,*77
23:21:59.840 << $GPGSV,4,4,15,33,04,102,,08,03,064,,15,03,297,*48
23:21:59.841 << $GPRMC,042159.000,A,4153.0166,N,08748.2072,W,0.17,328.55,230107,,,A*79
23:22:00.775 << $GPGGA,042200.000,4153.0166,N,08748.2071,W,1,9,1.01,239.5,M,-34.0,M,,*61
23:22:00.778 << $GPGSA,A,3,14,30,07,01,17,20,02,19,22,,,,1.66,1.01,1.32*0D
23:22:00.780 << $GPGSV,4,1,15,14,79,010,35,17,68,264,28,22,64,318,31,30,49,193,26*7D
23:22:00.781 << $GPGSV,4,2,15,01,45,070,24,19,32,245,21,02,28,047,26,07,18,165,20*72
23:22:00.781 << $GPGSV,4,3,15,20,11,270,20,06,05,196,,03,05,114,,24,04,324,*77
23:22:00.782 << $GPGSV,4,4,15,08,03,064,,15,03,297,,34,,,*78
23:22:01.262 << $GPRMC,042200.000,A,4153.0166,N,08748.2071,W,0.16,328.55,230107,,,A*74
23:22:01.754 << $GPGGA,042201.000,4153.0166,N,08748.2070,W,1,9,1.01,239.2,M,-34.0,M,,*66
23:22:01.756 << $GPGSA,A,3,14,30,07,01,17,20,02,19,22,,,,1.66,1.01,1.32*0D
23:22:01.758 << $GPGSV,4,1,15,14,79,010,35,17,68,264,28,22,64,318,32,30,49,193,25*7D
23:22:01.759 << $GPGSV,4,2,15,01,45,070,25,19,32,245,22,02,28,047,26,07,18,165,20*70
23:22:01.760 << $GPGSV,4,3,15,20,11,270,20,06,05,196,,03,05,114,,24,04,324,*77
23:22:01.761 << $GPGSV,4,4,15,08,03,064,,15,03,297,,34,,,*78
23:22:01.762 << $GPRMC,042201.000,A,4153.0166,N,08748.2070,W,0.22,328.55,230107,,,A*73
23:22:02.744 << $GPGGA,042202.000,4153.0166,N,08748.2069,W,1,9,1.01,238.9,M,-34.0,M,,*67
23:22:02.748 << $GPGSA,A,3,14,30,07,01,17,20,02,19,22,,,,1.66,1.01,1.32*0D
23:22:02.750 << $GPGSV,4,1,15,14,79,010,35,17,68,265,28,22,64,318,32,30,49,193,26*7F
23:22:02.751 << $GPGSV,4,2,15,01,45,070,25,19,32,245,22,02,28,047,26,07,18,165,20*70
23:22:02.752 << $GPGSV,4,3,15,20,11,270,21,06,05,196,,03,05,114,,24,04,324,*76
23:22:02.753 << $GPGSV,4,4,15,08,03,064,,15,03,297,,34,,,*78
23:22:02.754 << $GPRMC,042202.000,A,4153.0166,N,08748.2069,W,0.33,328.55,230107,,,A*78
23:22:03.733 << $GPGGA,042203.000,4153.0166,N,08748.2068,W,1,9,1.01,238.6,M,-34.0,M,,*68
23:22:03.737 << $GPGSA,A,3,14,30,07,01,17,20,02,19,22,,,,1.66,1.01,1.32*0D
23:22:03.739 << $GPGSV,4,1,15,14,79,010,35,17,68,265,29,22,64,318,31,30,49,193,26*7D
23:22:03.740 << $GPGSV,4,2,15,01,45,070,24,19,32,245,22,02,28,047,26,07,18,165,20*71
23:22:03.741 << $GPGSV,4,3,15,20,11,270,21,06,05,196,,03,05,114,,24,04,324,*76
23:22:03.742 << $GPGSV,4,4,15,08,03,064,,15,03,297,,34,,,*78
23:22:03.743 << $GPRMC,042203.000,A,4153.0166,N,08748.2068,W,0.29,80.35,230107,,,A*44
23:22:04.676 << $GPGGA,042204.000,4153.0166,N,08748.2067,W,1,9,1.01,238.3,M,-34.0,M,,*65
23:22:04.680 << $GPGSA,A,3,14,30,07,01,17,20,02,19,22,,,,1.66,1.01,1.32*0D
23:22:04.682 << $GPGSV,4,1,15,14,79,010,35,17,68,265,29,22,64,318,31,30,49,193,26*7D
23:22:04.683 << $GPGSV,4,2,15,01,45,070,24,19,33,246,22,02,28,047,26,07,18,165,20*73
23:22:04.738 << $GPGSV,4,3,15,20,11,270,20,06,05,196,,03,05,114,,24,04,324,*77
23:22:04.739 << $GPGSV,4,4,15,08,03,064,,15,03,297,,34,,,*78
23:22:04.741 << $GPRMC,042204.000,A,4153.0166,N,08748.2067,W,0.28,81.21,230107,,,A*49
23:22:05.649 << $GPGGA,042205.000,4153.0166,N,08748.2066,W,1,9,1.01,238.1,M,-34.0,M,,*67
23:22:05.651 << $GPGSA,A,3,14,30,07,01,17,20,02,19,22,,,,1.66,1.01,1.32*0D
23:22:05.653 << $GPGSV,4,1,15,14,79,010,35,17,68,265,28,22,64,318,31,30,49,193,26*7C
23:22:05.654 << $GPGSV,4,2,15,01,45,070,24,19,33,246,23,02,28,047,25,07,18,165,20*71
23:22:05.707 << $GPGSV,4,3,15,20,11,269,21,06,05,196,,03,05,114,,24,04,324,*7E
23:22:05.708 << $GPGSV,4,4,15,08,03,064,,15,03,297,,34,,,*78
23:22:05.708 << $GPRMC,042205.000,A,4153.0166,N,08748.2066,W,0.33,82.42,230107,,,A*45
23:22:06.679 << $GPGGA,042206.000,4153.0165,N,08748.2065,W,1,9,1.01,237.8,M,-34.0,M,,*62
23:22:06.683 << $GPGSA,A,3,14,30,07,01,17,20,02,19,22,,,,1.66,1.01,1.32*0D
23:22:06.685 << $GPGSV,4,1,15,14,79,010,35,17,68,265,26,22,64,318,31,30,49,193,25*71
23:22:06.686 << $GPGSV,4,2,15,01,45,070,23,19,33,246,23,02,28,047,24,07,18,165,20*77
23:22:06.687 << $GPGSV,4,3,15,20,11,269,21,06,05,196,,03,05,114,,24,04,324,*7E
23:22:07.110 << $GPGSV,4,4,15,08,03,064,,15,03,297,,34,,,*78
23:22:07.112 << $GPRMC,042206.000,A,4153.0165,N,08748.2065,W,0.57,83.83,230107,,,A*48
23:22:07.604 << $GPGGA,042207.000,4153.0165,N,08748.2062,W,1,9,1.01,237.5,M,-34.0,M,,*69
23:22:07.608 << $GPGSA,A,3,14,30,07,01,17,20,02,19,22,,,,1.66,1.01,1.32*0D
23:22:07.610 << $GPGSV,4,1,15,14,79,010,35,17,68,265,18,22,64,318,31,30,49,193,24*7D
23:22:07.611 << $GPGSV,4,2,15,01,45,070,22,19,33,246,23,02,28,047,17,07,18,165,20*76
23:22:07.612 << $GPGSV,4,3,15,20,11,269,21,06,05,196,,03,05,114,,24,04,324,*7E
23:22:07.613 << $GPGSV,4,4,15,08,03,064,,15,03,297,,35,,,*79
23:22:07.615 << $GPRMC,042207.000,A,4153.0165,N,08748.2062,W,0.61,96.21,230107,,,A*47
23:22:08.593 << $GPGGA,042208.000,4153.0165,N,08748.2057,W,1,9,1.01,237.1,M,-34.0,M,,*64
23:22:08.596 << $GPGSA,A,3,14,30,07,01,17,20,02,19,22,,,,1.66,1.01,1.32*0D
23:22:08.597 << $GPGSV,4,1,15,14,79,010,35,17,68,265,20,22,64,318,31,30,49,193,24*76
23:22:08.598 << $GPGSV,4,2,15,01,45,070,21,19,33,246,24,02,28,047,18,07,18,165,20*7D
23:22:08.599 << $GPGSV,4,3,15,20,11,269,21,06,05,196,,03,05,114,,24,04,324,*7E
23:22:08.600 << $GPGSV,4,4,15,08,03,064,,15,03,297,,35,,,*79
23:22:08.601 << $GPRMC,042208.000,A,4153.0165,N,08748.2057,W,0.62,95.28,230107,,,A*47
23:22:09.585 << $GPGGA,042209.000,4153.0166,N,08748.2052,W,1,9,1.01,237.0,M,-34.0,M,,*62
23:22:09.588 << $GPGSA,A,3,14,30,07,01,17,20,02,19,22,,,,1.66,1.01,1.32*0D
23:22:09.590 << $GPGSV,4,1,15,14,79,010,35,17,68,265,21,22,64,318,31,30,49,193,25*76
23:22:09.592 << $GPGSV,4,2,15,01,45,070,21,19,33,246,24,02,28,047,18,07,18,165,20*7D
23:22:10.036 << $GPGSV,4,3,15,20,11,269,21,06,05,196,,03,05,114,,24,04,324,*7E
23:22:10.037 << $GPGSV,4,4,15,08,03,064,,15,03,297,,35,,,*79
23:22:10.039 << $GPRMC,042209.000,A,4153.0166,N,08748.2052,W,0.65,91.60,230107,,,A*4F
23:22:10.531 << $GPGGA,042210.000,4153.0166,N,08748.2045,W,1,9,0.99,237.0,M,-34.0,M,,*6C
23:22:10.534 << $GPGSA,A,3,14,30,07,01,17,20,02,19,22,,,,1.27,0.99,0.80*00
23:22:10.536 << $GPGSV,4,1,15,14,79,010,36,17,68,265,22,22,64,318,31,30,49,193,25*76
23:22:10.537 << $GPGSV,4,2,15,01,45,070,22,19,33,246,23,02,28,047,19,07,18,165,20*78
23:22:10.538 << $GPGSV,4,3,15,20,11,269,21,06,05,196,,03,05,114,,24,04,324,*7E
23:22:10.539 << $GPGSV,4,4,15,08,03,064,,15,03,297,,35,,,*79
23:22:10.541 << $GPRMC,042210.000,A,4153.0166,N,08748.2045,W,0.67,89.04,230107,,,A*48
23:22:11.516 << $GPGGA,042211.000,4153.0163,N,08748.2037,W,1,9,1.01,237.1,M,-34.0,M,,*6C
23:22:11.521 << $GPGSA,A,3,14,30,07,01,17,20,02,19,22,,,,1.66,1.01,1.32*0D
23:22:11.523 << $GPGSV,4,1,15,14,79,010,36,17,68,265,23,22,64,318,32,30,49,193,25*74
23:22:11.524 << $GPGSV,4,2,15,01,45,070,23,19,33,246,23,02,28,047,20,07,18,165,20*73
23:22:11.525 << $GPGSV,4,3,15,20,11,269,21,06,05,196,,03,05,114,,24,04,324,*7E
23:22:11.987 << $GPGSV,4,4,15,08,03,064,,15,03,297,,35,,,*79
23:22:11.989 << $GPRMC,042211.000,A,4153.0163,N,08748.2037,W,0.72,89.87,230107,,,A*46
23:22:12.478 << $GPGGA,042212.000,4153.0160,N,08748.2031,W,1,9,1.01,237.1,M,-34.0,M,,*6A
23:22:12.481 << $GPGSA,A,3,14,30,07,01,17,20,02,19,22,,,,1.66,1.01,1.32*0D
23:22:12.483 << $GPGSV,4,1,15,14,79,010,36,17,68,265,30,22,64,318,32,30,49,193,25*76
23:22:12.484 << $GPGSV,4,2,15,01,45,070,23,19,33,246,22,02,28,047,27,07,18,165,20*75
23:22:12.485 << $GPGSV,4,3,15,20,11,269,21,06,05,196,,03,05,114,,24,04,324,*7E
23:22:12.486 << $GPGSV,4,4,15,08,03,064,,15,03,297,,35,,,*79
23:22:12.488 << $GPRMC,042212.000,A,4153.0160,N,08748.2031,W,0.73,92.15,230107,,,A*40
23:22:13.471 << $GPGGA,042213.000,4153.0160,N,08748.2023,W,1,9,1.01,237.0,M,-34.0,M,,*69
23:22:13.474 << $GPGSA,A,3,14,30,07,01,17,20,02,19,22,,,,1.66,1.01,1.32*0D
23:22:13.476 << $GPGSV,4,1,15,14,79,010,36,17,68,265,30,22,64,318,32,30,49,193,25*76
23:22:13.477 << $GPGSV,4,2,15,01,45,070,23,19,33,246,22,02,28,047,27,07,18,165,20*75
23:22:13.478 << $GPGSV,4,3,15,20,11,269,20,06,05,196,,03,05,114,,24,04,324,*7F
23:22:13.479 << $GPGSV,4,4,15,08,03,064,,15,03,297,,36,,,*7A
23:22:13.481 << $GPRMC,042213.000,A,4153.0160,N,08748.2023,W,0.78,94.95,230107,,,A*47
23:22:14.469 << $GPGGA,042214.000,4153.0160,N,08748.2020,W,1,9,1.01,236.7,M,-34.0,M,,*6B
23:22:14.473 << $GPGSA,A,3,14,30,07,01,17,20,02,19,22,,,,1.66,1.01,1.32*0D
23:22:14.475 << $GPGSV,4,1,15,14,79,010,36,17,68,265,30,22,64,318,32,30,49,193,25*76
23:22:14.476 << $GPGSV,4,2,15,01,45,070,23,19,33,246,23,02,28,047,27,07,18,165,19*7E
23:22:14.477 << $GPGSV,4,3,15,20,11,269,19,06,05,196,,03,05,114,,24,04,324,*75
23:22:14.478 << $GPGSV,4,4,15,08,03,064,,15,03,297,,36,,,*7A
23:22:14.479 << $GPRMC,042214.000,A,4153.0160,N,08748.2020,W,0.81,96.27,230107,,,A*4E
23:22:15.403 << $GPGGA,042215.000,4153.0157,N,08748.2020,W,1,9,1.01,236.6,M,-34.0,M,,*6F
23:22:15.406 << $GPGSA,A,3,14,30,07,01,17,20,02,19,22,,,,1.66,1.01,1.32*0D
23:22:15.408 << $GPGSV,4,1,15,14,79,010,36,17,68,265,30,22,64,318,32,30,49,193,25*76
23:22:15.410 << $GPGSV,4,2,15,01,45,070,23,19,33,246,23,02,28,047,27,07,18,165,19*7E
23:22:15.410 << $GPGSV,4,3,15,20,11,269,19,06,05,196,,03,05,114,,24,04,324,*75
23:22:15.411 << $GPGSV,4,4,15,08,03,064,,15,03,297,,36,,,*7A
23:22:15.412 << $GPRMC,042215.000,A,4153.0157,N,08748.2020,W,0.84,97.85,230107,,,A*47
23:22:16.398 << $GPGGA,042216.000,4153.0151,N,08748.2019,W,1,9,1.01,236.8,M,-34.0,M,,*6E
23:22:16.868 << $GPGSA,A,3,14,30,07,01,17,20,02,19,22,,,,1.66,1.01,1.32*0D
23:22:16.871 << $GPGSV,4,1,15,14,79,010,36,17,68,265,30,22,64,318,32,30,49,193,25*76
23:22:16.872 << $GPGSV,4,2,15,01,45,070,24,19,33,246,23,02,28,047,27,07,18,165,19*79
23:22:16.873 << $GPGSV,4,3,15,20,11,269,19,06,05,196,,03,05,114,,24,04,324,*75
23:22:16.874 << $GPGSV,4,4,15,08,03,064,,15,03,297,,36,,,*7A
23:22:16.875 << $GPRMC,042216.000,A,4153.0151,N,08748.2019,W,0.84,102.13,230107,,,A*7A
23:22:17.853 << $GPGGA,042217.000,4153.0151,N,08748.2019,W,1,9,1.01,236.9,M,-34.0,M,,*6E
23:22:17.857 << $GPGSA,A,3,14,30,07,01,17,20,02,19,22,,,,1.66,1.01,1.32*0D
23:22:17.859 << $GPGSV,4,1,15,14,79,010,36,17,68,265,30,22,64,318,32,30,49,193,25*76
23:22:17.860 << $GPGSV,4,2,15,01,45,070,24,19,33,246,23,02,28,047,27,07,18,165,18*78
23:22:17.861 << $GPGSV,4,3,15,20,11,269,19,06,05,196,,03,05,114,,24,04,324,*75
23:22:17.862 << $GPGSV,4,4,15,08,03,064,,15,03,297,,36,,,*7A
23:22:17.863 << $GPRMC,042217.000,A,4153.0151,N,08748.2019,W,0.82,104.83,230107,,,A*72
23:22:18.849 << $GPGGA,042218.000,4153.0150,N,08748.2019,W,1,9,1.01,237.3,M,-34.0,M,,*6B
23:22:18.854 << $GPGSA,A,3,14,30,07,01,17,20,02,19,22,,,,1.66,1.01,1.32*0D
23:22:18.856 << $GPGSV,4,1,15,14,79,010,36,17,68,265,30,22,64,318,32,30,49,193,25*76
23:22:18.857 << $GPGSV,4,2,15,01,45,069,24,19,33,246,23,02,28,047,27,07,18,165,18*70
23:22:18.857 << $GPGSV,4,3,15,20,11,269,20,06,05,196,,03,05,114,,24,04,324,*7F
23:22:18.858 << $GPGSV,4,4,15,08,03,064,,15,03,297,,36,,,*7A
23:22:18.860 << $GPRMC,042218.000,A,4153.0150,N,08748.2019,W,0.77,106.45,230107,,,A*7E
23:22:19.836 << $GPGGA,042219.000,4153.0147,N,08748.2014,W,1,9,1.01,237.6,M,-34.0,M,,*64
23:22:19.840 << $GPGSA,A,3,14,30,07,01,17,20,02,19,22,,,,1.66,1.01,1.32*0D
23:22:19.842 << $GPGSV,4,1,15,14,79,010,36,17,68,265,30,22,64,318,32,30,49,193,25*76
23:22:19.843 << $GPGSV,4,2,15,01,45,069,24,19,33,246,23,02,28,047,27,07,18,165,18*70
23:22:19.844 << $GPGSV,4,3,15,20,11,269,20,06,05,196,,03,05,114,,24,04,324,*7F
23:22:19.845 << $GPGSV,4,4,15,08,03,064,,15,03,297,,38,,,*74
23:22:19.847 << $GPRMC,042219.000,A,4153.0147,N,08748.2014,W,0.74,107.60,230107,,,A*71
23:22:20.763 << $GPGGA,042220.000,4153.0145,N,08748.2013,W,1,9,1.01,237.7,M,-34.0,M,,*6A
23:22:20.767 << $GPGSA,A,3,14,30,07,01,17,20,02,19,22,,,,1.66,1.01,1.32*0D
23:22:20.769 << $GPGSV,4,1,15,14,79,010,36,17,68,265,30,22,64,318,32,30,49,193,26*75
23:22:20.770 << $GPGSV,4,2,15,01,45,069,24,19,33,246,23,02,28,047,27,07,18,165,18*70
23:22:20.825 << $GPGSV,4,3,15,20,11,269,20,06,05,196,,03,05,113,,24,04,324,*78
23:22:20.826 << $GPGSV,4,4,15,08,03,064,,15,03,297,,38,,,*74
23:22:20.828 << $GPRMC,042220.000,A,4153.0145,N,08748.2013,W,0.72,109.00,230107,,,A*70
23:22:21.738 << $GPGGA,042221.000,4153.0147,N,08748.2014,W,1,9,1.01,237.4,M,-34.0,M,,*6D
23:22:21.742 << $GPGSA,A,3,14,30,07,01,17,20,02,19,22,,,,1.66,1.01,1.32*0D
23:22:21.745 << $GPGSV,4,1,15,14,79,010,36,17,68,265,30,22,64,318,32,30,49,193,26*75
23:22:21.746 << $GPGSV,4,2,15,01,45,069,24,19,33,246,23,02,28,047,27,07,18,165,18*70
23:22:21.747 << $GPGSV,4,3,15,20,11,269,20,06,05,196,,03,05,113,,24,04,324,*78
23:22:21.747 << $GPGSV,4,4,15,08,03,064,,15,03,297,,38,,,*74
23:22:22.225 << $GPRMC,042221.000,A,4153.0147,N,08748.2014,W,0.68,110.50,230107,,,A*72
23:22:22.720 << $GPGGA,042222.000,4153.0147,N,08748.2019,W,1,9,1.01,237.3,M,-34.0,M,,*64
23:22:22.725 << $GPGSA,A,3,14,30,07,01,17,20,02,19,22,,,,1.66,1.01,1.32*0D
23:22:22.727 << $GPGSV,4,1,15,14,79,010,36,17,68,265,30,22,64,318,32,30,49,193,26*75
23:22:22.728 << $GPGSV,4,2,15,01,45,069,24,19,33,246,23,02,28,047,27,07,18,165,18*70
23:22:23.201 << $GPGSV,4,3,15,20,11,269,19,06,05,196,,03,05,113,,24,04,324,*72
23:22:23.203 << $GPGSV,4,4,15,08,03,064,,15,03,297,,38,,,*74
23:22:23.204 << $GPRMC,042222.000,A,4153.0147,N,08748.2019,W,0.44,113.42,230107,,,A*72
23:22:23.686 << $GPGGA,042223.000,4153.0152,N,08748.2023,W,1,9,1.01,237.0,M,-34.0,M,,*6B
23:22:23.689 << $GPGSA,A,3,14,30,07,01,17,20,02,19,22,,,,1.66,1.01,1.32*0D
23:22:23.691 << $GPGSV,4,1,15,14,79,010,36,17,68,265,30,22,64,318,32,30,49,193,26*75
23:22:23.693 << $GPGSV,4,2,15,01,45,069,24,19,33,246,23,02,28,047,27,07,18,165,18*70
23:22:23.693 << $GPGSV,4,3,15,20,11,269,19,06,06,196,,03,05,113,,24,04,324,*71
23:22:24.178 << $GPGSV,4,4,15,08,03,064,,15,03,297,,38,,,*74
23:22:24.180 << $GPRMC,042223.000,A,4153.0152,N,08748.2023,W,0.37,113.59,230107,,,A*70
23:22:24.665 << $GPGGA,042224.000,4153.0150,N,08748.2021,W,1,9,1.01,237.3,M,-34.0,M,,*6F
23:22:24.667 << $GPGSA,A,3,14,30,07,01,17,20,02,19,22,,,,1.66,1.01,1.32*0D
23:22:24.668 << $GPGSV,4,1,15,14,79,010,36,17,68,265,30,22,64,318,32,30,49,193,26*75
23:22:24.669 << $GPGSV,4,2,15,01,45,069,23,19,33,246,23,02,28,047,27,07,18,165,18*77
23:22:24.669 << $GPGSV,4,3,15,20,11,269,18,06,06,196,,03,05,113,,24,04,324,*70
23:22:24.670 << $GPGSV,4,4,15,08,03,064,,15,03,297,,38,,,*74
23:22:24.671 << $GPRMC,042224.000,A,4153.0150,N,08748.2021,W,0.35,116.09,230107,,,A*75
23:22:25.654 << $GPGGA,042225.000,4153.0145,N,08748.2015,W,1,9,1.01,237.7,M,-34.0,M,,*69
23:22:25.658 << $GPGSA,A,3,14,30,07,01,17,20,02,19,22,,,,1.66,1.01,1.32*0D
23:22:25.660 << $GPGSV,4,1,15,14,79,010,36,17,68,265,30,22,64,318,32,30,49,193,26*75
23:22:25.661 << $GPGSV,4,2,15,01,45,069,23,19,33,246,23,02,28,047,27,07,18,165,18*77
23:22:25.661 << $GPGSV,4,3,15,20,11,269,18,06,06,196,,03,05,113,,24,04,324,*70
23:22:25.662 << $GPGSV,4,4,15,08,03,065,,15,03,297,,38,,,*75
23:22:25.664 << $GPRMC,042225.000,A,4153.0145,N,08748.2015,W,0.42,119.38,230107,,,A*7A
23:22:26.648 << $GPGGA,042226.000,4153.0144,N,08748.2013,W,1,9,1.01,237.5,M,-34.0,M,,*6F
23:22:26.651 << $GPGSA,A,3,14,30,07,01,17,20,02,19,22,,,,1.66,1.01,1.32*0D
23:22:26.654 << $GPGSV,4,1,15,14,79,010,36,17,68,265,30,22,64,318,32,30,49,193,26*75
23:22:26.655 << $GPGSV,4,2,15,01,45,069,23,19,33,246,23,02,28,047,27,07,18,165,18*77
23:22:26.655 << $GPGSV,4,3,15,20,11,269,18,06,06,196,,03,05,113,,24,04,324,*70
23:22:26.656 << $GPGSV,4,4,15,08,03,065,,15,03,297,,41,,,*7B
23:22:26.657 << $GPRMC,042226.000,A,4153.0144,N,08748.2013,W,0.53,125.04,230107,,,A*7E
23:22:27.638 << $GPGGA,042227.000,4153.0143,N,08748.2012,W,1,9,1.01,237.3,M,-34.0,M,,*6E
23:22:27.641 << $GPGSA,A,3,14,30,07,01,17,20,02,19,22,,,,1.66,1.01,1.32*0D
23:22:27.643 << $GPGSV,4,1,15,14,79,010,36,17,68,265,30,22,64,318,32,30,49,193,26*75
23:22:27.644 << $GPGSV,4,2,15,01,45,069,23,19,33,246,23,02,28,047,27,07,18,165,18*77
23:22:28.078 << $GPGSV,4,3,15,20,11,269,18,06,06,196,,03,05,113,,24,04,324,*70
23:22:28.079 << $GPGSV,4,4,15,08,03,065,,15,03,297,,41,,,*7B
23:22:28.081 << $GPRMC,042227.000,A,4153.0143,N,08748.2012,W,0.58,129.01,230107,,,A*7B
23:22:28.566 << $GPGGA,042228.000,4153.0142,N,08748.2011,W,1,9,1.01,237.1,M,-34.0,M,,*61
23:22:28.570 << $GPGSA,A,3,14,30,07,01,17,20,02,19,22,,,,1.66,1.01,1.32*0D
23:22:28.571 << $GPGSV,4,1,15,14,79,010,36,17,68,265,30,22,64,318,32,30,49,193,26*75
23:22:28.572 << $GPGSV,4,2,15,01,45,069,23,19,33,246,24,02,28,047,27,07,18,165,18*70
23:22:28.573 << $GPGSV,4,3,15,20,11,269,18,06,06,196,,03,05,113,,24,04,324,*70
23:22:29.048 << $GPGSV,4,4,15,08,03,065,,15,03,297,,41,,,*7B
23:22:29.049 << $GPRMC,042228.000,A,4153.0142,N,08748.2011,W,0.52,131.70,230107,,,A*73
23:22:29.541 << $GPGGA,042229.000,4153.0141,N,08748.2009,W,1,9,1.01,236.9,M,-34.0,M,,*63
23:22:29.544 << $GPGSA,A,3,14,30,07,01,17,20,02,19,22,,,,1.66,1.01,1.32*0D
23:22:29.545 << $GPGSV,4,1,15,14,79,010,36,17,68,265,30,22,64,318,32,30,49,193,26*75
23:22:29.546 << $GPGSV,4,2,15,01,45,069,23,19,33,246,25,02,28,047,27,07,18,165,18*71
23:22:29.546 << $GPGSV,4,3,15,20,11,269,18,06,06,196,,03,05,113,,24,04,324,*70
23:22:29.547 << $GPGSV,4,4,15,08,03,065,,15,03,297,,41,,,*7B
23:22:29.548 << $GPRMC,042229.000,A,4153.0141,N,08748.2009,W,0.46,132.39,230107,,,A*73
23:22:30.528 << $GPGGA,042230.000,4153.0140,N,08748.2008,W,1,9,1.01,236.8,M,-34.0,M,,*6A
23:22:30.532 << $GPGSA,A,3,14,30,07,01,17,20,02,19,22,,,,1.66,1.01,1.32*0D
23:22:30.534 << $GPGSV,4,1,15,14,79,010,36,17,68,265,30,22,64,318,32,30,49,193,27*74
23:22:30.535 << $GPGSV,4,2,15,01,45,069,23,19,33,246,25,02,28,047,26,07,18,165,18*70
23:22:30.536 << $GPGSV,4,3,15,20,11,269,18,06,06,196,,03,05,113,,24,04,324,*70
23:22:30.537 << $GPGSV,4,4,15,08,03,065,,15,03,297,,41,,,*7B
23:22:30.538 << $GPRMC,042230.000,A,4153.0140,N,08748.2008,W,0.56,135.17,230107,,,A*71
23:22:31.520 << $GPGGA,042231.000,4153.0138,N,08748.2007,W,1,9,1.01,236.6,M,-34.0,M,,*65
23:22:31.525 << $GPGSA,A,3,14,30,07,01,17,20,02,19,22,,,,1.66,1.01,1.32*0D
23:22:31.526 << $GPGSV,4,1,15,14,79,012,36,17,68,265,30,22,64,318,33,30,49,193,27*77
23:22:31.527 << $GPGSV,4,2,15,01,45,069,24,19,33,246,25,02,28,047,26,07,18,165,18*77
23:22:31.528 << $GPGSV,4,3,15,20,11,269,18,06,06,196,,03,05,113,,24,04,324,*70
23:22:31.529 << $GPGSV,4,4,15,08,03,065,,15,03,297,,41,,,*7B
23:22:31.531 << $GPRMC,042231.000,A,4153.0138,N,08748.2007,W,0.63,138.47,230107,,,A*7E
23:22:32.505 << $GPGGA,042232.000,4153.0140,N,08748.2008,W,1,9,1.01,236.6,M,-34.0,M,,*66
23:22:32.510 << $GPGSA,A,3,14,30,07,01,17,20,02,19,22,,,,1.66,1.01,1.32*0D
23:22:32.512 << $GPGSV,4,1,15,14,79,012,36,17,68,265,30,22,64,318,33,30,49,193,27*77
23:22:32.513 << $GPGSV,4,2,15,01,45,069,24,19,33,246,25,02,28,047,26,07,18,165,18*77
23:22:32.514 << $GPGSV,4,3,15,20,11,269,18,06,06,196,,03,05,113,,24,04,324,*70
23:22:32.515 << $GPGSV,4,4,15,08,03,065,,15,03,297,,43,,,*79
23:22:32.518 << $GPRMC,042232.000,A,4153.0140,N,08748.2008,W,0.63,140.83,230107,,,A*7A
23:22:33.441 << $GPGGA,042233.000,4153.0142,N,08748.2019,W,1,9,1.01,236.5,M,-34.0,M,,*66
23:22:33.443 << $GPGSA,A,3,14,30,07,01,17,20,02,19,22,,,,1.66,1.01,1.32*0D
23:22:33.444 << $GPGSV,4,1,15,14,79,012,36,17,68,265,31,22,64,318,33,30,49,193,27*76
23:22:33.445 << $GPGSV,4,2,15,01,45,069,23,19,33,246,25,02,28,047,27,07,18,165,18*71
23:22:33.445 << $GPGSV,4,3,15,20,11,269,18,06,06,196,,03,05,113,,24,04,324,*70
23:22:33.445 << $GPGSV,4,4,15,08,03,065,,15,03,297,,43,,,*79
23:22:33.924 << $GPRMC,042233.000,A,4153.0142,N,08748.2019,W,0.46,147.77,230107,,,A*72
23:22:34.415 << $GPGGA,042234.000,4153.0143,N,08748.2025,W,1,9,1.01,236.0,M,-34.0,M,,*6A
23:22:34.418 << $GPGSA,A,3,14,30,07,01,17,20,02,19,22,,,,1.66,1.01,1.32*0D
23:22:34.420 << $GPGSV,4,1,15,14,79,012,36,17,68,265,31,22,64,318,33,30,49,193,27*76
23:22:34.421 << $GPGSV,4,2,15,01,45,069,23,19,33,246,25,02,28,047,27,07,18,165,18*71
23:22:34.422 << $GPGSV,4,3,15,20,11,269,18,06,06,196,,03,05,113,,24,04,324,*70
23:22:34.422 << $GPGSV,4,4,15,08,03,065,,15,03,297,,43,,,*79
23:22:34.424 << $GPRMC,042234.000,A,4153.0143,N,08748.2025,W,0.46,155.92,230107,,,A*73
23:22:35.875 << $GPGGA,042235.000,4153.0143,N,08748.2025,W,1,9,1.01,235.6,M,-34.0,M,,*6E
23:22:35.879 << $GPGSA,A,3,14,30,07,01,17,20,02,19,22,,,,1.66,1.01,1.32*0D
23:22:35.881 << $GPGSV,4,1,15,14,79,012,37,17,68,265,29,22,64,318,33,30,49,193,28*71
23:22:35.883 << $GPGSV,4,2,15,01,45,069,23,19,33,246,25,02,28,047,26,07,18,165,18*70
23:22:35.883 << $GPGSV,4,3,15,20,11,269,18,06,06,196,,03,05,113,,24,04,324,*70
23:22:35.884 << $GPGSV,4,4,15,08,03,065,,15,03,297,,43,,,*79
23:22:35.885 << $GPRMC,042235.000,A,4153.0143,N,08748.2025,W,0.46,160.80,230107,,,A*77
23:22:36.368 << $GPGGA,042236.000,4153.0147,N,08748.2032,W,1,9,1.01,235.3,M,-34.0,M,,*6A
23:22:36.372 << $GPGSA,A,3,14,30,07,01,17,20,02,19,22,,,,1.66,1.01,1.32*0D
23:22:36.857 << $GPGSV,4,1,15,14,79,012,37,17,68,265,28,22,64,318,33,30,49,193,29*71
23:22:36.858 << $GPGSV,4,2,15,01,45,069,23,19,33,246,26,02,28,047,26,07,18,165,18*73
23:22:36.859 << $GPGSV,4,3,15,20,11,269,18,06,06,196,,03,05,113,,24,04,324,*70
23:22:36.860 << $GPGSV,4,4,15,08,03,065,,15,03,297,,43,,,*79
23:22:36.864 << $GPRMC,042236.000,A,4153.0147,N,08748.2032,W,0.39,165.85,230107,,,A*7E
23:22:37.839 << $GPGGA,042237.000,4153.0146,N,08748.2033,W,1,9,1.01,235.2,M,-34.0,M,,*6A
23:22:37.843 << $GPGSA,A,3,14,30,07,01,17,20,02,19,22,,,,1.66,1.01,1.32*0D
23:22:37.845 << $GPGSV,4,1,15,14,79,012,37,17,68,265,28,22,64,318,33,30,49,193,30*79
23:22:37.846 << $GPGSV,4,2,15,01,45,069,22,19,33,246,26,02,28,047,26,07,18,165,19*73
23:22:37.847 << $GPGSV,4,3,15,20,11,269,18,06,06,196,,03,05,113,,24,04,324,*70
23:22:37.848 << $GPGSV,4,4,15,08,03,065,,15,03,297,,43,,,*79
23:22:37.850 << $GPRMC,042237.000,A,4153.0146,N,08748.2033,W,0.36,170.58,230107,,,A*74
23:22:38.822 << $GPGGA,042238.000,4153.0145,N,08748.2033,W,1,9,1.01,235.0,M,-34.0,M,,*64
23:22:38.826 << $GPGSA,A,3,14,30,07,01,17,20,02,19,22,,,,1.66,1.01,1.32*0D
23:22:38.829 << $GPGSV,4,1,15,14,79,012,37,17,68,265,28,22,64,318,33,30,49,193,30*79
23:22:38.830 << $GPGSV,4,2,15,01,45,069,22,19,33,246,27,02,28,047,25,07,18,165,20*7B
23:22:38.831 << $GPGSV,4,3,15,20,11,269,17,06,06,196,,03,05,113,,24,04,324,*7F
23:22:38.831 << $GPGSV,4,4,15,08,03,065,,15,03,297,,43,,,*79
23:22:39.285 << $GPRMC,042238.000,A,4153.0145,N,08748.2033,W,0.44,172.33,230107,,,A*72
23:22:39.780 << $GPGGA,042239.000,4153.0144,N,08748.2033,W,1,9,1.01,234.8,M,-34.0,M,,*6D
23:22:39.782 << $GPGSA,A,3,14,30,07,01,17,20,02,19,22,,,,1.66,1.01,1.32*0D
23:22:39.785 << $GPGSV,4,1,15,14,79,012,37,17,68,265,29,22,64,318,33,30,49,193,30*78
23:22:39.786 << $GPGSV,4,2,15,01,45,069,21,19,33,246,26,02,28,047,26,07,18,165,19*70
23:22:39.787 << $GPGSV,4,3,15,20,11,269,16,06,06,196,,03,05,113,,24,04,324,*7E
23:22:39.787 << $GPGSV,4,4,15,08,03,065,,15,03,297,,45,,,*7F
23:22:39.789 << $GPRMC,042239.000,A,4153.0144,N,08748.2033,W,0.47,172.87,230107,,,A*7E
23:22:40.769 << $GPGGA,042240.000,4153.0142,N,08748.2032,W,1,9,1.01,234.6,M,-34.0,M,,*6A
23:22:40.773 << $GPGSA,A,3,14,30,07,01,17,20,02,19,22,,,,1.66,1.01,1.32*0D
23:22:40.774 << $GPGSV,4,1,15,14,79,012,37,17,68,265,30,22,64,318,33,30,49,193,30*70
23:22:40.775 << $GPGSV,4,2,15,01,45,069,20,19,33,246,26,02,28,047,26,07,18,165,18*70
23:22:40.776 << $GPGSV,4,3,15,20,11,269,16,06,06,196,,03,05,113,,24,04,324,*7E
23:22:40.777 << $GPGSV,4,4,15,08,03,065,,15,03,297,,45,,,*7F
23:22:40.778 << $GPRMC,042240.000,A,4153.0142,N,08748.2032,W,0.51,171.22,230107,,,A*7C
23:22:41.764 << $GPGGA,042241.000,4153.0141,N,08748.2032,W,1,9,1.01,234.5,M,-34.0,M,,*6B
23:22:41.768 << $GPGSA,A,3,14,30,07,01,17,20,02,19,22,,,,1.66,1.01,1.32*0D
23:22:41.770 << $GPGSV,4,1,15,14,79,012,37,17,68,265,31,22,64,318,33,30,49,193,30*71
23:22:41.771 << $GPGSV,4,2,15,01,45,069,22,19,33,246,26,02,28,047,27,07,18,165,17*7C
23:22:41.772 << $GPGSV,4,3,15,20,11,269,16,06,06,196,,03,05,113,,24,04,324,*7E
23:22:41.773 << $GPGSV,4,4,15,08,03,065,,15,03,297,,45,,,*7F
23:22:41.774 << $GPRMC,042241.000,A,4153.0141,N,08748.2032,W,0.49,169.70,230107,,,A*79
23:22:42.701 << $GPGGA,042242.000,4153.0140,N,08748.2031,W,1,9,1.01,234.3,M,-34.0,M,,*6C
23:22:42.705 << $GPGSA,A,3,14,30,07,01,17,20,02,19,22,,,,1.66,1.01,1.32*0D
23:22:42.707 << $GPGSV,4,1,15,14,79,012,37,17,68,265,31,22,64,318,33,30,49,193,30*71
23:22:42.708 << $GPGSV,4,2,15,01,45,069,23,19,33,246,26,02,28,047,27,07,18,165,17*7D
23:22:42.709 << $GPGSV,4,3,15,20,11,269,16,06,06,196,,03,05,113,,24,04,324,*7E
23:22:42.710 << $GPGSV,4,4,15,08,03,065,,15,03,297,,45,,,*7F
23:22:42.711 << $GPRMC,042242.000,A,4153.0140,N,08748.2031,W,0.45,166.33,230107,,,A*7C
23:22:43.696 << $GPGGA,042243.000,4153.0139,N,08748.2031,W,1,9,1.01,234.1,M,-34.0,M,,*61
23:22:43.700 << $GPGSA,A,3,14,30,07,01,17,20,02,19,22,,,,1.66,1.01,1.32*0D
23:22:43.701 << $GPGSV,4,1,15,14,79,012,37,17,68,265,32,22,64,318,33,30,49,193,30*72
23:22:43.703 << $GPGSV,4,2,15,01,45,069,24,19,33,246,26,02,28,047,27,07,18,165,17*7A
23:22:43.703 << $GPGSV,4,3,15,20,11,269,16,06,06,196,,03,05,113,,24,04,324,*7E
23:22:43.704 << $GPGSV,4,4,15,08,03,065,,15,03,297,,45,,,*7F
23:22:44.168 << $GPRMC,042243.000,A,4153.0139,N,08748.2031,W,0.41,160.48,230107,,,A*7D
23:22:44.653 << $GPGGA,042244.000,4153.0138,N,08748.2030,W,1,9,1.01,233.9,M,-34.0,M,,*69
23:22:44.656 << $GPGSA,A,3,14,30,07,01,17,20,02,19,22,,,,1.66,1.01,1.32*0D
23:22:44.657 << $GPGSV,4,1,15,14,79,012,37,17,68,265,32,22,64,318,34,30,49,193,30*75
23:22:44.659 << $GPGSV,4,2,15,01,45,069,24,19,33,246,26,02,28,047,27,07,18,165,17*7A
23:22:44.659 << $GPGSV,4,3,15,20,11,269,17,06,06,196,,03,05,113,,24,04,324,*7F
23:22:44.660 << $GPGSV,4,4,15,08,03,065,,15,03,297,,45,,,*7F
23:22:44.662 << $GPRMC,042244.000,A,4153.0138,N,08748.2030,W,0.41,155.09,230107,,,A*79
23:22:45.640 << $GPGGA,042245.000,4153.0137,N,08748.2029,W,1,9,0.99,233.7,M,-34.0,M,,*61
23:22:45.644 << $GPGSA,A,3,14,30,07,01,17,20,02,19,22,,,,1.27,0.99,0.80*00
23:22:45.646 << $GPGSV,4,1,15,14,79,012,37,17,68,265,32,22,64,318,34,30,49,193,30*75
23:22:45.647 << $GPGSV,4,2,15,01,45,069,23,19,33,246,26,02,28,047,27,07,18,165,17*7D
23:22:45.648 << $GPGSV,4,3,15,20,11,269,17,06,06,196,,03,05,113,,24,04,324,*7F
23:22:45.649 << $GPGSV,4,4,15,08,03,065,,15,03,297,,47,,,*7D
23:22:45.650 << $GPRMC,042245.000,A,4153.0137,N,08748.2029,W,0.44,151.75,230107,,,A*75
23:22:46.633 << $GPGGA,042246.000,4153.0136,N,08748.2028,W,1,9,1.01,233.5,M,-34.0,M,,*60
23:22:46.636 << $GPGSA,A,3,14,30,07,01,17,20,02,19,22,,,,1.66,1.01,1.31*0E
23:22:46.638 << $GPGSV,4,1,15,14,79,012,37,17,68,265,32,22,64,318,34,30,49,193,30*75
23:22:46.639 << $GPGSV,4,2,15,01,45,069,21,19,33,246,26,02,28,047,28,07,18,165,17*70
23:22:46.640 << $GPGSV,4,3,15,20,11,269,17,06,06,196,,03,05,113,,24,04,324,*7F
23:22:46.641 << $GPGSV,4,4,15,08,03,065,,15,03,297,,47,,,*7D
23:22:46.644 << $GPRMC,042246.000,A,4153.0136,N,08748.2028,W,0.45,150.17,230107,,,A*72
23:22:47.574 << $GPGGA,042247.000,4153.0135,N,08748.2027,W,1,9,1.01,233.3,M,-34.0,M,,*6B
23:22:47.578 << $GPGSA,A,3,14,30,07,01,17,20,02,19,22,,,,1.66,1.01,1.31*0E
23:22:47.579 << $GPGSV,4,1,15,14,79,012,37,17,68,265,32,22,64,318,34,30,49,193,30*75
23:22:47.580 << $GPGSV,4,2,15,01,45,069,21,19,33,246,27,02,28,047,27,07,18,165,17*7E
23:22:47.634 << $GPGSV,4,3,15,20,11,269,18,06,06,196,,03,05,113,,24,04,324,*70
23:22:47.635 << $GPGSV,4,4,15,08,03,065,,15,03,297,,47,,,*7D
23:22:47.637 << $GPRMC,042247.000,A,4153.0135,N,08748.2027,W,0.40,151.98,230107,,,A*7C
23:22:48.553 << $GPGGA,042248.000,4153.0134,N,08748.2026,W,1,9,1.01,233.1,M,-34.0,M,,*66
23:22:48.556 << $GPGSA,A,3,14,30,07,01,17,20,02,19,22,,,,1.66,1.01,1.31*0E
23:22:48.558 << $GPGSV,4,1,15,14,79,012,37,17,68,265,32,22,64,318,34,30,49,193,30*75
23:22:48.559 << $GPGSV,4,2,15,01,45,069,20,19,33,246,27,02,28,047,27,07,18,165,17*7F
23:22:48.560 << $GPGSV,4,3,15,20,11,269,19,06,06,196,,03,05,113,,24,04,324,*71
23:22:48.560 << $GPGSV,4,4,15,08,03,065,,15,03,297,,47,,,*7D
23:22:48.562 << $GPRMC,042248.000,A,4153.0134,N,08748.2026,W,0.36,153.67,230107,,,A*70
23:22:49.541 << $GPGGA,042249.000,4153.0133,N,08748.2026,W,1,9,1.01,232.9,M,-34.0,M,,*69
23:22:49.545 << $GPGSA,A,3,14,30,07,01,17,20,02,19,22,,,,1.66,1.01,1.31*0E
23:22:49.548 << $GPGSV,4,1,15,14,79,012,36,17,68,265,32,22,64,318,34,30,49,193,30*74
23:22:49.549 << $GPGSV,4,2,15,01,45,069,20,19,33,246,27,02,28,047,27,07,18,165,17*7F
23:22:50.012 << $GPGSV,4,3,15,20,11,269,19,06,06,196,,03,05,113,,24,04,324,*71
23:22:50.014 << $GPGSV,4,4,15,08,03,065,,15,03,297,,47,,,*7D
23:22:50.016 << $GPRMC,042249.000,A,4153.0133,N,08748.2026,W,0.40,154.32,230107,,,A*70
23:22:50.500 << $GPGGA,042250.000,4153.0132,N,08748.2025,W,1,9,1.01,232.8,M,-34.0,M,,*62
23:22:50.504 << $GPGSA,A,3,14,30,07,01,17,20,02,19,22,,,,1.66,1.01,1.31*0E
23:22:50.506 << $GPGSV,4,1,15,14,79,012,36,17,68,265,33,22,64,318,34,30,49,193,30*75
23:22:50.507 << $GPGSV,4,2,15,01,45,069,21,19,33,246,26,02,28,047,27,07,18,165,17*7F
23:22:50.562 << $GPGSV,4,3,15,20,11,269,19,06,06,196,,03,05,113,,24,04,324,*71
23:22:50.564 << $GPGSV,4,4,15,08,03,065,,15,03,297,,47,,,*7D
23:22:50.565 << $GPRMC,042250.000,A,4153.0132,N,08748.2025,W,0.34,153.79,230107,,,A*71
23:22:51.478 << $GPGGA,042251.000,4153.0131,N,08748.2025,W,1,9,1.01,232.6,M,-34.0,M,,*6E
23:22:51.481 << $GPGSA,A,3,14,30,07,01,17,20,02,19,22,,,,1.66,1.01,1.31*0E
23:22:51.482 << $GPGSV,4,1,15,14,79,012,36,17,68,265,33,22,64,318,34,30,49,193,30*75
23:22:51.483 << $GPGSV,4,2,15,01,45,069,21,19,33,246,27,02,28,047,27,07,18,165,17*7E
23:22:51.483 << $GPGSV,4,3,15,20,11,269,19,06,06,196,,03,05,113,,24,04,324,*71
23:22:51.484 << $GPGSV,4,4,15,08,03,065,,15,03,297,,47,,,*7D
23:22:51.484 << $GPRMC,042251.000,A,4153.0131,N,08748.2025,W,0.25,152.36,230107,,,A*79
23:22:52.464 << $GPGGA,042252.000,4153.0131,N,08748.2024,W,1,9,1.01,232.4,M,-34.0,M,,*6E
23:22:52.467 << $GPGSA,A,3,14,30,07,01,17,20,02,19,22,,,,1.66,1.01,1.31*0E
23:22:52.469 << $GPGSV,4,1,15,14,79,012,36,17,68,265,33,22,64,318,34,30,49,193,30*75
23:22:52.470 << $GPGSV,4,2,15,01,45,069,21,19,33,246,27,02,28,047,26,07,18,165,17*7F
23:22:52.942 << $GPGSV,4,3,15,20,11,269,19,06,06,196,,03,05,113,,24,04,324,*71
23:22:52.944 << $GPGSV,4,4,15,08,03,065,,15,03,297,,49,,,*73
23:22:52.946 << $GPRMC,042252.000,A,4153.0131,N,08748.2024,W,0.25,152.21,230107,,,A*7D
23:22:53.433 << $GPGGA,042253.000,4153.0130,N,08748.2024,W,1,9,1.01,232.2,M,-34.0,M,,*68
23:22:53.436 << $GPGSA,A,3,14,30,07,01,17,20,02,19,22,,,,1.66,1.01,1.31*0E
23:22:53.437 << $GPGSV,4,1,15,14,79,012,36,17,68,265,33,22,64,318,34,30,49,193,30*75
23:22:53.438 << $GPGSV,4,2,15,01,45,069,21,19,33,246,27,02,28,047,26,07,18,165,17*7F
23:22:53.438 << $GPGSV,4,3,15,20,11,269,19,06,06,196,,03,05,113,,24,04,324,*71
23:22:53.439 << $GPGSV,4,4,15,08,03,065,,15,03,297,,49,,,*73
23:22:53.439 << $GPRMC,042253.000,A,4153.0130,N,08748.2024,W,0.18,152.50,230107,,,A*75
23:22:54.426 << $GPGGA,042254.000,4153.0130,N,08748.2024,W,1,9,1.01,232.1,M,-34.0,M,,*6C
23:22:54.430 << $GPGSA,A,3,14,30,07,01,17,20,02,19,22,,,,1.66,1.01,1.31*0E
23:22:54.433 << $GPGSV,4,1,15,14,79,012,36,17,68,265,33,22,64,318,34,30,49,193,30*75
23:22:54.434 << $GPGSV,4,2,15,01,45,069,21,19,33,246,27,02,28,047,26,07,18,165,17*7F
23:22:54.435 << $GPGSV,4,3,15,20,11,269,19,06,06,196,,03,05,113,,24,04,324,*71
23:22:54.891 << $GPGSV,4,4,15,08,03,065,,15,03,297,,49,,,*73
23:22:54.893 << $GPRMC,042254.000,A,4153.0130,N,08748.2024,W,0.18,152.20,230107,,,A*75
23:22:55.374 << $GPGGA,042255.000,4153.0129,N,08748.2023,W,1,9,1.01,231.9,M,-34.0,M,,*69
23:22:55.377 << $GPGSA,A,3,14,30,07,01,17,20,02,19,22,,,,1.66,1.01,1.31*0E
23:22:55.378 << $GPGSV,4,1,15,14,79,012,36,17,68,265,33,22,64,318,34,30,49,193,30*75
23:22:55.379 << $GPGSV,4,2,15,01,45,069,22,19,33,246,27,02,28,047,26,07,18,165,17*7C
23:22:55.379 << $GPGSV,4,3,15,20,11,269,20,06,06,196,,03,05,113,,24,04,324,*7B
23:22:55.380 << $GPGSV,4,4,15,08,03,065,,15,03,297,,49,,,*73
23:22:55.381 << $GPRMC,042255.000,A,4153.0129,N,08748.2023,W,0.14,153.13,230107,,,A*76
23:22:56.368 << $GPGGA,042256.000,4153.0129,N,08748.2023,W,1,9,1.01,231.8,M,-34.0,M,,*6B
23:22:56.371 << $GPGSA,A,3,14,30,07,01,17,20,02,19,22,,,,1.66,1.01,1.31*0E
23:22:56.373 << $GPGSV,4,1,15,14,79,012,36,17,68,265,33,22,64,318,34,30,49,193,30*75
23:22:56.834 << $GPGSV,4,2,15,01,45,069,23,19,33,246,27,02,28,047,26,07,18,165,17*7D
23:22:56.836 << $GPGSV,4,3,15,20,11,269,20,06,06,196,,03,05,113,,24,04,324,*7B
23:22:56.837 << $GPGSV,4,4,15,08,03,065,,15,03,297,,49,,,*73
23:22:56.839 << $GPRMC,042256.000,A,4153.0129,N,08748.2023,W,0.13,153.13,230107,,,A*72
23:22:57.819 << $GPGGA,042257.000,4153.0129,N,08748.2023,W,1,9,1.01,231.6,M,-34.0,M,,*64
23:22:57.822 << $GPGSA,A,3,14,30,07,01,17,20,02,19,22,,,,1.66,1.01,1.31*0E
23:22:57.825 << $GPGSV,4,1,15,14,79,012,37,17,68,265,33,22,64,318,34,30,49,193,31*75
23:22:57.826 << $GPGSV,4,2,15,01,45,069,22,19,33,246,27,02,28,047,25,07,18,165,17*7F
23:22:57.827 << $GPGSV,4,3,15,20,11,269,19,06,06,196,,03,05,113,,24,04,324,*71
23:22:57.828 << $GPGSV,4,4,15,08,03,065,,15,03,297,,49,,,*73
23:22:57.829 << $GPRMC,042257.000,A,4153.0129,N,08748.2023,W,0.06,153.13,230107,,,A*77
23:22:58.816 << $GPGGA,042258.000,4153.0129,N,08748.2023,W,1,9,1.01,231.5,M,-34.0,M,,*68
23:22:58.820 << $GPGSA,A,3,14,30,07,01,17,20,02,19,22,,,,1.66,1.01,1.31*0E
23:22:58.822 << $GPGSV,4,1,15,14,79,012,37,17,68,265,33,22,64,318,34,30,49,193,31*75
23:22:58.823 << $GPGSV,4,2,15,01,45,069,21,19,33,246,27,02,28,047,26,07,18,165,17*7F
23:22:58.823 << $GPGSV,4,3,15,20,11,269,19,06,06,196,,03,05,113,,24,04,324,*71
23:22:58.824 << $GPGSV,4,4,15,08,03,065,,15,03,297,,37,,,*7A
23:22:58.825 << $GPRMC,042258.000,A,4153.0129,N,08748.2023,W,0.08,153.13,230107,,,A*76
23:22:59.814 << $GPGGA,042259.000,4153.0129,N,08748.2024,W,1,9,1.01,231.3,M,-34.0,M,,*68
23:22:59.818 << $GPGSA,A,3,14,30,07,01,17,20,02,19,22,,,,1.66,1.01,1.31*0E
23:22:59.820 << $GPGSV,4,1,15,14,79,012,37,17,68,265,33,22,64,318,34,30,49,193,31*75
23:22:59.821 << $GPGSV,4,2,15,01,45,069,21,19,33,246,27,02,28,047,26,07,18,165,17*7F
23:22:59.822 << $GPGSV,4,3,15,20,11,269,20,06,06,196,,03,05,113,,24,04,324,*7B
23:22:59.823 << $GPGSV,4,4,15,08,03,065,,15,03,297,,37,,,*7A
23:23:00.257 << $GPRMC,042259.000,A,4153.0129,N,08748.2024,W,0.24,153.13,230107,,,A*7E
23:23:00.737 << $GPGGA,042300.000,4153.0129,N,08748.2024,W,1,9,1.01,231.2,M,-34.0,M,,*64
23:23:00.740 << $GPGSA,A,3,14,30,07,01,17,20,02,19,22,,,,1.66,1.01,1.31*0E
23:23:00.742 << $GPGSV,4,1,15,14,79,012,37,17,68,265,33,22,64,318,34,30,49,193,31*75
23:23:00.743 << $GPGSV,4,2,15,01,45,069,22,19,33,246,27,02,28,047,26,07,18,165,17*7C
23:23:00.744 << $GPGSV,4,3,15,20,11,269,20,06,06,196,,03,05,113,,24,04,324,*7B
23:23:00.745 << $GPGSV,4,4,15,08,03,065,,15,03,297,,37,,,*7A
23:23:00.746 << $GPRMC,042300.000,A,4153.0129,N,08748.2024,W,0.32,153.13,230107,,,A*74
23:23:01.725 << $GPGGA,042301.000,4153.0130,N,08748.2026,W,1,9,1.01,231.1,M,-34.0,M,,*6C
23:23:01.728 << $GPGSA,A,3,14,30,07,01,17,20,02,19,22,,,,1.65,1.01,1.31*0D
23:23:01.730 << $GPGSV,4,1,15,14,79,012,37,17,68,265,33,22,64,318,34,30,49,193,31*75
23:23:01.731 << $GPGSV,4,2,15,01,45,069,23,19,33,246,27,02,28,047,26,07,18,165,17*7D
23:23:01.732 << $GPGSV,4,3,15,20,11,269,20,06,06,196,,03,05,113,,24,04,324,*7B
23:23:01.732 << $GPGSV,4,4,15,08,03,065,,15,03,297,,37,,,*7A
23:23:01.734 << $GPRMC,042301.000,A,4153.0130,N,08748.2026,W,0.40,153.13,230107,,,A*7A
23:23:02.708 << $GPGGA,042302.000,4153.0130,N,08748.2027,W,1,9,1.01,230.9,M,-34.0,M,,*67
23:23:02.712 << $GPGSA,A,3,14,30,07,01,17,20,02,19,22,,,,1.66,1.01,1.31*0E
23:23:02.714 << $GPGSV,4,1,15,14,79,012,37,17,68,265,33,22,64,318,34,30,49,193,31*75
23:23:02.715 << $GPGSV,4,2,15,01,45,069,23,19,33,246,27,02,28,047,26,07,18,165,17*7D
23:23:03.173 << $GPGSV,4,3,15,20,11,269,21,06,06,196,,03,05,113,,24,04,324,*7A
23:23:03.175 << $GPGSV,4,4,15,08,03,065,,15,03,297,,37,,,*7A
23:23:03.177 << $GPRMC,042302.000,A,4153.0130,N,08748.2027,W,0.44,295.62,230107,,,A*73
23:23:03.665 << $GPGGA,042303.000,4153.0131,N,08748.2028,W,1,9,1.01,230.7,M,-34.0,M,,*66
23:23:03.668 << $GPGSA,A,3,14,30,07,01,17,20,02,19,22,,,,1.65,1.01,1.31*0D
23:23:03.669 << $GPGSV,4,1,15,14,79,013,37,17,68,265,33,22,64,318,34,30,49,193,31*74
23:23:03.670 << $GPGSV,4,2,15,01,45,069,22,19,33,246,27,02,28,047,26,07,18,165,17*7C
23:23:03.671 << $GPGSV,4,3,15,20,11,269,21,06,06,196,,03,05,113,,24,04,324,*7A
23:23:03.672 << $GPGSV,4,4,15,08,03,065,,15,03,297,,37,,,*7A
23:23:03.673 << $GPRMC,042303.000,A,4153.0131,N,08748.2028,W,0.09,295.62,230107,,,A*75
23:23:04.656 << $GPGGA,042304.000,4153.0131,N,08748.2028,W,1,9,1.01,230.6,M,-34.0,M,,*60
23:23:04.658 << $GPGSA,A,3,14,30,07,01,17,20,02,19,22,,,,1.66,1.01,1.31*0E
23:23:04.659 << $GPGSV,4,1,15,14,79,013,37,17,68,265,33,22,64,318,34,30,49,193,31*74
23:23:04.659 << $GPGSV,4,2,15,01,45,069,22,19,33,246,27,02,28,047,26,07,18,165,17*7C
23:23:04.660 << $GPGSV,4,3,15,20,11,269,21,06,06,196,,03,05,113,,24,04,324,*7A
23:23:04.660 << $GPGSV,4,4,15,08,03,065,,15,03,297,,39,,,*74
23:23:05.126 << $GPRMC,042304.000,A,4153.0131,N,08748.2028,W,0.16,295.62,230107,,,A*7C
23:23:05.614 << $GPGGA,042305.000,4153.0130,N,08748.2028,W,1,9,1.01,230.5,M,-34.0,M,,*63
23:23:05.617 << $GPGSA,A,3,14,30,07,01,17,20,02,19,22,,,,1.65,1.01,1.31*0D
23:23:05.618 << $GPGSV,4,1,15,14,79,013,37,17,68,265,33,22,64,318,34,30,49,193,31*74
23:23:05.620 << $GPGSV,4,2,15,01,45,069,22,19,33,246,27,02,28,047,26,07,18,165,17*7C
23:23:05.620 << $GPGSV,4,3,15,20,11,269,21,06,06,196,,03,05,113,,24,04,324,*7A
23:23:05.621 << $GPGSV,4,4,15,08,03,065,,15,03,297,,39,,,*74
23:23:05.622 << $GPRMC,042305.000,A,4153.0130,N,08748.2028,W,0.17,295.62,230107,,,A*7D
23:23:06.600 << $GPGGA,042306.000,4153.0130,N,08748.2029,W,1,9,1.01,230.3,M,-34.0,M,,*67
23:23:06.603 << $GPGSA,A,3,14,30,07,01,17,20,02,19,22,,,,1.65,1.01,1.31*0D
23:23:06.606 << $GPGSV,4,1,15,14,79,013,37,17,69,266,33,22,64,318,34,30,49,193,31*76
23:23:06.607 << $GPGSV,4,2,15,01,45,069,22,19,33,246,27,02,28,047,26,07,18,165,17*7C
23:23:06.608 << $GPGSV,4,3,15,20,11,269,21,06,06,196,,03,05,113,,24,04,324,*7A
23:23:06.609 << $GPGSV,4,4,15,08,03,065,,15,03,297,,39,,,*74
23:23:06.610 << $GPRMC,042306.000,A,4153.0130,N,08748.2029,W,0.21,295.62,230107,,,A*7A
23:23:07.591 << $GPGGA,042307.000,4153.0129,N,08748.2029,W,1,9,1.01,230.1,M,-34.0,M,,*6C
23:23:07.594 << $GPGSA,A,3,14,30,07,01,17,20,02,19,22,,,,1.65,1.01,1.31*0D
23:23:07.597 << $GPGSV,4,1,15,14,79,013,37,17,69,266,33,22,64,318,34,30,49,193,31*76
23:23:07.598 << $GPGSV,4,2,15,01,45,069,23,19,33,246,28,02,28,047,26,07,18,165,17*72
23:23:07.599 << $GPGSV,4,3,15,20,11,269,22,06,06,196,,03,05,113,,24,04,324,*79
23:23:07.600 << $GPGSV,4,4,15,08,03,065,,15,03,297,,39,,,*74
23:23:07.601 << $GPRMC,042307.000,A,4153.0129,N,08748.2029,W,0.20,295.62,230107,,,A*72
23:23:08.583 << $GPGGA,042308.000,4153.0129,N,08748.2029,W,1,9,1.01,230.0,M,-34.0,M,,*62
23:23:08.586 << $GPGSA,A,3,14,30,07,01,17,20,02,19,22,,,,1.65,1.01,1.31*0D
23:23:08.588 << $GPGSV,4,1,15,14,79,013,37,17,69,266,34,22,64,318,34,30,49,193,31*71
23:23:08.589 << $GPGSV,4,2,15,01,45,069,23,19,33,246,28,02,28,047,26,07,18,165,17*72
23:23:08.590 << $GPGSV,4,3,15,20,11,269,22,06,06,196,,03,05,113,,24,04,324,*79
23:23:08.591 << $GPGSV,4,4,15,08,03,065,,15,03,297,,39,,,*74
23:23:08.593 << $GPRMC,042308.000,A,4153.0129,N,08748.2029,W,0.18,295.62,230107,,,A*76
23:23:09.510 << $GPGGA,042309.000,4153.0128,N,08748.2029,W,1,9,1.01,229.8,M,-34.0,M,,*62
23:23:09.570 << $GPGSA,A,3,14,30,07,01,17,20,02,19,22,,,,1.65,1.01,1.31*0D
23:23:09.572 << $GPGSV,4,1,15,14,79,013,37,17,69,266,34,22,64,318,35,30,49,193,31*70
23:23:09.573 << $GPGSV,4,2,15,01,45,069,23,19,33,246,28,02,28,047,26,07,18,165,17*72
23:23:09.574 << $GPGSV,4,3,15,20,11,269,22,06,06,196,,03,05,113,,24,04,324,*79
23:23:09.575 << $GPGSV,4,4,15,08,03,065,,15,03,297,,39,,,*74
23:23:09.999 << $GPRMC,042309.000,A,4153.0128,N,08748.2029,W,0.24,295.62,230107,,,A*79
23:23:10.490 << $GPGGA,042310.000,4153.0128,N,08748.2029,W,1,9,1.01,229.7,M,-34.0,M,,*65
23:23:10.494 << $GPGSA,A,3,14,30,07,01,17,20,02,19,22,,,,1.65,1.01,1.31*0D
23:23:10.496 << $GPGSV,4,1,15,14,79,013,37,17,69,266,34,22,64,318,35,30,49,193,31*70
23:23:10.497 << $GPGSV,4,2,15,01,45,069,23,19,33,246,28,02,28,047,26,07,18,165,17*72
23:23:10.497 << $GPGSV,4,3,15,20,11,269,22,06,06,196,,03,05,113,,24,04,324,*79
23:23:10.498 << $GPGSV,4,4,15,08,03,065,,15,03,297,,39,,,*74
23:23:10.499 << $GPRMC,042310.000,A,4153.0128,N,08748.2029,W,0.21,295.62,230107,,,A*74
23:23:11.482 << $GPGGA,042311.000,4153.0127,N,08748.2029,W,1,9,1.01,229.5,M,-34.0,M,,*69
23:23:11.486 << $GPGSA,A,3,14,30,07,01,17,20,02,19,22,,,,1.65,1.01,1.31*0D
23:23:11.488 << $GPGSV,4,1,15,14,79,013,37,17,69,266,34,22,64,319,35,30,49,193,31*71
23:23:11.488 << $GPGSV,4,2,15,01,45,069,23,19,33,246,28,02,28,047,26,07,18,165,17*72
23:23:11.490 << $GPGSV,4,3,15,20,11,269,22,06,06,196,,03,05,113,,24,04,324,*79
23:23:11.491 << $GPGSV,4,4,15,08,03,065,,15,03,297,,50,,,*7B
23:23:11.493 << $GPRMC,042311.000,A,4153.0127,N,08748.2029,W,0.26,187.07,230107,,,A*7E
23:23:12.476 << $GPGGA,042312.000,4153.0126,N,08748.2029,W,1,9,1.01,229.4,M,-34.0,M,,*6A
23:23:12.480 << $GPGSA,A,3,14,30,07,01,17,20,02,19,22,,,,1.65,1.01,1.31*0D
23:23:12.482 << $GPGSV,4,1,15,14,79,013,37,17,69,266,34,22,64,319,35,30,49,193,31*71
23:23:12.483 << $GPGSV,4,2,15,01,45,069,23,19,33,246,28,02,28,047,26,07,18,165,17*72
23:23:12.484 << $GPGSV,4,3,15,20,11,269,22,06,06,196,,03,05,113,,24,04,324,*79
23:23:12.485 << $GPGSV,4,4,15,08,03,065,,15,03,297,,50,,,*7B
23:23:12.486 << $GPRMC,042312.000,A,4153.0126,N,08748.2029,W,0.28,190.46,230107,,,A*71
23:23:13.411 << $GPGGA,042313.000,4153.0125,N,08748.2030,W,1,9,1.01,229.3,M,-34.0,M,,*67
23:23:13.413 << $GPGSA,A,3,14,30,07,01,17,20,02,19,22,,,,1.65,1.01,1.31*0D
23:23:13.414 << $GPGSV,4,1,15,14,79,013,37,17,69,266,34,22,64,319,35,30,49,193,31*71
23:23:13.415 << $GPGSV,4,2,15,01,45,069,22,19,33,246,28,02,28,047,25,07,18,165,17*70
23:23:13.470 << $GPGSV,4,3,15,20,11,269,22,06,06,196,,03,05,113,,24,04,324,*79
23:23:13.471 << $GPGSV,4,4,15,08,03,065,,15,03,297,,50,,,*7B
23:23:13.473 << $GPRMC,042313.000,A,4153.0125,N,08748.2030,W,0.32,191.58,230107,,,A*7E
23:23:14.389 << $GPGGA,042314.000,4153.0125,N,08748.2030,W,1,9,1.01,229.2,M,-34.0,M,,*61
23:23:14.391 << $GPGSA,A,3,14,30,07,01,17,20,02,19,22,,,,1.65,1.01,1.31*0D
23:23:14.392 << $GPGSV,4,1,15,14,79,013,37,17,69,266,34,22,64,319,35,30,49,193,31*71
23:23:14.393 << $GPGSV,4,2,15,01,45,069,22,19,33,246,28,02,28,047,24,07,18,165,17*71
23:23:14.393 << $GPGSV,4,3,15,20,11,269,22,06,06,196,,03,05,113,,24,04,324,*79
23:23:14.394 << $GPGSV,4,4,15,08,03,065,,15,03,297,,50,,,*7B
23:23:14.395 << $GPRMC,042314.000,A,4153.0125,N,08748.2030,W,0.19,192.57,230107,,,A*7C
23:23:15.378 << $GPGGA,042315.000,4153.0124,N,08748.2030,W,1,9,1.01,229.1,M,-34.0,M,,*62
23:23:15.379 << $GPGSA,A,3,14,30,07,01,17,20,02,19,22,,,,1.65,1.01,1.31*0D
23:23:15.380 << $GPGSV,4,1,15,14,79,013,37,17,69,266,34,22,64,319,35,30,49,193,31*71
23:23:15.381 << $GPGSV,4,2,15,01,45,069,22,19,33,246,28,02,28,047,24,07,18,165,17*71
23:23:15.857 << $GPGSV,4,3,15,20,11,269,22,06,06,196,,03,05,113,,24,04,324,*79
23:23:15.858 << $GPGSV,4,4,15,08,03,065,,15,03,297,,50,,,*7B
23:23:15.860 << $GPRMC,042315.000,A,4153.0124,N,08748.2030,W,0.22,193.89,230107,,,A*76
23:23:16.839 << $GPGGA,042316.000,4153.0124,N,08748.2030,W,1,9,1.01,229.0,M,-34.0,M,,*60
23:23:16.842 << $GPGSA,A,3,14,30,07,01,17,20,02,19,22,,,,1.65,1.01,1.31*0D
23:23:16.844 << $GPGSV,4,1,15,14,79,013,37,17,69,266,34,22,64,319,35,30,49,193,31*71
23:23:16.845 << $GPGSV,4,2,15,01,45,069,22,19,33,246,28,02,28,047,24,07,18,165,17*71
23:23:16.846 << $GPGSV,4,3,15,20,11,269,22,06,06,196,,03,05,113,,24,04,324,*79
23:23:17.316 << $GPGSV,4,4,15,08,03,065,,15,03,297,,50,,,*7B
23:23:17.317 << $GPRMC,042316.000,A,4153.0124,N,08748.2030,W,0.26,194.52,230107,,,A*70
23:23:17.803 << $GPGGA,042317.000,4153.0123,N,08748.2031,W,1,9,1.01,228.9,M,-34.0,M,,*6F
23:23:17.806 << $GPGSA,A,3,14,30,07,01,17,20,02,19,22,,,,1.65,1.01,1.31*0D
23:23:17.808 << $GPGSV,4,1,15,14,79,013,37,17,69,266,34,22,64,319,35,30,49,193,31*71
23:23:17.809 << $GPGSV,4,2,15,01,45,069,22,19,33,246,28,02,28,047,24,07,18,165,17*71
23:23:18.290 << $GPGSV,4,3,15,20,11,269,23,06,06,196,,03,05,113,,24,04,324,*78
23:23:18.291 << $GPGSV,4,4,15,08,03,065,,15,03,297,,42,,,*78
23:23:18.293 << $GPRMC,042317.000,A,4153.0123,N,08748.2031,W,0.26,194.59,230107,,,A*7C
23:23:18.777 << $GPGGA,042318.000,4153.0122,N,08748.2031,W,1,9,1.01,228.8,M,-34.0,M,,*60
23:23:18.780 << $GPGSA,A,3,14,30,07,01,17,20,02,19,22,,,,1.65,1.01,1.31*0D
23:23:18.782 << $GPGSV,4,1,15,14,79,013,37,17,69,266,34,22,64,319,35,30,49,193,31*71
23:23:18.783 << $GPGSV,4,2,15,01,45,069,22,19,33,246,28,02,28,047,24,07,18,165,17*71
23:23:19.270 << $GPGSV,4,3,15,20,11,269,23,06,06,196,,03,05,113,,24,04,324,*78
23:23:19.271 << $GPGSV,4,4,15,08,03,065,,15,03,297,,42,,,*78
23:23:19.273 << $GPRMC,042318.000,A,4153.0122,N,08748.2031,W,0.29,194.43,230107,,,A*76
23:23:19.748 << $GPGGA,042319.000,4153.0122,N,08748.2031,W,1,9,0.99,228.8,M,-34.0,M,,*61
23:23:19.751 << $GPGSA,A,3,14,30,07,01,17,20,02,19,22,,,,1.27,0.99,0.79*06
23:23:19.807 << $GPGSV,4,1,15,14,79,013,37,17,69,266,34,22,64,319,35,30,49,193,31*71
23:23:19.808 << $GPGSV,4,2,15,01,45,069,22,19,33,246,28,02,28,047,24,07,18,165,17*71
23:23:19.809 << $GPGSV,4,3,15,20,11,269,23,06,06,196,,03,05,113,,24,04,324,*78
23:23:19.810 << $GPGSV,4,4,15,08,03,065,,15,03,297,,42,,,*78
23:23:19.811 << $GPRMC,042319.000,A,4153.0122,N,08748.2031,W,0.19,195.34,230107,,,A*75
23:23:20.728 << $GPGGA,042320.000,4153.0121,N,08748.2032,W,1,9,1.01,228.7,M,-34.0,M,,*64
23:23:20.731 << $GPGSA,A,3,14,30,07,01,17,20,02,19,22,,,,1.65,1.01,1.31*0D
23:23:20.733 << $GPGSV,4,1,15,14,79,013,37,17,69,266,34,22,64,319,35,30,49,193,30*70
23:23:20.734 << $GPGSV,4,2,15,01,45,069,23,19,33,246,28,02,28,047,24,07,18,165,17*70
23:23:20.735 << $GPGSV,4,3,15,20,11,269,23,06,06,196,,03,05,113,,24,04,324,*78
23:23:20.736 << $GPGSV,4,4,15,08,03,065,,15,03,297,,42,,,*78
23:23:20.737 << $GPRMC,042320.000,A,4153.0121,N,08748.2032,W,0.19,193.30,230107,,,A*7D
23:23:21.723 << $GPGGA,042321.000,4153.0121,N,08748.2032,W,1,9,1.01,228.6,M,-34.0,M,,*64
23:23:21.727 << $GPGSA,A,3,14,30,07,01,17,20,02,19,22,,,,1.65,1.01,1.31*0D
23:23:21.730 << $GPGSV,4,1,15,14,79,013,37,17,69,266,34,22,64,319,35,30,49,193,30*70
23:23:21.731 << $GPGSV,4,2,15,01,45,069,23,19,33,246,28,02,28,047,24,07,18,165,17*70
23:23:21.732 << $GPGSV,4,3,15,20,11,269,23,06,06,196,,03,05,113,,24,04,324,*78
23:23:21.732 << $GPGSV,4,4,15,08,03,065,,15,03,297,,42,,,*78
23:23:22.188 << $GPRMC,042321.000,A,4153.0121,N,08748.2032,W,0.16,191.77,230107,,,A*72
23:23:22.676 << $GPGGA,042322.000,4153.0120,N,08748.2032,W,1,9,1.01,228.6,M,-34.0,M,,*66
23:23:22.681 << $GPGSA,A,3,14,30,07,01,17,20,02,19,22,,,,1.65,1.01,1.31*0D
23:23:22.682 << $GPGSV,4,1,15,14,79,013,37,17,69,266,34,22,64,319,35,30,49,193,30*70
23:23:22.684 << $GPGSV,4,2,15,01,45,069,23,19,33,246,28,02,28,047,24,07,18,165,17*70
23:23:23.167 << $GPGSV,4,3,15,20,11,269,23,06,06,196,,03,05,113,,24,04,324,*78
23:23:23.168 << $GPGSV,4,4,15,08,03,065,,15,03,297,,42,,,*78
23:23:23.169 << $GPRMC,042322.000,A,4153.0120,N,08748.2032,W,0.16,195.03,230107,,,A*77
23:23:23.657 << $GPGGA,042323.000,4153.0120,N,08748.2032,W,1,9,1.01,228.5,M,-34.0,M,,*64
23:23:23.660 << $GPGSA,A,3,14,30,07,01,17,20,02,19,22,,,,1.65,1.01,1.31*0D
23:23:23.662 << $GPGSV,4,1,15,14,79,013,37,17,69,266,34,22,64,319,35,30,49,193,30*70
23:23:23.664 << $GPGSV,4,2,15,01,45,069,23,19,33,246,28,02,28,047,24,07,18,165,17*70
23:23:23.665 << $GPGSV,4,3,15,20,11,269,23,06,06,196,,03,05,113,,24,04,324,*78
23:23:23.666 << $GPGSV,4,4,15,08,03,065,,15,03,297,,42,,,*78
23:23:23.667 << $GPRMC,042323.000,A,4153.0120,N,08748.2032,W,0.17,189.14,230107,,,A*7C
23:23:24.650 << $GPGGA,042324.000,4153.0119,N,08748.2032,W,1,9,1.01,228.4,M,-34.0,M,,*68
23:23:24.654 << $GPGSA,A,3,14,30,07,01,17,20,02,19,22,,,,1.65,1.01,1.31*0D
23:23:24.655 << $GPGSV,4,1,15,14,79,013,37,17,69,266,34,22,64,319,35,30,49,193,30*70
23:23:24.656 << $GPGSV,4,2,15,01,45,069,23,19,33,246,28,02,28,047,24,07,18,165,17*70
23:23:24.657 << $GPGSV,4,3,15,20,11,269,23,06,06,196,,03,05,113,,24,04,324,*78
23:23:24.658 << $GPGSV,4,4,15,08,03,065,,15,03,297,,40,,,*7A
23:23:24.659 << $GPRMC,042324.000,A,4153.0119,N,08748.2032,W,0.14,189.14,230107,,,A*72
23:23:25.637 << $GPGGA,042325.000,4153.0119,N,08748.2032,W,1,9,1.01,228.4,M,-34.0,M,,*69
23:23:25.640 << $GPGSA,A,3,14,30,07,01,17,20,02,19,22,,,,1.65,1.01,1.31*0D
23:23:25.642 << $GPGSV,4,1,15,14,79,013,37,17,69,266,34,22,64,319,35,30,49,193,30*70
23:23:25.643 << $GPGSV,4,2,15,01,45,069,23,19,33,246,28,02,28,047,24,07,18,165,17*70
23:23:25.644 << $GPGSV,4,3,15,20,11,269,23,06,06,196,,03,05,113,,24,04,324,*78
23:23:25.645 << $GPGSV,4,4,15,08,03,065,,15,03,297,,40,,,*7A
23:23:25.646 << $GPRMC,042325.000,A,4153.0119,N,08748.2032,W,0.07,189.14,230107,,,A*71
23:23:26.579 << $GPGGA,042326.000,4153.0119,N,08748.2032,W,1,9,1.01,228.4,M,-34.0,M,,*6A
23:23:26.582 << $GPGSA,A,3,14,30,07,01,17,20,02,19,22,,,,1.65,1.01,1.31*0D
23:23:26.583 << $GPGSV,4,1,15,14,79,013,37,17,69,266,33,22,64,319,35,30,49,193,30*77
23:23:26.584 << $GPGSV,4,2,15,01,45,069,23,19,33,246,28,02,28,047,24,07,18,165,17*70
23:23:26.585 << $GPGSV,4,3,15,20,11,269,23,06,06,196,,03,05,113,,24,04,324,*78
23:23:26.585 << $GPGSV,4,4,15,08,03,065,,15,03,297,,40,,,*7A
23:23:27.062 << $GPRMC,042326.000,A,4153.0119,N,08748.2032,W,0.09,189.14,230107,,,A*7C
23:23:27.557 << $GPGGA,042327.000,4153.0119,N,08748.2032,W,1,9,1.01,228.3,M,-34.0,M,,*6C
23:23:27.560 << $GPGSA,A,3,14,30,07,01,17,20,02,19,22,,,,1.65,1.01,1.31*0D
23:23:27.562 << $GPGSV,4,1,15,14,79,013,37,17,69,266,33,22,64,319,35,30,49,193,30*77
23:23:27.563 << $GPGSV,4,2,15,01,45,069,24,19,33,246,28,02,28,047,24,07,18,165,17*77
23:23:27.564 << $GPGSV,4,3,15,20,11,269,22,06,06,196,,03,05,113,,24,04,324,*79
23:23:27.564 << $GPGSV,4,4,15,08,03,065,,15,03,297,,40,,,*7A
23:23:27.566 << $GPRMC,042327.000,A,4153.0119,N,08748.2032,W,0.08,189.14,230107,,,A*7C
23:23:28.551 << $GPGGA,042328.000,4153.0118,N,08748.2032,W,1,9,1.01,228.3,M,-34.0,M,,*62
23:23:28.555 << $GPGSA,A,3,14,30,07,01,17,20,02,19,22,,,,1.65,1.01,1.31*0D
23:23:28.557 << $GPGSV,4,1,15,14,79,013,37,17,69,266,33,22,64,319,35,30,49,193,30*77
23:23:28.558 << $GPGSV,4,2,15,01,45,069,25,19,33,246,28,02,28,047,24,07,18,165,17*76
23:23:28.559 << $GPGSV,4,3,15,20,11,269,22,06,06,196,,03,05,113,,24,04,324,*79
23:23:28.561 << $GPGSV,4,4,15,08,03,065,,15,03,297,,40,,,*7A
23:23:28.562 << $GPRMC,042328.000,A,4153.0118,N,08748.2032,W,0.21,189.14,230107,,,A*79
23:23:29.543 << $GPGGA,042329.000,4153.0118,N,08748.2033,W,1,9,1.01,228.3,M,-34.0,M,,*62
23:23:29.546 << $GPGSA,A,3,14,30,07,01,17,20,02,19,22,,,,1.65,1.01,1.31*0D
23:23:29.548 << $GPGSV,4,1,15,14,79,013,37,17,69,266,33,22,64,319,35,30,49,193,30*77
23:23:29.549 << $GPGSV,4,2,15,01,45,069,25,19,33,246,27,02,28,047,25,07,18,165,17*78
23:23:29.550 << $GPGSV,4,3,15,20,11,269,23,06,06,196,,03,05,113,,24,04,324,*78
23:23:29.550 << $GPGSV,4,4,15,08,03,065,,15,03,297,,40,,,*7A
23:23:29.552 << $GPRMC,042329.000,A,4153.0118,N,08748.2033,W,0.30,194.75,230107,,,A*72
23:23:30.476 << $GPGGA,042330.000,4153.0117,N,08748.2033,W,1,9,1.01,228.3,M,-34.0,M,,*65
23:23:30.478 << $GPGSA,A,3,14,30,07,01,17,20,02,19,22,,,,1.65,1.01,1.31*0D
23:23:30.480 << $GPGSV,4,1,15,14,79,013,37,17,69,266,33,22,64,319,35,30,49,193,30*77
23:23:30.481 << $GPGSV,4,2,15,01,45,069,25,19,33,246,27,02,28,047,25,07,18,165,17*78
23:23:30.482 << $GPGSV,4,3,15,20,11,269,23,06,06,196,,03,05,113,,24,04,324,*78
23:23:30.482 << $GPGSV,4,4,15,08,03,065,,15,03,297,,40,,,*7A
23:23:30.483 << $GPRMC,042330.000,A,4153.0117,N,08748.2033,W,0.33,195.34,230107,,,A*72
23:23:31.465 << $GPGGA,042331.000,4153.0116,N,08748.2033,W,1,9,1.01,228.3,M,-34.0,M,,*65
23:23:31.469 << $GPGSA,A,3,14,30,07,01,17,20,02,19,22,,,,1.65,1.01,1.31*0D
23:23:31.471 << $GPGSV,4,1,15,14,79,013,37,17,69,266,33,22,64,319,35,30,49,193,30*77
23:23:31.472 << $GPGSV,4,2,15,01,45,069,25,51,37,207,,19,33,246,27,02,28,047,25*77
23:23:31.473 << $GPGSV,4,3,15,07,18,165,17,20,11,269,23,06,06,196,,03,05,113,*75
23:23:31.473 << $GPGSV,4,4,15,24,04,324,,08,03,065,,15,03,297,*49
23:23:31.938 << $GPRMC,042331.000,A,4153.0116,N,08748.2033,W,0.34,199.56,230107,,,A*7D
23:23:32.428 << $GPGGA,042332.000,4153.0115,N,08748.2034,W,1,9,1.01,228.3,M,-34.0,M,,*62
23:23:32.430 << $GPGSA,A,3,14,30,07,01,17,20,02,19,22,,,,1.65,1.01,1.31*0D
23:23:32.432 << $GPGSV,4,1,15,14,79,013,37,17,69,266,33,22,64,319,35,30,49,193,30*77
23:23:32.433 << $GPGSV,4,2,15,01,45,069,25,51,37,207,,19,33,246,26,02,28,047,25*76
23:23:32.433 << $GPGSV,4,3,15,07,18,165,16,20,11,269,23,06,06,196,,03,05,113,*74
23:23:32.434 << $GPGSV,4,4,15,24,04,324,,08,03,065,,15,03,297,*49
23:23:32.435 << $GPRMC,042332.000,A,4153.0115,N,08748.2034,W,0.28,199.17,230107,,,A*72
23:23:33.406 << $GPGGA,042333.000,4153.0114,N,08748.2034,W,1,9,1.01,228.3,M,-34.0,M,,*62
23:23:33.409 << $GPGSA,A,3,14,30,07,01,17,20,02,19,22,,,,1.65,1.01,1.31*0D
23:23:33.410 << $GPGSV,4,1,15,14,79,013,37,17,69,266,33,22,64,319,35,30,49,193,30*77
23:23:33.411 << $GPGSV,4,2,15,01,45,069,25,51,37,207,,19,33,246,26,02,28,047,25*76
23:23:33.886 << $GPGSV,4,3,15,07,18,165,16,20,11,269,23,06,06,196,,03,05,113,*74
23:23:33.887 << $GPGSV,4,4,15,24,04,324,,08,03,065,,15,03,297,*49
23:23:33.889 << $GPRMC,042333.000,A,4153.0114,N,08748.2034,W,0.32,200.47,230107,,,A*7F
23:23:34.374 << $GPGGA,042334.000,4153.0114,N,08748.2035,W,1,9,1.01,228.4,M,-34.0,M,,*63
23:23:34.378 << $GPGSA,A,3,14,30,07,01,17,20,02,19,22,,,,1.65,1.01,1.31*0D
23:23:34.380 << $GPGSV,4,1,15,14,79,013,37,17,69,266,33,22,64,319,35,30,49,193,30*77
23:23:34.434 << $GPGSV,4,2,15,01,45,069,25,51,37,207,,19,33,246,26,02,28,047,25*76
23:23:34.436 << $GPGSV,4,3,15,07,18,165,16,20,11,269,23,06,06,196,,03,05,113,*74
23:23:34.437 << $GPGSV,4,4,15,24,04,324,,08,03,065,,15,03,297,*49
23:23:34.438 << $GPRMC,042334.000,A,4153.0114,N,08748.2035,W,0.33,201.68,230107,,,A*74
23:23:35.838 << $GPGGA,042335.000,4153.0113,N,08748.2036,W,1,9,1.01,228.4,M,-34.0,M,,*66
23:23:35.841 << $GPGSA,A,3,14,30,07,01,17,20,02,19,22,,,,1.65,1.01,1.31*0D
23:23:35.842 << $GPGSV,4,1,15,14,79,014,37,17,69,266,33,22,64,319,35,30,49,193,30*70
23:23:35.843 << $GPGSV,4,2,15,01,45,069,26,51,37,207,,19,33,246,26,02,28,047,25*75
23:23:35.843 << $GPGSV,4,3,15,07,18,165,16,20,11,269,23,06,06,196,,03,05,113,*74
23:23:35.844 << $GPGSV,4,4,15,24,04,324,,08,03,065,,15,03,297,*49
23:23:35.845 << $GPRMC,042335.000,A,4153.0113,N,08748.2036,W,0.35,200.41,230107,,,A*7D
23:23:36.817 << $GPGGA,042336.000,4153.0112,N,08748.2036,W,1,9,1.01,228.4,M,-34.0,M,,*64
23:23:36.821 << $GPGSA,A,3,14,30,07,01,17,20,02,19,22,,,,1.65,1.01,1.31*0D
23:23:36.823 << $GPGSV,4,1,15,14,79,014,37,17,69,266,33,22,64,319,35,30,49,193,30*70
23:23:36.824 << $GPGSV,4,2,15,01,45,069,26,51,37,207,,19,33,246,26,02,28,047,25*75
23:23:36.825 << $GPGSV,4,3,15,07,18,165,16,20,11,269,23,06,06,196,,03,05,113,*74
23:23:36.826 << $GPGSV,4,4,15,24,04,324,,08,03,065,,15,03,296,*48
23:23:37.302 << $GPRMC,042336.000,A,4153.0112,N,08748.2036,W,0.39,201.93,230107,,,A*7D
23:23:37.790 << $GPGGA,042337.000,4153.0111,N,08748.2037,W,1,9,1.01,228.5,M,-34.0,M,,*66
23:23:37.793 << $GPGSA,A,3,14,30,07,01,17,20,02,19,22,,,,1.65,1.01,1.31*0D
23:23:37.795 << $GPGSV,4,1,15,14,79,014,37,17,69,266,33,22,64,319,35,30,49,193,30*70
23:23:37.796 << $GPGSV,4,2,15,01,45,069,26,51,37,207,,19,33,246,26,02,28,047,25*75
23:23:37.797 << $GPGSV,4,3,15,07,18,165,16,20,11,269,23,06,06,196,,03,05,113,*74
23:23:37.797 << $GPGSV,4,4,15,24,04,324,,08,03,065,,15,03,296,*48
23:23:37.798 << $GPRMC,042337.000,A,4153.0111,N,08748.2037,W,0.43,201.85,230107,,,A*74
23:23:38.778 << $GPGGA,042338.000,4153.0110,N,08748.2037,W,1,9,1.01,228.5,M,-34.0,M,,*68
23:23:38.781 << $GPGSA,A,3,14,30,07,01,17,20,02,19,22,,,,1.65,1.01,1.31*0D
23:23:38.783 << $GPGSV,4,1,15,14,79,014,37,17,69,266,33,22,64,319,35,30,49,193,30*70
23:23:38.784 << $GPGSV,4,2,15,01,45,069,25,51,37,207,,19,33,246,26,02,28,047,25*76
23:23:38.785 << $GPGSV,4,3,15,07,18,165,16,20,11,269,23,06,06,196,,03,05,113,*74
23:23:38.785 << $GPGSV,4,4,15,24,04,324,,08,03,065,,15,03,296,*48
23:23:38.787 << $GPRMC,042338.000,A,4153.0110,N,08748.2037,W,0.51,201.77,230107,,,A*74
23:23:39.761 << $GPGGA,042339.000,4153.0109,N,08748.2038,W,1,9,1.01,228.6,M,-34.0,M,,*6D
23:23:39.765 << $GPGSA,A,3,14,30,07,01,17,20,02,19,22,,,,1.65,1.01,1.30*0C
23:23:39.768 << $GPGSV,4,1,15,14,79,014,37,17,69,266,33,22,64,319,35,30,49,193,30*70
23:23:39.769 << $GPGSV,4,2,15,01,45,069,25,51,37,207,,19,33,246,27,02,28,047,25*77
23:23:39.769 << $GPGSV,4,3,15,07,18,165,16,20,11,269,23,06,06,196,,03,05,113,*74
23:23:39.770 << $GPGSV,4,4,15,24,04,324,,08,03,065,,15,03,296,*48
23:23:39.771 << $GPRMC,042339.000,A,4153.0109,N,08748.2038,W,0.48,201.60,230107,,,A*7C
23:23:40.747 << $GPGGA,042340.000,4153.0107,N,08748.2039,W,1,9,1.01,228.6,M,-34.0,M,,*6C
23:23:40.750 << $GPGSA,A,3,14,30,07,01,17,20,02,19,22,,,,1.65,1.01,1.31*0D
23:23:40.753 << $GPGSV,4,1,15,14,79,014,37,17,69,266,33,22,64,319,35,30,49,193,30*70
23:23:40.754 << $GPGSV,4,2,15,01,45,069,25,51,37,207,,19,33,246,27,02,28,047,25*77
23:23:40.754 << $GPGSV,4,3,15,07,18,165,16,20,11,269,23,06,06,196,,03,05,113,*74
23:23:40.755 << $GPGSV,4,4,15,24,04,324,,08,03,065,,15,03,296,*48
23:23:40.756 << $GPRMC,042340.000,A,4153.0107,N,08748.2039,W,0.43,204.47,230107,,,A*76
23:23:41.690 << $GPGGA,042341.000,4153.0106,N,08748.2039,W,1,9,1.01,228.7,M,-34.0,M,,*6D
23:23:41.693 << $GPGSA,A,3,14,30,07,01,17,20,02,19,22,,,,1.65,1.01,1.30*0C
23:23:41.694 << $GPGSV,4,1,15,14,79,014,37,17,69,266,33,22,64,319,35,30,49,193,29*78
23:23:41.695 << $GPGSV,4,2,15,01,45,069,25,19,33,246,26,44,33,219,,02,28,047,25*79
23:23:41.696 << $GPGSV,4,3,15,07,18,165,16,20,11,269,23,06,06,196,,03,05,113,*74
23:23:41.696 << $GPGSV,4,4,15,24,04,324,,08,03,065,,15,03,296,*48
23:23:42.176 << $GPRMC,042341.000,A,4153.0106,N,08748.2039,W,0.35,205.11,230107,,,A*75
23:23:42.661 << $GPGGA,042342.000,4153.0105,N,08748.2040,W,1,9,1.01,228.7,M,-34.0,M,,*63
23:23:42.665 << $GPGSA,A,3,14,30,07,01,17,20,02,19,22,,,,1.65,1.01,1.30*0C
23:23:42.667 << $GPGSV,4,1,15,14,79,014,37,17,69,266,33,22,64,319,35,30,49,193,29*78
23:23:42.668 << $GPGSV,4,2,15,01,45,069,25,19,33,246,26,44,33,219,,02,28,047,25*79
23:23:42.722 << $GPGSV,4,3,15,07,18,165,16,20,11,269,23,06,06,196,,03,05,113,*74
23:23:42.724 << $GPGSV,4,4,15,24,04,324,,08,03,065,,15,03,296,*48
23:23:42.725 << $GPRMC,042342.000,A,4153.0105,N,08748.2040,W,0.39,204.27,230107,,,A*73
23:23:43.645 << $GPGGA,042343.000,4153.0104,N,08748.2041,W,1,9,1.01,228.8,M,-34.0,M,,*6D
23:23:43.648 << $GPGSA,A,3,14,30,07,01,17,20,02,19,22,,,,1.65,1.01,1.30*0C
23:23:43.649 << $GPGSV,4,1,15,14,79,014,37,17,69,266,33,22,64,319,35,30,49,193,29*78
23:23:43.649 << $GPGSV,4,2,15,01,45,069,26,19,33,246,26,44,33,219,,02,28,047,25*7A
23:23:43.650 << $GPGSV,4,3,15,07,18,165,16,20,11,269,23,06,06,196,,03,05,113,*74
23:23:43.650 << $GPGSV,4,4,15,24,04,324,,08,03,065,,15,03,296,*48
23:23:43.651 << $GPRMC,042343.000,A,4153.0104,N,08748.2041,W,0.41,204.72,230107,,,A*7D
23:23:44.624 << $GPGGA,042344.000,4153.0103,N,08748.2041,W,1,9,1.01,228.8,M,-34.0,M,,*6D
23:23:44.628 << $GPGSA,A,3,14,30,07,01,17,20,02,19,22,,,,1.65,1.01,1.30*0C
23:23:44.630 << $GPGSV,4,1,15,14,79,014,37,17,69,266,33,22,64,319,35,30,49,193,29*78
23:23:44.631 << $GPGSV,4,2,15,01,45,069,26,19,33,246,26,44,33,219,,02,28,047,25*7A
23:23:44.632 << $GPGSV,4,3,15,07,18,165,16,20,11,269,23,06,06,196,,03,05,113,*74
23:23:44.633 << $GPGSV,4,4,15,24,04,324,,08,03,065,,15,03,296,*48
23:23:44.634 << $GPRMC,042344.000,A,4153.0103,N,08748.2041,W,0.47,204.94,230107,,,A*73
23:23:45.622 << $GPGGA,042345.000,4153.0102,N,08748.2042,W,1,9,1.01,228.9,M,-34.0,M,,*6F
23:23:45.626 << $GPGSA,A,3,14,30,07,01,17,20,02,19,22,,,,1.65,1.01,1.30*0C
23:23:45.627 << $GPGSV,4,1,15,14,79,014,37,17,69,266,33,22,64,319,35,30,49,193,28*79
23:23:45.628 << $GPGSV,4,2,15,01,45,069,26,19,33,246,26,44,33,219,,02,28,047,25*7A
23:23:45.629 << $GPGSV,4,3,15,07,18,165,16,20,11,269,23,06,06,196,,03,05,113,*74
23:23:45.630 << $GPGSV,4,4,15,24,05,324,,08,03,065,,15,03,296,*49
23:23:45.631 << $GPRMC,042345.000,A,4153.0102,N,08748.2042,W,0.40,207.44,230107,,,A*79
23:23:46.611 << $GPGGA,042346.000,4153.0101,N,08748.2043,W,1,9,1.01,229.0,M,-34.0,M,,*66
23:23:46.615 << $GPGSA,A,3,14,30,07,01,17,20,02,19,22,,,,1.65,1.01,1.30*0C
23:23:46.617 << $GPGSV,4,1,15,14,79,014,37,17,69,266,33,22,64,319,35,30,49,193,28*79
23:23:46.618 << $GPGSV,4,2,15,01,45,069,26,19,33,246,26,44,33,219,,02,28,047,25*7A
23:23:46.619 << $GPGSV,4,3,15,07,18,165,16,20,11,269,23,06,06,196,,03,05,113,*74
23:23:46.619 << $GPGSV,4,4,15,24,05,324,,08,03,065,,15,03,296,*49
23:23:47.048 << $GPRMC,042346.000,A,4153.0101,N,08748.2043,W,0.41,208.41,230107,,,A*73
23:23:47.541 << $GPGGA,042347.000,4153.0100,N,08748.2044,W,1,9,1.01,229.1,M,-34.0,M,,*60
23:23:47.544 << $GPGSA,A,3,14,30,07,01,17,20,02,19,22,,,,1.65,1.01,1.30*0C
23:23:47.545 << $GPGSV,4,1,15,14,79,014,37,17,69,266,33,22,64,319,35,30,49,193,28*79
23:23:47.546 << $GPGSV,4,2,15,01,45,069,27,19,33,246,26,44,33,219,,02,28,047,25*7B
23:23:48.032 << $GPGSV,4,3,15,07,18,165,17,20,11,269,23,06,06,196,,03,05,113,*75
23:23:48.033 << $GPGSV,4,4,15,24,05,324,,08,03,065,,15,03,296,*49
23:23:48.035 << $GPRMC,042347.000,A,4153.0100,N,08748.2044,W,0.35,205.33,230107,,,A*7F
23:23:48.520 << $GPGGA,042348.000,4153.0100,N,08748.2044,W,1,9,1.01,229.2,M,-34.0,M,,*6C
23:23:48.523 << $GPGSA,A,3,14,30,07,01,17,20,02,19,22,,,,1.65,1.01,1.30*0C
23:23:48.525 << $GPGSV,4,1,15,14,79,014,37,17,69,266,33,22,64,319,35,30,49,193,28*79
23:23:48.526 << $GPGSV,4,2,15,01,45,069,27,19,33,246,26,44,33,219,,02,28,047,25*7B
23:23:48.997 << $GPGSV,4,3,15,07,18,165,17,20,11,269,22,06,06,196,,03,05,113,*74
23:23:48.998 << $GPGSV,4,4,15,24,05,324,,08,03,065,,15,03,296,*49
23:23:49.000 << $GPRMC,042348.000,A,4153.0100,N,08748.2044,W,0.38,206.32,230107,,,A*7F
23:23:49.486 << $GPGGA,042349.000,4153.0099,N,08748.2045,W,1,9,1.01,229.2,M,-34.0,M,,*6D
23:23:49.490 << $GPGSA,A,3,14,30,07,01,17,20,02,19,22,,,,1.65,1.01,1.30*0C
23:23:49.491 << $GPGSV,4,1,15,14,79,014,37,17,69,266,33,22,64,319,35,30,49,193,28*79
23:23:49.546 << $GPGSV,4,2,15,01,45,069,27,19,33,246,26,44,33,219,,02,28,047,25*7B
23:23:49.547 << $GPGSV,4,3,15,07,18,165,17,20,11,269,22,06,06,196,,03,05,113,*74
23:23:49.548 << $GPGSV,4,4,15,24,05,324,,08,03,065,,15,03,296,*49
23:23:49.549 << $GPRMC,042349.000,A,4153.0099,N,08748.2045,W,0.41,204.65,230107,,,A*70
23:23:50.463 << $GPGGA,042350.000,4153.0098,N,08748.2045,W,1,9,1.01,229.3,M,-34.0,M,,*65
23:23:50.464 << $GPGSA,A,3,14,30,07,01,17,20,02,19,22,,,,1.65,1.01,1.30*0C
23:23:50.465 << $GPGSV,4,1,15,14,79,014,37,17,69,266,33,22,64,319,35,30,49,193,28*79
23:23:50.465 << $GPGSV,4,2,15,01,45,069,27,19,33,246,26,02,28,047,25,48,28,228,*7F
23:23:50.465 << $GPGSV,4,3,15,07,18,165,17,20,11,269,22,06,06,196,,03,05,113,*74
23:23:50.466 << $GPGSV,4,4,15,24,05,324,,08,03,065,,15,03,296,*49
23:23:50.466 << $GPRMC,042350.000,A,4153.0098,N,08748.2045,W,0.44,206.63,230107,,,A*78
23:23:51.447 << $GPGGA,042351.000,4153.0097,N,08748.2046,W,1,9,1.01,229.4,M,-34.0,M,,*6F
23:23:51.449 << $GPGSA,A,3,14,30,07,01,17,20,02,19,22,,,,1.65,1.01,1.30*0C
23:23:51.451 << $GPGSV,4,1,15,14,79,014,37,17,69,266,33,22,64,319,35,30,48,193,27*77
23:23:51.452 << $GPGSV,4,2,15,01,45,069,27,19,33,246,25,02,28,047,25,48,28,228,*7C
23:23:51.452 << $GPGSV,4,3,15,07,18,165,17,20,11,269,22,06,06,196,,03,05,113,*74
23:23:51.453 << $GPGSV,4,4,15,24,05,324,,08,03,065,,15,03,296,*49
23:23:51.923 << $GPRMC,042351.000,A,4153.0097,N,08748.2046,W,0.45,207.40,230107,,,A*74
23:23:52.418 << $GPGGA,042352.000,4153.0095,N,08748.2047,W,1,9,1.01,229.5,M,-34.0,M,,*6E
23:23:52.420 << $GPGSA,A,3,14,30,07,01,17,20,02,19,22,,,,1.65,1.01,1.30*0C
23:23:52.420 << $GPGSV,4,1,15,14,79,014,37,17,69,266,33,22,64,319,35,30,48,193,27*77
23:23:52.421 << $GPGSV,4,2,15,01,45,069,27,19,33,246,24,02,28,047,25,48,28,228,30*7E
23:23:52.900 << $GPGSV,4,3,15,07,18,165,17,20,11,269,22,06,06,196,,03,05,113,*74
23:23:52.901 << $GPGSV,4,4,15,24,05,324,,08,03,065,,15,03,296,*49
23:23:52.903 << $GPRMC,042352.000,A,4153.0095,N,08748.2047,W,0.45,207.63,230107,,,A*75
23:23:53.393 << $GPGGA,042353.000,4153.0094,N,08748.2048,W,1,9,1.01,229.6,M,-34.0,M,,*62
23:23:53.396 << $GPGSA,A,3,14,30,07,01,17,20,02,19,22,,,,1.65,1.01,1.30*0C
23:23:53.397 << $GPGSV,4,1,15,14,79,014,37,17,69,266,32,22,64,319,35,30,48,193,27*76
23:23:53.399 << $GPGSV,4,2,15,01,45,069,27,19,33,246,24,02,28,047,25,48,28,228,30*7E
23:23:53.881 << $GPGSV,4,3,15,07,18,165,17,20,11,269,22,06,06,196,,03,05,113,*74
23:23:53.882 << $GPGSV,4,4,15,24,05,324,,08,03,065,,15,03,296,*49
23:23:53.885 << $GPRMC,042353.000,A,4153.0094,N,08748.2048,W,0.38,208.42,230107,,,A*7C
23:23:54.362 << $GPGGA,042354.000,4153.0093,N,08748.2049,W,1,9,1.01,229.7,M,-34.0,M,,*62
23:23:54.364 << $GPGSA,A,3,14,30,07,01,17,20,02,19,22,,,,1.65,1.01,1.30*0C
23:23:54.850 << $GPGSV,4,1,15,14,79,014,37,17,69,266,32,22,64,319,35,30,48,193,27*76
23:23:54.852 << $GPGSV,4,2,15,01,45,068,28,19,33,246,24,02,28,047,25,48,28,228,*73
23:23:54.853 << $GPGSV,4,3,15,07,18,165,17,20,11,269,22,06,06,196,,03,05,113,*74
23:23:54.854 << $GPGSV,4,4,15,24,05,324,,08,03,065,,15,03,296,*49
23:23:54.856 << $GPRMC,042354.000,A,4153.0093,N,08748.2049,W,0.36,208.36,230107,,,A*70
23:23:55.844 << $GPGGA,042355.000,4153.0093,N,08748.2049,W,1,9,0.99,229.8,M,-34.0,M,,*6C
23:23:55.848 << $GPGSA,A,3,14,30,07,01,17,20,02,19,22,,,,1.27,0.99,0.79*06
23:23:55.850 << $GPGSV,4,1,15,14,79,014,37,17,69,266,32,22,64,319,35,30,48,193,26*77
23:23:55.851 << $GPGSV,4,2,15,01,45,068,28,19,33,246,24,02,28,047,25,48,28,228,*73
23:23:55.852 << $GPGSV,4,3,15,07,18,165,17,20,11,269,22,06,06,196,,03,05,113,*74
23:23:55.852 << $GPGSV,4,4,15,24,05,324,,08,03,065,,15,03,296,*49
23:23:55.854 << $GPRMC,042355.000,A,4153.0093,N,08748.2049,W,0.36,207.81,230107,,,A*72
23:23:56.831 << $GPGGA,042356.000,4153.0092,N,08748.2050,W,1,9,1.01,229.9,M,-34.0,M,,*67
23:23:56.833 << $GPGSA,A,3,14,30,07,01,17,20,02,19,22,,,,1.65,1.01,1.30*0C
23:23:56.834 << $GPGSV,4,1,15,14,79,014,36,17,69,266,32,22,64,319,35,30,48,193,25*75
23:23:56.835 << $GPGSV,4,2,15,01,45,068,28,19,33,246,24,02,28,047,25,48,28,228,*73
23:23:56.836 << $GPGSV,4,3,15,07,18,165,17,20,11,269,22,06,06,196,,03,06,113,*77
23:23:56.836 << $GPGSV,4,4,15,24,05,324,,08,03,065,,15,03,296,*49
23:23:57.292 << $GPRMC,042356.000,A,4153.0092,N,08748.2050,W,0.36,208.78,230107,,,A*71
23:23:57.780 << $GPGGA,042357.000,4153.0091,N,08748.2051,W,1,9,1.01,230.0,M,-34.0,M,,*65
23:23:57.783 << $GPGSA,A,3,14,30,07,01,17,20,02,19,22,,,,1.65,1.01,1.30*0C
23:23:57.785 << $GPGSV,4,1,15,14,79,014,36,17,69,266,32,22,64,319,35,30,48,193,25*75
23:23:57.786 << $GPGSV,4,2,15,01,45,068,28,19,33,246,24,02,28,047,25,48,28,228,*73
23:23:58.266 << $GPGSV,4,3,15,07,18,165,17,20,11,269,22,06,06,196,,03,06,113,*77
23:23:58.267 << $GPGSV,4,4,15,24,05,324,,08,03,065,,15,03,296,*49
23:23:58.269 << $GPRMC,042357.000,A,4153.0091,N,08748.2051,W,0.38,210.27,230107,,,A*7F
23:23:58.755 << $GPGGA,042358.000,4153.0090,N,08748.2051,W,1,9,1.01,230.2,M,-34.0,M,,*69
23:23:58.757 << $GPGSA,A,3,14,30,07,01,17,20,02,19,22,,,,1.65,1.01,1.30*0C
23:23:58.758 << $GPGSV,4,1,15,14,79,014,36,17,69,266,32,22,64,319,35,30,48,193,25*75
23:23:58.759 << $GPGSV,4,2,15,01,45,068,28,19,33,246,24,02,28,047,25,48,28,228,*73
23:23:58.759 << $GPGSV,4,3,15,07,18,165,17,20,11,269,22,06,06,196,,03,06,113,*77
23:23:58.760 << $GPGSV,4,4,15,24,05,324,,08,03,065,,15,03,296,*49
23:23:58.760 << $GPRMC,042358.000,A,4153.0090,N,08748.2051,W,0.38,210.72,230107,,,A*71
23:23:59.739 << $GPGGA,042359.000,4153.0089,N,08748.2052,W,1,9,1.01,230.3,M,-34.0,M,,*62
23:23:59.742 << $GPGSA,A,3,14,30,07,01,17,20,02,19,22,,,,1.65,1.01,1.30*0C
23:23:59.745 << $GPGSV,4,1,15,14,79,014,36,17,69,266,32,22,64,319,35,30,48,193,25*75
23:23:59.746 << $GPGSV,4,2,15,01,45,068,29,19,33,246,24,02,28,047,25,48,28,228,*72
23:23:59.747 << $GPGSV,4,3,15,07,18,165,17,20,11,269,22,06,06,196,,03,06,113,*77
23:23:59.748 << $GPGSV,4,4,15,24,05,324,,08,03,065,,15,03,296,*49
23:23:59.749 << $GPRMC,042359.000,A,4153.0089,N,08748.2052,W,0.28,209.15,230107,,,A*73
23:24:00.735 << $GPGGA,042400.000,4153.0089,N,08748.2053,W,1,9,1.01,230.4,M,-34.0,M,,*6F
23:24:00.738 << $GPGSA,A,3,14,30,07,01,17,20,02,19,22,,,,1.65,1.01,1.30*0C
23:24:00.740 << $GPGSV,4,1,15,14,79,014,36,17,69,266,32,22,64,319,35,30,48,193,24*74
23:24:00.741 << $GPGSV,4,2,15,01,45,068,29,19,33,246,24,02,28,047,25,48,28,228,*72
23:24:00.742 << $GPGSV,4,3,15,07,18,165,17,20,11,269,22,06,06,196,,03,06,113,*77
23:24:00.743 << $GPGSV,4,4,15,24,05,324,,08,03,065,,15,03,296,*49
23:24:00.744 << $GPRMC,042400.000,A,4153.0089,N,08748.2053,W,0.31,209.80,230107,,,A*7D
23:24:01.717 << $GPGGA,042401.000,4153.0088,N,08748.2053,W,1,9,1.01,230.5,M,-34.0,M,,*6E
23:24:01.720 << $GPGSA,A,3,14,30,07,01,17,20,02,19,22,,,,1.65,1.01,1.30*0C
23:24:01.722 << $GPGSV,4,1,15,14,79,014,36,17,69,266,32,22,64,319,35,30,48,193,24*74
23:24:01.723 << $GPGSV,4,2,15,01,45,068,29,19,33,246,23,02,28,047,25,48,28,228,*75
23:24:01.724 << $GPGSV,4,3,15,07,18,165,17,20,11,269,22,06,06,196,,03,06,113,*77
23:24:01.724 << $GPGSV,4,4,15,24,05,324,,08,03,065,,15,03,296,*49
23:24:02.162 << $GPRMC,042401.000,A,4153.0088,N,08748.2053,W,0.30,211.70,230107,,,A*7A
23:24:02.651 << $GPGGA,042402.000,4153.0087,N,08748.2054,W,1,9,1.01,230.7,M,-34.0,M,,*67
23:24:02.655 << $GPGSA,A,3,14,30,07,01,17,20,02,19,22,,,,1.65,1.01,1.30*0C
23:24:02.657 << $GPGSV,4,1,15,14,79,014,36,17,69,266,32,22,64,319,35,30,48,193,24*74
23:24:02.658 << $GPGSV,4,2,15,01,45,068,29,19,33,246,23,02,28,047,25,46,26,232,*7E
23:24:02.659 << $GPGSV,4,3,15,07,18,165,17,20,11,269,22,06,06,196,,03,06,113,*77
23:24:02.660 << $GPGSV,4,4,15,24,05,324,,08,03,065,,15,03,296,*49
23:24:02.661 << $GPRMC,042402.000,A,4153.0087,N,08748.2054,W,0.26,210.71,230107,,,A*76
23:24:03.646 << $GPGGA,042403.000,4153.0087,N,08748.2054,W,1,9,1.01,230.8,M,-34.0,M,,*69
23:24:03.649 << $GPGSA,A,3,14,30,07,01,17,20,02,19,22,,,,1.65,1.01,1.30*0C
23:24:03.651 << $GPGSV,4,1,15,14,79,014,36,17,69,266,32,22,64,319,35,30,48,193,24*74
23:24:03.652 << $GPGSV,4,2,15,01,45,068,30,19,33,246,22,02,28,047,25,46,26,232,*77
23:24:03.653 << $GPGSV,4,3,15,07,18,165,17,20,11,269,22,06,06,196,,03,06,113,*77
23:24:03.653 << $GPGSV,4,4,15,24,05,324,,08,03,065,,15,03,296,*49
23:24:03.655 << $GPRMC,042403.000,A,4153.0087,N,08748.2054,W,0.26,211.31,230107,,,A*72
23:24:04.632 << $GPGGA,042404.000,4153.0086,N,08748.2055,W,1,9,1.01,230.9,M,-34.0,M,,*6F
23:24:04.636 << $GPGSA,A,3,14,30,07,01,17,20,02,19,22,,,,1.65,1.01,1.30*0C
23:24:04.638 << $GPGSV,4,1,15,14,79,014,36,17,69,266,32,22,64,319,35,30,48,193,24*74
23:24:04.639 << $GPGSV,4,2,15,01,45,068,30,19,33,246,21,02,28,047,25,46,26,232,*74
23:24:04.640 << $GPGSV,4,3,15,07,18,165,17,20,11,269,22,06,06,196,,03,06,113,*77
23:24:04.641 << $GPGSV,4,4,15,24,05,324,,08,03,065,,15,03,296,*49
23:24:04.642 << $GPRMC,042404.000,A,4153.0086,N,08748.2055,W,0.23,209.05,230107,,,A*7E
23:24:05.619 << $GPGGA,042405.000,4153.0086,N,08748.2055,W,1,9,1.01,231.0,M,-34.0,M,,*66
23:24:05.623 << $GPGSA,A,3,14,30,07,01,17,20,02,19,22,,,,1.65,1.01,1.30*0C
23:24:05.625 << $GPGSV,4,1,15,14,79,014,36,17,69,266,32,22,64,319,35,30,48,193,24*74
23:24:05.626 << $GPGSV,4,2,15,01,45,068,30,19,33,246,21,02,28,047,25,46,26,232,*74
23:24:05.627 << $GPGSV,4,3,15,07,18,165,17,20,11,269,22,06,06,196,,03,06,113,*77
23:24:05.628 << $GPGSV,4,4,15,24,05,324,,08,03,065,,15,03,296,*49
23:24:05.629 << $GPRMC,042405.000,A,4153.0086,N,08748.2055,W,0.22,212.13,230107,,,A*73
23:24:06.555 << $GPGGA,042406.000,4153.0085,N,08748.2056,W,1,9,1.01,231.2,M,-34.0,M,,*67
23:24:06.558 << $GPGSA,A,3,14,30,07,01,17,20,02,19,22,,,,1.65,1.01,1.30*0C
23:24:06.559 << $GPGSV,4,1,15,14,79,014,36,17,69,266,32,22,64,319,35,30,48,193,23*73
23:24:06.560 << $GPGSV,4,2,15,01,45,068,30,19,33,246,21,02,28,047,25,46,26,232,*74
23:24:06.560 << $GPGSV,4,3,15,07,18,165,17,20,11,269,22,06,06,196,,03,06,113,*77
23:24:06.561 << $GPGSV,4,4,15,24,05,324,,08,03,065,,15,03,296,*49
23:24:07.034 << $GPRMC,042406.000,A,4153.0085,N,08748.2056,W,0.31,212.56,230107,,,A*73
23:24:07.526 << $GPGGA,042407.000,4153.0084,N,08748.2056,W,1,9,1.01,231.3,M,-34.0,M,,*66
23:24:07.529 << $GPGSA,A,3,14,30,07,01,17,20,02,19,22,,,,1.65,1.01,1.30*0C
23:24:07.531 << $GPGSV,4,1,15,14,79,015,36,17,69,266,32,22,64,319,35,30,48,193,23*72
23:24:07.531 << $GPGSV,4,2,15,01,45,068,30,19,33,246,21,02,28,047,25,46,26,232,30*77
23:24:07.532 << $GPGSV,4,3,15,07,18,165,17,20,11,269,22,06,06,196,,03,06,113,*77
23:24:07.532 << $GPGSV,4,4,15,24,05,324,,08,03,065,,15,03,296,*49
23:24:07.533 << $GPRMC,042407.000,A,4153.0084,N,08748.2056,W,0.21,209.98,230107,,,A*7A
23:24:08.511 << $GPGGA,042408.000,4153.0084,N,08748.2057,W,1,9,1.01,231.4,M,-34.0,M,,*6F
23:24:08.514 << $GPGSA,A,3,14,30,07,01,17,20,02,19,22,,,,1.64,1.01,1.30*0D
23:24:08.517 << $GPGSV,4,1,15,14,79,015,36,17,69,266,32,22,64,319,35,30,48,193,23*72
23:24:08.518 << $GPGSV,4,2,15,01,45,068,30,19,33,246,21,02,28,047,25,46,26,232,30*77
23:24:08.519 << $GPGSV,4,3,15,07,18,165,17,20,11,269,22,06,06,196,,03,06,113,*77
23:24:08.519 << $GPGSV,4,4,15,24,05,324,,08,03,065,,15,03,296,*49
23:24:08.520 << $GPRMC,042408.000,A,4153.0084,N,08748.2057,W,0.19,213.63,230107,,,A*70
23:24:09.505 << $GPGGA,042409.000,4153.0084,N,08748.2057,W,1,9,1.01,231.6,M,-34.0,M,,*6C
23:24:09.508 << $GPGSA,A,3,14,30,07,01,17,20,02,19,22,,,,1.65,1.01,1.30*0C
23:24:09.510 << $GPGSV,4,1,15,14,79,015,36,17,69,266,32,22,64,319,35,30,48,193,23*72
23:24:09.511 << $GPGSV,4,2,15,01,45,068,30,19,33,246,21,02,28,047,25,46,26,232,*74
23:24:09.511 << $GPGSV,4,3,15,07,18,165,17,20,11,269,22,06,06,196,,03,06,113,*77
23:24:09.512 << $GPGSV,4,4,15,24,05,324,,08,03,065,,15,03,296,*49
23:24:09.513 << $GPRMC,042409.000,A,4153.0084,N,08748.2057,W,0.11,217.10,230107,,,A*79
23:24:10.496 << $GPGGA,042410.000,4153.0084,N,08748.2058,W,1,9,1.01,231.8,M,-34.0,M,,*65
23:24:10.498 << $GPGSA,A,3,14,30,07,01,17,20,02,19,22,,,,1.65,1.01,1.30*0C
23:24:10.500 << $GPGSV,4,1,15,14,79,015,36,17,69,267,32,22,64,319,35,30,48,193,23*73
23:24:10.501 << $GPGSV,4,2,15,01,45,068,30,19,33,246,21,02,28,047,25,46,26,232,*74
23:24:10.501 << $GPGSV,4,3,15,07,18,165,17,20,11,269,22,06,06,196,,03,06,113,*77
23:24:10.502 << $GPGSV,4,4,15,24,05,324,,08,03,065,,15,03,296,*49
23:24:10.503 << $GPRMC,042410.000,A,4153.0084,N,08748.2058,W,0.08,217.10,230107,,,A*76
23:24:11.429 << $GPGGA,042411.000,4153.0083,N,08748.2058,W,1,9,1.01,231.9,M,-34.0,M,,*62
23:24:11.430 << $GPGSA,A,3,14,30,07,01,17,20,02,19,22,,,,1.65,1.01,1.30*0C
23:24:11.432 << $GPGSV,4,1,15,14,79,015,36,17,69,267,32,22,64,319,35,30,48,193,23*73
23:24:11.433 << $GPGSV,4,2,15,01,45,068,30,19,33,246,21,02,28,047,25,46,26,232,*74
23:24:11.433 << $GPGSV,4,3,15,07,18,165,17,20,11,269,22,06,06,196,,03,06,113,*77
23:24:11.433 << $GPGSV,4,4,15,24,05,324,,08,03,065,,15,03,296,*49
23:24:11.916 << $GPRMC,042411.000,A,4153.0083,N,08748.2058,W,0.08,217.10,230107,,,A*70
23:24:12.407 << $GPGGA,042412.000,4153.0083,N,08748.2058,W,1,9,1.01,232.1,M,-34.0,M,,*6A
23:24:12.410 << $GPGSA,A,3,14,30,07,01,17,20,02,19,22,,,,1.64,1.01,1.30*0D
23:24:12.412 << $GPGSV,4,1,15,14,79,015,36,17,69,267,32,22,64,319,35,30,48,193,23*73
23:24:12.413 << $GPGSV,4,2,15,01,45,068,31,19,33,246,21,02,28,047,25,46,26,232,*75
23:24:12.895 << $GPGSV,4,3,15,07,18,165,17,20,11,269,22,06,06,196,,03,06,113,*77
23:24:12.896 << $GPGSV,4,4,15,24,05,324,,08,03,065,,15,03,296,*49
23:24:12.897 << $GPRMC,042412.000,A,4153.0083,N,08748.2058,W,0.07,217.10,230107,,,A*7C
23:24:13.379 << $GPGGA,042413.000,4153.0084,N,08748.2058,W,1,9,1.01,232.3,M,-34.0,M,,*6E
23:24:13.382 << $GPGSA,A,3,14,30,07,01,17,20,02,19,22,,,,1.64,1.01,1.30*0D
23:24:13.384 << $GPGSV,4,1,15,14,79,015,36,17,69,267,32,22,64,319,35,30,48,193,23*73
23:24:13.385 << $GPGSV,4,2,15,01,45,068,31,19,33,246,20,02,28,047,25,46,26,232,*74
23:24:13.866 << $GPGSV,4,3,15,07,18,165,17,20,10,269,22,06,06,196,,03,06,113,*76
23:24:13.868 << $GPGSV,4,4,15,24,05,324,,08,03,065,,15,03,296,*49
23:24:13.869 << $GPRMC,042413.000,A,4153.0084,N,08748.2058,W,0.09,217.10,230107,,,A*74
23:24:14.851 << $GPGGA,042414.000,4153.0084,N,08748.2059,W,1,9,1.01,232.5,M,-34.0,M,,*6E
23:24:14.855 << $GPGSA,A,3,14,30,07,01,17,20,02,19,22,,,,1.64,1.01,1.30*0D
23:24:14.857 << $GPGSV,4,1,15,14,79,015,36,17,69,267,32,22,64,319,35,30,48,193,22*72
23:24:14.858 << $GPGSV,4,2,15,01,45,068,31,19,33,246,20,02,28,047,25,46,26,232,*74
23:24:14.859 << $GPGSV,4,3,15,07,18,165,17,20,10,269,22,06,06,196,,03,06,113,*76
23:24:14.860 << $GPGSV,4,4,15,24,05,324,,08,03,065,,15,03,296,*49
23:24:14.861 << $GPRMC,042414.000,A,4153.0084,N,08748.2059,W,0.09,217.10,230107,,,A*72
23:24:15.839 << $GPGGA,042415.000,4153.0084,N,08748.2059,W,1,9,1.01,232.6,M,-34.0,M,,*6C
23:24:15.843 << $GPGSA,A,3,14,30,07,01,17,20,02,19,22,,,,1.64,1.01,1.30*0D
23:24:15.845 << $GPGSV,4,1,15,14,79,015,36,17,69,267,31,22,65,319,35,30,48,193,22*70
23:24:15.846 << $GPGSV,4,2,15,01,45,068,31,19,33,246,19,02,28,047,25,46,26,232,*7E
23:24:15.847 << $GPGSV,4,3,15,07,18,165,17,20,10,269,22,06,06,196,,03,06,113,*76
23:24:15.848 << $GPGSV,4,4,15,24,05,324,,08,03,065,,15,03,296,*49
23:24:15.849 << $GPRMC,042415.000,A,4153.0084,N,08748.2059,W,0.07,217.10,230107,,,A*7D
23:24:16.831 << $GPGGA,042416.000,4153.0084,N,08748.2059,W,1,9,1.01,232.8,M,-34.0,M,,*61
23:24:16.835 << $GPGSA,A,3,14,30,07,01,17,20,02,19,22,,,,1.64,1.01,1.30*0D
23:24:16.837 << $GPGSV,4,1,15,14,79,015,36,17,69,267,31,22,65,319,35,30,48,193,22*70
23:24:16.838 << $GPGSV,4,2,15,01,45,068,31,19,33,246,19,02,28,047,24,46,26,232,*7F
23:24:16.839 << $GPGSV,4,3,15,07,18,165,17,20,10,269,22,06,06,196,,03,06,113,*76
23:24:16.840 << $GPGSV,4,4,15,24,05,324,,08,03,065,,15,03,296,*49
23:24:17.278 << $GPRMC,042416.000,A,4153.0084,N,08748.2059,W,0.13,217.10,230107,,,A*7B
23:24:17.766 << $GPGGA,042417.000,4153.0085,N,08748.2059,W,1,9,1.01,233.0,M,-34.0,M,,*68
23:24:17.769 << $GPGSA,A,3,14,30,07,01,17,20,02,19,22,,,,1.64,1.01,1.30*0D
23:24:17.770 << $GPGSV,4,1,15,14,79,015,36,17,69,267,31,22,65,319,35,30,48,193,22*70
23:24:17.772 << $GPGSV,4,2,15,01,45,068,31,19,33,246,19,02,28,047,24,46,26,232,*7F
23:24:17.772 << $GPGSV,4,3,15,07,18,165,17,20,10,269,22,06,06,196,,03,06,113,*76
23:24:17.773 << $GPGSV,4,4,15,24,05,324,,08,03,065,,15,03,296,*49
23:24:17.774 << $GPRMC,042417.000,A,4153.0085,N,08748.2059,W,0.19,217.10,230107,,,A*71
23:24:18.752 << $GPGGA,042418.000,4153.0085,N,08748.2059,W,1,9,1.01,233.2,M,-34.0,M,,*65
23:24:18.757 << $GPGSA,A,3,14,30,07,01,17,20,02,19,22,,,,1.64,1.01,1.30*0D
23:24:18.759 << $GPGSV,4,1,15,14,79,015,36,17,69,267,31,22,65,319,35,30,48,193,22*70
23:24:18.760 << $GPGSV,4,2,15,01,45,068,31,19,33,246,19,02,28,047,24,07,18,165,17*70
23:24:18.761 << $GPGSV,4,3,15,20,10,269,22,06,06,196,,03,06,113,,24,05,324,*7A
23:24:18.762 << $GPGSV,4,4,15,33,04,102,,08,03,065,,15,03,296,*48
23:24:18.763 << $GPRMC,042418.000,A,4153.0085,N,08748.2059,W,0.19,217.10,230107,,,A*7E
23:24:19.744 << $GPGGA,042419.000,4153.0086,N,08748.2059,W,1,9,1.01,233.5,M,-34.0,M,,*60
23:24:19.748 << $GPGSA,A,3,14,30,07,01,17,20,02,19,22,,,,1.64,1.01,1.30*0D
23:24:19.751 << $GPGSV,4,1,15,14,79,015,36,17,69,267,31,22,65,319,35,30,48,193,22*70
23:24:19.752 << $GPGSV,4,2,15,01,45,068,31,19,33,246,19,02,28,047,24,07,18,165,17*70
23:24:19.753 << $GPGSV,4,3,15,20,10,269,22,06,06,196,,03,06,113,,24,05,324,*7A
23:24:19.753 << $GPGSV,4,4,15,33,04,102,,08,03,065,,15,03,296,*48
23:24:19.754 << $GPRMC,042419.000,A,4153.0086,N,08748.2059,W,0.20,217.10,230107,,,A*76
23:24:20.740 << $GPGGA,042420.000,4153.0086,N,08748.2059,W,1,9,1.01,233.7,M,-34.0,M,,*68
23:24:20.744 << $GPGSA,A,3,14,30,07,01,17,20,02,19,22,,,,1.64,1.01,1.30*0D
23:24:20.746 << $GPGSV,4,1,15,14,79,015,36,17,69,267,31,22,65,319,35,30,48,193,23*71
23:24:20.747 << $GPGSV,4,2,15,01,45,068,31,19,33,246,19,02,28,047,24,07,18,165,17*70
23:24:20.748 << $GPGSV,4,3,15,20,10,269,22,06,06,196,,03,06,113,,24,05,324,*7A
23:24:20.748 << $GPGSV,4,4,15,33,04,102,,08,03,065,,15,03,296,*48
23:24:20.750 << $GPRMC,042420.000,A,4153.0086,N,08748.2059,W,0.33,357.81,230107,,,A*73
23:24:21.663 << $GPGGA,042421.000,4153.0087,N,08748.2059,W,1,9,1.01,233.9,M,-34.0,M,,*66
23:24:21.668 << $GPGSA,A,3,14,30,07,01,17,20,02,19,22,,,,1.64,1.01,1.30*0D
23:24:21.669 << $GPGSV,4,1,15,14,79,015,36,17,69,267,31,22,65,319,35,30,48,193,23*71
23:24:21.670 << $GPGSV,4,2,15,01,45,068,31,19,33,246,19,02,28,047,24,07,18,165,17*70
23:24:21.671 << $GPGSV,4,3,15,20,10,269,22,06,06,196,,03,06,113,,24,05,324,*7A
23:24:21.672 << $GPGSV,4,4,15,33,04,102,,08,03,065,,15,03,296,*48
23:24:22.155 << $GPRMC,042421.000,A,4153.0087,N,08748.2059,W,0.38,357.81,230107,,,A*78
23:24:22.646 << $GPGGA,042422.000,4153.0088,N,08748.2059,W,1,9,1.01,234.1,M,-34.0,M,,*65
23:24:22.650 << $GPGSA,A,3,14,30,07,01,17,20,02,19,22,,,,1.64,1.01,1.30*0D
23:24:22.651 << $GPGSV,4,1,15,14,79,015,36,17,69,267,31,22,65,319,35,30,48,193,22*70
23:24:22.652 << $GPGSV,4,2,15,01,45,068,31,19,33,246,19,02,28,047,24,07,18,165,17*70
23:24:23.123 << $GPGSV,4,3,15,20,10,269,22,06,06,196,,03,06,113,,24,05,324,*7A
23:24:23.124 << $GPGSV,4,4,15,33,04,102,,08,03,065,,15,03,296,*48
23:24:23.126 << $GPRMC,042422.000,A,4153.0088,N,08748.2059,W,0.41,357.81,230107,,,A*7A
23:24:23.615 << $GPGGA,042423.000,4153.0090,N,08748.2058,W,1,9,1.01,234.3,M,-34.0,M,,*6E
23:24:23.618 << $GPGSA,A,3,14,30,07,01,17,20,02,19,22,,,,1.64,1.01,1.30*0D
23:24:23.620 << $GPGSV,4,1,15,14,79,015,36,17,69,267,31,22,65,319,35,30,48,193,22*70
23:24:23.621 << $GPGSV,4,2,15,01,45,068,31,19,33,246,19,02,28,047,24,07,18,165,17*70
23:24:23.622 << $GPGSV,4,3,15,20,10,269,21,06,06,196,,03,06,113,,24,05,324,*79
23:24:23.623 << $GPGSV,4,4,15,33,04,102,,08,03,065,,15,03,296,*48
23:24:23.624 << $GPRMC,042423.000,A,4153.0090,N,08748.2058,W,0.41,8.94,230107,,,A*7E
23:24:24.603 << $GPGGA,042424.000,4153.0091,N,08748.2058,W,1,9,1.01,234.5,M,-34.0,M,,*6E
23:24:24.608 << $GPGSA,A,3,14,30,07,01,17,20,02,19,22,,,,1.64,1.01,1.30*0D
23:24:24.609 << $GPGSV,4,1,15,14,79,015,36,17,69,267,31,22,65,319,35,30,48,193,22*70
23:24:24.610 << $GPGSV,4,2,15,01,45,068,31,19,33,246,18,02,28,047,24,07,18,165,17*71
23:24:24.611 << $GPGSV,4,3,15,20,10,269,22,06,06,196,,03,06,113,,24,05,324,*7A
23:24:24.612 << $GPGSV,4,4,15,33,04,102,,08,03,065,,15,03,296,*48
23:24:24.613 << $GPRMC,042424.000,A,4153.0091,N,08748.2058,W,0.45,11.65,230107,,,A*4A
23:24:25.601 << $GPGGA,042425.000,4153.0092,N,08748.2057,W,1,9,1.01,234.7,M,-34.0,M,,*61
23:24:25.604 << $GPGSA,A,3,14,30,07,01,17,20,02,19,22,,,,1.64,1.01,1.30*0D
23:24:25.606 << $GPGSV,4,1,15,14,79,015,36,17,69,267,31,22,65,319,35,30,48,193,22*70
23:24:25.607 << $GPGSV,4,2,15,01,45,068,31,19,33,246,18,02,28,047,23,07,18,165,17*76
23:24:25.608 << $GPGSV,4,3,15,20,10,269,22,06,06,196,,03,06,113,,24,05,324,*7A
23:24:25.609 << $GPGSV,4,4,15,33,04,102,,08,03,065,,15,03,296,*48
23:24:25.610 << $GPRMC,042425.000,A,4153.0092,N,08748.2057,W,0.45,12.10,230107,,,A*46
23:24:26.539 << $GPGGA,042426.000,4153.0093,N,08748.2057,W,1,9,1.01,234.9,M,-34.0,M,,*6D
23:24:26.542 << $GPGSA,A,3,14,30,07,01,17,20,02,19,22,,,,1.64,1.01,1.30*0D
23:24:26.543 << $GPGSV,4,1,15,14,79,015,36,17,69,267,30,22,65,319,35,30,48,193,22*71
23:24:26.544 << $GPGSV,4,2,15,01,45,068,31,19,33,246,18,02,28,047,23,07,18,165,18*79
23:24:26.544 << $GPGSV,4,3,15,20,10,269,22,06,06,196,,03,06,113,,24,05,324,*7A
23:24:26.544 << $GPGSV,4,4,15,33,04,102,,08,03,065,,15,03,296,*48
23:24:27.020 << $GPRMC,042426.000,A,4153.0093,N,08748.2057,W,0.48,12.86,230107,,,A*46
23:24:27.517 << $GPGGA,042427.000,4153.0095,N,08748.2057,W,1,9,1.01,235.1,M,-34.0,M,,*63
23:24:27.520 << $GPGSA,A,3,14,30,07,01,17,20,02,19,22,,,,1.64,1.01,1.30*0D
23:24:27.522 << $GPGSV,4,1,15,14,79,015,36,17,69,267,30,22,65,319,35,30,48,193,23*70
23:24:27.523 << $GPGSV,4,2,15,01,45,068,31,19,33,246,18,02,27,047,24,07,18,165,18*71
23:24:27.524 << $GPGSV,4,3,15,20,10,269,22,06,06,196,,03,06,113,,24,05,324,*7A
23:24:27.524 << $GPGSV,4,4,15,33,04,102,,08,03,065,,15,03,296,*48
23:24:27.526 << $GPRMC,042427.000,A,4153.0095,N,08748.2057,W,0.48,14.97,230107,,,A*47
23:24:28.502 << $GPGGA,042428.000,4153.0096,N,08748.2056,W,1,9,1.01,235.3,M,-34.0,M,,*6C
23:24:28.504 << $GPGSA,A,3,14,30,07,01,17,20,02,19,22,,,,1.64,1.01,1.30*0D
23:24:28.506 << $GPGSV,4,1,15,14,79,015,36,17,69,267,30,22,65,319,35,30,48,193,23*70
23:24:28.506 << $GPGSV,4,2,15,01,45,068,31,51,37,207,,19,33,246,18,02,27,047,23*76
23:24:28.507 << $GPGSV,4,3,15,07,18,165,19,20,10,269,22,06,06,196,,03,06,113,*78
23:24:28.508 << $GPGSV,4,4,15,24,05,324,,08,03,065,,15,03,296,*49
23:24:28.509 << $GPRMC,042428.000,A,4153.0096,N,08748.2056,W,0.45,14.40,230107,,,A*4D
23:24:29.474 << $GPGGA,042429.000,4153.0097,N,08748.2056,W,1,9,1.01,235.5,M,-34.0,M,,*6A
23:24:29.475 << $GPGSA,A,3,14,30,07,01,17,20,02,19,22,,,,1.64,1.01,1.30*0D
23:24:29.476 << $GPGSV,4,1,15,14,79,015,36,17,69,267,30,22,65,319,36,30,48,193,22*72
23:24:29.478 << $GPGSV,4,2,15,01,45,068,31,51,37,207,,19,33,246,18,02,27,047,23*76
23:24:29.478 << $GPGSV,4,3,15,07,18,165,18,20,10,269,23,06,06,196,,03,06,113,*78
23:24:29.479 << $GPGSV,4,4,15,24,05,324,,08,03,065,,15,03,296,*49
23:24:29.479 << $GPRMC,042429.000,A,4153.0097,N,08748.2056,W,0.47,15.34,230107,,,A*4D
23:24:30.454 << $GPGGA,042430.000,4153.0099,N,08748.2055,W,1,9,1.01,235.7,M,-34.0,M,,*6D
23:24:30.456 << $GPGSA,A,3,14,30,07,01,17,20,02,19,22,,,,1.64,1.01,1.30*0D
23:24:30.458 << $GPGSV,4,1,15,14,79,015,36,17,69,267,30,22,65,319,36,30,48,193,22*72
23:24:30.458 << $GPGSV,4,2,15,01,45,068,31,51,37,207,,19,33,246,17,02,27,047,23*79
23:24:30.459 << $GPGSV,4,3,15,07,18,165,18,20,10,269,23,06,06,196,,03,06,113,*78
23:24:30.459 << $GPGSV,4,4,15,24,05,324,,08,03,065,,15,03,296,*49
23:24:30.460 << $GPRMC,042430.000,A,4153.0099,N,08748.2055,W,0.37,13.78,230107,,,A*41
23:24:31.438 << $GPGGA,042431.000,4153.0100,N,08748.2055,W,1,9,1.01,235.9,M,-34.0,M,,*63
23:24:31.441 << $GPGSA,A,3,14,30,07,01,17,20,02,19,22,,,,1.64,1.01,1.30*0D
23:24:31.443 << $GPGSV,4,1,15,14,79,015,37,17,69,267,30,22,65,319,36,30,48,193,23*72
23:24:31.444 << $GPGSV,4,2,15,01,45,068,30,51,37,207,,19,33,246,18,02,27,047,23*77
23:24:31.445 << $GPGSV,4,3,15,07,18,165,18,20,10,269,23,06,07,196,,03,06,113,*79
23:24:31.445 << $GPGSV,4,4,15,24,05,324,,08,03,065,,15,03,296,*49
23:24:31.901 << $GPRMC,042431.000,A,4153.0100,N,08748.2055,W,0.47,11.32,230107,,,A*4A
23:24:32.387 << $GPGGA,042432.000,4153.0101,N,08748.2055,W,1,9,0.99,236.1,M,-34.0,M,,*6A
23:24:32.390 << $GPGSA,A,3,14,30,07,01,17,20,02,19,22,,,,1.27,0.99,0.79*06
23:24:32.393 << $GPGSV,4,1,15,14,79,015,36,17,69,267,31,22,65,319,36,30,48,193,24*75
23:24:32.394 << $GPGSV,4,2,15,01,45,068,29,51,37,207,,19,33,246,19,02,27,047,23*7E
23:24:32.394 << $GPGSV,4,3,15,07,17,165,18,20,10,269,23,06,07,196,,03,06,113,*76
23:24:32.395 << $GPGSV,4,4,15,24,05,324,,08,03,065,,15,03,296,*49
23:24:32.396 << $GPRMC,042432.000,A,4153.0101,N,08748.2055,W,0.39,12.98,230107,,,A*42
23:24:33.383 << $GPGGA,042433.000,4153.0102,N,08748.2054,W,1,9,1.01,236.3,M,-34.0,M,,*6B
23:24:33.387 << $GPGSA,A,3,14,30,07,01,17,20,02,19,22,,,,1.64,1.01,1.30*0D
23:24:33.389 << $GPGSV,4,1,15,14,79,015,36,17,69,267,30,22,65,319,36,30,48,193,25*75
23:24:33.390 << $GPGSV,4,2,15,01,45,068,29,51,37,207,,19,33,246,18,02,27,047,23*7F
23:24:33.846 << $GPGSV,4,3,15,07,17,165,19,20,10,269,23,06,07,196,,03,06,113,*77
23:24:33.848 << $GPGSV,4,4,15,24,05,324,,08,03,065,,15,03,296,*49
23:24:33.850 << $GPRMC,042433.000,A,4153.0102,N,08748.2054,W,0.32,11.19,230107,,,A*40
23:24:34.831 << $GPGGA,042434.000,4153.0103,N,08748.2054,W,1,9,1.01,236.5,M,-34.0,M,,*6B
23:24:34.835 << $GPGSA,A,3,14,30,07,01,17,20,02,19,22,,,,1.64,1.01,1.30*0D
23:24:34.837 << $GPGSV,4,1,15,14,79,015,36,17,69,267,30,22,65,319,36,30,48,193,25*75
23:24:34.838 << $GPGSV,4,2,15,01,45,068,28,51,37,207,,19,33,246,18,02,27,047,23*7E
23:24:34.839 << $GPGSV,4,3,15,07,17,165,20,20,10,269,23,06,07,196,,03,06,113,*7D
23:24:34.840 << $GPGSV,4,4,15,24,05,324,,08,03,065,,15,03,296,*49
23:24:34.841 << $GPRMC,042434.000,A,4153.0103,N,08748.2054,W,0.33,12.78,230107,,,A*43
23:24:35.822 << $GPGGA,042435.000,4153.0104,N,08748.2054,W,1,9,1.01,236.7,M,-34.0,M,,*6F
23:24:35.824 << $GPGSA,A,3,14,30,07,01,17,20,02,19,22,,,,1.64,1.01,1.30*0D
23:24:35.824 << $GPGSV,4,1,15,14,79,015,36,17,69,267,30,22,65,319,36,30,48,193,25*75
23:24:35.824 << $GPGSV,4,2,15,01,45,068,28,51,37,207,,19,33,246,18,02,27,047,22*7F
23:24:35.825 << $GPGSV,4,3,15,07,17,165,20,20,10,269,23,06,07,196,,03,06,113,*7D
23:24:35.825 << $GPGSV,4,4,15,24,05,324,,08,03,065,,15,03,296,*49
23:24:35.825 << $GPRMC,042435.000,A,4153.0104,N,08748.2054,W,0.36,11.19,230107,,,A*44
23:24:36.797 << $GPGGA,042436.000,4153.0105,N,08748.2054,W,1,9,1.01,236.9,M,-34.0,M,,*63
23:24:36.801 << $GPGSA,A,3,14,30,07,01,17,20,02,19,22,,,,1.64,1.01,1.30*0D
23:24:36.803 << $GPGSV,4,1,15,14,79,015,36,17,69,267,30,22,65,319,36,30,48,193,25*75
23:24:36.804 << $GPGSV,4,2,15,01,45,068,28,51,37,207,,19,33,246,18,02,27,047,21*7C
23:24:36.804 << $GPGSV,4,3,15,07,17,165,20,20,10,269,23,06,07,196,,03,06,113,*7D
23:24:36.805 << $GPGSV,4,4,15,24,05,324,,08,03,065,,15,03,296,*49
23:24:37.261 << $GPRMC,042436.000,A,4153.0105,N,08748.2054,W,0.32,9.59,230107,,,A*7F
23:24:37.754 << $GPGGA,042437.000,4153.0106,N,08748.2054,W,1,9,1.01,237.1,M,-34.0,M,,*68
23:24:37.758 << $GPGSA,A,3,14,30,07,01,17,20,02,19,22,,,,1.64,1.01,1.29*05
23:24:37.760 << $GPGSV,4,1,15,14,79,015,36,17,69,267,30,22,65,319,36,30,48,193,25*75
23:24:37.761 << $GPGSV,4,2,15,01,45,068,27,19,33,246,19,44,33,219,,02,27,047,21*7D
23:24:38.241 << $GPGSV,4,3,15,07,17,165,21,20,10,269,23,06,07,196,,03,06,113,*7C
23:24:38.243 << $GPGSV,4,4,15,24,05,324,,08,03,065,,15,03,296,*49
23:24:38.244 << $GPRMC,042437.000,A,4153.0106,N,08748.2054,W,0.23,12.69,230107,,,A*44
23:24:38.729 << $GPGGA,042438.000,4153.0106,N,08748.2053,W,1,9,1.01,237.3,M,-34.0,M,,*62
23:24:38.732 << $GPGSA,A,3,14,30,07,01,17,20,02,19,22,,,,1.64,1.01,1.29*05
23:24:38.734 << $GPGSV,4,1,15,14,79,015,36,17,69,267,30,22,65,319,36,30,48,193,25*75
23:24:38.735 << $GPGSV,4,2,15,01,45,068,26,19,33,246,18,44,33,219,,02,27,047,20*7C
23:24:38.736 << $GPGSV,4,3,15,07,17,165,21,20,10,269,23,06,07,196,,03,06,113,*7C
23:24:38.737 << $GPGSV,4,4,15,24,05,324,,08,03,065,,15,03,296,*49
23:24:38.738 << $GPRMC,042438.000,A,4153.0106,N,08748.2053,W,0.20,12.60,230107,,,A*46
23:24:39.721 << $GPGGA,042439.000,4153.0107,N,08748.2053,W,1,9,1.01,237.5,M,-34.0,M,,*64
23:24:39.724 << $GPGSA,A,3,14,30,07,01,17,20,02,19,22,,,,1.64,1.01,1.29*05
23:24:39.726 << $GPGSV,4,1,15,14,79,017,35,17,69,267,30,22,65,319,36,30,48,193,25*74
23:24:39.727 << $GPGSV,4,2,15,01,45,068,25,19,33,246,18,44,33,219,,02,27,047,21*7E
23:24:39.728 << $GPGSV,4,3,15,07,17,165,22,20,10,269,23,06,07,196,,03,06,113,*7F
23:24:39.729 << $GPGSV,4,4,15,24,05,324,,08,03,065,,15,03,296,*49
23:24:39.730 << $GPRMC,042439.000,A,4153.0107,N,08748.2053,W,0.15,13.42,230107,,,A*41
23:24:40.711 << $GPGGA,042440.000,4153.0107,N,08748.2053,W,1,9,1.01,237.7,M,-34.0,M,,*68
23:24:40.714 << $GPGSA,A,3,14,30,07,01,17,20,02,19,22,,,,1.64,1.01,1.29*05
23:24:40.716 << $GPGSV,4,1,15,14,79,017,35,17,69,267,30,22,65,319,36,30,48,193,25*74
23:24:40.717 << $GPGSV,4,2,15,01,45,068,26,19,33,246,19,44,33,219,,02,27,047,20*7D
23:24:40.717 << $GPGSV,4,3,15,07,17,165,22,20,10,269,23,06,07,196,,03,06,113,*7F
23:24:40.718 << $GPGSV,4,4,15,24,05,324,,08,03,065,,15,03,296,*49
23:24:40.719 << $GPRMC,042440.000,A,4153.0107,N,08748.2053,W,0.13,19.35,230107,,,A*43
23:24:41.698 << $GPGGA,042441.000,4153.0108,N,08748.2052,W,1,9,1.01,237.9,M,-34.0,M,,*69
23:24:41.701 << $GPGSA,A,3,14,30,07,01,17,20,02,19,22,,,,1.64,1.01,1.29*05
23:24:41.702 << $GPGSV,4,1,15,14,79,017,35,17,69,267,30,22,65,319,36,30,48,193,24*75
23:24:41.704 << $GPGSV,4,2,15,01,45,068,27,19,33,246,19,44,33,219,,02,27,047,21*7D
23:24:41.705 << $GPGSV,4,3,15,07,17,165,22,20,10,269,23,06,07,196,,03,06,113,*7F
23:24:41.705 << $GPGSV,4,4,15,24,05,324,,08,03,065,,15,03,296,*49
23:24:42.135 << $GPRMC,042441.000,A,4153.0108,N,08748.2052,W,0.12,22.88,230107,,,A*43
23:24:42.624 << $GPGGA,042442.000,4153.0108,N,08748.2052,W,1,9,1.01,238.2,M,-34.0,M,,*6E
23:24:42.627 << $GPGSA,A,3,14,30,07,01,17,20,02,19,22,,,,1.64,1.01,1.29*05
23:24:42.629 << $GPGSV,4,1,15,14,79,017,35,17,69,267,30,22,65,319,36,30,48,193,24*75
23:24:42.630 << $GPGSV,4,2,15,01,45,068,28,19,33,246,18,44,33,219,,02,27,047,21*73
23:24:42.630 << $GPGSV,4,3,15,07,17,165,21,20,10,269,23,06,07,196,,03,06,113,*7C
23:24:42.631 << $GPGSV,4,4,15,24,05,324,,08,03,065,,15,03,296,*49
23:24:42.632 << $GPRMC,042442.000,A,4153.0108,N,08748.2052,W,0.04,22.88,230107,,,A*47
23:24:43.615 << $GPGGA,042443.000,4153.0108,N,08748.2052,W,1,9,1.01,238.3,M,-34.0,M,,*6E
23:24:43.618 << $GPGSA,A,3,14,30,07,01,17,20,02,19,22,,,,1.64,1.01,1.29*05
23:24:43.621 << $GPGSV,4,1,15,14,79,017,35,17,69,267,30,22,65,319,36,30,48,193,23*72
23:24:43.622 << $GPGSV,4,2,15,01,45,068,28,19,33,246,18,44,33,219,,02,27,047,22*70
23:24:43.623 << $GPGSV,4,3,15,07,17,165,21,20,10,269,23,06,07,196,,03,06,113,*7C
23:24:43.624 << $GPGSV,4,4,15,24,05,324,,08,03,065,,15,03,296,*49
23:24:43.626 << $GPRMC,042443.000,A,4153.0108,N,08748.2052,W,0.10,22.88,230107,,,A*43
23:24:44.608 << $GPGGA,042444.000,4153.0108,N,08748.2052,W,1,9,1.01,238.5,M,-34.0,M,,*6F
23:24:44.611 << $GPGSA,A,3,14,30,07,01,17,20,02,19,22,,,,1.64,1.01,1.29*05
23:24:44.613 << $GPGSV,4,1,15,14,79,017,35,17,69,267,30,22,65,319,36,30,48,193,23*72
23:24:44.614 << $GPGSV,4,2,15,01,45,068,28,19,34,247,17,44,33,219,,02,27,047,23*78
23:24:44.615 << $GPGSV,4,3,15,07,17,165,20,20,10,269,23,06,07,196,,03,06,113,*7D
23:24:44.616 << $GPGSV,4,4,15,24,05,324,,08,03,065,,15,03,296,*49
23:24:44.617 << $GPRMC,042444.000,A,4153.0108,N,08748.2052,W,0.06,22.88,230107,,,A*43
23:24:45.593 << $GPGGA,042445.000,4153.0108,N,08748.2052,W,1,9,1.01,238.7,M,-34.0,M,,*6C
23:24:45.596 << $GPGSA,A,3,14,30,07,01,17,20,02,19,22,,,,1.64,1.01,1.29*05
23:24:45.597 << $GPGSV,4,1,15,14,79,017,35,17,69,267,30,22,65,319,36,30,48,193,23*72
23:24:45.598 << $GPGSV,4,2,15,01,45,068,28,19,34,247,17,44,33,219,,02,27,047,23*78
23:24:45.599 << $GPGSV,4,3,15,07,17,165,20,20,10,268,23,06,07,196,,03,06,113,*7C
23:24:45.600 << $GPGSV,4,4,15,24,05,324,,08,03,065,,15,03,296,*49
23:24:45.601 << $GPRMC,042445.000,A,4153.0108,N,08748.2052,W,0.09,22.88,230107,,,A*4D
23:24:46.528 << $GPGGA,042446.000,4153.0109,N,08748.2053,W,1,9,1.01,238.9,M,-34.0,M,,*61
23:24:46.529 << $GPGSA,A,3,14,30,07,01,17,20,02,19,22,,,,1.64,1.01,1.29*05
23:24:46.530 << $GPGSV,4,1,15,14,79,017,35,17,69,267,30,22,65,319,36,30,48,193,24*75
23:24:46.534 << $GPGSV,4,2,15,01,45,068,28,19,34,247,17,48,28,228,,02,27,047,24*7B
23:24:46.534 << $GPGSV,4,3,15,07,17,165,20,20,10,268,23,06,07,196,,03,06,113,*7C
23:24:46.534 << $GPGSV,4,4,15,24,05,324,,08,03,065,,15,03,296,*49
23:24:47.014 << $GPRMC,042446.000,A,4153.0109,N,08748.2053,W,0.10,22.88,230107,,,A*46
23:24:47.502 << $GPGGA,042447.000,4153.0109,N,08748.2053,W,1,9,1.01,239.1,M,-34.0,M,,*69
23:24:47.504 << $GPGSA,A,3,14,30,07,01,17,20,02,19,22,,,,1.64,1.01,1.29*05
23:24:47.505 << $GPGSV,4,1,15,14,79,017,35,17,69,267,30,22,65,319,36,30,48,193,24*75
23:24:47.506 << $GPGSV,4,2,15,01,45,068,28,19,34,247,17,48,28,228,,02,27,047,24*7B
23:24:47.506 << $GPGSV,4,3,15,07,17,165,20,20,10,268,23,06,07,196,,03,06,113,*7C
23:24:47.507 << $GPGSV,4,4,15,24,05,324,,08,03,065,,15,03,296,*49
23:24:47.508 << $GPRMC,042447.000,A,4153.0109,N,08748.2053,W,0.19,22.88,230107,,,A*4E
23:24:48.491 << $GPGGA,042448.000,4153.0110,N,08748.2053,W,1,9,1.01,239.3,M,-34.0,M,,*6C
23:24:48.492 << $GPGSA,A,3,14,30,07,01,17,20,02,19,22,,,,1.64,1.01,1.29*05
23:24:48.494 << $GPGSV,4,1,15,14,79,017,35,17,69,267,30,22,65,319,36,30,48,193,23*72
23:24:48.494 << $GPGSV,4,2,15,01,45,068,28,19,34,247,16,48,28,228,30,02,27,047,24*79
23:24:48.495 << $GPGSV,4,3,15,07,17,165,20,20,10,268,23,06,07,196,,03,06,113,*7C
23:24:48.496 << $GPGSV,4,4,15,24,05,324,,08,03,065,,15,03,296,*49
23:24:48.497 << $GPRMC,042448.000,A,4153.0110,N,08748.2053,W,0.22,22.88,230107,,,A*41
23:24:49.470 << $GPGGA,042449.000,4153.0110,N,08748.2052,W,1,9,1.01,239.4,M,-34.0,M,,*6B
23:24:49.472 << $GPGSA,A,3,14,30,07,01,17,20,02,19,22,,,,1.64,1.01,1.29*05
23:24:49.474 << $GPGSV,4,1,15,14,79,017,35,17,69,267,30,22,65,319,36,30,48,193,23*72
23:24:49.475 << $GPGSV,4,2,15,01,45,068,28,19,34,247,16,48,28,228,30,02,27,047,24*79
23:24:49.477 << $GPGSV,4,3,15,07,17,165,20,20,10,268,23,06,07,196,,03,06,113,*7C
23:24:49.477 << $GPGSV,4,4,15,24,05,324,,08,03,065,,15,03,296,*49
23:24:49.478 << $GPRMC,042449.000,A,4153.0110,N,08748.2052,W,0.19,22.88,230107,,,A*49
23:24:50.459 << $GPGGA,042450.000,4153.0111,N,08748.2052,W,1,9,1.01,239.6,M,-34.0,M,,*60
23:24:50.463 << $GPGSA,A,3,14,30,07,01,17,20,02,19,22,,,,1.64,1.01,1.29*05
23:24:50.465 << $GPGSV,4,1,15,14,79,017,35,17,69,267,30,22,65,319,36,30,48,193,23*72
23:24:50.466 << $GPGSV,4,2,15,01,45,068,28,19,34,247,16,48,28,228,30,02,27,047,24*79
23:24:50.466 << $GPGSV,4,3,15,07,17,165,20,20,10,268,22,06,07,196,,03,06,113,*7D
23:24:50.467 << $GPGSV,4,4,15,24,05,324,,08,03,065,,15,03,296,*49
23:24:50.469 << $GPRMC,042450.000,A,4153.0111,N,08748.2052,W,0.06,22.88,230107,,,A*4E
23:24:51.445 << $GPGGA,042451.000,4153.0111,N,08748.2052,W,1,9,1.01,239.8,M,-34.0,M,,*6F
23:24:51.447 << $GPGSA,A,3,14,30,07,01,17,20,02,19,22,,,,1.64,1.01,1.29*05
23:24:51.449 << $GPGSV,4,1,15,14,79,017,35,17,69,267,29,22,65,319,36,30,48,193,23*7A
23:24:51.449 << $GPGSV,4,2,15,01,45,068,28,19,34,247,16,48,28,228,29,02,27,047,24*71
23:24:51.892 << $GPGSV,4,3,15,07,17,165,20,20,10,268,22,06,07,196,,03,06,113,*7D
23:24:51.893 << $GPGSV,4,4,15,24,05,324,,08,03,065,,15,03,296,*49
23:24:51.894 << $GPRMC,042451.000,A,4153.0111,N,08748.2052,W,0.10,22.88,230107,,,A*48
23:24:52.378 << $GPGGA,042452.000,4153.0111,N,08748.2053,W,1,9,1.01,239.9,M,-34.0,M,,*6C
23:24:52.381 << $GPGSA,A,3,14,30,07,01,17,20,02,19,22,,,,1.64,1.01,1.29*05
23:24:52.383 << $GPGSV,4,1,15,14,79,017,35,17,69,267,29,22,65,319,36,30,48,193,23*7A
23:24:52.384 << $GPGSV,4,2,15,01,45,068,28,19,34,247,16,48,28,228,29,02,27,047,24*71
23:24:52.867 << $GPGSV,4,3,15,07,17,165,20,20,10,268,22,06,07,196,,03,06,113,*7D
23:24:52.869 << $GPGSV,4,4,15,24,05,324,,08,03,065,,15,03,296,*49
23:24:52.870 << $GPRMC,042452.000,A,4153.0111,N,08748.2053,W,0.12,22.88,230107,,,A*48
23:24:53.354 << $GPGGA,042453.000,4153.0112,N,08748.2053,W,1,9,1.01,240.1,M,-34.0,M,,*68
23:24:53.357 << $GPGSA,A,3,14,30,07,01,17,20,02,19,22,,,,1.64,1.01,1.29*05
23:24:53.359 << $GPGSV,4,1,15,14,79,017,35,17,69,267,29,22,65,319,36,30,48,193,23*7A
23:24:53.360 << $GPGSV,4,2,15,01,45,068,28,19,34,247,16,48,28,228,29,02,27,047,24*71
23:24:53.840 << $GPGSV,4,3,15,07,17,165,20,20,10,268,22,06,07,196,,03,06,113,*7D
23:24:53.842 << $GPGSV,4,4,15,24,05,324,,08,03,065,,15,03,296,*49
23:24:53.843 << $GPRMC,042453.000,A,4153.0112,N,08748.2053,W,0.03,22.88,230107,,,A*4A
23:24:54.824 << $GPGGA,042454.000,4153.0112,N,08748.2053,W,1,9,1.01,240.2,M,-34.0,M,,*6C
23:24:54.828 << $GPGSA,A,3,14,30,07,01,17,20,02,19,22,,,,1.64,1.01,1.29*05
23:24:54.830 << $GPGSV,4,1,15,14,79,017,35,17,69,267,29,22,65,319,36,30,48,193,23*7A
23:24:54.831 << $GPGSV,4,2,15,01,45,068,27,19,34,247,16,48,28,228,29,02,27,047,24*7E
23:24:54.831 << $GPGSV,4,3,15,07,17,165,20,20,10,268,22,06,07,196,,03,06,113,*7D
23:24:54.832 << $GPGSV,4,4,15,24,05,324,,08,03,065,,15,03,296,*49
23:24:54.833 << $GPRMC,042454.000,A,4153.0112,N,08748.2053,W,0.16,22.88,230107,,,A*49
23:24:55.814 << $GPGGA,042455.000,4153.0112,N,08748.2053,W,1,9,1.01,240.3,M,-34.0,M,,*6C
23:24:55.818 << $GPGSA,A,3,14,30,07,01,17,20,02,19,22,,,,1.64,1.01,1.29*05
23:24:55.820 << $GPGSV,4,1,15,14,79,017,35,17,69,267,29,22,65,319,36,30,48,192,23*7B
23:24:55.821 << $GPGSV,4,2,15,01,45,068,27,19,34,247,16,48,28,228,29,02,27,047,24*7E
23:24:55.822 << $GPGSV,4,3,15,07,17,165,20,20,10,268,23,06,07,196,,03,06,113,*7C
23:24:55.823 << $GPGSV,4,4,15,24,05,324,,08,03,065,,15,03,296,*49
23:24:55.824 << $GPRMC,042455.000,A,4153.0112,N,08748.2053,W,0.21,22.88,230107,,,A*4C
23:24:56.801 << $GPGGA,042456.000,4153.0113,N,08748.2052,W,1,9,1.01,240.5,M,-34.0,M,,*69
23:24:56.806 << $GPGSA,A,3,14,30,07,01,17,20,02,19,22,,,,1.64,1.01,1.29*05
23:24:56.808 << $GPGSV,4,1,15,14,79,017,35,17,69,267,29,22,65,319,36,30,48,192,24*7C
23:24:56.809 << $GPGSV,4,2,15,01,45,068,27,19,34,247,16,48,28,228,29,02,27,047,24*7E
23:24:56.809 << $GPGSV,4,3,15,07,17,165,20,20,10,268,23,06,07,196,,03,06,113,*7C
23:24:56.810 << $GPGSV,4,4,15,24,05,324,,08,03,065,,15,03,296,*49
23:24:57.246 << $GPRMC,042456.000,A,4153.0113,N,08748.2052,W,0.31,7.17,230107,,,A*7F
23:24:57.745 << $GPGGA,042457.000,4153.0114,N,08748.2052,W,1,9,1.01,240.6,M,-34.0,M,,*6C
23:24:57.748 << $GPGSA,A,3,14,30,07,01,17,20,02,19,22,,,,1.64,1.01,1.29*05
23:24:57.750 << $GPGSV,4,1,15,14,79,017,35,17,69,267,29,22,65,319,36,30,48,192,24*7C
23:24:57.751 << $GPGSV,4,2,15,01,45,068,27,19,34,247,16,48,28,228,29,02,27,047,24*7E
23:24:57.752 << $GPGSV,4,3,15,07,17,165,21,20,10,268,23,06,07,196,,03,06,113,*7D
23:24:57.752 << $GPGSV,4,4,15,24,05,324,,08,03,065,,15,03,296,*49
23:24:57.754 << $GPRMC,042457.000,A,4153.0114,N,08748.2052,W,0.19,9.29,230107,,,A*70
23:24:58.745 << $GPGGA,042458.000,4153.0114,N,08748.2052,W,1,9,1.01,240.7,M,-34.0,M,,*62
23:24:58.748 << $GPGSA,A,3,14,30,07,01,17,20,02,19,22,,,,1.64,1.01,1.29*05
23:24:58.749 << $GPGSV,4,1,15,14,79,017,35,17,69,267,29,22,65,319,36,30,48,192,24*7C
23:24:58.750 << $GPGSV,4,2,15,01,44,068,27,19,34,247,16,48,28,228,,02,27,047,24*74
23:24:58.751 << $GPGSV,4,3,15,07,17,165,21,20,10,268,22,06,07,196,,03,06,113,*7C
23:24:58.752 << $GPGSV,4,4,15,24,05,324,,08,03,065,,15,03,296,*49
23:24:58.753 << $GPRMC,042458.000,A,4153.0114,N,08748.2052,W,0.09,9.29,230107,,,A*7E
23:24:59.734 << $GPGGA,042459.000,4153.0115,N,08748.2052,W,1,9,1.01,240.8,M,-34.0,M,,*6D
23:24:59.738 << $GPGSA,A,3,14,30,07,01,17,20,02,19,22,,,,1.64,1.01,1.29*05
23:24:59.739 << $GPGSV,4,1,15,14,79,017,35,17,69,267,29,22,65,319,36,30,48,192,24*7C
23:24:59.740 << $GPGSV,4,2,15,01,44,068,27,19,34,247,16,48,28,228,29,02,27,047,24*7F
23:24:59.741 << $GPGSV,4,3,15,07,17,165,21,20,10,268,22,06,07,196,,03,06,113,*7C
23:24:59.742 << $GPGSV,4,4,15,24,05,324,,08,03,065,,15,03,296,*49
23:24:59.743 << $GPRMC,042459.000,A,4153.0115,N,08748.2052,W,0.08,9.29,230107,,,A*7F
23:25:00.666 << $GPGGA,042500.000,4153.0114,N,08748.2051,W,1,9,1.01,240.9,M,-34.0,M,,*63
23:25:00.668 << $GPGSA,A,3,14,30,07,01,17,20,02,19,22,,,,1.64,1.01,1.29*05
23:25:00.669 << $GPGSV,4,1,15,14,79,017,35,17,69,267,29,22,65,319,36,30,48,192,24*7C
23:25:00.670 << $GPGSV,4,2,15,01,44,068,27,19,34,247,16,48,28,228,29,02,27,047,24*7F
23:25:00.671 << $GPGSV,4,3,15,07,17,165,21,20,10,268,22,06,07,196,,03,06,113,*7C
23:25:00.671 << $GPGSV,4,4,15,24,05,324,,08,03,065,,15,03,296,*49
23:25:00.672 << $GPRMC,042500.000,A,4153.0114,N,08748.2051,W,0.13,9.29,230107,,,A*7A
23:25:01.651 << $GPGGA,042501.000,4153.0115,N,08748.2051,W,1,9,0.99,241.0,M,-34.0,M,,*6B
23:25:01.655 << $GPGSA,A,3,14,30,07,01,17,20,02,19,22,,,,1.27,0.99,0.79*06
23:25:01.657 << $GPGSV,4,1,15,14,79,017,35,17,69,267,29,22,65,319,36,30,48,192,24*7C
23:25:01.659 << $GPGSV,4,2,15,01,44,068,27,19,34,247,16,02,27,047,24,46,26,232,*7F
23:25:01.662 << $GPGSV,4,3,15,07,17,165,20,20,10,268,22,06,07,196,,03,06,113,*7D
23:25:01.663 << $GPGSV,4,4,15,24,05,324,,08,03,065,,15,03,296,*49
23:25:02.125 << $GPRMC,042501.000,A,4153.0115,N,08748.2051,W,0.19,9.29,230107,,,A*70
23:25:02.614 << $GPGGA,042502.000,4153.0115,N,08748.2050,W,1,9,1.01,241.1,M,-34.0,M,,*68
23:25:02.617 << $GPGSA,A,3,14,30,07,01,17,20,02,19,22,,,,1.64,1.01,1.29*05
23:25:02.618 << $GPGSV,4,1,15,14,79,017,35,17,69,267,29,22,65,319,36,30,48,192,25*7D
23:25:02.618 << $GPGSV,4,2,15,01,44,068,27,19,34,247,16,02,27,047,24,46,26,232,*7F
23:25:02.619 << $GPGSV,4,3,15,07,17,165,20,20,10,268,22,06,07,196,,03,06,113,*7D
23:25:02.620 << $GPGSV,4,4,15,24,05,324,,08,03,065,,15,03,296,*49
23:25:02.620 << $GPRMC,042502.000,A,4153.0115,N,08748.2050,W,0.19,9.29,230107,,,A*72
23:25:03.598 << $GPGGA,042503.000,4153.0116,N,08748.2050,W,1,9,1.01,241.2,M,-34.0,M,,*69
23:25:03.601 << $GPGSA,A,3,14,30,07,01,17,20,02,19,22,,,,1.64,1.01,1.29*05
23:25:03.602 << $GPGSV,4,1,15,14,79,017,35,17,69,267,29,22,65,319,36,30,48,192,25*7D
23:25:03.603 << $GPGSV,4,2,15,01,44,068,27,19,34,247,16,02,27,047,24,46,26,232,*7F
23:25:03.603 << $GPGSV,4,3,15,07,17,165,20,20,10,268,22,06,07,196,,03,06,113,*7D
23:25:03.604 << $GPGSV,4,4,15,24,05,324,,08,03,065,,15,03,296,*49
23:25:03.604 << $GPRMC,042503.000,A,4153.0116,N,08748.2050,W,0.34,39.18,230107,,,A*4E
23:25:04.586 << $GPGGA,042504.000,4153.0116,N,08748.2049,W,1,9,1.01,241.3,M,-34.0,M,,*67
23:25:04.589 << $GPGSA,A,3,14,30,07,01,17,20,02,19,22,,,,1.64,1.01,1.29*05
23:25:04.590 << $GPGSV,4,1,15,14,79,017,35,17,69,267,29,22,65,319,36,30,48,192,26*7E
23:25:04.591 << $GPGSV,4,2,15,01,44,068,27,19,34,247,16,02,27,047,24,46,26,232,*7F
23:25:04.591 << $GPGSV,4,3,15,07,17,165,20,20,10,268,22,06,07,196,,03,06,113,*7D
23:25:04.592 << $GPGSV,4,4,15,24,05,324,,08,03,065,,15,03,296,*49
23:25:04.592 << $GPRMC,042504.000,A,4153.0116,N,08748.2049,W,0.44,45.83,230107,,,A*4F
23:25:05.565 << $GPGGA,042505.000,4153.0117,N,08748.2047,W,1,9,1.01,241.4,M,-34.0,M,,*6E
23:25:05.567 << $GPGSA,A,3,14,30,07,01,17,20,02,19,22,,,,1.64,1.01,1.29*05
23:25:05.568 << $GPGSV,4,1,15,14,79,017,35,17,69,267,28,22,65,319,37,30,48,192,26*7E
23:25:05.568 << $GPGSV,4,2,15,01,44,068,27,19,34,247,16,02,27,047,24,46,26,232,*7F
23:25:05.569 << $GPGSV,4,3,15,07,17,165,21,20,10,268,22,06,07,196,,03,06,113,*7C
23:25:05.569 << $GPGSV,4,4,15,24,05,324,,15,03,296,,08,02,065,*48
23:25:05.570 << $GPRMC,042505.000,A,4153.0117,N,08748.2047,W,0.48,46.94,230107,,,A*48
23:25:06.547 << $GPGGA,042506.000,4153.0118,N,08748.2046,W,1,9,1.01,241.5,M,-34.0,M,,*62
23:25:06.549 << $GPGSA,A,3,14,30,07,01,17,20,02,19,22,,,,1.64,1.01,1.29*05
23:25:06.550 << $GPGSV,4,1,15,14,79,017,35,17,69,267,28,22,65,319,37,30,48,192,26*7E
23:25:06.551 << $GPGSV,4,2,15,01,44,068,27,19,34,247,16,02,27,047,24,46,26,232,*7F
23:25:06.552 << $GPGSV,4,3,15,07,17,165,21,20,10,268,22,06,07,196,,03,06,113,*7C
23:25:06.553 << $GPGSV,4,4,15,24,05,324,,15,03,296,,08,02,065,*48
23:25:06.999 << $GPRMC,042506.000,A,4153.0118,N,08748.2046,W,0.46,47.25,230107,,,A*40
23:25:07.487 << $GPGGA,042507.000,4153.0119,N,08748.2045,W,1,9,1.01,241.5,M,-34.0,M,,*61
23:25:07.491 << $GPGSA,A,3,14,30,07,01,17,20,02,19,22,,,,1.64,1.01,1.29*05
23:25:07.493 << $GPGSV,4,1,15,14,79,017,34,17,69,267,28,22,65,319,37,30,48,192,26*7F
23:25:07.495 << $GPGSV,4,2,15,01,44,068,27,19,34,247,16,02,27,047,24,46,26,232,*7F
23:25:07.496 << $GPGSV,4,3,15,07,17,165,21,20,10,268,22,06,07,196,,03,06,113,*7C
23:25:07.496 << $GPGSV,4,4,15,24,05,324,,15,03,296,,08,02,065,*48
23:25:07.498 << $GPRMC,042507.000,A,4153.0119,N,08748.2045,W,0.44,44.61,230107,,,A*42
23:25:08.482 << $GPGGA,042508.000,4153.0120,N,08748.2044,W,1,9,1.01,241.6,M,-34.0,M,,*66
23:25:08.490 << $GPGSA,A,3,14,30,07,01,17,20,02,19,22,,,,1.64,1.01,1.29*05
23:25:08.491 << $GPGSV,4,1,15,14,79,017,34,17,69,267,28,22,65,319,37,30,48,192,26*7F
23:25:08.492 << $GPGSV,4,2,15,01,44,068,27,19,34,247,17,02,27,047,25,46,26,232,*7F
23:25:08.493 << $GPGSV,4,3,15,07,17,165,21,20,10,268,22,06,07,196,,03,06,113,*7C
23:25:08.494 << $GPGSV,4,4,15,24,05,324,,15,03,296,,08,02,065,*48
23:25:08.496 << $GPRMC,042508.000,A,4153.0120,N,08748.2044,W,0.48,46.44,230107,,,A*4F
23:25:09.471 << $GPGGA,042509.000,4153.0121,N,08748.2042,W,1,9,1.01,241.7,M,-34.0,M,,*61
23:25:09.475 << $GPGSA,A,3,14,30,07,01,17,20,02,19,22,,,,1.64,1.01,1.29*05
23:25:09.478 << $GPGSV,4,1,15,14,79,017,34,17,69,267,28,22,65,319,37,30,48,192,27*7E
23:25:09.480 << $GPGSV,4,2,15,01,44,068,27,19,34,247,17,02,27,047,25,46,26,232,*7F
23:25:09.481 << $GPGSV,4,3,15,07,17,165,21,20,10,268,22,06,07,196,,03,06,113,*7C
23:25:09.481 << $GPGSV,4,4,15,24,05,324,,15,03,296,,08,02,065,*48
23:25:09.483 << $GPRMC,042509.000,A,4153.0121,N,08748.2042,W,0.50,46.17,230107,,,A*46
23:25:10.467 << $GPGGA,042510.000,4153.0122,N,08748.2041,W,1,9,1.01,241.8,M,-34.0,M,,*66
23:25:10.472 << $GPGSA,A,3,14,30,07,01,17,20,02,19,22,,,,1.64,1.01,1.29*05
23:25:10.474 << $GPGSV,4,1,15,14,79,017,34,17,69,267,28,22,65,319,37,30,48,192,27*7E
23:25:10.475 << $GPGSV,4,2,15,01,44,068,27,19,34,247,17,02,27,047,25,46,26,232,*7F
23:25:10.476 << $GPGSV,4,3,15,07,17,165,22,20,10,268,22,06,07,196,,03,06,113,*7F
23:25:10.476 << $GPGSV,4,4,15,24,05,324,,15,03,296,,08,02,065,*48
23:25:10.478 << $GPRMC,042510.000,A,4153.0122,N,08748.2041,W,0.49,46.57,230107,,,A*42
23:25:11.393 << $GPGGA,042511.000,4153.0123,N,08748.2040,W,1,9,1.01,241.8,M,-34.0,M,,*67
23:25:11.396 << $GPGSA,A,3,14,30,07,01,17,20,02,19,22,,,,1.64,1.01,1.29*05
23:25:11.398 << $GPGSV,4,1,15,14,80,018,34,17,69,267,28,22,65,319,37,30,48,192,28*78
23:25:11.399 << $GPGSV,4,2,15,01,44,068,27,19,34,247,17,02,27,047,25,07,17,165,22*79
23:25:11.400 << $GPGSV,4,3,15,20,10,268,22,06,07,196,,03,06,113,,24,05,324,*7A
23:25:11.400 << $GPGSV,4,4,15,33,04,102,,15,03,296,,08,02,065,*49
23:25:11.879 << $GPRMC,042511.000,A,4153.0123,N,08748.2040,W,0.39,48.74,230107,,,A*4B
23:25:12.863 << $GPGGA,042512.000,4153.0123,N,08748.2038,W,1,9,1.01,241.9,M,-34.0,M,,*6A
23:25:12.867 << $GPGSA,A,3,14,30,07,01,17,20,02,19,22,,,,1.64,1.01,1.29*05
23:25:12.869 << $GPGSV,4,1,15,14,80,018,34,17,69,267,28,22,65,319,37,30,48,192,28*78
23:25:12.870 << $GPGSV,4,2,15,01,44,068,27,19,34,247,18,02,27,047,25,07,17,165,22*76
23:25:12.871 << $GPGSV,4,3,15,20,10,268,22,06,07,196,,03,06,113,,24,05,324,*7A
23:25:12.872 << $GPGSV,4,4,15,33,04,102,,15,03,296,,08,02,065,*49
23:25:12.873 << $GPRMC,042512.000,A,4153.0123,N,08748.2038,W,0.38,51.76,230107,,,A*4C
23:25:13.856 << $GPGGA,042513.000,4153.0124,N,08748.2037,W,1,9,1.01,241.9,M,-34.0,M,,*63
23:25:13.859 << $GPGSA,A,3,14,30,07,01,17,20,02,19,22,,,,1.64,1.01,1.29*05
23:25:13.862 << $GPGSV,4,1,15,14,80,018,34,17,69,267,28,22,65,319,37,30,48,192,28*78
23:25:13.863 << $GPGSV,4,2,15,01,44,068,27,19,34,247,18,02,27,047,25,07,17,165,22*76
23:25:13.863 << $GPGSV,4,3,15,20,10,268,22,06,07,196,,03,06,113,,24,05,324,*7A
23:25:13.864 << $GPGSV,4,4,15,33,04,102,,15,03,296,,08,02,065,*49
23:25:13.865 << $GPRMC,042513.000,A,4153.0124,N,08748.2037,W,0.32,53.96,230107,,,A*43
23:25:14.850 << $GPGGA,042514.000,4153.0124,N,08748.2036,W,1,9,1.01,242.0,M,-34.0,M,,*6F
23:25:14.854 << $GPGSA,A,3,14,30,07,01,17,20,02,19,22,,,,1.64,1.01,1.29*05
23:25:14.856 << $GPGSV,4,1,15,14,80,018,34,17,69,268,28,22,65,319,37,30,48,192,28*77
23:25:14.858 << $GPGSV,4,2,15,01,44,068,27,19,34,247,18,02,27,047,25,07,17,165,22*76
23:25:14.859 << $GPGSV,4,3,15,20,10,268,22,06,07,196,,03,06,113,,24,05,324,*7A
23:25:14.859 << $GPGSV,4,4,15,33,04,102,,15,03,296,,08,02,065,*49
23:25:14.861 << $GPRMC,042514.000,A,4153.0124,N,08748.2036,W,0.29,56.60,230107,,,A*43
23:25:15.778 << $GPGGA,042515.000,4153.0125,N,08748.2035,W,1,9,1.01,242.0,M,-34.0,M,,*6C
23:25:15.781 << $GPGSA,A,3,14,30,07,01,17,20,02,19,22,,,,1.64,1.01,1.29*05
23:25:15.782 << $GPGSV,4,1,15,14,80,018,34,17,69,268,28,22,65,319,37,30,48,192,28*77
23:25:15.784 << $GPGSV,4,2,15,01,44,068,27,19,34,247,18,02,27,047,25,07,17,165,22*76
23:25:15.785 << $GPGSV,4,3,15,20,10,268,21,06,07,196,,03,06,113,,24,05,324,*79
23:25:15.785 << $GPGSV,4,4,15,33,04,102,,15,03,296,,08,02,065,*49
23:25:15.787 << $GPRMC,042515.000,A,4153.0125,N,08748.2035,W,0.25,64.98,230107,,,A*4A
23:25:16.770 << $GPGGA,042516.000,4153.0125,N,08748.2034,W,1,9,1.01,242.1,M,-34.0,M,,*6F
23:25:16.773 << $GPGSA,A,3,14,30,07,01,17,20,02,19,22,,,,1.64,1.01,1.29*05
23:25:16.775 << $GPGSV,4,1,15,14,80,018,34,17,69,268,28,22,65,319,37,30,48,192,28*77
23:25:16.776 << $GPGSV,4,2,15,01,44,068,27,19,34,247,19,02,27,047,25,07,17,165,22*77
23:25:16.777 << $GPGSV,4,3,15,20,10,268,20,06,07,196,,03,06,113,,24,05,324,*78
23:25:16.777 << $GPGSV,4,4,15,33,04,102,,15,03,296,,08,02,065,*49
23:25:17.242 << $GPRMC,042516.000,A,4153.0125,N,08748.2034,W,0.20,70.97,230107,,,A*47
23:25:17.725 << $GPGGA,042517.000,4153.0125,N,08748.2033,W,1,9,1.01,242.1,M,-34.0,M,,*69
23:25:17.728 << $GPGSA,A,3,14,30,07,01,17,20,02,19,22,,,,1.64,1.01,1.29*05
23:25:17.729 << $GPGSV,4,1,15,14,80,018,34,17,69,268,28,22,65,319,37,30,48,192,28*77
23:25:17.730 << $GPGSV,4,2,15,01,44,068,27,19,34,247,18,02,27,047,25,07,17,165,22*76
23:25:17.731 << $GPGSV,4,3,15,20,10,268,20,06,07,196,,03,06,113,,24,05,324,*78
23:25:17.732 << $GPGSV,4,4,15,33,04,102,,15,03,296,,08,02,065,*49
23:25:17.733 << $GPRMC,042517.000,A,4153.0125,N,08748.2033,W,0.17,73.46,230107,,,A*4A
23:25:18.721 << $GPGGA,042518.000,4153.0125,N,08748.2033,W,1,9,1.01,242.2,M,-34.0,M,,*65
23:25:18.725 << $GPGSA,A,3,14,30,07,01,17,20,02,19,22,,,,1.64,1.01,1.29*05
23:25:18.727 << $GPGSV,4,1,15,14,80,018,34,17,69,268,28,22,65,319,37,30,48,192,28*77
23:25:18.728 << $GPGSV,4,2,15,01,44,068,27,19,34,247,18,02,27,047,25,07,17,165,22*76
23:25:18.729 << $GPGSV,4,3,15,20,10,268,20,06,07,196,,03,06,113,,24,05,324,*78
23:25:18.729 << $GPGSV,4,4,15,33,04,102,,15,03,296,,08,02,065,*49
23:25:18.730 << $GPRMC,042518.000,A,4153.0125,N,08748.2033,W,0.26,81.80,230107,,,A*40
23:25:19.704 << $GPGGA,042519.000,4153.0124,N,08748.2032,W,1,9,1.01,242.2,M,-34.0,M,,*64
23:25:19.708 << $GPGSA,A,3,14,30,07,01,17,20,02,19,22,,,,1.64,1.01,1.29*05
23:25:19.709 << $GPGSV,4,1,15,14,80,018,34,17,69,268,28,22,65,320,37,30,48,192,28*7D
23:25:19.711 << $GPGSV,4,2,15,01,44,068,27,19,34,247,19,02,27,047,25,07,17,165,22*77
23:25:19.712 << $GPGSV,4,3,15,20,10,268,19,06,07,196,,03,06,113,,24,05,324,*72
23:25:19.713 << $GPGSV,4,4,15,33,04,102,,15,03,296,,08,02,065,*49
23:25:19.714 << $GPRMC,042519.000,A,4153.0124,N,08748.2032,W,0.25,86.64,230107,,,A*4F
23:25:20.693 << $GPGGA,042520.000,4153.0124,N,08748.2031,W,1,9,1.01,242.2,M,-34.0,M,,*6D
23:25:20.696 << $GPGSA,A,3,14,30,07,01,17,20,02,19,22,,,,1.64,1.01,1.29*05
23:25:20.698 << $GPGSV,4,1,15,14,80,018,33,17,69,268,28,22,65,320,37,30,48,192,29*7B
23:25:20.699 << $GPGSV,4,2,15,01,44,068,28,19,34,247,19,02,27,047,25,07,17,165,22*78
23:25:20.700 << $GPGSV,4,3,15,20,10,268,19,06,07,196,,03,06,113,,24,05,324,*72
23:25:20.700 << $GPGSV,4,4,15,15,03,296,,08,02,065,,34,,,*79
23:25:20.702 << $GPRMC,042520.000,A,4153.0124,N,08748.2031,W,0.23,93.08,230107,,,A*4E
23:25:21.626 << $GPGGA,042521.000,4153.0124,N,08748.2030,W,1,9,1.01,242.2,M,-34.0,M,,*6D
23:25:21.628 << $GPGSA,A,3,14,30,07,01,17,20,02,19,22,,,,1.64,1.01,1.29*05
23:25:21.629 << $GPGSV,4,1,15,14,80,018,33,17,69,268,28,22,65,320,37,30,48,192,29*7B
23:25:21.630 << $GPGSV,4,2,15,01,44,068,28,19,34,247,19,02,27,047,25,07,17,165,22*78
23:25:21.684 << $GPGSV,4,3,15,20,10,268,18,06,07,196,,03,06,113,,24,05,324,*73
23:25:21.685 << $GPGSV,4,4,15,15,03,296,,08,02,065,,34,,,*79
23:25:21.686 << $GPRMC,042521.000,A,4153.0124,N,08748.2030,W,0.12,95.13,230107,,,A*40
23:25:22.600 << $GPGGA,042522.000,4153.0124,N,08748.2030,W,1,9,1.01,242.2,M,-34.0,M,,*6E
23:25:22.602 << $GPGSA,A,3,14,30,07,01,17,20,02,19,22,,,,1.63,1.01,1.29*02
23:25:22.603 << $GPGSV,4,1,15,14,80,018,33,17,69,268,28,22,65,320,37,30,48,192,29*7B
23:25:22.603 << $GPGSV,4,2,15,01,44,068,28,19,34,247,19,02,27,047,25,07,17,165,23*79
23:25:23.090 << $GPGSV,4,3,15,20,10,268,18,06,07,196,,03,06,113,,24,05,324,*73
23:25:23.092 << $GPGSV,4,4,15,15,03,296,,08,02,065,,34,,,*79
23:25:23.094 << $GPRMC,042522.000,A,4153.0124,N,08748.2030,W,0.14,92.99,230107,,,A*40
23:25:23.576 << $GPGGA,042523.000,4153.0124,N,08748.2029,W,1,9,1.01,242.2,M,-34.0,M,,*67
23:25:23.577 << $GPGSA,A,3,14,30,07,01,17,20,02,19,22,,,,1.63,1.01,1.29*02
23:25:23.578 << $GPGSV,4,1,15,14,80,018,33,17,69,268,28,22,65,320,37,30,48,192,29*7B
23:25:23.578 << $GPGSV,4,2,15,01,44,068,28,19,34,247,19,02,27,047,25,07,17,165,23*79
23:25:23.578 << $GPGSV,4,3,15,20,10,268,18,06,07,196,,03,06,113,,24,05,324,*73
23:25:23.579 << $GPGSV,4,4,15,15,03,296,,08,02,065,,34,,,*79
23:25:23.579 << $GPRMC,042523.000,A,4153.0124,N,08748.2029,W,0.14,92.99,230107,,,A*49
23:25:24.554 << $GPGGA,042524.000,4153.0124,N,08748.2029,W,1,9,0.99,242.2,M,-34.0,M,,*60
23:25:24.555 << $GPGSA,A,3,14,30,07,01,17,20,02,19,22,,,,1.27,0.99,0.79*06
23:25:24.556 << $GPGSV,4,1,15,14,80,018,33,17,69,268,28,22,65,320,37,30,48,192,29*7B
23:25:24.557 << $GPGSV,4,2,15,01,44,068,28,19,34,247,19,02,27,047,24,07,17,165,23*78
23:25:24.557 << $GPGSV,4,3,15,20,10,268,18,06,07,196,,03,06,113,,24,05,324,*73
23:25:24.558 << $GPGSV,4,4,15,15,03,296,,08,02,065,,34,,,*79
23:25:24.558 << $GPRMC,042524.000,A,4153.0124,N,08748.2029,W,0.20,82.80,230107,,,A*40
23:25:25.534 << $GPGGA,042525.000,4153.0124,N,08748.2028,W,1,9,1.01,242.2,M,-34.0,M,,*60
23:25:25.537 << $GPGSA,A,3,14,30,07,01,17,20,02,19,22,,,,1.63,1.01,1.29*02
23:25:25.539 << $GPGSV,4,1,15,14,80,018,32,17,69,268,28,22,65,320,37,30,48,192,29*7A
23:25:25.540 << $GPGSV,4,2,15,01,44,068,29,19,34,247,19,02,27,047,24,07,17,165,23*79
23:25:25.540 << $GPGSV,4,3,15,20,10,268,18,06,07,196,,03,06,113,,24,05,324,*73
23:25:25.541 << $GPGSV,4,4,15,15,03,296,,08,02,065,,34,,,*79
23:25:25.542 << $GPRMC,042525.000,A,4153.0124,N,08748.2028,W,0.19,79.15,230107,,,A*42
23:25:26.522 << $GPGGA,042526.000,4153.0125,N,08748.2027,W,1,9,1.01,242.2,M,-34.0,M,,*6D
23:25:26.526 << $GPGSA,A,3,14,30,07,01,17,20,02,19,22,,,,1.63,1.01,1.29*02
23:25:26.528 << $GPGSV,4,1,15,14,80,018,32,17,69,268,28,22,65,320,38,30,48,192,29*75
23:25:26.529 << $GPGSV,4,2,15,01,44,068,29,19,34,247,20,02,27,047,24,07,17,165,23*73
23:25:26.530 << $GPGSV,4,3,15,20,10,268,18,06,07,196,,03,06,113,,24,05,324,*73
23:25:26.531 << $GPGSV,4,4,15,15,03,296,,08,02,065,,34,,,*79
23:25:26.532 << $GPRMC,042526.000,A,4153.0125,N,08748.2027,W,0.14,79.15,230107,,,A*42
23:25:27.519 << $GPGGA,042527.000,4153.0125,N,08748.2027,W,1,9,1.01,242.1,M,-34.0,M,,*6F
23:25:27.523 << $GPGSA,A,3,14,30,07,01,17,20,02,19,22,,,,1.63,1.01,1.29*02
23:25:27.526 << $GPGSV,4,1,15,14,80,018,32,17,69,268,28,22,65,320,38,30,48,192,29*75
23:25:27.527 << $GPGSV,4,2,15,01,44,068,29,19,34,247,21,02,27,047,24,07,17,165,23*72
23:25:27.528 << $GPGSV,4,3,15,20,10,268,18,06,07,196,,03,06,113,,24,05,324,*73
23:25:27.966 << $GPGSV,4,4,15,15,03,296,,08,02,065,,35,,,*78
23:25:27.969 << $GPRMC,042527.000,A,4153.0125,N,08748.2027,W,0.17,79.15,230107,,,A*40
23:25:28.459 << $GPGGA,042528.000,4153.0125,N,08748.2026,W,1,9,1.01,242.1,M,-34.0,M,,*61
23:25:28.462 << $GPGSA,A,3,14,30,07,01,17,20,02,19,22,,,,1.63,1.01,1.29*02
23:25:28.465 << $GPGSV,4,1,15,14,80,018,31,17,69,268,28,22,65,320,38,30,48,192,29*76
23:25:28.466 << $GPGSV,4,2,15,01,44,068,29,19,34,247,21,02,27,047,24,07,17,165,23*72
23:25:28.944 << $GPGSV,4,3,15,20,10,268,18,06,07,196,,03,06,113,,24,05,324,*73
23:25:28.945 << $GPGSV,4,4,15,15,03,296,,08,02,065,,35,,,*78
23:25:28.947 << $GPRMC,042528.000,A,4153.0125,N,08748.2026,W,0.23,89.62,230107,,,A*46
23:25:29.425 << $GPGGA,042529.000,4153.0125,N,08748.2025,W,1,9,1.01,242.1,M,-34.0,M,,*63
23:25:29.428 << $GPGSA,A,3,14,30,07,01,17,20,02,19,22,,,,1.63,1.01,1.29*02
23:25:29.430 << $GPGSV,4,1,15,14,80,018,31,17,69,268,28,22,65,320,38,30,48,192,29*76
23:25:29.432 << $GPGSV,4,2,15,01,44,068,29,19,34,247,22,02,27,047,24,07,17,165,23*71
23:25:29.923 << $GPGSV,4,3,15,20,10,268,18,06,07,196,,03,06,113,,24,05,324,*73
23:25:29.925 << $GPGSV,4,4,15,15,03,296,,08,02,065,,35,,,*78
23:25:29.927 << $GPRMC,042529.000,A,4153.0125,N,08748.2025,W,0.21,87.19,230107,,,A*44
23:25:30.403 << $GPGGA,042530.000,4153.0125,N,08748.2024,W,1,9,1.01,242.1,M,-34.0,M,,*6A
23:25:30.406 << $GPGSA,A,3,14,30,07,01,17,20,02,19,22,,,,1.63,1.01,1.29*02
23:25:30.409 << $GPGSV,4,1,15,14,80,018,31,17,69,268,28,22,65,320,38,30,48,192,29*76
23:25:30.410 << $GPGSV,4,2,15,01,44,068,30,19,34,247,22,02,27,047,24,07,17,165,23*79
23:25:30.890 << $GPGSV,4,3,15,20,10,268,18,06,07,196,,03,06,113,,24,05,324,*73
23:25:30.892 << $GPGSV,4,4,15,15,03,296,,08,02,065,,35,,,*78
23:25:30.893 << $GPRMC,042530.000,A,4153.0125,N,08748.2024,W,0.20,83.98,230107,,,A*41
23:25:31.381 << $GPGGA,042531.000,4153.0125,N,08748.2024,W,1,9,1.01,242.0,M,-34.0,M,,*6A
23:25:31.383 << $GPGSA,A,3,14,30,07,01,17,20,02,19,22,,,,1.63,1.01,1.29*02
23:25:31.385 << $GPGSV,4,1,15,14,80,018,31,17,69,268,28,22,65,320,38,30,48,192,29*76
23:25:31.386 << $GPGSV,4,2,15,01,44,068,30,19,34,247,22,02,27,047,23,07,17,165,23*7E
23:25:31.387 << $GPGSV,4,3,15,20,10,268,18,06,07,196,,03,06,113,,24,05,324,*73
23:25:31.388 << $GPGSV,4,4,15,15,03,296,,08,02,065,,35,,,*78
23:25:31.389 << $GPRMC,042531.000,A,4153.0125,N,08748.2024,W,0.28,82.63,230107,,,A*4D
23:25:32.836 << $GPGGA,042532.000,4153.0125,N,08748.2023,W,1,9,1.01,242.0,M,-34.0,M,,*6E
23:25:32.840 << $GPGSA,A,3,14,30,07,01,17,20,02,19,22,,,,1.63,1.01,1.29*02
23:25:32.841 << $GPGSV,4,1,15,14,80,018,30,17,69,268,28,22,65,320,38,30,48,192,29*77
23:25:32.842 << $GPGSV,4,2,15,01,44,068,30,19,34,247,22,02,27,047,22,07,17,165,23*7F
23:25:32.843 << $GPGSV,4,3,15,20,10,268,18,06,07,196,,03,06,112,,24,05,324,*72
23:25:32.844 << $GPGSV,4,4,15,15,03,296,,08,02,065,,35,,,*78
23:25:32.898 << $GPRMC,042532.000,A,4153.0125,N,08748.2023,W,0.28,82.19,230107,,,A*44
23:25:33.818 << $GPGGA,042533.000,4153.0125,N,08748.2022,W,1,9,1.01,242.0,M,-34.0,M,,*6E
23:25:33.822 << $GPGSA,A,3,14,30,07,01,17,20,02,19,22,,,,1.63,1.01,1.29*02
23:25:33.823 << $GPGSV,4,1,15,14,80,018,30,17,69,268,28,22,65,320,38,30,48,192,29*77
23:25:33.824 << $GPGSV,4,2,15,01,44,068,30,19,34,247,23,02,27,047,22,07,17,165,23*7E
23:25:33.824 << $GPGSV,4,3,15,20,10,268,18,06,07,196,,03,06,112,,24,05,324,*72
23:25:33.824 << $GPGSV,4,4,15,15,03,296,,08,02,065,,36,,,*7B
23:25:33.825 << $GPRMC,042533.000,A,4153.0125,N,08748.2022,W,0.27,80.82,230107,,,A*4B
23:25:34.805 << $GPGGA,042534.000,4153.0125,N,08748.2021,W,1,9,1.01,241.9,M,-34.0,M,,*60
23:25:34.809 << $GPGSA,A,3,14,30,07,01,17,20,02,19,22,,,,1.63,1.01,1.28*03
23:25:34.811 << $GPGSV,4,1,15,14,80,018,29,17,69,268,28,22,65,320,38,30,48,192,29*7F
23:25:34.812 << $GPGSV,4,2,15,01,44,068,30,19,34,247,23,02,27,047,22,07,17,165,24*79
23:25:34.813 << $GPGSV,4,3,15,20,10,268,18,06,07,196,,03,06,112,,24,05,324,*72
23:25:34.814 << $GPGSV,4,4,15,15,03,296,,08,02,065,,36,,,*7B
23:25:34.815 << $GPRMC,042534.000,A,4153.0125,N,08748.2021,W,0.32,81.97,230107,,,A*4E
23:25:35.801 << $GPGGA,042535.000,4153.0125,N,08748.2020,W,1,9,1.01,241.9,M,-34.0,M,,*60
23:25:35.804 << $GPGSA,A,3,14,30,07,01,17,20,02,19,22,,,,1.63,1.01,1.28*03
23:25:35.806 << $GPGSV,4,1,15,14,80,018,29,17,69,268,28,22,65,320,38,30,48,192,30*77
23:25:35.807 << $GPGSV,4,2,15,01,44,068,30,19,34,247,23,02,27,047,22,07,17,165,24*79
23:25:35.808 << $GPGSV,4,3,15,20,10,268,18,06,07,196,,03,06,112,,24,05,324,*72
23:25:35.809 << $GPGSV,4,4,15,15,03,296,,08,02,065,,36,,,*7B
23:25:35.810 << $GPRMC,042535.000,A,4153.0125,N,08748.2020,W,0.27,85.32,230107,,,A*41
23:25:36.741 << $GPGGA,042536.000,4153.0125,N,08748.2019,W,1,9,1.01,241.9,M,-34.0,M,,*69
23:25:36.744 << $GPGSA,A,3,14,30,07,01,17,20,02,19,22,,,,1.63,1.01,1.28*03
23:25:36.746 << $GPGSV,4,1,15,14,80,018,29,17,69,268,28,22,65,320,38,30,48,192,30*77
23:25:36.747 << $GPGSV,4,2,15,01,44,068,31,19,34,247,23,02,27,047,21,07,17,165,24*7B
23:25:36.747 << $GPGSV,4,3,15,20,10,268,18,06,07,196,,03,06,112,,24,05,324,*72
23:25:36.748 << $GPGSV,4,4,15,15,03,296,,08,02,065,,36,,,*7B
23:25:36.749 << $GPRMC,042536.000,A,4153.0125,N,08748.2019,W,0.19,89.47,230107,,,A*4B
23:25:37.731 << $GPGGA,042537.000,4153.0125,N,08748.2018,W,1,9,1.01,241.8,M,-34.0,M,,*68
23:25:37.734 << $GPGSA,A,3,14,30,07,01,17,20,02,19,22,,,,1.63,1.01,1.28*03
23:25:37.736 << $GPGSV,4,1,15,14,80,018,28,17,69,268,28,22,65,320,38,30,48,192,30*76
23:25:37.737 << $GPGSV,4,2,15,01,44,068,31,19,34,247,23,02,27,047,21,07,17,165,24*7B
23:25:37.738 << $GPGSV,4,3,15,20,10,268,18,06,07,196,,03,06,112,,24,05,324,*72
23:25:37.739 << $GPGSV,4,4,15,15,03,296,,08,02,065,,36,,,*7B
23:25:38.202 << $GPRMC,042537.000,A,4153.0125,N,08748.2018,W,0.12,92.17,230107,,,A*4F
23:25:38.691 << $GPGGA,042538.000,4153.0125,N,08748.2018,W,1,9,1.01,241.8,M,-34.0,M,,*67
23:25:38.694 << $GPGSA,A,3,14,30,07,01,17,20,02,19,22,,,,1.63,1.01,1.28*03
23:25:38.695 << $GPGSV,4,1,15,14,80,018,28,17,69,268,28,22,65,320,38,30,48,192,30*76
23:25:38.695 << $GPGSV,4,2,15,01,44,068,31,19,34,247,23,02,27,047,21,07,17,165,24*7B
23:25:39.180 << $GPGSV,4,3,15,20,10,268,18,06,07,196,,03,06,112,,24,05,324,*72
23:25:39.181 << $GPGSV,4,4,15,15,03,296,,08,02,065,,36,,,*7B
23:25:39.182 << $GPRMC,042538.000,A,4153.0125,N,08748.2018,W,0.12,96.08,230107,,,A*4A
23:25:39.666 << $GPGGA,042539.000,4153.0125,N,08748.2017,W,1,9,1.01,241.7,M,-34.0,M,,*66
23:25:39.669 << $GPGSA,A,3,14,30,07,01,17,20,02,19,22,,,,1.63,1.01,1.28*03
23:25:39.671 << $GPGSV,4,1,15,14,80,018,28,17,69,268,28,22,65,320,38,30,48,192,30*76
23:25:39.672 << $GPGSV,4,2,15,01,44,068,31,19,34,247,23,02,27,047,21,07,17,165,23*7C
23:25:40.153 << $GPGSV,4,3,15,20,10,268,18,06,07,196,,03,06,112,,24,05,324,*72
23:25:40.154 << $GPGSV,4,4,15,15,03,296,,08,02,065,,36,,,*7B
23:25:40.157 << $GPRMC,042539.000,A,4153.0125,N,08748.2017,W,0.12,96.08,230107,,,A*44
23:25:40.639 << $GPGGA,042540.000,4153.0125,N,08748.2017,W,1,9,1.01,241.7,M,-34.0,M,,*68
23:25:40.641 << $GPGSA,A,3,14,30,07,01,17,20,02,19,22,,,,1.63,1.01,1.28*03
23:25:40.642 << $GPGSV,4,1,15,14,80,018,28,17,69,268,28,22,65,320,38,30,48,192,30*76
23:25:40.642 << $GPGSV,4,2,15,01,44,068,31,19,34,247,23,02,27,047,21,07,17,165,24*7B
23:25:40.642 << $GPGSV,4,3,15,20,10,268,18,06,07,196,,03,06,112,,24,05,324,*72
23:25:40.643 << $GPGSV,4,4,15,15,03,296,,08,02,065,,38,,,*75
23:25:40.643 << $GPRMC,042540.000,A,4153.0125,N,08748.2017,W,0.14,96.08,230107,,,A*4C
23:25:41.627 << $GPGGA,042541.000,4153.0125,N,08748.2016,W,1,9,0.99,241.6,M,-34.0,M,,*69
23:25:41.629 << $GPGSA,A,3,14,30,07,01,17,20,02,19,22,,,,1.27,0.99,0.79*06
23:25:41.630 << $GPGSV,4,1,15,14,80,018,27,17,69,268,28,22,65,320,38,30,48,192,30*79
23:25:41.630 << $GPGSV,4,2,15,01,44,068,31,19,34,247,23,02,27,047,21,07,17,165,24*7B
23:25:41.631 << $GPGSV,4,3,15,20,10,268,18,06,07,196,,03,06,112,,24,05,324,*72
23:25:41.631 << $GPGSV,4,4,15,15,03,296,,08,02,065,,38,,,*75
23:25:41.632 << $GPRMC,042541.000,A,4153.0125,N,08748.2016,W,0.06,96.08,230107,,,A*4F
23:25:42.613 << $GPGGA,042542.000,4153.0125,N,08748.2016,W,1,9,1.01,241.6,M,-34.0,M,,*6A
23:25:42.615 << $GPGSA,A,3,14,30,07,01,17,20,02,19,22,,,,1.63,1.01,1.28*03
23:25:42.616 << $GPGSV,4,1,15,14,80,018,27,17,69,268,28,22,65,320,38,30,48,192,30*79
23:25:42.616 << $GPGSV,4,2,15,01,44,068,31,19,34,247,24,02,27,047,21,07,17,165,24*7C
23:25:42.617 << $GPGSV,4,3,15,20,10,268,18,06,07,196,,03,06,112,,24,05,324,*72
23:25:42.617 << $GPGSV,4,4,15,15,03,296,,08,02,065,,38,,,*75
23:25:43.072 << $GPRMC,042542.000,A,4153.0125,N,08748.2016,W,0.05,96.08,230107,,,A*4F
23:25:43.561 << $GPGGA,042543.000,4153.0125,N,08748.2016,W,1,9,1.01,241.5,M,-34.0,M,,*68
23:25:43.564 << $GPGSA,A,3,14,30,07,01,17,20,02,19,22,,,,1.63,1.01,1.28*03
23:25:43.566 << $GPGSV,4,1,15,14,80,019,27,17,69,268,29,22,65,320,38,30,48,192,30*79
23:25:43.566 << $GPGSV,4,2,15,01,44,068,32,19,34,247,24,02,27,047,21,07,17,165,24*7F
23:25:43.619 << $GPGSV,4,3,15,20,10,268,17,06,07,196,,03,06,112,,24,05,324,*7D
23:25:43.620 << $GPGSV,4,4,15,15,03,296,,08,02,065,,38,,,*75
23:25:43.621 << $GPRMC,042543.000,A,4153.0125,N,08748.2016,W,0.15,96.08,230107,,,A*4F
23:25:44.542 << $GPGGA,042544.000,4153.0125,N,08748.2016,W,1,9,1.01,241.5,M,-34.0,M,,*6F
23:25:44.545 << $GPGSA,A,3,14,30,07,01,17,20,02,19,22,,,,1.63,1.01,1.28*03
23:25:44.547 << $GPGSV,4,1,15,14,80,019,27,17,69,268,29,22,65,320,38,30,48,192,30*79
23:25:44.548 << $GPGSV,4,2,15,01,44,068,32,19,34,247,24,02,27,047,21,07,17,165,24*7F
23:25:44.549 << $GPGSV,4,3,15,20,10,268,17,06,07,196,,03,06,112,,24,05,324,*7D
23:25:45.031 << $GPGSV,4,4,15,15,03,296,,08,02,065,,38,,,*75
23:25:45.033 << $GPRMC,042544.000,A,4153.0125,N,08748.2016,W,0.18,96.08,230107,,,A*45
23:25:45.516 << $GPGGA,042545.000,4153.0124,N,08748.2016,W,1,9,1.01,241.4,M,-34.0,M,,*6E
23:25:45.518 << $GPGSA,A,3,14,30,07,01,17,20,02,19,22,,,,1.63,1.01,1.28*03
23:25:45.520 << $GPGSV,4,1,15,14,80,019,27,17,69,268,29,22,65,320,38,30,48,192,30*79
23:25:45.521 << $GPGSV,4,2,15,01,44,068,32,19,34,247,24,02,27,047,21,07,17,165,24*7F
23:25:45.522 << $GPGSV,4,3,15,20,10,268,17,06,07,196,,03,06,112,,24,05,324,*7D
23:25:45.522 << $GPGSV,4,4,15,15,03,296,,08,02,065,,38,,,*75
23:25:45.523 << $GPRMC,042545.000,A,4153.0124,N,08748.2016,W,0.24,96.08,230107,,,A*4A
23:25:46.508 << $GPGGA,042546.000,4153.0124,N,08748.2015,W,1,9,1.01,241.4,M,-34.0,M,,*6E
23:25:46.512 << $GPGSA,A,3,14,30,07,01,17,20,02,19,22,,,,1.63,1.01,1.28*03
23:25:46.514 << $GPGSV,4,1,15,14,80,019,27,17,70,268,29,22,65,320,38,30,48,192,30*71
23:25:46.515 << $GPGSV,4,2,15,01,44,068,32,19,34,247,24,02,27,047,21,07,17,165,24*7F
23:25:46.516 << $GPGSV,4,3,15,20,10,268,17,06,07,196,,03,06,112,,24,05,324,*7D
23:25:46.516 << $GPGSV,4,4,15,15,03,296,,08,02,065,,41,,,*7B
23:25:46.518 << $GPRMC,042546.000,A,4153.0124,N,08748.2015,W,0.23,96.08,230107,,,A*4D
23:25:47.503 << $GPGGA,042547.000,4153.0123,N,08748.2015,W,1,9,1.01,241.3,M,-34.0,M,,*6F
23:25:47.506 << $GPGSA,A,3,14,30,07,01,17,20,02,19,22,,,,1.63,1.01,1.28*03
23:25:47.509 << $GPGSV,4,1,15,14,80,019,27,17,70,268,29,22,65,320,38,30,48,192,30*71
23:25:47.510 << $GPGSV,4,2,15,01,44,068,32,19,34,247,24,02,27,047,21,07,17,165,24*7F
23:25:47.511 << $GPGSV,4,3,15,20,10,268,17,06,07,196,,03,06,112,,24,05,324,*7D
23:25:47.512 << $GPGSV,4,4,15,15,03,296,,08,02,065,,41,,,*7B
23:25:47.513 << $GPRMC,042547.000,A,4153.0123,N,08748.2015,W,0.22,96.08,230107,,,A*4A
23:25:48.442 << $GPGGA,042548.000,4153.0122,N,08748.2016,W,1,8,1.24,241.3,M,-34.0,M,,*64
23:25:48.446 << $GPGSA,A,3,14,30,07,01,17,20,19,22,,,,,1.99,1.24,1.55*09
23:25:48.448 << $GPGSV,4,1,15,14,80,019,27,17,70,268,29,22,65,320,38,30,48,192,30*71
23:25:48.449 << $GPGSV,4,2,15,01,44,068,32,19,34,247,24,02,27,047,20,07,17,165,24*7E
23:25:48.450 << $GPGSV,4,3,15,20,10,268,17,06,07,196,,03,06,112,,24,05,324,*7D
23:25:48.450 << $GPGSV,4,4,15,15,03,296,,08,02,065,,41,,,*7B
23:25:48.451 << $GPRMC,042548.000,A,4153.0122,N,08748.2016,W,0.22,96.08,230107,,,A*47
23:25:49.437 << $GPGGA,042549.000,4153.0122,N,08748.2016,W,1,9,1.01,241.2,M,-34.0,M,,*62
23:25:49.440 << $GPGSA,A,3,14,30,07,01,17,20,02,19,22,,,,1.63,1.01,1.28*03
23:25:49.442 << $GPGSV,4,1,15,14,80,019,27,17,70,268,29,22,65,320,38,30,48,192,30*71
23:25:49.443 << $GPGSV,4,2,15,01,44,068,32,19,34,247,25,02,27,047,20,07,17,165,24*7F
23:25:49.444 << $GPGSV,4,3,15,20,10,268,17,06,07,196,,03,06,112,,24,05,324,*7D
23:25:49.444 << $GPGSV,4,4,15,15,03,296,,08,02,065,,41,,,*7B
23:25:49.906 << $GPRMC,042549.000,A,4153.0122,N,08748.2016,W,0.23,96.08,230107,,,A*47
23:25:50.390 << $GPGGA,042550.000,4153.0121,N,08748.2017,W,1,9,1.01,241.1,M,-34.0,M,,*6B
23:25:50.394 << $GPGSA,A,3,14,30,07,01,17,20,02,19,22,,,,1.63,1.01,1.28*03
23:25:50.395 << $GPGSV,4,1,15,14,80,019,27,17,70,268,29,22,65,320,38,30,48,192,30*71
23:25:50.396 << $GPGSV,4,2,15,01,44,068,32,19,34,247,25,02,27,047,20,07,17,165,24*7F
23:25:50.883 << $GPGSV,4,3,15,20,10,268,17,06,07,196,,03,06,112,,24,05,324,*7D
23:25:50.885 << $GPGSV,4,4,15,15,03,296,,08,02,065,,41,,,*7B
23:25:50.886 << $GPRMC,042550.000,A,4153.0121,N,08748.2017,W,0.20,96.08,230107,,,A*4E
23:25:51.363 << $GPGGA,042551.000,4153.0121,N,08748.2018,W,1,8,1.24,241.1,M,-34.0,M,,*63
23:25:51.367 << $GPGSA,A,3,14,30,07,01,17,20,19,22,,,,,1.99,1.24,1.55*09
23:25:51.368 << $GPGSV,4,1,15,14,80,019,27,17,70,268,29,22,65,320,38,30,48,192,30*71
23:25:51.369 << $GPGSV,4,2,15,01,44,068,33,19,34,247,25,02,27,047,20,07,17,165,24*7E
23:25:51.370 << $GPGSV,4,3,15,20,10,268,17,06,07,196,,03,06,112,,24,05,324,*7D
23:25:51.371 << $GPGSV,4,4,15,15,03,296,,08,02,065,,41,,,*7B
23:25:51.372 << $GPRMC,042551.000,A,4153.0121,N,08748.2018,W,0.34,96.08,230107,,,A*45
23:25:52.825 << $GPGGA,042552.000,4153.0121,N,08748.2019,W,1,8,1.24,241.0,M,-34.0,M,,*60
23:25:52.829 << $GPGSA,A,3,14,30,07,01,17,20,19,22,,,,,1.99,1.24,1.55*09
23:25:52.884 << $GPGSV,4,1,15,14,80,019,27,17,70,268,30,22,65,320,38,30,48,192,30*79
23:25:52.885 << $GPGSV,4,2,15,01,44,068,33,19,34,247,25,02,27,047,19,07,17,165,24*74
23:25:52.886 << $GPGSV,4,3,15,20,10,268,17,06,07,196,,03,06,112,,24,05,324,*7D
23:25:52.887 << $GPGSV,4,4,15,15,03,296,,08,02,065,,41,,,*7B
23:25:52.889 << $GPRMC,042552.000,A,4153.0121,N,08748.2019,W,0.46,250.66,230107,,,A*72
23:25:53.802 << $GPGGA,042553.000,4153.0121,N,08748.2021,W,1,8,1.24,240.9,M,-34.0,M,,*62
23:25:53.806 << $GPGSA,A,3,14,30,07,01,17,20,19,22,,,,,1.99,1.24,1.55*09
23:25:53.808 << $GPGSV,4,1,15,14,80,019,27,17,70,268,30,22,65,320,38,30,48,192,30*79
23:25:53.808 << $GPGSV,4,2,15,01,44,068,33,19,34,247,25,02,27,047,19,07,17,165,24*74
23:25:53.809 << $GPGSV,4,3,15,20,10,268,17,06,07,196,,03,06,112,,24,05,324,*7D
23:25:53.809 << $GPGSV,4,4,15,15,03,296,,08,02,065,,43,,,*79
23:25:53.810 << $GPRMC,042553.000,A,4153.0121,N,08748.2021,W,0.50,251.50,230107,,,A*7B
23:25:54.791 << $GPGGA,042554.000,4153.0121,N,08748.2023,W,1,9,1.01,240.9,M,-34.0,M,,*61
23:25:54.795 << $GPGSA,A,3,14,30,07,01,17,20,02,19,22,,,,1.63,1.01,1.28*03
23:25:54.797 << $GPGSV,4,1,15,14,80,019,27,17,70,268,30,22,65,320,38,30,48,192,30*79
23:25:54.797 << $GPGSV,4,2,15,01,44,068,33,19,34,247,25,02,27,047,19,07,17,165,24*74
23:25:54.798 << $GPGSV,4,3,15,20,10,268,17,06,07,196,,03,06,112,,24,05,324,*7D
23:25:54.799 << $GPGSV,4,4,15,15,03,296,,08,02,065,,43,,,*79
23:25:55.260 << $GPRMC,042554.000,A,4153.0121,N,08748.2023,W,0.43,252.59,230107,,,A*76
23:25:55.753 << $GPGGA,042555.000,4153.0121,N,08748.2024,W,1,8,1.24,240.8,M,-34.0,M,,*60
23:25:55.756 << $GPGSA,A,3,14,30,07,01,17,20,19,22,,,,,1.99,1.24,1.55*09
23:25:55.758 << $GPGSV,4,1,15,14,80,019,27,17,70,268,30,22,65,320,38,30,48,192,30*79
23:25:55.759 << $GPGSV,4,2,15,01,44,068,33,19,34,247,26,02,27,047,19,07,17,165,24*77
23:25:55.760 << $GPGSV,4,3,15,20,10,268,17,06,07,196,,03,06,112,,24,05,324,*7D
23:25:55.761 << $GPGSV,4,4,15,15,03,296,,08,02,065,,43,,,*79
23:25:55.762 << $GPRMC,042555.000,A,4153.0121,N,08748.2024,W,0.45,254.13,230107,,,A*7E
23:25:56.745 << $GPGGA,042556.000,4153.0121,N,08748.2026,W,1,8,1.24,240.7,M,-34.0,M,,*6E
23:25:56.748 << $GPGSA,A,3,14,30,07,01,17,20,19,22,,,,,1.99,1.24,1.55*09
23:25:56.750 << $GPGSV,4,1,15,14,80,019,27,17,70,268,30,22,65,320,38,30,48,192,30*79
23:25:56.751 << $GPGSV,4,2,15,01,44,068,33,19,34,247,26,02,27,047,18,07,17,165,24*76
23:25:56.752 << $GPGSV,4,3,15,20,10,268,17,06,07,196,,03,06,112,,24,05,324,*7D
23:25:56.753 << $GPGSV,4,4,15,15,03,296,,08,02,065,,43,,,*79
23:25:56.754 << $GPRMC,042556.000,A,4153.0121,N,08748.2026,W,0.41,268.69,230107,,,A*79
23:25:57.736 << $GPGGA,042557.000,4153.0121,N,08748.2028,W,1,8,1.24,240.6,M,-34.0,M,,*60
23:25:57.740 << $GPGSA,A,3,14,30,07,01,17,20,19,22,,,,,1.99,1.24,1.55*09
23:25:57.742 << $GPGSV,4,1,15,14,80,019,27,17,70,268,30,22,65,320,38,30,48,192,31*78
23:25:57.744 << $GPGSV,4,2,15,01,44,068,34,19,34,247,26,02,27,047,18,07,17,165,24*71
23:25:57.745 << $GPGSV,4,3,15,20,10,268,17,06,07,196,,03,06,112,,24,05,324,*7D
23:25:57.746 << $GPGSV,4,4,15,15,03,296,,08,02,065,,43,,,*79
23:25:57.748 << $GPRMC,042557.000,A,4153.0121,N,08748.2028,W,0.29,266.55,230107,,,A*79
23:25:58.678 << $GPGGA,042558.000,4153.0121,N,08748.2029,W,1,8,1.14,240.5,M,-34.0,M,,*6E
23:25:58.679 << $GPGSA,A,3,14,30,07,01,17,20,19,22,,,,,1.42,1.14,0.84*01
23:25:58.681 << $GPGSV,4,1,15,14,80,019,27,17,70,268,30,22,65,320,38,30,48,192,31*78
23:25:58.682 << $GPGSV,4,2,15,01,44,068,34,19,34,247,26,02,27,047,18,07,17,165,25*70
23:25:58.682 << $GPGSV,4,3,15,20,10,268,17,06,07,196,,03,06,112,,24,05,324,*7D
23:25:58.683 << $GPGSV,4,4,15,15,03,296,,08,02,065,,43,,,*79
23:25:58.684 << $GPRMC,042558.000,A,4153.0121,N,08748.2029,W,0.28,267.85,230107,,,A*7A
23:25:59.669 << $GPGGA,042559.000,4153.0121,N,08748.2030,W,1,8,1.24,240.4,M,-34.0,M,,*65
23:25:59.671 << $GPGSA,A,3,14,30,07,01,17,20,19,22,,,,,1.99,1.24,1.55*09
23:25:59.672 << $GPGSV,4,1,15,14,80,019,27,17,70,268,30,22,65,320,38,30,47,192,31*77
23:25:59.672 << $GPGSV,4,2,15,01,44,068,34,19,34,247,26,02,27,047,18,07,17,165,25*70
23:25:59.673 << $GPGSV,4,3,15,20,10,268,17,06,07,196,,03,06,112,,24,05,324,*7D
23:25:59.673 << $GPGSV,4,4,15,15,03,296,,08,02,065,,43,,,*79
23:25:59.673 << $GPRMC,042559.000,A,4153.0121,N,08748.2030,W,0.25,272.23,230107,,,A*76
23:26:00.646 << $GPGGA,042600.000,4153.0122,N,08748.2031,W,1,8,1.24,240.3,M,-34.0,M,,*6F
23:26:00.648 << $GPGSA,A,3,14,30,07,01,17,20,19,22,,,,,1.99,1.24,1.55*09
23:26:00.649 << $GPGSV,4,1,15,14,80,019,27,17,70,268,30,22,65,320,38,30,47,192,31*77
23:26:00.650 << $GPGSV,4,2,15,01,44,068,34,19,34,247,25,02,27,047,18,07,17,165,25*73
23:26:01.112 << $GPGSV,4,3,15,20,10,268,17,06,07,196,,03,06,112,,24,05,324,*7D
23:26:01.113 << $GPGSV,4,4,15,15,03,296,,08,02,065,,45,,,*7F
23:26:01.115 << $GPRMC,042600.000,A,4153.0122,N,08748.2031,W,0.19,275.93,230107,,,A*78
23:26:01.599 << $GPGGA,042601.000,4153.0122,N,08748.2031,W,1,8,1.24,240.2,M,-34.0,M,,*6F
23:26:01.602 << $GPGSA,A,3,14,30,07,01,17,20,19,22,,,,,1.99,1.24,1.55*09
23:26:01.604 << $GPGSV,4,1,15,14,80,019,27,17,70,268,30,22,65,320,38,30,47,192,31*77
23:26:01.606 << $GPGSV,4,2,15,01,44,068,34,19,34,247,25,02,27,047,18,07,17,165,25*73
23:26:01.658 << $GPGSV,4,3,15,20,10,268,17,06,07,196,,03,06,112,,24,05,324,*7D
23:26:01.659 << $GPGSV,4,4,15,15,03,296,,08,02,065,,45,,,*7F
23:26:01.660 << $GPRMC,042601.000,A,4153.0122,N,08748.2031,W,0.32,282.42,230107,,,A*74
23:26:02.572 << $GPGGA,042602.000,4153.0123,N,08748.2032,W,1,8,1.24,240.1,M,-34.0,M,,*6D
23:26:02.574 << $GPGSA,A,3,14,30,07,01,17,20,19,22,,,,,1.99,1.24,1.55*09
23:26:02.579 << $GPGSV,4,1,15,14,80,019,27,17,70,268,30,22,65,320,38,30,47,192,31*77
23:26:02.634 << $GPGSV,4,2,15,01,44,067,34,19,34,247,25,02,27,047,18,07,17,165,25*7C
23:26:02.635 << $GPGSV,4,3,15,20,10,268,17,06,07,196,,03,06,112,,24,05,324,*7D
23:26:02.635 << $GPGSV,4,4,15,15,03,296,,08,02,065,,45,,,*7F
23:26:02.636 << $GPRMC,042602.000,A,4153.0123,N,08748.2032,W,0.19,292.86,230107,,,A*75
23:26:03.558 << $GPGGA,042603.000,4153.0123,N,08748.2033,W,1,8,1.24,240.0,M,-34.0,M,,*6C
23:26:03.561 << $GPGSA,A,3,14,30,07,01,17,20,19,22,,,,,1.99,1.24,1.55*09
23:26:03.563 << $GPGSV,4,1,15,14,80,019,27,17,70,268,30,22,65,320,38,30,47,192,31*77
23:26:03.564 << $GPGSV,4,2,15,01,44,067,35,19,34,247,25,02,27,047,18,07,17,165,25*7D
23:26:03.565 << $GPGSV,4,3,15,20,10,268,17,06,07,196,,03,06,112,,24,05,324,*7D
23:26:03.566 << $GPGSV,4,4,15,15,03,296,,08,02,065,,45,,,*7F
23:26:03.567 << $GPRMC,042603.000,A,4153.0123,N,08748.2033,W,0.18,303.39,230107,,,A*79
23:26:04.552 << $GPGGA,042604.000,4153.0124,N,08748.2033,W,1,8,1.24,239.9,M,-34.0,M,,*6B
23:26:04.556 << $GPGSA,A,3,14,30,07,01,17,20,19,22,,,,,1.99,1.24,1.55*09
23:26:04.557 << $GPGSV,4,1,15,14,80,019,27,17,70,268,30,22,65,320,38,30,47,192,31*77
23:26:04.558 << $GPGSV,4,2,15,01,44,067,35,19,34,247,25,02,27,047,18,07,17,165,25*7D
23:26:04.559 << $GPGSV,4,3,15,20,10,268,17,06,07,196,,03,06,112,,24,05,324,*7D
23:26:04.560 << $GPGSV,4,4,15,15,03,296,,08,02,065,,45,,,*7F
23:26:04.561 << $GPRMC,042604.000,A,4153.0124,N,08748.2033,W,0.28,320.95,230107,,,A*7D
23:26:05.550 << $GPGGA,042605.000,4153.0124,N,08748.2033,W,1,8,1.24,239.8,M,-34.0,M,,*6B
23:26:05.554 << $GPGSA,A,3,14,30,07,01,17,20,19,22,,,,,1.99,1.24,1.55*09
23:26:05.557 << $GPGSV,4,1,15,14,80,019,27,17,70,268,30,22,65,320,38,30,47,192,31*77
23:26:05.558 << $GPGSV,4,2,15,01,44,067,35,19,34,247,25,02,27,047,18,07,17,165,25*7D
23:26:05.558 << $GPGSV,4,3,15,20,10,268,17,06,07,196,,03,06,112,,24,05,324,*7D
23:26:05.989 << $GPGSV,4,4,15,15,03,296,,08,02,065,,45,,,*7F
23:26:05.991 << $GPRMC,042605.000,A,4153.0124,N,08748.2033,W,0.30,332.38,230107,,,A*71
23:26:06.479 << $GPGGA,042606.000,4153.0125,N,08748.2033,W,1,8,1.24,239.7,M,-34.0,M,,*66
23:26:06.483 << $GPGSA,A,3,14,30,07,01,17,20,19,22,,,,,1.99,1.24,1.55*09
23:26:06.485 << $GPGSV,4,1,15,14,80,019,27,17,70,268,30,22,65,320,38,30,47,192,31*77
23:26:06.486 << $GPGSV,4,2,15,01,44,067,35,19,34,247,25,02,27,047,18,07,17,165,25*7D
23:26:06.969 << $GPGSV,4,3,15,20,10,268,17,06,07,196,,03,06,112,,24,05,324,*7D
23:26:06.970 << $GPGSV,4,4,15,15,03,296,,08,02,065,,47,,,*7D
23:26:06.973 << $GPRMC,042606.000,A,4153.0125,N,08748.2033,W,0.28,338.08,230107,,,A*73
23:26:07.453 << $GPGGA,042607.000,4153.0126,N,08748.2033,W,1,8,1.24,239.6,M,-34.0,M,,*65
23:26:07.456 << $GPGSA,A,3,14,30,07,01,17,20,19,22,,,,,1.99,1.24,1.55*09
23:26:07.458 << $GPGSV,4,1,15,14,80,019,27,17,70,268,30,22,65,320,38,30,47,192,31*77
23:26:07.459 << $GPGSV,4,2,15,01,44,067,35,19,34,247,25,02,27,047,18,07,17,165,25*7D
23:26:07.942 << $GPGSV,4,3,15,20,10,268,17,06,07,196,,03,06,112,,24,05,324,*7D
23:26:07.943 << $GPGSV,4,4,15,15,03,296,,08,02,065,,47,,,*7D
23:26:07.944 << $GPRMC,042607.000,A,4153.0126,N,08748.2033,W,0.27,343.33,230107,,,A*7A
23:26:08.425 << $GPGGA,042608.000,4153.0127,N,08748.2033,W,1,8,1.24,239.4,M,-34.0,M,,*69
23:26:08.428 << $GPGSA,A,3,14,30,07,01,17,20,19,22,,,,,1.99,1.24,1.55*09
23:26:08.430 << $GPGSV,4,1,15,14,80,019,27,17,70,268,30,22,65,320,38,30,47,192,31*77
23:26:08.431 << $GPGSV,4,2,15,01,44,067,35,19,34,247,25,02,27,047,18,07,17,165,25*7D
23:26:08.919 << $GPGSV,4,3,15,20,10,268,17,06,07,196,,03,06,112,,24,05,324,*7D
23:26:08.921 << $GPGSV,4,4,15,15,03,296,,08,02,065,,47,,,*7D
23:26:08.922 << $GPRMC,042608.000,A,4153.0127,N,08748.2033,W,0.32,347.90,230107,,,A*7D
23:26:09.402 << $GPGGA,042609.000,4153.0128,N,08748.2033,W,1,8,1.24,239.3,M,-34.0,M,,*60
23:26:09.404 << $GPGSA,A,3,14,30,07,01,17,20,19,22,,,,,1.99,1.24,1.55*09
23:26:09.406 << $GPGSV,4,1,15,14,80,019,27,17,70,268,30,22,65,320,38,30,47,192,32*74
23:26:09.407 << $GPGSV,4,2,15,01,44,067,36,19,34,247,25,02,27,047,18,07,17,165,25*7E
23:26:09.408 << $GPGSV,4,3,15,20,10,268,17,06,07,196,,03,06,112,,24,05,324,*7D
23:26:09.409 << $GPGSV,4,4,15,15,03,296,,08,02,065,,47,,,*7D
23:26:09.410 << $GPRMC,042609.000,A,4153.0128,N,08748.2033,W,0.44,349.69,230107,,,A*7A
23:26:10.394 << $GPGGA,042610.000,4153.0129,N,08748.2034,W,1,8,1.24,239.1,M,-34.0,M,,*6C
23:26:10.398 << $GPGSA,A,3,14,30,07,01,17,20,19,22,,,,,1.99,1.24,1.55*09
23:26:10.399 << $GPGSV,4,1,15,14,80,019,26,17,70,268,30,22,65,320,38,30,47,192,32*75
23:26:10.400 << $GPGSV,4,2,15,01,44,067,36,19,34,247,25,02,27,047,18,07,17,165,25*7E
23:26:10.401 << $GPGSV,4,3,15,20,10,268,17,06,07,196,,03,06,112,,24,05,324,*7D
23:26:10.402 << $GPGSV,4,4,15,15,03,296,,08,02,065,,47,,,*7D
23:26:10.868 << $GPRMC,042610.000,A,4153.0129,N,08748.2034,W,0.41,352.99,230107,,,A*74
23:26:11.855 << $GPGGA,042611.000,4153.0130,N,08748.2034,W,1,8,1.24,239.0,M,-34.0,M,,*64
23:26:11.858 << $GPGSA,A,3,14,30,07,01,17,20,19,22,,,,,1.99,1.24,1.55*09
23:26:11.860 << $GPGSV,4,1,15,14,80,019,26,17,70,268,30,22,65,320,38,30,47,192,32*75
23:26:11.861 << $GPGSV,4,2,15,01,44,067,36,19,34,247,25,02,27,047,18,07,17,165,25*7E
23:26:11.863 << $GPGSV,4,3,15,20,10,268,17,06,07,196,,03,06,112,,24,05,324,*7D
23:26:11.864 << $GPGSV,4,4,15,15,03,296,,08,02,065,,47,,,*7D
23:26:11.865 << $GPRMC,042611.000,A,4153.0130,N,08748.2034,W,0.33,352.08,230107,,,A*70
23:26:12.839 << $GPGGA,042612.000,4153.0131,N,08748.2034,W,1,8,1.24,238.9,M,-34.0,M,,*6E
23:26:12.843 << $GPGSA,A,3,14,30,07,01,17,20,19,22,,,,,1.99,1.24,1.55*09
23:26:12.845 << $GPGSV,4,1,15,14,80,019,26,17,70,268,30,22,65,320,38,30,47,192,32*75
23:26:12.846 << $GPGSV,4,2,15,01,44,067,36,19,34,247,25,02,27,047,18,07,17,165,25*7E
23:26:12.846 << $GPGSV,4,3,15,20,10,268,17,06,07,196,,03,06,112,,24,05,324,*7D
23:26:12.847 << $GPGSV,4,4,15,15,03,296,,08,02,065,,49,,,*73
23:26:12.848 << $GPRMC,042612.000,A,4153.0131,N,08748.2034,W,0.24,352.83,230107,,,A*77
23:26:13.834 << $GPGGA,042613.000,4153.0132,N,08748.2034,W,1,8,1.24,238.7,M,-34.0,M,,*62
23:26:13.837 << $GPGSA,A,3,14,30,07,01,17,20,19,22,,,,,1.99,1.24,1.55*09
23:26:13.838 << $GPGSV,4,1,15,14,80,019,26,17,70,268,30,22,65,320,38,30,47,192,32*75
23:26:13.840 << $GPGSV,4,2,15,01,44,067,36,19,34,247,25,02,27,047,18,07,17,165,25*7E
23:26:13.840 << $GPGSV,4,3,15,20,10,268,17,06,07,196,,03,06,112,,24,05,324,*7D
23:26:13.841 << $GPGSV,4,4,15,15,03,296,,08,02,065,,49,,,*73
23:26:13.842 << $GPRMC,042613.000,A,4153.0132,N,08748.2034,W,0.29,353.82,230107,,,A*78
23:26:14.767 << $GPGGA,042614.000,4153.0133,N,08748.2034,W,1,8,1.24,238.6,M,-34.0,M,,*65
23:26:14.771 << $GPGSA,A,3,14,30,07,01,17,20,19,22,,,,,1.99,1.24,1.55*09
23:26:14.774 << $GPGSV,4,1,15,14,80,019,26,17,70,268,30,22,65,320,38,30,47,192,32*75
23:26:14.775 << $GPGSV,4,2,15,01,44,067,36,19,34,247,25,02,27,047,18,07,17,165,25*7E
23:26:14.776 << $GPGSV,4,3,15,20,10,268,17,06,07,196,,03,06,112,,24,05,324,*7D
23:26:14.777 << $GPGSV,4,4,15,15,03,296,,08,02,065,,49,,,*73
23:26:14.778 << $GPRMC,042614.000,A,4153.0133,N,08748.2034,W,0.31,352.64,230107,,,A*7E
23:26:15.752 << $GPGGA,042615.000,4153.0134,N,08748.2034,W,1,8,1.24,238.4,M,-34.0,M,,*61
23:26:15.755 << $GPGSA,A,3,14,30,07,01,17,20,19,22,,,,,1.98,1.24,1.55*08
23:26:15.757 << $GPGSV,4,1,15,14,80,021,26,17,70,268,30,22,65,320,38,30,47,192,32*7E
23:26:15.757 << $GPGSV,4,2,15,01,44,067,36,19,34,247,25,02,27,047,18,07,17,165,25*7E
23:26:15.758 << $GPGSV,4,3,15,20,10,268,17,06,07,196,,03,06,112,,24,05,324,*7D
23:26:15.758 << $GPGSV,4,4,15,15,03,296,,08,02,065,,49,,,*73
23:26:16.227 << $GPRMC,042615.000,A,4153.0134,N,08748.2034,W,0.31,352.70,230107,,,A*7D
23:26:16.708 << $GPGGA,042616.000,4153.0135,N,08748.2035,W,1,8,1.24,238.2,M,-34.0,M,,*64
23:26:16.710 << $GPGSA,A,3,14,30,07,01,17,20,19,22,,,,,1.99,1.24,1.55*09
23:26:16.712 << $GPGSV,4,1,15,14,80,021,26,17,70,268,30,22,65,320,38,30,47,192,32*7E
23:26:16.713 << $GPGSV,4,2,15,01,44,067,36,19,34,247,25,02,27,047,18,07,17,165,25*7E
23:26:16.766 << $GPGSV,4,3,15,20,10,268,17,06,07,196,,03,06,112,,24,05,324,*7D
23:26:16.767 << $GPGSV,4,4,15,15,03,295,,08,02,065,,49,,,*70
23:26:16.767 << $GPRMC,042616.000,A,4153.0135,N,08748.2035,W,0.29,351.80,230107,,,A*7B
23:26:17.687 << $GPGGA,042617.000,4153.0135,N,08748.2035,W,1,8,1.14,238.1,M,-34.0,M,,*65
23:26:17.688 << $GPGSA,A,3,14,30,07,01,17,20,19,22,,,,,1.42,1.14,0.84*01
23:26:17.689 << $GPGSV,4,1,15,14,80,021,26,17,70,268,30,22,65,320,38,30,47,192,32*7E
23:26:17.689 << $GPGSV,4,2,15,01,44,067,36,19,34,247,25,02,27,047,18,07,17,165,25*7E
23:26:17.690 << $GPGSV,4,3,15,20,10,268,17,06,07,196,,03,06,112,,24,05,324,*7D
23:26:18.177 << $GPGSV,4,4,15,15,03,295,,08,02,065,,49,,,*70
23:26:18.179 << $GPRMC,042617.000,A,4153.0135,N,08748.2035,W,0.28,350.65,230107,,,A*71
23:26:18.664 << $GPGGA,042618.000,4153.0136,N,08748.2035,W,1,8,1.24,237.9,M,-34.0,M,,*6D
23:26:18.667 << $GPGSA,A,3,14,30,07,01,17,20,19,22,,,,,1.99,1.24,1.55*09
23:26:18.669 << $GPGSV,4,1,15,14,80,021,26,17,70,269,30,22,65,320,38,30,47,192,32*7F
23:26:18.670 << $GPGSV,4,2,15,01,44,067,36,51,37,207,,19,34,247,25,02,27,047,18*7F
23:26:18.671 << $GPGSV,4,3,15,07,17,165,25,20,10,268,17,06,07,196,,03,06,112,*7F
23:26:18.672 << $GPGSV,4,4,15,24,05,324,,15,03,295,,08,02,065,*4B
23:26:18.673 << $GPRMC,042618.000,A,4153.0136,N,08748.2035,W,0.23,351.32,230107,,,A*75
23:26:19.657 << $GPGGA,042619.000,4153.0137,N,08748.2035,W,1,8,1.24,237.7,M,-34.0,M,,*63
23:26:19.659 << $GPGSA,A,3,14,30,07,01,17,20,19,22,,,,,1.98,1.24,1.55*08
23:26:19.660 << $GPGSV,4,1,15,14,80,021,26,17,70,269,30,22,65,320,38,30,47,192,32*7F
23:26:19.661 << $GPGSV,4,2,15,01,44,067,36,51,37,207,,19,34,247,25,02,27,047,18*7F
23:26:19.661 << $GPGSV,4,3,15,07,17,165,25,20,10,268,17,06,07,196,,03,06,112,*7F
23:26:19.661 << $GPGSV,4,4,15,24,05,324,,15,03,295,,08,02,065,*4B
23:26:19.662 << $GPRMC,042619.000,A,4153.0137,N,08748.2035,W,0.29,349.86,230107,,,A*79
23:26:20.634 << $GPGGA,042620.000,4153.0138,N,08748.2036,W,1,8,1.24,237.5,M,-34.0,M,,*67
23:26:20.637 << $GPGSA,A,3,14,30,07,01,17,20,19,22,,,,,1.98,1.24,1.55*08
23:26:20.639 << $GPGSV,4,1,15,14,80,021,26,17,70,269,30,22,65,320,38,30,47,192,32*7F
23:26:20.640 << $GPGSV,4,2,15,01,44,067,36,51,37,207,,19,34,247,25,02,27,047,18*7F
23:26:20.641 << $GPGSV,4,3,15,07,17,165,25,20,10,268,17,06,07,196,,03,06,112,*7F
23:26:20.642 << $GPGSV,4,4,15,24,05,324,,15,03,295,,08,02,065,*4B
23:26:21.107 << $GPRMC,042620.000,A,4153.0138,N,08748.2036,W,0.41,351.04,230107,,,A*72
23:26:21.591 << $GPGGA,042621.000,4153.0139,N,08748.2036,W,1,8,1.24,237.3,M,-34.0,M,,*61
23:26:21.594 << $GPGSA,A,3,14,30,07,01,17,20,19,22,,,,,1.98,1.24,1.55*08
23:26:21.596 << $GPGSV,4,1,15,14,80,021,26,17,70,269,29,22,65,320,38,30,47,192,32*77
23:26:21.597 << $GPGSV,4,2,15,01,44,067,36,51,37,207,,19,34,247,25,02,27,047,18*7F
23:26:21.597 << $GPGSV,4,3,15,07,17,165,25,20,10,268,18,06,07,196,,03,06,112,*70
23:26:21.598 << $GPGSV,4,4,15,24,05,324,,15,03,295,,08,02,065,*4B
23:26:21.599 << $GPRMC,042621.000,A,4153.0139,N,08748.2036,W,0.35,351.41,230107,,,A*70
23:26:22.571 << $GPGGA,042622.000,4153.0140,N,08748.2036,W,1,8,1.24,237.1,M,-34.0,M,,*6E
23:26:22.575 << $GPGSA,A,3,14,30,07,01,17,20,19,22,,,,,1.99,1.24,1.55*09
23:26:22.577 << $GPGSV,4,1,15,14,80,021,26,17,70,269,29,22,65,320,38,30,47,192,32*77
23:26:22.579 << $GPGSV,4,2,15,01,44,067,37,51,37,207,,19,34,247,25,02,27,047,17*71
23:26:22.579 << $GPGSV,4,3,15,07,17,165,25,20,10,268,18,06,07,196,,03,06,112,*70
23:26:23.050 << $GPGSV,4,4,15,24,05,324,,15,03,295,,08,02,065,*4B
23:26:23.053 << $GPRMC,042622.000,A,4153.0140,N,08748.2036,W,0.39,350.71,230107,,,A*73
23:26:23.541 << $GPGGA,042623.000,4153.0141,N,08748.2036,W,1,8,1.24,236.9,M,-34.0,M,,*67
23:26:23.544 << $GPGSA,A,3,14,30,07,01,17,20,19,22,,,,,1.98,1.24,1.55*08
23:26:23.546 << $GPGSV,4,1,15,14,80,021,27,17,70,269,29,22,65,320,38,30,47,192,32*76
23:26:23.548 << $GPGSV,4,2,15,01,44,067,37,51,37,207,,19,34,247,25,02,27,047,17*71
23:26:23.549 << $GPGSV,4,3,15,07,17,165,25,20,10,268,18,06,07,196,,03,06,112,*70
23:26:23.549 << $GPGSV,4,4,15,24,05,324,,15,03,295,,08,02,065,*4B
23:26:23.550 << $GPRMC,042623.000,A,4153.0141,N,08748.2036,W,0.37,350.67,230107,,,A*7A
23:26:24.532 << $GPGGA,042624.000,4153.0142,N,08748.2037,W,1,8,1.24,236.7,M,-34.0,M,,*6C
23:26:24.536 << $GPGSA,A,3,14,30,07,01,17,20,19,22,,,,,1.98,1.24,1.55*08
23:26:24.538 << $GPGSV,4,1,15,14,80,021,27,17,70,269,29,22,65,320,38,30,47,192,32*76
23:26:24.539 << $GPGSV,4,2,15,01,44,067,37,51,37,207,,19,34,247,25,02,27,047,17*71
23:26:24.540 << $GPGSV,4,3,15,07,17,165,25,20,10,268,18,06,07,196,,03,06,112,*70
23:26:24.541 << $GPGSV,4,4,15,24,05,324,,15,03,295,,08,02,065,*4B
23:26:24.542 << $GPRMC,042624.000,A,4153.0142,N,08748.2037,W,0.40,350.89,230107,,,A*7F
23:26:25.516 << $GPGGA,042625.000,4153.0143,N,08748.2037,W,1,8,1.24,236.5,M,-34.0,M,,*6E
23:26:25.520 << $GPGSA,A,3,14,30,07,01,17,20,19,22,,,,,1.98,1.24,1.55*08
23:26:25.521 << $GPGSV,4,1,15,14,80,021,27,17,70,269,29,22,65,320,38,30,47,192,32*76
23:26:25.522 << $GPGSV,4,2,15,01,44,067,37,51,37,207,,19,34,247,25,02,27,047,17*71
23:26:25.523 << $GPGSV,4,3,15,07,17,165,25,20,10,268,18,06,07,196,,03,06,112,*70
23:26:25.524 << $GPGSV,4,4,15,24,05,324,,15,03,295,,08,02,065,*4B
23:26:25.525 << $GPRMC,042625.000,A,4153.0143,N,08748.2037,W,0.42,350.99,230107,,,A*7C
23:26:26.514 << $GPGGA,042626.000,4153.0145,N,08748.2037,W,1,8,1.24,236.3,M,-34.0,M,,*6D
23:26:26.518 << $GPGSA,A,3,14,30,07,01,17,20,19,22,,,,,1.98,1.24,1.55*08
23:26:26.521 << $GPGSV,4,1,15,14,80,021,27,17,70,269,28,22,65,320,38,30,47,192,32*77
23:26:26.522 << $GPGSV,4,2,15,01,44,067,37,51,37,207,,19,34,247,25,02,27,047,17*71
23:26:26.523 << $GPGSV,4,3,15,07,17,165,25,20,10,268,18,06,07,196,,03,06,112,*70
23:26:26.525 << $GPGSV,4,4,15,24,05,324,,15,03,295,,08,02,065,*4B
23:26:26.526 << $GPRMC,042626.000,A,4153.0145,N,08748.2037,W,0.36,349.65,230107,,,A*71
23:26:27.440 << $GPGGA,042627.000,4153.0146,N,08748.2037,W,1,8,1.24,236.0,M,-34.0,M,,*6C
23:26:27.443 << $GPGSA,A,3,14,30,07,01,17,20,19,22,,,,,1.98,1.24,1.55*08
23:26:27.445 << $GPGSV,4,1,15,14,80,021,27,17,70,269,28,22,65,320,38,30,47,192,33*76
23:26:27.446 << $GPGSV,4,2,15,01,44,067,37,19,34,247,25,44,33,219,,02,27,047,17*7E
23:26:27.447 << $GPGSV,4,3,15,07,17,165,25,20,10,268,18,06,07,196,,03,06,112,*70
23:26:27.932 << $GPGSV,4,4,15,24,05,324,,15,03,295,,08,02,065,*4B
23:26:27.934 << $GPRMC,042627.000,A,4153.0146,N,08748.2037,W,0.37,349.32,230107,,,A*70
23:26:28.419 << $GPGGA,042628.000,4153.0147,N,08748.2038,W,1,8,1.24,235.8,M,-34.0,M,,*66
23:26:28.422 << $GPGSA,A,3,14,30,07,01,17,20,19,22,,,,,1.98,1.24,1.55*08
23:26:28.424 << $GPGSV,4,1,15,14,80,021,27,17,70,269,28,22,65,320,38,30,47,192,33*76
23:26:28.425 << $GPGSV,4,2,15,01,44,067,37,19,34,247,24,44,33,219,,02,27,047,17*7F
23:26:28.426 << $GPGSV,4,3,15,07,17,165,25,20,10,268,18,06,07,196,,03,06,112,*70
23:26:28.427 << $GPGSV,4,4,15,24,05,324,,15,03,295,,08,02,065,*4B
23:26:28.428 << $GPRMC,042628.000,A,4153.0147,N,08748.2038,W,0.33,349.12,230107,,,A*77
23:26:29.406 << $GPGGA,042629.000,4153.0148,N,08748.2038,W,1,8,1.24,235.6,M,-34.0,M,,*66
23:26:29.410 << $GPGSA,A,3,14,30,07,01,17,20,19,22,,,,,1.98,1.24,1.55*08
23:26:29.412 << $GPGSV,4,1,15,14,80,021,27,17,70,269,28,22,65,320,38,30,47,192,33*76
23:26:29.413 << $GPGSV,4,2,15,01,44,067,37,19,34,247,24,44,33,219,,02,27,047,16*7E
23:26:29.414 << $GPGSV,4,3,15,07,17,165,25,20,10,268,18,06,07,196,,03,06,112,*70
23:26:29.415 << $GPGSV,4,4,15,24,05,324,,15,03,295,,08,02,065,*4B
23:26:29.416 << $GPRMC,042629.000,A,4153.0148,N,08748.2038,W,0.34,347.22,230107,,,A*73
23:26:30.401 << $GPGGA,042630.000,4153.0148,N,08748.2038,W,1,8,1.24,235.4,M,-34.0,M,,*6C
23:26:30.405 << $GPGSA,A,3,14,30,07,01,17,20,19,22,,,,,1.98,1.24,1.55*08
23:26:30.407 << $GPGSV,4,1,15,14,80,021,27,17,70,269,28,22,65,320,38,30,47,192,33*76
23:26:30.408 << $GPGSV,4,2,15,01,44,067,37,19,34,247,24,44,33,219,,02,27,047,16*7E
23:26:30.408 << $GPGSV,4,3,15,07,17,165,26,20,10,268,18,06,07,196,,03,06,112,*73
23:26:30.409 << $GPGSV,4,4,15,24,05,324,,15,03,295,,08,02,065,*4B
23:26:30.410 << $GPRMC,042630.000,A,4153.0148,N,08748.2038,W,0.28,347.87,230107,,,A*79
23:26:31.826 << $GPGGA,042631.000,4153.0149,N,08748.2039,W,1,8,1.24,235.1,M,-34.0,M,,*68
23:26:31.831 << $GPGSA,A,3,14,30,07,01,17,20,19,22,,,,,1.98,1.24,1.55*08
23:26:31.833 << $GPGSV,4,1,15,14,80,021,27,17,70,269,28,22,65,320,38,30,47,192,33*76
23:26:31.834 << $GPGSV,4,2,15,01,44,067,37,19,34,247,24,44,33,219,,02,27,047,16*7E
23:26:31.835 << $GPGSV,4,3,15,07,17,165,26,20,10,268,18,06,07,196,,03,06,112,*73
23:26:31.835 << $GPGSV,4,4,15,24,05,324,,15,03,295,,08,02,065,*4B
23:26:31.836 << $GPRMC,042631.000,A,4153.0149,N,08748.2039,W,0.29,346.60,230107,,,A*71
23:26:32.819 << $GPGGA,042632.000,4153.0150,N,08748.2039,W,1,8,1.24,234.9,M,-34.0,M,,*6A
23:26:32.823 << $GPGSA,A,3,14,30,07,01,17,20,19,22,,,,,1.98,1.24,1.55*08
23:26:32.825 << $GPGSV,4,1,15,14,80,021,27,17,70,269,28,22,65,320,38,30,47,192,33*76
23:26:32.826 << $GPGSV,4,2,15,01,44,067,37,19,34,247,24,44,33,219,,02,27,047,16*7E
23:26:32.827 << $GPGSV,4,3,15,07,17,165,26,20,10,268,18,06,07,196,,03,06,112,*73
23:26:33.294 << $GPGSV,4,4,15,24,05,324,,15,03,295,,08,02,065,*4B
23:26:33.297 << $GPRMC,042632.000,A,4153.0150,N,08748.2039,W,0.27,346.67,230107,,,A*73
23:26:33.781 << $GPGGA,042633.000,4153.0151,N,08748.2039,W,1,8,1.24,234.7,M,-34.0,M,,*64
23:26:33.784 << $GPGSA,A,3,14,30,07,01,17,20,19,22,,,,,1.98,1.24,1.55*08
23:26:33.787 << $GPGSV,4,1,15,14,80,021,27,17,70,269,28,22,65,320,38,30,47,192,33*76
23:26:33.788 << $GPGSV,4,2,15,01,44,067,37,19,34,247,24,44,33,219,,02,27,047,16*7E
23:26:34.269 << $GPGSV,4,3,15,07,17,165,26,20,10,268,18,06,07,196,,03,06,112,*73
23:26:34.270 << $GPGSV,4,4,15,24,05,324,,15,03,295,,08,02,065,*4B
23:26:34.271 << $GPRMC,042633.000,A,4153.0151,N,08748.2039,W,0.34,345.97,230107,,,A*7D
23:26:34.760 << $GPGGA,042634.000,4153.0152,N,08748.2040,W,1,8,1.24,234.4,M,-34.0,M,,*6D
23:26:34.764 << $GPGSA,A,3,14,30,07,01,17,20,19,22,,,,,1.98,1.24,1.55*08
23:26:34.766 << $GPGSV,4,1,15,14,80,021,27,17,70,269,28,22,65,320,38,30,47,192,33*76
23:26:34.767 << $GPGSV,4,2,15,01,44,067,37,19,34,247,24,44,33,219,,02,27,047,15*7D
23:26:35.239 << $GPGSV,4,3,15,07,17,165,26,20,10,268,18,06,07,196,,03,06,112,*73
23:26:35.240 << $GPGSV,4,4,15,24,05,324,,15,03,295,,08,02,065,*4B
23:26:35.242 << $GPRMC,042634.000,A,4153.0152,N,08748.2040,W,0.27,345.33,230107,,,A*7B
23:26:35.729 << $GPGGA,042635.000,4153.0153,N,08748.2040,W,1,8,1.24,234.2,M,-34.0,M,,*6B
23:26:35.730 << $GPGSA,A,3,14,30,07,01,17,20,19,22,,,,,1.98,1.24,1.55*08
23:26:36.210 << $GPGSV,4,1,15,14,80,021,27,17,70,269,28,22,65,320,38,30,47,192,33*76
23:26:36.212 << $GPGSV,4,2,15,01,44,067,38,19,34,247,24,44,33,219,,02,27,046,15*73
23:26:36.214 << $GPGSV,4,3,15,07,17,165,26,20,10,268,18,06,07,196,,03,06,112,*73
23:26:36.214 << $GPGSV,4,4,15,24,05,324,,15,03,295,,08,02,065,*4B
23:26:36.216 << $GPRMC,042635.000,A,4153.0153,N,08748.2040,W,0.31,343.72,230107,,,A*7F
23:26:36.707 << $GPGGA,042636.000,4153.0153,N,08748.2040,W,1,8,1.24,233.9,M,-34.0,M,,*64
23:26:36.709 << $GPGSA,A,3,14,30,07,01,17,20,19,22,,,,,1.98,1.24,1.55*08
23:26:36.711 << $GPGSV,4,1,15,14,80,021,27,17,70,269,28,22,65,320,38,30,47,192,33*76
23:26:36.712 << $GPGSV,4,2,15,01,44,067,38,19,34,247,24,44,33,219,,02,27,046,15*73
23:26:36.712 << $GPGSV,4,3,15,07,17,165,26,20,10,268,18,06,07,196,,03,06,112,*73
23:26:36.713 << $GPGSV,4,4,15,24,05,324,,15,03,295,,08,02,065,*4B
23:26:36.714 << $GPRMC,042636.000,A,4153.0153,N,08748.2040,W,0.29,343.07,230107,,,A*77
23:26:37.698 << $GPGGA,042637.000,4153.0154,N,08748.2041,W,1,8,1.14,233.7,M,-34.0,M,,*6E
23:26:37.701 << $GPGSA,A,3,14,30,07,01,17,20,19,22,,,,,1.42,1.14,0.84*01
23:26:37.702 << $GPGSV,4,1,15,14,80,021,27,17,70,269,28,22,65,320,38,30,47,192,33*76
23:26:37.703 << $GPGSV,4,2,15,01,44,067,38,19,34,247,24,48,28,228,,02,27,046,15*77
23:26:37.704 << $GPGSV,4,3,15,07,17,165,26,20,10,268,18,06,07,196,,03,06,112,*73
23:26:37.704 << $GPGSV,4,4,15,24,05,324,,15,03,295,,08,02,065,*4B
23:26:38.160 << $GPRMC,042637.000,A,4153.0154,N,08748.2041,W,0.25,342.55,230107,,,A*7A
23:26:38.657 << $GPGGA,042638.000,4153.0155,N,08748.2041,W,1,8,1.24,233.4,M,-34.0,M,,*60
23:26:38.660 << $GPGSA,A,3,14,30,07,01,17,20,19,22,,,,,1.98,1.24,1.55*08
23:26:38.662 << $GPGSV,4,1,15,14,80,021,27,17,70,269,28,22,65,320,38,30,47,192,33*76
23:26:38.664 << $GPGSV,4,2,15,01,44,067,38,19,34,247,24,48,28,228,,02,27,046,15*77
23:26:38.665 << $GPGSV,4,3,15,07,17,165,26,20,10,268,18,06,07,196,,03,06,112,*73
23:26:38.666 << $GPGSV,4,4,15,24,05,324,,15,03,295,,08,02,065,*4B
23:26:38.667 << $GPRMC,042638.000,A,4153.0155,N,08748.2041,W,0.30,341.71,230107,,,A*75
23:26:39.653 << $GPGGA,042639.000,4153.0156,N,08748.2042,W,1,8,1.24,233.1,M,-34.0,M,,*64
23:26:39.658 << $GPGSA,A,3,14,30,07,01,17,20,19,22,,,,,1.98,1.24,1.55*08
23:26:39.660 << $GPGSV,4,1,15,14,80,021,27,17,70,269,28,22,65,320,38,30,47,192,33*76
23:26:39.661 << $GPGSV,4,2,15,01,44,067,38,19,34,247,24,48,28,228,,02,27,046,16*74
23:26:39.662 << $GPGSV,4,3,15,07,17,165,26,20,10,268,18,06,07,196,,03,06,112,*73
23:26:39.662 << $GPGSV,4,4,15,24,05,324,,15,03,295,,08,02,065,*4B
23:26:39.664 << $GPRMC,042639.000,A,4153.0156,N,08748.2042,W,0.31,341.66,230107,,,A*73
23:26:40.646 << $GPGGA,042640.000,4153.0156,N,08748.2042,W,1,8,1.24,232.8,M,-34.0,M,,*62
23:26:40.651 << $GPGSA,A,3,14,30,07,01,17,20,19,22,,,,,1.98,1.24,1.54*09
23:26:41.094 << $GPGSV,4,1,15,14,80,021,27,17,70,269,28,22,65,320,38,30,47,192,33*76
23:26:41.095 << $GPGSV,4,2,15,01,44,067,38,19,34,247,24,48,28,228,,02,27,046,16*74
23:26:41.096 << $GPGSV,4,3,15,07,16,165,26,20,10,268,18,06,07,196,,03,06,112,*72
23:26:41.097 << $GPGSV,4,4,15,24,05,324,,15,03,295,,08,02,065,*4B
23:26:41.098 << $GPRMC,042640.000,A,4153.0156,N,08748.2042,W,0.32,343.14,230107,,,A*79
23:26:41.580 << $GPGGA,042641.000,4153.0157,N,08748.2042,W,1,8,1.24,232.6,M,-34.0,M,,*6C
23:26:41.583 << $GPGSA,A,3,14,30,07,01,17,20,19,22,,,,,1.98,1.24,1.54*09
23:26:41.585 << $GPGSV,4,1,15,14,80,021,27,17,70,269,28,22,65,320,38,30,47,192,33*76
23:26:41.586 << $GPGSV,4,2,15,01,44,067,38,19,34,247,24,48,28,228,,02,27,046,16*74
23:26:42.063 << $GPGSV,4,3,15,07,16,165,26,20,10,268,18,06,07,196,,03,06,112,*72
23:26:42.065 << $GPGSV,4,4,15,24,05,324,,15,03,295,,08,02,066,*48
23:26:42.066 << $GPRMC,042641.000,A,4153.0157,N,08748.2042,W,0.28,340.69,230107,,,A*7B
23:26:42.561 << $GPGGA,042642.000,4153.0158,N,08748.2043,W,1,8,1.24,232.3,M,-34.0,M,,*64
23:26:42.565 << $GPGSA,A,3,14,30,07,01,17,20,19,22,,,,,1.98,1.24,1.55*08
23:26:42.566 << $GPGSV,4,1,15,14,80,021,27,17,70,269,28,22,65,320,38,30,47,192,33*76
23:26:42.567 << $GPGSV,4,2,15,01,44,067,38,19,34,247,24,48,28,228,,02,27,046,16*74
23:26:43.041 << $GPGSV,4,3,15,07,16,165,26,20,10,268,18,06,07,196,,03,06,112,*72
23:26:43.042 << $GPGSV,4,4,15,24,05,324,,15,03,295,,08,02,066,*48
23:26:43.044 << $GPRMC,042642.000,A,4153.0158,N,08748.2043,W,0.19,336.51,230107,,,A*7E
23:26:43.526 << $GPGGA,042643.000,4153.0158,N,08748.2043,W,1,8,1.24,232.0,M,-34.0,M,,*66
23:26:43.529 << $GPGSA,A,3,14,30,07,01,17,20,19,22,,,,,1.98,1.24,1.54*09
23:26:43.531 << $GPGSV,4,1,15,14,80,021,27,17,70,269,28,22,65,320,38,30,47,192,33*76
23:26:43.532 << $GPGSV,4,2,15,01,44,067,38,19,34,247,24,48,28,228,,02,27,046,16*74
23:26:43.533 << $GPGSV,4,3,15,07,16,165,26,20,10,268,18,06,07,196,,03,06,112,*72
23:26:43.533 << $GPGSV,4,4,15,24,05,324,,15,03,295,,08,02,066,*48
23:26:43.534 << $GPRMC,042643.000,A,4153.0158,N,08748.2043,W,0.22,334.82,230107,,,A*7B
23:26:44.518 << $GPGGA,042644.000,4153.0159,N,08748.2044,W,1,8,1.24,231.7,M,-34.0,M,,*63
23:26:44.520 << $GPGSA,A,3,14,30,07,01,17,20,19,22,,,,,1.98,1.24,1.54*09
23:26:44.521 << $GPGSV,4,1,15,14,80,021,27,17,70,269,28,22,65,320,38,30,47,192,33*76
23:26:44.521 << $GPGSV,4,2,15,01,44,067,38,19,34,247,24,48,28,228,,02,27,046,16*74
23:26:44.521 << $GPGSV,4,3,15,07,16,165,26,20,10,268,18,06,07,196,,03,06,112,*72
23:26:44.522 << $GPGSV,4,4,15,24,05,324,,15,03,295,,08,02,066,*48
23:26:44.522 << $GPRMC,042644.000,A,4153.0159,N,08748.2044,W,0.27,334.65,230107,,,A*76
23:26:45.500 << $GPGGA,042645.000,4153.0160,N,08748.2044,W,1,8,1.24,231.4,M,-34.0,M,,*6B
23:26:45.505 << $GPGSA,A,3,14,30,07,01,17,20,19,22,,,,,1.98,1.24,1.54*09
23:26:45.507 << $GPGSV,4,1,15,14,80,021,27,17,70,269,28,22,65,320,38,30,47,192,33*76
23:26:45.508 << $GPGSV,4,2,15,01,44,067,38,19,34,247,24,48,28,228,29,02,27,046,16*7F
23:26:45.508 << $GPGSV,4,3,15,07,16,165,26,20,10,268,18,06,07,196,,03,06,112,*72
23:26:45.509 << $GPGSV,4,4,15,24,05,324,,15,03,295,,08,02,066,*48
23:26:45.510 << $GPRMC,042645.000,A,4153.0160,N,08748.2044,W,0.28,336.82,230107,,,A*79
23:26:46.492 << $GPGGA,042646.000,4153.0160,N,08748.2045,W,1,8,1.24,231.1,M,-34.0,M,,*6C
23:26:46.496 << $GPGSA,A,3,14,30,07,01,17,20,19,22,,,,,1.98,1.24,1.54*09
23:26:46.498 << $GPGSV,4,1,15,14,80,021,27,17,70,269,28,22,65,320,38,30,47,192,33*76
23:26:46.499 << $GPGSV,4,2,15,01,44,067,38,19,34,247,24,48,28,228,29,02,27,046,16*7F
23:26:46.500 << $GPGSV,4,3,15,07,16,165,26,20,10,268,18,06,07,196,,03,06,112,*72
23:26:46.501 << $GPGSV,4,4,15,24,05,324,,15,03,295,,08,02,066,*48
23:26:46.502 << $GPRMC,042646.000,A,4153.0160,N,08748.2045,W,0.34,337.64,230107,,,A*7F
23:26:47.424 << $GPGGA,042647.000,4153.0161,N,08748.2045,W,1,8,1.24,230.8,M,-34.0,M,,*64
23:26:47.428 << $GPGSA,A,3,14,30,07,01,17,20,19,22,,,,,1.98,1.24,1.54*09
23:26:47.430 << $GPGSV,4,1,15,14,80,022,27,17,70,269,28,22,65,320,38,30,47,192,33*75
23:26:47.431 << $GPGSV,4,2,15,01,44,067,38,19,34,247,24,48,28,228,30,02,27,046,16*77
23:26:47.432 << $GPGSV,4,3,15,07,16,165,26,20,10,268,18,06,07,196,,03,06,112,*72
23:26:47.433 << $GPGSV,4,4,15,24,05,324,,15,03,295,,08,02,066,*48
23:26:47.918 << $GPRMC,042647.000,A,4153.0161,N,08748.2045,W,0.38,339.31,230107,,,A*7D
23:26:48.409 << $GPGGA,042648.000,4153.0162,N,08748.2045,W,1,8,1.24,230.6,M,-34.0,M,,*66
23:26:48.412 << $GPGSA,A,3,14,30,07,01,17,20,19,22,,,,,1.98,1.24,1.54*09
23:26:48.414 << $GPGSV,4,1,15,14,80,022,27,17,70,269,28,22,65,320,38,30,47,192,33*75
23:26:48.415 << $GPGSV,4,2,15,01,44,067,38,19,34,247,24,48,28,228,30,02,27,046,15*74
23:26:48.891 << $GPGSV,4,3,15,07,16,165,26,20,10,268,17,06,07,196,,03,06,112,*7D
23:26:48.893 << $GPGSV,4,4,15,24,05,324,,15,03,295,,08,02,066,*48
23:26:48.894 << $GPRMC,042648.000,A,4153.0162,N,08748.2045,W,0.26,338.78,230107,,,A*72
23:26:49.879 << $GPGGA,042649.000,4153.0163,N,08748.2046,W,1,8,1.24,230.3,M,-34.0,M,,*60
23:26:49.883 << $GPGSA,A,3,14,30,07,01,17,20,19,22,,,,,1.98,1.24,1.54*09
23:26:49.885 << $GPGSV,4,1,15,14,80,022,27,17,70,269,28,22,65,320,38,30,47,192,33*75
23:26:49.886 << $GPGSV,4,2,15,01,44,067,39,19,34,247,23,48,28,228,29,02,27,046,15*7A
23:26:49.887 << $GPGSV,4,3,15,07,16,165,26,20,10,268,17,06,07,196,,03,06,112,*7D
23:26:49.889 << $GPGSV,4,4,15,24,05,324,,15,03,295,,08,02,066,*48
23:26:49.890 << $GPRMC,042649.000,A,4153.0163,N,08748.2046,W,0.31,338.38,230107,,,A*73
23:26:50.356 << $GPGGA,042650.000,4153.0164,N,08748.2046,W,1,8,1.24,230.0,M,-34.0,M,,*6C
23:26:50.358 << $GPGSA,A,3,14,30,07,01,17,20,19,22,,,,,1.98,1.24,1.54*09
23:26:50.841 << $GPGSV,4,1,15,14,80,022,27,17,70,269,28,22,65,320,38,30,47,192,33*75
23:26:50.842 << $GPGSV,4,2,15,01,44,067,39,19,34,247,23,48,28,228,29,02,27,046,15*7A
23:26:50.843 << $GPGSV,4,3,15,07,16,165,26,20,10,268,17,06,07,196,,03,06,112,*7D
23:26:50.844 << $GPGSV,4,4,15,24,05,324,,15,03,295,,08,02,066,*48
23:26:50.845 << $GPRMC,042650.000,A,4153.0164,N,08748.2046,W,0.32,338.76,230107,,,A*75
23:26:51.819 << $GPGGA,042651.000,4153.0165,N,08748.2047,W,1,8,1.24,229.6,M,-34.0,M,,*63
23:26:51.821 << $GPGSA,A,3,14,30,07,01,17,20,19,22,,,,,1.98,1.24,1.54*09
23:26:51.821 << $GPGSV,4,1,15,14,80,022,28,17,70,269,28,22,65,320,38,30,47,192,33*7A
23:26:51.821 << $GPGSV,4,2,15,01,44,067,39,19,34,247,23,48,28,228,29,02,27,046,16*79
23:26:51.822 << $GPGSV,4,3,15,07,16,165,26,20,10,268,17,06,07,196,,03,06,112,*7D
23:26:51.822 << $GPGSV,4,4,15,24,05,324,,15,03,295,,08,02,066,*48
23:26:51.822 << $GPRMC,042651.000,A,4153.0165,N,08748.2047,W,0.35,338.91,230107,,,A*7A
23:26:52.798 << $GPGGA,042652.000,4153.0166,N,08748.2047,W,1,8,1.24,229.3,M,-34.0,M,,*66
23:26:52.800 << $GPGSA,A,3,14,30,07,01,17,20,19,22,,,,,1.98,1.24,1.54*09
23:26:52.801 << $GPGSV,4,1,15,14,80,022,28,17,70,269,28,22,65,320,38,30,47,192,33*7A
23:26:52.801 << $GPGSV,4,2,15,01,44,067,39,19,34,247,23,48,28,228,29,02,27,046,16*79
23:26:52.802 << $GPGSV,4,3,15,07,16,165,26,20,10,268,17,06,07,196,,03,06,112,*7D
23:26:52.802 << $GPGSV,4,4,15,24,05,324,,15,03,295,,08,02,066,*48
23:26:53.276 << $GPRMC,042652.000,A,4153.0166,N,08748.2047,W,0.37,338.84,230107,,,A*7C
23:26:53.770 << $GPGGA,042653.000,4153.0167,N,08748.2048,W,1,8,1.24,229.0,M,-34.0,M,,*6A
23:26:53.771 << $GPGSA,A,3,14,30,07,01,17,20,19,22,,,,,1.98,1.24,1.54*09
23:26:53.772 << $GPGSV,4,1,15,14,80,022,28,17,70,269,28,22,65,320,38,30,47,192,33*7A
23:26:53.773 << $GPGSV,4,2,15,01,44,067,39,19,34,247,23,48,28,228,29,02,27,046,16*79
23:26:54.254 << $GPGSV,4,3,15,07,16,165,26,20,10,268,17,06,07,196,,03,06,112,*7D
23:26:54.254 << $GPGSV,4,4,15,24,05,324,,15,03,295,,08,02,066,*48
23:26:54.255 << $GPRMC,042653.000,A,4153.0167,N,08748.2048,W,0.35,339.65,230107,,,A*7F
23:26:54.736 << $GPGGA,042654.000,4153.0168,N,08748.2048,W,1,8,1.24,228.7,M,-34.0,M,,*64
23:26:54.738 << $GPGSA,A,3,14,30,07,01,17,20,19,22,,,,,1.98,1.24,1.54*09
23:26:54.739 << $GPGSV,4,1,15,14,80,022,28,17,70,269,27,22,65,320,38,30,47,192,33*75
23:26:54.740 << $GPGSV,4,2,15,01,44,067,39,19,34,247,23,48,28,228,,02,27,046,16*72
23:26:54.741 << $GPGSV,4,3,15,07,16,165,26,20,10,268,17,06,07,196,,03,06,112,*7D
23:26:54.742 << $GPGSV,4,4,15,24,05,324,,15,03,295,,08,02,066,*48
23:26:54.743 << $GPRMC,042654.000,A,4153.0168,N,08748.2048,W,0.38,339.47,230107,,,A*7A
23:26:55.723 << $GPGGA,042655.000,4153.0169,N,08748.2049,W,1,8,1.14,228.4,M,-34.0,M,,*65
23:26:55.724 << $GPGSA,A,3,14,30,07,01,17,20,19,22,,,,,1.42,1.14,0.84*01
23:26:55.725 << $GPGSV,4,1,15,14,80,022,28,17,70,269,27,22,66,321,37,30,47,192,33*78
23:26:55.726 << $GPGSV,4,2,15,01,44,067,39,19,34,247,22,48,28,228,,02,27,046,16*73
23:26:55.726 << $GPGSV,4,3,15,07,16,165,26,20,10,268,16,06,07,196,,03,06,112,*7C
23:26:55.726 << $GPGSV,4,4,15,24,05,324,,15,03,295,,08,02,066,*48
23:26:55.727 << $GPRMC,042655.000,A,4153.0169,N,08748.2049,W,0.32,341.12,230107,,,A*7E
23:26:56.703 << $GPGGA,042656.000,4153.0169,N,08748.2049,W,1,8,1.24,228.2,M,-34.0,M,,*63
23:26:56.705 << $GPGSA,A,3,14,30,07,01,17,20,19,22,,,,,1.98,1.24,1.54*09
23:26:56.705 << $GPGSV,4,1,15,14,80,022,28,17,70,269,27,22,66,321,37,30,47,192,33*78
23:26:56.705 << $GPGSV,4,2,15,01,44,067,39,19,34,247,22,48,28,228,,02,27,046,16*73
23:26:56.706 << $GPGSV,4,3,15,07,16,165,26,20,10,268,16,06,07,196,,03,06,112,*7C
23:26:56.706 << $GPGSV,4,4,15,24,05,324,,15,03,295,,08,02,066,*48
23:26:56.706 << $GPRMC,042656.000,A,4153.0169,N,08748.2049,W,0.25,339.94,230107,,,A*7A
23:26:57.681 << $GPGGA,042657.000,4153.0170,N,08748.2050,W,1,8,1.24,227.9,M,-34.0,M,,*66
23:26:57.683 << $GPGSA,A,3,14,30,07,01,17,20,19,22,,,,,1.98,1.24,1.54*09
23:26:57.684 << $GPGSV,4,1,15,14,80,022,28,17,70,269,27,22,66,321,37,30,47,192,33*78
23:26:57.684 << $GPGSV,4,2,15,01,44,067,39,19,34,247,22,48,28,228,,02,27,046,16*73
23:26:57.685 << $GPGSV,4,3,15,07,16,165,26,20,10,268,16,06,07,196,,03,06,112,*7C
23:26:57.685 << $GPGSV,4,4,15,24,06,324,,15,03,295,,08,02,066,*4B
23:26:58.152 << $GPRMC,042657.000,A,4153.0170,N,08748.2050,W,0.23,340.09,230107,,,A*77
23:26:58.639 << $GPGGA,042658.000,4153.0171,N,08748.2050,W,1,8,1.24,227.7,M,-34.0,M,,*66
23:26:58.641 << $GPGSA,A,3,14,30,07,01,17,20,19,22,,,,,1.98,1.24,1.54*09
23:26:58.641 << $GPGSV,4,1,15,14,80,022,29,17,70,269,27,22,66,321,37,30,47,192,33*79
23:26:58.642 << $GPGSV,4,2,15,01,44,067,39,19,34,247,22,48,28,228,,02,27,046,16*73
23:26:58.642 << $GPGSV,4,3,15,07,16,165,26,20,10,268,16,06,07,196,,03,06,112,*7C
23:26:58.642 << $GPGSV,4,4,15,24,06,324,,15,03,295,,08,02,066,*4B
23:26:58.643 << $GPRMC,042658.000,A,4153.0171,N,08748.2050,W,0.28,339.54,230107,,,A*74
23:26:59.616 << $GPGGA,042659.000,4153.0171,N,08748.2050,W,1,8,1.24,227.4,M,-34.0,M,,*64
23:26:59.617 << $GPGSA,A,3,14,30,07,01,17,20,19,22,,,,,1.98,1.24,1.54*09
23:26:59.618 << $GPGSV,4,1,15,14,80,022,29,17,70,269,27,22,66,321,37,30,47,192,33*79
23:26:59.618 << $GPGSV,4,2,15,01,44,067,39,19,34,247,22,48,28,228,,02,27,046,16*73
23:26:59.619 << $GPGSV,4,3,15,07,16,165,26,20,10,268,16,06,07,196,,03,06,112,*7C
23:26:59.619 << $GPGSV,4,4,15,24,06,324,,15,03,295,,08,02,066,*4B
23:26:59.621 << $GPRMC,042659.000,A,4153.0171,N,08748.2050,W,0.33,340.61,230107,,,A*77
23:27:00.591 << $GPGGA,042700.000,4153.0172,N,08748.2051,W,1,8,1.24,227.2,M,-34.0,M,,*6D
23:27:00.593 << $GPGSA,A,3,14,30,07,01,17,20,19,22,,,,,1.98,1.24,1.54*09
23:27:00.594 << $GPGSV,4,1,15,14,80,022,29,17,70,269,27,22,66,321,37,30,47,192,33*79
23:27:00.596 << $GPGSV,4,2,15,01,44,067,39,19,34,247,22,48,28,228,,02,27,046,16*73
23:27:00.596 << $GPGSV,4,3,15,07,16,165,26,20,10,268,17,06,07,196,,03,06,112,*7D
23:27:00.596 << $GPGSV,4,4,15,24,06,324,,15,03,295,,08,02,066,*4B
23:27:00.598 << $GPRMC,042700.000,A,4153.0172,N,08748.2051,W,0.29,339.67,230107,,,A*7B
23:27:01.580 << $GPGGA,042701.000,4153.0173,N,08748.2051,W,1,8,1.24,226.9,M,-34.0,M,,*67
23:27:01.585 << $GPGSA,A,3,14,30,07,01,17,20,19,22,,,,,1.98,1.24,1.54*09
23:27:01.587 << $GPGSV,4,1,15,14,80,022,29,17,70,269,27,22,66,321,37,30,47,192,33*79
23:27:01.588 << $GPGSV,4,2,15,01,44,067,39,19,34,247,22,48,28,228,,02,27,046,15*70
23:27:01.589 << $GPGSV,4,3,15,07,16,165,26,20,10,268,17,06,07,196,,03,06,112,*7D
23:27:01.590 << $GPGSV,4,4,15,24,06,324,,15,03,295,,08,02,066,*4B
23:27:01.591 << $GPRMC,042701.000,A,4153.0173,N,08748.2051,W,0.31,340.63,230107,,,A*78
23:27:02.568 << $GPGGA,042702.000,4153.0174,N,08748.2052,W,1,8,1.24,226.6,M,-34.0,M,,*6F
23:27:02.572 << $GPGSA,A,3,14,30,07,01,17,20,19,22,,,,,1.98,1.24,1.54*09
23:27:02.573 << $GPGSV,4,1,15,14,80,022,30,17,70,269,27,22,66,321,37,30,47,192,33*71
23:27:02.574 << $GPGSV,4,2,15,01,44,067,39,19,34,247,22,48,28,228,,02,27,046,15*70
23:27:02.575 << $GPGSV,4,3,15,07,16,165,26,20,10,268,17,06,07,196,,03,06,112,*7D
23:27:02.576 << $GPGSV,4,4,15,24,06,324,,15,03,295,,08,02,066,*4B
23:27:03.021 << $GPRMC,042702.000,A,4153.0174,N,08748.2052,W,0.26,340.45,230107,,,A*7D
23:27:03.512 << $GPGGA,042703.000,4153.0175,N,08748.2052,W,1,8,1.24,226.3,M,-34.0,M,,*6A
23:27:03.515 << $GPGSA,A,3,14,30,07,01,17,20,19,22,,,,,1.98,1.24,1.54*09
23:27:03.517 << $GPGSV,4,1,15,14,80,022,30,17,70,269,27,22,66,321,37,30,47,192,33*71
23:27:03.518 << $GPGSV,4,2,15,01,44,067,39,19,34,247,22,48,28,228,,02,27,046,15*70
23:27:03.519 << $GPGSV,4,3,15,07,16,165,26,20,10,268,17,06,07,196,,03,06,112,*7D
23:27:03.520 << $GPGSV,4,4,15,24,06,324,,15,03,295,,08,02,066,*4B
23:27:03.521 << $GPRMC,042703.000,A,4153.0175,N,08748.2052,W,0.33,340.97,230107,,,A*76
23:27:04.506 << $GPGGA,042704.000,4153.0176,N,08748.2052,W,1,8,1.24,226.1,M,-34.0,M,,*6C
23:27:04.511 << $GPGSA,A,3,14,30,07,01,17,20,19,22,,,,,1.98,1.24,1.54*09
23:27:04.512 << $GPGSV,4,1,15,14,80,022,30,17,70,269,27,22,66,321,37,30,47,192,33*71
23:27:04.513 << $GPGSV,4,2,15,01,44,067,39,19,34,247,22,48,28,228,,02,27,046,15*70
23:27:04.514 << $GPGSV,4,3,15,07,16,165,26,20,10,268,17,06,07,196,,03,06,112,*7D
23:27:04.515 << $GPGSV,4,4,15,24,06,324,,15,03,295,,08,02,066,*4B
23:27:04.516 << $GPRMC,042704.000,A,4153.0176,N,08748.2052,W,0.39,340.76,230107,,,A*77
23:27:05.495 << $GPGGA,042705.000,4153.0177,N,08748.2053,W,1,8,1.24,225.8,M,-34.0,M,,*67
23:27:05.499 << $GPGSA,A,3,14,30,07,01,17,20,19,22,,,,,1.98,1.24,1.54*09
23:27:05.501 << $GPGSV,4,1,15,14,80,022,30,17,70,269,26,22,66,321,37,30,47,192,33*70
23:27:05.502 << $GPGSV,4,2,15,01,44,067,40,19,34,247,22,48,28,228,,02,27,046,15*7E
23:27:05.503 << $GPGSV,4,3,15,07,16,165,26,20,10,268,17,06,07,196,,03,06,112,*7D
23:27:05.504 << $GPGSV,4,4,15,24,06,324,,15,03,295,,08,02,066,*4B
23:27:05.505 << $GPRMC,042705.000,A,4153.0177,N,08748.2053,W,0.44,342.06,230107,,,A*79
23:27:06.488 << $GPGGA,042706.000,4153.0178,N,08748.2053,W,1,8,1.24,225.5,M,-34.0,M,,*66
23:27:06.493 << $GPGSA,A,3,14,30,07,01,17,20,19,22,,,,,1.98,1.24,1.54*09
23:27:06.495 << $GPGSV,4,1,15,14,80,022,30,17,70,269,26,22,66,321,37,30,47,192,33*70
23:27:06.496 << $GPGSV,4,2,15,01,44,067,40,19,34,247,22,48,28,228,,02,27,046,15*7E
23:27:06.497 << $GPGSV,4,3,15,07,16,165,25,20,10,268,17,06,07,196,,03,06,112,*7E
23:27:06.498 << $GPGSV,4,4,15,24,06,324,,15,03,295,,08,02,066,*4B
23:27:06.499 << $GPRMC,042706.000,A,4153.0178,N,08748.2053,W,0.33,341.10,230107,,,A*71
23:27:07.417 << $GPGGA,042707.000,4153.0179,N,08748.2054,W,1,8,1.24,225.2,M,-34.0,M,,*66
23:27:07.420 << $GPGSA,A,3,14,30,07,01,17,20,19,22,,,,,1.98,1.24,1.54*09
23:27:07.421 << $GPGSV,4,1,15,14,80,022,30,17,70,269,26,22,66,321,36,30,47,192,33*71
23:27:07.422 << $GPGSV,4,2,15,01,44,067,40,19,34,247,22,02,26,046,15,46,26,232,*74
23:27:07.423 << $GPGSV,4,3,15,07,16,165,25,20,10,268,17,06,07,196,,03,06,112,*7E
23:27:07.424 << $GPGSV,4,4,15,24,06,324,,15,03,295,,08,02,066,*4B
23:27:07.901 << $GPRMC,042707.000,A,4153.0179,N,08748.2054,W,0.34,342.26,230107,,,A*77
23:27:08.394 << $GPGGA,042708.000,4153.0180,N,08748.2054,W,1,8,1.24,224.9,M,-34.0,M,,*65
23:27:08.396 << $GPGSA,A,3,14,30,07,01,17,20,19,22,,,,,1.98,1.24,1.54*09
23:27:08.398 << $GPGSV,4,1,15,14,80,022,30,17,70,269,26,22,66,321,36,30,47,192,33*71
23:27:08.399 << $GPGSV,4,2,15,01,44,067,40,19,34,247,22,02,26,046,15,46,26,232,*74
23:27:08.881 << $GPGSV,4,3,15,07,16,165,25,20,10,268,17,06,07,196,,03,07,112,*7F
23:27:08.882 << $GPGSV,4,4,15,24,06,324,,15,03,295,,08,02,066,*4B
23:27:08.884 << $GPRMC,042708.000,A,4153.0180,N,08748.2054,W,0.38,341.48,230107,,,A*79
23:27:09.367 << $GPGGA,042709.000,4153.0181,N,08748.2055,W,1,8,1.24,224.6,M,-34.0,M,,*6B
23:27:09.370 << $GPGSA,A,3,14,30,07,01,17,20,19,22,,,,,1.98,1.24,1.54*09
23:27:09.372 << $GPGSV,4,1,15,14,80,022,30,17,70,269,26,22,66,321,36,30,47,192,33*71
23:27:09.372 << $GPGSV,4,2,15,01,44,067,40,19,34,247,23,02,26,046,15,46,26,232,*75
23:27:09.851 << $GPGSV,4,3,15,07,16,165,25,20,10,268,17,06,07,196,,03,07,112,*7F
23:27:09.852 << $GPGSV,4,4,15,24,06,324,,15,03,295,,08,02,066,*4B
23:27:09.854 << $GPRMC,042709.000,A,4153.0181,N,08748.2055,W,0.34,340.28,230107,,,A*73
23:27:10.832 << $GPGGA,042710.000,4153.0181,N,08748.2055,W,1,8,1.24,224.3,M,-34.0,M,,*66
23:27:10.835 << $GPGSA,A,3,14,30,07,01,17,20,19,22,,,,,1.98,1.24,1.54*09
23:27:10.836 << $GPGSV,4,1,15,14,80,022,30,17,70,269,26,22,66,321,36,30,47,192,33*71
23:27:10.837 << $GPGSV,4,2,15,01,44,067,40,19,34,247,23,02,26,046,15,46,26,232,*75
23:27:10.837 << $GPGSV,4,3,15,07,16,165,25,20,10,268,17,06,07,196,,03,07,112,*7F
23:27:10.837 << $GPGSV,4,4,15,24,06,324,,15,03,295,,08,02,066,*4B
23:27:10.838 << $GPRMC,042710.000,A,4153.0181,N,08748.2055,W,0.28,340.26,230107,,,A*78
23:27:11.818 << $GPGGA,042711.000,4153.0182,N,08748.2056,W,1,8,1.24,224.0,M,-34.0,M,,*64
23:27:11.821 << $GPGSA,A,3,14,30,07,01,17,20,19,22,,,,,1.98,1.24,1.54*09
23:27:11.822 << $GPGSV,4,1,15,14,80,022,30,17,70,269,26,22,66,321,36,30,47,192,33*71
23:27:11.822 << $GPGSV,4,2,15,01,44,067,40,19,34,247,22,02,26,046,15,46,26,232,30*77
23:27:11.823 << $GPGSV,4,3,15,07,16,165,25,20,10,268,17,06,08,196,,03,07,112,*70
23:27:11.823 << $GPGSV,4,4,15,24,06,324,,15,03,295,,08,02,066,*4B
23:27:11.824 << $GPRMC,042711.000,A,4153.0182,N,08748.2056,W,0.38,339.69,230107,,,A*7D
23:27:12.809 << $GPGGA,042712.000,4153.0183,N,08748.2056,W,1,8,1.14,223.7,M,-34.0,M,,*65
23:27:12.811 << $GPGSA,A,3,14,30,07,01,17,20,19,22,,,,,1.42,1.14,0.84*01
23:27:12.813 << $GPGSV,4,1,15,14,80,022,30,17,70,269,26,22,66,321,36,30,47,192,33*71
23:27:12.814 << $GPGSV,4,2,15,01,44,067,40,19,34,247,22,02,26,046,15,46,26,232,30*77
23:27:12.814 << $GPGSV,4,3,15,07,16,165,25,20,10,268,17,06,08,196,,03,07,112,*70
23:27:12.815 << $GPGSV,4,4,15,24,06,324,,15,03,295,,08,02,066,*4B
23:27:13.265 << $GPRMC,042712.000,A,4153.0183,N,08748.2056,W,0.28,340.70,230107,,,A*78
23:27:13.756 << $GPGGA,042713.000,4153.0184,N,08748.2056,W,1,8,1.34,223.5,M,-34.0,M,,*63
23:27:13.758 << $GPGSA,A,3,14,30,07,01,17,02,19,22,,,,,2.36,1.34,1.94*03
23:27:13.759 << $GPGSV,4,1,15,14,80,022,30,17,70,269,26,22,66,321,36,30,47,192,33*71
23:27:13.761 << $GPGSV,4,2,15,01,44,067,40,19,34,247,22,02,26,046,16,46,26,232,30*74
23:27:13.761 << $GPGSV,4,3,15,07,16,165,25,20,10,268,17,06,08,196,,03,07,112,*70
23:27:13.762 << $GPGSV,4,4,15,24,06,324,,15,03,295,,08,02,066,*4B
23:27:13.763 << $GPRMC,042713.000,A,4153.0184,N,08748.2056,W,0.29,341.72,230107,,,A*7C
23:27:14.744 << $GPGGA,042714.000,4153.0185,N,08748.2057,W,1,8,1.24,223.3,M,-34.0,M,,*63
23:27:14.747 << $GPGSA,A,3,14,30,07,01,17,20,19,22,,,,,1.98,1.24,1.54*09
23:27:14.749 << $GPGSV,4,1,15,14,80,022,30,17,70,269,26,22,66,321,36,30,47,192,33*71
23:27:14.750 << $GPGSV,4,2,15,01,44,067,40,19,34,247,22,02,26,046,16,46,26,232,30*74
23:27:14.752 << $GPGSV,4,3,15,07,16,165,25,20,10,268,17,06,08,196,,03,07,112,*70
23:27:14.752 << $GPGSV,4,4,15,24,06,324,,15,03,295,,08,02,066,*4B
23:27:14.753 << $GPRMC,042714.000,A,4153.0185,N,08748.2057,W,0.30,341.46,230107,,,A*74
23:27:15.733 << $GPGGA,042715.000,4153.0185,N,08748.2057,W,1,8,1.24,223.1,M,-34.0,M,,*60
23:27:15.737 << $GPGSA,A,3,14,30,07,01,17,20,19,22,,,,,1.98,1.24,1.54*09
23:27:15.738 << $GPGSV,4,1,15,14,80,022,30,17,70,269,26,22,66,321,36,30,47,192,33*71
23:27:15.739 << $GPGSV,4,2,15,01,44,067,40,19,34,247,22,02,26,046,16,46,26,232,30*74
23:27:15.740 << $GPGSV,4,3,15,07,16,165,25,20,10,268,17,06,08,196,,03,07,112,*70
23:27:15.741 << $GPGSV,4,4,15,24,06,324,,15,03,295,,08,02,066,*4B
23:27:15.742 << $GPRMC,042715.000,A,4153.0185,N,08748.2057,W,0.30,342.12,230107,,,A*77
23:27:16.725 << $GPGGA,042716.000,4153.0186,N,08748.2057,W,1,8,1.24,222.9,M,-34.0,M,,*69
23:27:16.729 << $GPGSA,A,3,14,30,07,01,17,20,19,22,,,,,1.98,1.24,1.54*09
23:27:16.730 << $GPGSV,4,1,15,14,80,022,31,17,70,269,26,22,66,321,36,30,47,192,33*70
23:27:16.731 << $GPGSV,4,2,15,01,44,067,40,19,34,247,22,02,26,046,16,46,26,232,29*7C
23:27:16.732 << $GPGSV,4,3,15,07,16,165,25,20,10,268,17,06,08,196,,03,07,112,*70
23:27:16.733 << $GPGSV,4,4,15,24,06,324,,15,03,295,,08,02,066,*4B
23:27:16.734 << $GPRMC,042716.000,A,4153.0186,N,08748.2057,W,0.31,343.83,230107,,,A*7F
23:27:17.650 << $GPGGA,042717.000,4153.0187,N,08748.2058,W,1,8,1.24,222.7,M,-34.0,M,,*68
23:27:17.653 << $GPGSA,A,3,14,30,07,01,17,20,19,22,,,,,1.98,1.24,1.54*09
23:27:17.655 << $GPGSV,4,1,15,14,80,022,31,17,70,269,26,22,66,321,36,30,47,192,33*70
23:27:17.656 << $GPGSV,4,2,15,01,44,067,40,19,34,247,23,02,26,046,16,46,26,232,29*7D
23:27:17.657 << $GPGSV,4,3,15,07,16,165,25,20,10,268,17,06,08,196,,03,07,112,*70
23:27:17.657 << $GPGSV,4,4,15,24,06,324,,15,03,295,,08,02,066,*4B
23:27:18.138 << $GPRMC,042717.000,A,4153.0187,N,08748.2058,W,0.29,340.82,230107,,,A*7B
23:27:18.626 << $GPGGA,042718.000,4153.0188,N,08748.2058,W,1,8,1.24,222.5,M,-34.0,M,,*6A
23:27:18.628 << $GPGSA,A,3,14,30,07,01,17,20,19,22,,,,,1.98,1.24,1.54*09
23:27:18.631 << $GPGSV,4,1,15,14,80,022,31,17,70,269,26,22,66,321,35,30,47,192,33*73
23:27:18.632 << $GPGSV,4,2,15,01,44,067,40,19,34,247,23,02,26,046,16,46,26,232,28*7C
23:27:18.633 << $GPGSV,4,3,15,07,16,165,25,20,10,268,17,06,08,196,,03,07,112,*70
23:27:18.634 << $GPGSV,4,4,15,24,06,324,,15,03,295,,08,02,066,*4B
23:27:18.635 << $GPRMC,042718.000,A,4153.0188,N,08748.2058,W,0.28,335.93,230107,,,A*78
23:27:19.620 << $GPGGA,042719.000,4153.0188,N,08748.2059,W,1,8,1.24,222.3,M,-34.0,M,,*6C
23:27:19.624 << $GPGSA,A,3,14,30,07,01,17,20,19,22,,,,,1.98,1.24,1.54*09
23:27:19.626 << $GPGSV,4,1,15,14,80,024,31,17,70,269,26,22,66,321,35,30,47,192,33*75
23:27:19.627 << $GPGSV,4,2,15,01,44,067,40,19,34,247,23,02,26,046,16,46,26,232,28*7C
23:27:19.628 << $GPGSV,4,3,15,07,16,165,25,20,10,268,17,06,08,196,,03,07,112,*70
23:27:19.629 << $GPGSV,4,4,15,24,06,324,,15,03,295,,08,02,066,*4B
23:27:19.630 << $GPRMC,042719.000,A,4153.0188,N,08748.2059,W,0.27,334.76,230107,,,A*7D
23:27:20.615 << $GPGGA,042720.000,4153.0189,N,08748.2059,W,1,8,1.24,222.1,M,-34.0,M,,*65
23:27:20.619 << $GPGSA,A,3,14,30,07,01,17,20,19,22,,,,,1.98,1.24,1.54*09
23:27:20.621 << $GPGSV,4,1,15,14,80,024,31,17,70,269,26,22,66,321,35,30,47,192,33*75
23:27:20.622 << $GPGSV,4,2,15,01,44,067,40,19,34,247,23,02,26,046,16,46,26,232,28*7C
23:27:20.623 << $GPGSV,4,3,15,07,16,165,25,20,10,268,17,06,08,196,,03,07,112,*70
23:27:20.623 << $GPGSV,4,4,15,24,06,324,,15,03,295,,08,02,066,*4B
23:27:20.624 << $GPRMC,042720.000,A,4153.0189,N,08748.2059,W,0.26,335.24,230107,,,A*71
23:27:21.594 << $GPGGA,042721.000,4153.0190,N,08748.2060,W,1,8,1.24,221.9,M,-34.0,M,,*6D
23:27:21.598 << $GPGSA,A,3,14,30,07,01,17,20,19,22,,,,,1.98,1.24,1.54*09
23:27:21.600 << $GPGSV,4,1,15,14,80,024,31,17,70,269,26,22,66,321,35,30,47,192,33*75
23:27:21.601 << $GPGSV,4,2,15,01,44,067,40,19,34,247,23,02,26,046,16,46,26,232,28*7C
23:27:21.602 << $GPGSV,4,3,15,07,16,165,25,20,10,268,17,06,08,196,,03,07,112,*70
23:27:21.603 << $GPGSV,4,4,15,24,06,324,,15,03,295,,08,02,066,*4B
23:27:21.604 << $GPRMC,042721.000,A,4153.0190,N,08748.2060,W,0.22,334.46,230107,,,A*73
23:27:22.527 << $GPGGA,042722.000,4153.0190,N,08748.2060,W,1,8,1.35,221.7,M,-34.0,M,,*60
23:27:22.532 << $GPGSA,A,3,14,30,07,01,17,02,19,22,,,,,2.36,1.35,1.94*02
23:27:22.534 << $GPGSV,4,1,15,14,80,024,31,17,70,270,26,22,66,321,35,30,47,192,32*7C
23:27:22.534 << $GPGSV,4,2,15,01,44,067,40,19,34,247,23,02,26,046,16,46,26,232,28*7C
23:27:22.535 << $GPGSV,4,3,15,07,16,165,25,20,10,268,17,06,08,196,,03,07,112,*70
23:27:22.536 << $GPGSV,4,4,15,24,06,324,,15,03,295,,08,02,066,*4B
23:27:23.011 << $GPRMC,042722.000,A,4153.0190,N,08748.2060,W,0.18,328.85,230107,,,A*7B
23:27:23.502 << $GPGGA,042723.000,4153.0190,N,08748.2061,W,1,8,1.24,221.4,M,-34.0,M,,*63
23:27:23.505 << $GPGSA,A,3,14,30,07,01,17,20,19,22,,,,,1.98,1.24,1.54*09
23:27:23.507 << $GPGSV,4,1,15,14,80,024,31,17,70,270,26,22,66,321,35,30,47,192,32*7C
23:27:23.508 << $GPGSV,4,2,15,01,44,067,40,19,34,247,23,02,26,046,16,46,26,232,28*7C
23:27:23.509 << $GPGSV,4,3,15,07,16,165,25,20,10,268,17,06,08,196,,03,07,112,*70
23:27:23.509 << $GPGSV,4,4,15,24,06,324,,15,03,295,,08,02,066,*4B
23:27:23.510 << $GPRMC,042723.000,A,4153.0190,N,08748.2061,W,0.21,322.30,230107,,,A*75
23:27:24.495 << $GPGGA,042724.000,4153.0191,N,08748.2062,W,1,8,1.24,221.2,M,-34.0,M,,*60
23:27:24.497 << $GPGSA,A,3,14,30,07,01,17,20,19,22,,,,,1.98,1.24,1.54*09
23:27:24.499 << $GPGSV,4,1,15,14,80,024,31,17,70,270,26,22,66,321,35,30,47,192,32*7C
23:27:24.499 << $GPGSV,4,2,15,01,44,067,40,19,35,247,23,02,26,046,16,07,16,165,25*77
23:27:24.500 << $GPGSV,4,3,15,20,10,268,17,06,08,196,,03,07,112,,24,06,324,*70
23:27:24.500 << $GPGSV,4,4,15,33,04,102,,15,03,295,,08,02,066,*49
23:27:24.501 << $GPRMC,042724.000,A,4153.0191,N,08748.2062,W,0.19,315.14,230107,,,A*79
23:27:25.478 << $GPGGA,042725.000,4153.0191,N,08748.2062,W,1,8,1.35,221.0,M,-34.0,M,,*63
23:27:25.481 << $GPGSA,A,3,14,30,07,01,17,02,19,22,,,,,2.36,1.35,1.94*02
23:27:25.483 << $GPGSV,4,1,15,14,80,024,31,17,70,270,26,22,66,321,35,30,47,192,32*7C
23:27:25.943 << $GPGSV,4,2,15,01,44,067,40,19,35,247,23,02,26,046,16,07,16,165,25*77
23:27:25.945 << $GPGSV,4,3,15,20,10,267,16,06,08,196,,03,07,112,,24,06,324,*7E
23:27:25.946 << $GPGSV,4,4,15,33,04,102,,15,03,295,,08,02,066,*49
23:27:25.948 << $GPRMC,042725.000,A,4153.0191,N,08748.2062,W,0.27,306.88,230107,,,A*72
23:27:26.425 << $GPGGA,042726.000,4153.0191,N,08748.2063,W,1,8,1.35,220.8,M,-34.0,M,,*68
23:27:26.428 << $GPGSA,A,3,14,30,07,01,17,02,19,22,,,,,2.36,1.35,1.94*02
23:27:26.430 << $GPGSV,4,1,15,14,80,024,31,17,70,270,25,22,66,321,35,30,47,192,32*7F
23:27:26.432 << $GPGSV,4,2,15,01,44,067,40,19,35,247,23,02,26,046,17,07,16,165,25*76
23:27:26.433 << $GPGSV,4,3,15,20,10,267,16,06,08,196,,03,07,112,,24,06,324,*7E
23:27:26.433 << $GPGSV,4,4,15,33,04,102,,15,03,295,,08,02,066,*49
23:27:26.435 << $GPRMC,042726.000,A,4153.0191,N,08748.2063,W,0.25,301.20,230107,,,A*77
23:27:27.419 << $GPGGA,042727.000,4153.0191,N,08748.2064,W,1,8,1.35,220.6,M,-34.0,M,,*60
23:27:27.423 << $GPGSA,A,3,14,30,07,01,17,02,19,22,,,,,2.36,1.35,1.94*02
23:27:27.425 << $GPGSV,4,1,15,14,80,024,31,17,70,270,25,22,66,321,35,30,47,192,32*7F
23:27:27.426 << $GPGSV,4,2,15,01,44,067,40,19,35,247,23,02,26,046,17,07,16,165,25*76
23:27:27.427 << $GPGSV,4,3,15,20,10,267,16,06,08,196,,03,07,112,,24,06,324,*7E
23:27:27.428 << $GPGSV,4,4,15,33,04,102,,15,03,295,,08,02,066,*49
23:27:27.882 << $GPRMC,042727.000,A,4153.0191,N,08748.2064,W,0.27,303.65,230107,,,A*70
23:27:28.376 << $GPGGA,042728.000,4153.0192,N,08748.2065,W,1,9,0.99,220.4,M,-34.0,M,,*69
23:27:28.379 << $GPGSA,A,3,14,30,07,01,17,20,02,19,22,,,,1.26,0.99,0.78*06
23:27:28.382 << $GPGSV,4,1,15,14,80,024,31,17,70,270,25,22,66,321,35,30,47,192,32*7F
23:27:28.383 << $GPGSV,4,2,15,01,44,067,40,19,35,247,23,02,26,046,17,07,16,165,25*76
23:27:28.383 << $GPGSV,4,3,15,20,10,267,16,06,08,196,,03,07,112,,24,06,324,*7E
23:27:28.384 << $GPGSV,4,4,15,33,04,102,,15,03,295,,08,02,066,*49
23:27:28.385 << $GPRMC,042728.000,A,4153.0192,N,08748.2065,W,0.30,303.60,230107,,,A*7E
23:27:29.837 << $GPGGA,042729.000,4153.0192,N,08748.2066,W,1,9,1.01,220.1,M,-34.0,M,,*6E
23:27:29.840 << $GPGSA,A,3,14,30,07,01,17,20,02,19,22,,,,1.62,1.01,1.26*0C
23:27:29.842 << $GPGSV,4,1,15,14,80,024,31,17,70,270,25,22,66,321,35,30,47,192,32*7F
23:27:29.843 << $GPGSV,4,2,15,01,44,067,40,19,35,247,23,02,26,046,17,07,16,165,25*76
23:27:29.844 << $GPGSV,4,3,15,20,10,267,16,06,08,196,,03,07,112,,24,06,324,*7E
23:27:29.844 << $GPGSV,4,4,15,33,04,102,,15,03,295,,08,02,066,*49
23:27:29.845 << $GPRMC,042729.000,A,4153.0192,N,08748.2066,W,0.27,303.33,230107,,,A*7C
23:27:30.829 << $GPGGA,042730.000,4153.0192,N,08748.2067,W,1,9,1.01,219.9,M,-34.0,M,,*65
23:27:30.830 << $GPGSA,A,3,14,30,07,01,17,20,02,19,22,,,,1.62,1.01,1.26*0C
23:27:30.831 << $GPGSV,4,1,15,14,80,024,31,17,70,270,25,22,66,321,35,30,47,192,32*7F
23:27:30.832 << $GPGSV,4,2,15,01,44,067,40,19,35,247,23,02,26,046,17,07,16,165,25*76
23:27:30.832 << $GPGSV,4,3,15,20,10,267,16,06,08,196,,03,07,112,,24,06,324,*7E
23:27:30.832 << $GPGSV,4,4,15,33,04,102,,15,03,295,,08,02,066,*49
23:27:30.833 << $GPRMC,042730.000,A,4153.0192,N,08748.2067,W,0.28,298.29,230107,,,A*72
23:27:31.814 << $GPGGA,042731.000,4153.0193,N,08748.2068,W,1,9,1.01,219.7,M,-34.0,M,,*64
23:27:31.816 << $GPGSA,A,3,14,30,07,01,17,20,02,19,22,,,,1.62,1.01,1.26*0C
23:27:31.817 << $GPGSV,4,1,15,14,80,024,32,17,70,270,25,22,66,321,35,30,47,192,31*7F
23:27:31.818 << $GPGSV,4,2,15,01,44,067,40,19,35,247,23,02,26,046,18,07,16,165,25*79
23:27:31.819 << $GPGSV,4,3,15,20,10,267,16,06,08,196,,03,07,112,,24,06,324,*7E
23:27:31.819 << $GPGSV,4,4,15,33,04,102,,15,03,295,,08,02,066,*49
23:27:31.820 << $GPRMC,042731.000,A,4153.0193,N,08748.2068,W,0.22,291.92,230107,,,A*7E
23:27:32.794 << $GPGGA,042732.000,4153.0193,N,08748.2069,W,1,8,1.35,219.5,M,-34.0,M,,*62
23:27:32.796 << $GPGSA,A,3,14,30,07,01,17,02,19,22,,,,,2.36,1.35,1.93*05
23:27:32.797 << $GPGSV,4,1,15,14,80,024,32,17,70,270,25,22,66,321,35,30,47,192,31*7F
23:27:32.798 << $GPGSV,4,2,15,01,44,067,40,19,35,247,23,02,26,046,18,07,16,165,25*79
23:27:32.798 << $GPGSV,4,3,15,20,10,267,16,06,08,196,,03,07,112,,24,06,324,*7E
23:27:32.798 << $GPGSV,4,4,15,33,04,102,,15,03,295,,08,02,066,*49
23:27:33.254 << $GPRMC,042732.000,A,4153.0193,N,08748.2069,W,0.21,289.04,230107,,,A*79
23:27:33.743 << $GPGGA,042733.000,4153.0193,N,08748.2070,W,1,8,1.35,219.2,M,-34.0,M,,*6C
23:27:33.747 << $GPGSA,A,3,14,30,07,01,17,02,19,22,,,,,2.36,1.35,1.93*05
23:27:33.749 << $GPGSV,4,1,15,14,80,024,32,17,70,270,25,22,66,321,34,30,47,192,31*7E
23:27:33.750 << $GPGSV,4,2,15,01,44,067,40,19,35,247,23,02,26,046,18,07,16,165,25*79
23:27:34.230 << $GPGSV,4,3,15,20,10,267,16,06,08,196,,03,07,112,,24,06,324,*7E
23:27:34.232 << $GPGSV,4,4,15,15,03,295,,08,02,066,,34,,,*79
23:27:34.233 << $GPRMC,042733.000,A,4153.0193,N,08748.2070,W,0.22,282.68,230107,,,A*72
23:27:34.716 << $GPGGA,042734.000,4153.0192,N,08748.2070,W,1,9,1.01,219.0,M,-34.0,M,,*6E
23:27:34.718 << $GPGSA,A,3,14,30,07,01,17,20,02,19,22,,,,1.62,1.01,1.26*0C
23:27:34.721 << $GPGSV,4,1,15,14,80,024,32,17,70,270,26,22,66,321,34,30,47,192,31*7D
23:27:34.722 << $GPGSV,4,2,15,01,44,067,40,19,35,247,23,02,26,046,18,07,16,165,25*79
23:27:34.722 << $GPGSV,4,3,15,20,10,267,16,06,08,196,,03,07,112,,24,06,324,*7E
23:27:34.723 << $GPGSV,4,4,15,15,03,295,,08,02,066,,34,,,*79
23:27:34.724 << $GPRMC,042734.000,A,4153.0192,N,08748.2070,W,0.26,274.12,230107,,,A*74
23:27:35.707 << $GPGGA,042735.000,4153.0192,N,08748.2071,W,1,9,1.01,218.8,M,-34.0,M,,*67
23:27:35.711 << $GPGSA,A,3,14,30,07,01,17,20,02,19,22,,,,1.62,1.01,1.26*0C
23:27:35.714 << $GPGSV,4,1,15,14,80,024,32,17,70,270,26,22,66,321,34,30,47,192,31*7D
23:27:35.715 << $GPGSV,4,2,15,01,44,067,40,19,35,247,23,02,26,046,18,07,16,165,25*79
23:27:35.716 << $GPGSV,4,3,15,20,10,267,16,06,08,196,,03,07,112,,24,06,324,*7E
23:27:35.716 << $GPGSV,4,4,15,15,03,295,,08,02,066,,34,,,*79
23:27:35.717 << $GPRMC,042735.000,A,4153.0192,N,08748.2071,W,0.32,270.80,230107,,,A*7E
23:27:36.694 << $GPGGA,042736.000,4153.0192,N,08748.2073,W,1,8,1.35,218.6,M,-34.0,M,,*6E
23:27:36.698 << $GPGSA,A,3,14,30,07,01,17,02,19,22,,,,,2.36,1.35,1.94*02
23:27:36.701 << $GPGSV,4,1,15,14,80,024,32,17,70,270,26,22,66,321,34,30,47,192,31*7D
23:27:36.702 << $GPGSV,4,2,15,01,44,067,40,19,35,247,23,02,26,046,18,07,16,165,24*78
23:27:36.704 << $GPGSV,4,3,15,20,10,267,16,06,08,196,,03,07,112,,24,06,324,*7E
23:27:36.705 << $GPGSV,4,4,15,15,03,295,,08,02,066,,34,,,*79
23:27:36.706 << $GPRMC,042736.000,A,4153.0192,N,08748.2073,W,0.31,269.35,230107,,,A*7A
23:27:37.684 << $GPGGA,042737.000,4153.0192,N,08748.2074,W,1,8,1.35,218.3,M,-34.0,M,,*6D
23:27:37.687 << $GPGSA,A,3,14,30,07,01,17,02,19,22,,,,,2.36,1.35,1.93*05
23:27:37.689 << $GPGSV,4,1,15,14,80,024,32,17,70,270,26,22,66,321,34,30,47,192,30*7C
23:27:37.691 << $GPGSV,4,2,15,01,44,067,40,19,35,247,24,02,26,046,18,07,16,165,24*7F
23:27:37.692 << $GPGSV,4,3,15,20,10,267,16,06,08,196,,03,07,112,,24,06,324,*7E
23:27:37.692 << $GPGSV,4,4,15,15,03,295,,08,02,066,,34,,,*79
23:27:37.693 << $GPRMC,042737.000,A,4153.0192,N,08748.2074,W,0.36,266.27,230107,,,A*77
23:27:38.615 << $GPGGA,042738.000,4153.0192,N,08748.2075,W,1,8,1.35,218.1,M,-34.0,M,,*61
23:27:38.619 << $GPGSA,A,3,14,30,07,01,17,02,19,22,,,,,2.36,1.35,1.93*05
23:27:38.621 << $GPGSV,4,1,15,14,80,024,32,17,70,270,26,22,66,321,34,30,47,192,30*7C
23:27:38.622 << $GPGSV,4,2,15,01,44,066,40,19,35,247,24,02,26,046,19,07,16,165,24*7F
23:27:38.623 << $GPGSV,4,3,15,20,10,267,16,06,08,196,,03,07,112,,24,06,324,*7E
23:27:39.106 << $GPGSV,4,4,15,15,03,295,,08,02,066,,34,,,*79
23:27:39.108 << $GPRMC,042738.000,A,4153.0192,N,08748.2075,W,0.27,265.11,230107,,,A*7F
23:27:39.586 << $GPGGA,042739.000,4153.0192,N,08748.2076,W,1,9,1.01,217.9,M,-34.0,M,,*62
23:27:39.588 << $GPGSA,A,3,14,30,07,01,17,20,02,19,22,,,,1.62,1.01,1.26*0C
23:27:39.592 << $GPGSV,4,1,15,14,80,024,32,17,70,270,26,22,66,321,34,30,47,192,30*7C
23:27:39.593 << $GPGSV,4,2,15,01,44,066,40,19,35,247,23,02,26,046,19,07,16,165,24*78
23:27:39.593 << $GPGSV,4,3,15,20,10,267,16,06,08,196,,03,07,112,,24,06,324,*7E
23:27:39.594 << $GPGSV,4,4,15,15,03,295,,08,02,066,,35,,,*78
23:27:39.595 << $GPRMC,042739.000,A,4153.0192,N,08748.2076,W,0.06,268.19,230107,,,A*7B
23:27:40.578 << $GPGGA,042740.000,4153.0192,N,08748.2076,W,1,9,1.01,217.6,M,-34.0,M,,*63
23:27:40.581 << $GPGSA,A,3,14,30,07,01,17,20,02,19,22,,,,1.62,1.01,1.26*0C
23:27:40.583 << $GPGSV,4,1,15,14,80,024,32,17,70,270,26,22,66,321,34,30,47,192,29*74
23:27:40.584 << $GPGSV,4,2,15,01,44,066,40,19,35,247,23,02,26,046,19,07,16,165,24*78
23:27:40.585 << $GPGSV,4,3,15,20,10,267,16,06,08,196,,03,07,112,,24,06,324,*7E
23:27:40.585 << $GPGSV,4,4,15,15,03,295,,08,02,066,,35,,,*78
23:27:40.587 << $GPRMC,042740.000,A,4153.0192,N,08748.2076,W,0.08,263.09,230107,,,A*71
23:27:41.567 << $GPGGA,042741.000,4153.0191,N,08748.2076,W,1,9,1.01,217.4,M,-34.0,M,,*63
23:27:41.570 << $GPGSA,A,3,14,30,07,01,17,20,02,19,22,,,,1.62,1.01,1.26*0C
23:27:41.571 << $GPGSV,4,1,15,14,80,024,32,17,70,270,26,22,66,321,34,30,47,192,29*74
23:27:41.573 << $GPGSV,4,2,15,01,44,066,40,19,35,247,23,02,26,046,19,07,16,165,24*78
23:27:41.573 << $GPGSV,4,3,15,20,10,267,16,06,08,196,,03,07,112,,24,06,324,*7E
23:27:41.574 << $GPGSV,4,4,15,15,03,295,,08,02,066,,35,,,*78
23:27:41.575 << $GPRMC,042741.000,A,4153.0191,N,08748.2076,W,0.15,263.09,230107,,,A*7F
23:27:42.558 << $GPGGA,042742.000,4153.0191,N,08748.2077,W,1,9,1.01,217.2,M,-34.0,M,,*67
23:27:42.561 << $GPGSA,A,3,14,30,07,01,17,20,02,19,22,,,,1.62,1.01,1.26*0C
23:27:42.563 << $GPGSV,4,1,15,14,80,024,32,17,70,270,26,22,66,321,34,30,47,192,28*75
23:27:42.564 << $GPGSV,4,2,15,01,44,066,40,19,35,247,23,02,26,046,19,07,16,165,24*78
23:27:42.565 << $GPGSV,4,3,15,20,10,267,16,06,08,196,,03,07,112,,24,06,324,*7E
23:27:42.566 << $GPGSV,4,4,15,15,03,295,,08,02,066,,35,,,*78
23:27:42.567 << $GPRMC,042742.000,A,4153.0191,N,08748.2077,W,0.16,263.09,230107,,,A*7E
23:27:43.539 << $GPGGA,042743.000,4153.0191,N,08748.2077,W,1,8,1.35,217.0,M,-34.0,M,,*62
23:27:43.542 << $GPGSA,A,3,14,30,07,01,17,02,19,22,,,,,2.36,1.35,1.93*05
23:27:43.544 << $GPGSV,4,1,15,14,80,024,32,17,70,270,26,22,66,321,34,30,47,192,28*75
23:27:43.545 << $GPGSV,4,2,15,01,44,066,40,19,35,247,23,02,26,046,19,07,16,165,24*78
23:27:43.546 << $GPGSV,4,3,15,20,10,267,16,06,08,196,,03,07,112,,24,06,324,*7E
23:27:43.973 << $GPGSV,4,4,15,15,03,295,,08,02,066,,35,,,*78
23:27:43.974 << $GPRMC,042743.000,A,4153.0191,N,08748.2077,W,0.15,263.09,230107,,,A*7C
23:27:44.460 << $GPGGA,042744.000,4153.0190,N,08748.2077,W,1,8,1.17,216.8,M,-34.0,M,,*6D
23:27:44.463 << $GPGSA,A,3,14,30,07,01,17,02,19,22,,,,,1.47,1.17,0.89*0A
23:27:44.466 << $GPGSV,4,1,15,14,80,024,32,17,70,270,27,22,66,321,34,30,47,192,28*74
23:27:44.467 << $GPGSV,4,2,15,01,44,066,40,19,35,247,23,02,26,046,19,07,16,165,24*78
23:27:44.521 << $GPGSV,4,3,15,20,10,267,16,06,08,196,,03,07,112,,24,06,324,*7E
23:27:44.522 << $GPGSV,4,4,15,15,03,295,,08,02,066,,35,,,*78
23:27:44.524 << $GPRMC,042744.000,A,4153.0190,N,08748.2077,W,0.18,263.09,230107,,,A*77
23:27:45.440 << $GPGGA,042745.000,4153.0190,N,08748.2077,W,1,9,1.01,216.5,M,-34.0,M,,*67
23:27:45.443 << $GPGSA,A,3,14,30,07,01,17,20,02,19,22,,,,1.61,1.01,1.26*0F
23:27:45.445 << $GPGSV,4,1,15,14,80,024,32,17,70,270,27,22,66,321,34,30,47,192,28*74
23:27:45.445 << $GPGSV,4,2,15,01,44,066,40,19,35,247,23,02,26,046,20,07,16,165,24*72
23:27:45.446 << $GPGSV,4,3,15,20,10,267,16,06,08,196,,03,07,112,,24,06,324,*7E
23:27:45.447 << $GPGSV,4,4,15,15,03,295,,08,02,066,,35,,,*78
23:27:45.448 << $GPRMC,042745.000,A,4153.0190,N,08748.2077,W,0.12,263.09,230107,,,A*7C
23:27:46.073 >> $PMTK182,2,8*33
23:27:46.414 << $GPGGA,042746.000,4153.0189,N,08748.2077,W,1,9,1.01,216.3,M,-34.0,M,,*6A
23:27:46.419 << $GPGSA,A,3,14,30,07,01,17,20,02,19,22,,,,1.61,1.01,1.26*0F
23:27:46.420 << $GPGSV,4,1,15,14,80,024,32,17,70,270,27,22,66,321,34,30,47,192,28*74
23:27:46.421 << $GPGSV,4,2,15,01,44,066,40,19,35,247,23,02,26,046,20,07,16,165,24*72
23:27:46.428 << $GPGSV,4,3,15,20,10,267,16,06,08,196,,03,07,112,,24,06,324,*7E
23:27:46.429 << $GPGSV,4,4,15,15,03,295,,08,02,066,,36,,,*7B
23:27:46.430 << $GPRMC,042746.000,A,4153.0189,N,08748.2077,W,0.12,263.09,230107,,,A*77
23:27:46.518 << $PMTK182,3,8,00019800*1E
23:27:46.519 << $PMTK001,182,2,3*25
23:27:47.411 << $GPGGA,042747.000,4153.0189,N,08748.2077,W,1,9,1.01,216.1,M,-34.0,M,,*69
23:27:47.414 << $GPGSA,A,3,14,30,07,01,17,20,02,19,22,,,,1.61,1.01,1.26*0F
23:27:47.416 << $GPGSV,4,1,15,14,80,024,32,17,70,270,27,22,66,321,34,30,47,192,27*7B
23:27:47.417 << $GPGSV,4,2,15,01,44,066,40,19,35,247,23,02,26,046,20,07,16,165,24*72
23:27:47.418 << $GPGSV,4,3,15,20,10,267,16,06,08,196,,03,07,112,,24,06,324,*7E
23:27:47.419 << $GPGSV,4,4,15,15,03,295,,08,02,066,,36,,,*7B
23:27:47.420 << $GPRMC,042747.000,A,4153.0189,N,08748.2077,W,0.06,263.09,230107,,,A*73
23:27:48.395 << $GPGGA,042748.000,4153.0189,N,08748.2077,W,1,9,1.01,215.9,M,-34.0,M,,*6D
23:27:48.398 << $GPGSA,A,3,14,30,07,01,17,20,02,19,22,,,,1.61,1.01,1.26*0F
23:27:48.401 << $GPGSV,4,1,15,14,80,024,32,17,70,270,27,22,66,321,34,30,47,192,27*7B
23:27:48.402 << $GPGSV,4,2,15,01,44,066,40,19,35,247,23,02,26,046,20,07,16,165,24*72
23:27:48.402 << $GPGSV,4,3,15,20,10,267,16,06,08,196,,03,07,112,,24,06,324,*7E
23:27:48.456 << $GPGSV,4,4,15,15,03,295,,08,02,066,,36,,,*7B
23:27:48.457 << $GPRMC,042748.000,A,4153.0189,N,08748.2077,W,0.08,263.09,230107,,,A*72
23:27:49.437 << $GPGGA,042749.000,4153.0188,N,08748.2077,W,1,9,1.01,215.7,M,-34.0,M,,*63
23:27:49.440 << $GPGSA,A,3,14,30,07,01,17,20,02,19,22,,,,1.61,1.01,1.26*0F
23:27:49.443 << $GPGSV,4,1,15,14,80,024,32,17,70,270,27,22,66,321,34,30,47,192,26*7A
23:27:49.444 << $GPGSV,4,2,15,01,44,066,40,19,35,247,23,02,26,046,20,07,16,165,24*72
23:27:49.497 << $GPGSV,4,3,15,20,10,267,16,06,08,196,,03,07,112,,24,06,324,*7E
23:27:49.498 << $GPGSV,4,4,15,15,03,295,,08,02,066,,36,,,*7B
23:27:49.500 << $GPRMC,042749.000,A,4153.0188,N,08748.2077,W,0.11,263.09,230107,,,A*7A
23:27:50.404 << $GPGGA,042750.000,4153.0188,N,08748.2077,W,1,9,1.01,215.5,M,-34.0,M,,*69
23:27:50.407 << $GPGSA,A,3,14,30,07,01,17,20,02,19,22,,,,1.61,1.01,1.26*0F
23:27:50.410 << $GPGSV,4,1,15,14,80,024,32,17,70,270,28,22,66,321,34,30,47,192,26*75
23:27:50.472 << $GPGSV,4,2,15,01,44,066,40,19,35,247,23,02,26,046,20,07,16,165,24*72
23:27:50.473 << $GPGSV,4,3,15,20,10,267,16,06,08,196,,03,07,112,,24,06,324,*7E
23:27:50.474 << $GPGSV,4,4,15,15,03,295,,08,02,066,,36,,,*7B
23:27:50.476 << $GPRMC,042750.000,A,4153.0188,N,08748.2077,W,0.19,263.09,230107,,,A*7A
23:27:51.458 << $GPGGA,042751.000,4153.0188,N,08748.2077,W,1,9,1.01,215.4,M,-34.0,M,,*69
23:27:51.461 << $GPGSA,A,3,14,30,07,01,17,20,02,19,22,,,,1.61,1.01,1.26*0F
23:27:51.463 << $GPGSV,4,1,15,14,80,025,32,17,70,270,28,22,66,321,34,30,47,192,26*74
23:27:51.464 << $GPGSV,4,2,15,01,44,066,40,19,35,247,24,02,26,046,20,07,16,165,24*75
23:27:51.465 << $GPGSV,4,3,15,20,10,267,16,06,08,196,,03,07,112,,24,06,324,*7E
23:27:51.466 << $GPGSV,4,4,15,15,03,295,,08,02,066,,36,,,*7B
23:27:51.467 << $GPRMC,042751.000,A,4153.0188,N,08748.2077,W,0.17,263.09,230107,,,A*75
23:27:52.757 << $GPGGA,042752.000,4153.0187,N,08748.2077,W,1,8,1.35,215.2,M,-34.0,M,,*65
23:27:52.760 << $GPGSA,A,3,14,30,07,01,17,02,19,22,,,,,2.36,1.35,1.93*05
23:27:52.762 << $GPGSV,4,1,15,14,80,025,32,17,70,270,28,22,66,321,34,30,47,192,25*77
23:27:52.763 << $GPGSV,4,2,15,01,44,066,40,19,35,247,24,02,26,046,20,07,16,165,24*75
23:27:52.763 << $GPGSV,4,3,15,20,10,267,16,06,08,196,,03,07,112,,24,06,324,*7E
23:27:52.764 << $GPGSV,4,4,15,15,03,295,,08,02,066,,38,,,*75
23:27:52.765 << $GPRMC,042752.000,A,4153.0187,N,08748.2077,W,0.09,263.09,230107,,,A*76
23:27:53.736 << $GPGGA,042753.000,4153.0187,N,08748.2077,W,1,8,1.35,215.0,M,-34.0,M,,*66
23:27:53.740 << $GPGSA,A,3,14,30,07,01,17,02,19,22,,,,,2.36,1.35,1.93*05
23:27:53.742 << $GPGSV,4,1,15,14,80,025,32,17,70,270,28,22,66,321,34,30,47,192,25*77
23:27:53.743 << $GPGSV,4,2,15,01,44,066,40,19,35,247,24,02,26,046,20,07,16,165,24*75
23:27:53.744 << $GPGSV,4,3,15,20,10,267,16,06,08,196,,03,07,112,,24,06,324,*7E
23:27:54.217 << $GPGSV,4,4,15,15,03,295,,08,02,066,,38,,,*75
23:27:54.219 << $GPRMC,042753.000,A,4153.0187,N,08748.2077,W,0.10,263.09,230107,,,A*7F
23:27:54.702 << $GPGGA,042754.000,4153.0187,N,08748.2077,W,1,9,1.01,214.8,M,-34.0,M,,*6E
23:27:54.705 << $GPGSA,A,3,14,30,07,01,17,20,02,19,22,,,,1.61,1.01,1.26*0F
23:27:54.708 << $GPGSV,4,1,15,14,80,025,33,17,70,270,28,22,66,321,34,30,47,192,25*76
23:27:54.710 << $GPGSV,4,2,15,01,44,066,40,19,35,247,24,02,26,046,20,07,16,165,24*75
23:27:54.711 << $GPGSV,4,3,15,20,10,267,16,06,08,196,,03,07,112,,24,06,324,*7E
23:27:54.711 << $GPGSV,4,4,15,15,03,295,,08,02,066,,38,,,*75
23:27:54.713 << $GPRMC,042754.000,A,4153.0187,N,08748.2077,W,0.19,263.09,230107,,,A*71
23:27:55.694 << $GPGGA,042755.000,4153.0187,N,08748.2078,W,1,9,1.01,214.6,M,-34.0,M,,*6E
23:27:55.697 << $GPGSA,A,3,14,30,07,01,17,20,02,19,22,,,,1.61,1.01,1.26*0F
23:27:55.699 << $GPGSV,4,1,15,14,80,025,33,17,70,270,28,22,66,321,34,30,47,192,25*76
23:27:55.700 << $GPGSV,4,2,15,01,44,066,40,19,35,247,24,02,26,046,20,07,16,165,23*72
23:27:55.701 << $GPGSV,4,3,15,20,10,267,16,06,08,196,,03,07,112,,24,06,324,*7E
23:27:55.702 << $GPGSV,4,4,15,15,03,295,,08,02,066,,38,,,*75
23:27:55.703 << $GPRMC,042755.000,A,4153.0187,N,08748.2078,W,0.28,263.09,230107,,,A*7D
23:27:56.690 << $GPGGA,042756.000,4153.0187,N,08748.2079,W,1,9,1.01,214.5,M,-34.0,M,,*6F
23:27:56.694 << $GPGSA,A,3,14,30,07,01,17,20,02,19,22,,,,1.61,1.01,1.26*0F
23:27:56.696 << $GPGSV,4,1,15,14,80,025,33,17,70,270,28,22,66,321,34,30,47,192,24*77
23:27:56.697 << $GPGSV,4,2,15,01,44,066,40,19,35,248,24,02,26,046,21,07,16,165,23*7C
23:27:56.698 << $GPGSV,4,3,15,20,10,267,16,06,08,196,,03,07,112,,24,06,324,*7E
23:27:56.699 << $GPGSV,4,4,15,15,03,295,,08,02,066,,38,,,*75
23:27:56.701 << $GPRMC,042756.000,A,4153.0187,N,08748.2079,W,0.22,263.09,230107,,,A*75
23:27:57.627 << $GPGGA,042757.000,4153.0187,N,08748.2079,W,1,9,1.01,214.3,M,-34.0,M,,*68
23:27:57.630 << $GPGSA,A,3,14,30,07,01,17,20,02,19,22,,,,1.61,1.01,1.26*0F
23:27:57.632 << $GPGSV,4,1,15,14,80,025,33,17,70,270,28,22,66,321,34,30,47,192,23*70
23:27:57.633 << $GPGSV,4,2,15,01,44,066,40,19,35,248,24,02,26,046,20,07,16,165,23*7D
23:27:57.634 << $GPGSV,4,3,15,20,10,267,16,06,08,196,,03,07,112,,24,06,324,*7E
23:27:57.634 << $GPGSV,4,4,15,15,03,295,,08,02,066,,38,,,*75
23:27:57.635 << $GPRMC,042757.000,A,4153.0187,N,08748.2079,W,0.26,263.09,230107,,,A*70
23:27:58.618 << $GPGGA,042758.000,4153.0186,N,08748.2080,W,1,9,1.01,214.1,M,-34.0,M,,*62
23:27:58.622 << $GPGSA,A,3,14,30,07,01,17,20,02,19,22,,,,1.61,1.01,1.26*0F
23:27:58.623 << $GPGSV,4,1,15,14,80,025,33,17,70,270,28,22,66,321,34,30,47,192,23*70
23:27:58.624 << $GPGSV,4,2,15,01,44,066,40,19,35,248,24,02,26,046,20,07,16,165,23*7D
23:27:58.625 << $GPGSV,4,3,15,20,10,267,16,06,08,196,,03,07,112,,24,06,324,*7E
23:27:58.626 << $GPGSV,4,4,15,15,03,295,,08,02,066,,41,,,*7B
23:27:59.085 << $GPRMC,042758.000,A,4153.0186,N,08748.2080,W,0.19,240.36,230107,,,A*79
23:27:59.579 << $GPGGA,042759.000,4153.0186,N,08748.2081,W,1,9,1.01,214.0,M,-34.0,M,,*63
23:27:59.582 << $GPGSA,A,3,14,30,07,01,17,20,02,19,22,,,,1.61,1.01,1.26*0F
23:27:59.584 << $GPGSV,4,1,15,14,80,025,34,17,70,270,28,22,66,321,33,30,47,192,23*70
23:27:59.585 << $GPGSV,4,2,15,01,44,066,40,19,35,248,24,02,26,046,20,07,16,165,23*7D
23:27:59.586 << $GPGSV,4,3,15,20,10,267,16,06,08,196,,03,07,112,,24,06,324,*7E
23:27:59.587 << $GPGSV,4,4,15,15,03,295,,08,02,066,,41,,,*7B
23:27:59.588 << $GPRMC,042759.000,A,4153.0186,N,08748.2081,W,0.14,240.36,230107,,,A*74
23:28:00.568 << $GPGGA,042800.000,4153.0186,N,08748.2081,W,1,9,1.01,213.8,M,-34.0,M,,*6F
23:28:00.572 << $GPGSA,A,3,14,30,07,01,17,20,02,19,22,,,,1.61,1.01,1.26*0F
23:28:00.574 << $GPGSV,4,1,15,14,80,025,34,17,70,270,28,22,66,321,33,30,47,192,23*70
23:28:00.575 << $GPGSV,4,2,15,01,44,066,40,19,35,248,24,02,26,046,20,07,16,165,23*7D
23:28:00.576 << $GPGSV,4,3,15,20,10,267,16,06,08,196,,03,07,112,,24,06,324,*7E
23:28:00.576 << $GPGSV,4,4,15,15,03,295,,08,02,066,,41,,,*7B
23:28:00.577 << $GPRMC,042800.000,A,4153.0186,N,08748.2081,W,0.11,240.36,230107,,,A*72
23:28:01.545 << $GPGGA,042801.000,4153.0185,N,08748.2081,W,1,9,0.99,213.7,M,-34.0,M,,*62
23:28:01.548 << $GPGSA,A,3,14,30,07,01,17,20,02,19,22,,,,1.26,0.99,0.78*06
23:28:01.550 << $GPGSV,4,1,15,14,80,025,34,17,70,270,28,22,66,321,33,30,47,192,23*70
23:28:01.551 << $GPGSV,4,2,15,01,44,066,40,19,35,248,24,02,26,046,20,07,16,165,23*7D
23:28:01.552 << $GPGSV,4,3,15,20,10,267,16,06,08,196,,03,07,112,,24,06,323,*79
23:28:01.553 << $GPGSV,4,4,15,15,03,295,,08,02,066,,41,,,*7B
23:28:01.554 << $GPRMC,042801.000,A,4153.0185,N,08748.2081,W,0.12,240.36,230107,,,A*73
23:28:02.532 << $GPGGA,042802.000,4153.0185,N,08748.2082,W,1,9,1.01,213.6,M,-34.0,M,,*63
23:28:02.536 << $GPGSA,A,3,14,30,07,01,17,20,02,19,22,,,,1.61,1.01,1.26*0F
23:28:02.540 << $GPGSV,4,1,15,14,80,025,34,17,70,270,28,22,66,321,33,30,47,192,23*70
23:28:02.541 << $GPGSV,4,2,15,01,44,066,40,19,35,248,24,02,26,046,20,07,16,165,23*7D
23:28:02.542 << $GPGSV,4,3,15,20,10,267,17,06,08,196,,03,07,112,,24,06,323,*78
23:28:02.542 << $GPGSV,4,4,15,15,03,295,,08,02,066,,41,,,*7B
23:28:02.544 << $GPRMC,042802.000,A,4153.0185,N,08748.2082,W,0.13,240.36,230107,,,A*72
23:28:03.476 << $GPGGA,042803.000,4153.0185,N,08748.2082,W,1,9,1.01,213.4,M,-34.0,M,,*60
23:28:03.480 << $GPGSA,A,3,14,30,07,01,17,20,02,19,22,,,,1.61,1.01,1.26*0F
23:28:03.482 << $GPGSV,4,1,15,14,80,025,34,17,70,270,28,22,66,321,33,30,47,192,22*71
23:28:03.483 << $GPGSV,4,2,15,01,44,066,40,19,35,248,24,02,26,046,20,07,16,165,23*7D
23:28:03.484 << $GPGSV,4,3,15,20,10,267,17,06,08,196,,03,07,112,,24,06,323,*78
23:28:03.484 << $GPGSV,4,4,15,15,03,295,,08,02,066,,41,,,*7B
23:28:03.961 << $GPRMC,042803.000,A,4153.0185,N,08748.2082,W,0.23,240.36,230107,,,A*70
23:28:04.450 << $GPGGA,042804.000,4153.0184,N,08748.2082,W,1,9,1.01,213.3,M,-34.0,M,,*61
23:28:04.453 << $GPGSA,A,3,14,30,07,01,17,20,02,19,22,,,,1.61,1.01,1.26*0F
23:28:04.455 << $GPGSV,4,1,15,14,80,025,34,17,70,270,28,22,66,321,32,30,47,192,22*70
23:28:04.456 << $GPGSV,4,2,15,01,44,066,40,19,35,248,24,02,26,046,20,07,16,165,23*7D
23:28:04.511 << $GPGSV,4,3,15,20,10,267,17,06,08,196,,03,07,112,,24,06,323,*78
23:28:04.512 << $GPGSV,4,4,15,15,03,295,,08,02,066,,43,,,*79
23:28:04.514 << $GPRMC,042804.000,A,4153.0184,N,08748.2082,W,0.14,240.36,230107,,,A*72
23:28:05.432 << $GPGGA,042805.000,4153.0184,N,08748.2082,W,1,9,1.01,213.2,M,-34.0,M,,*61
23:28:05.434 << $GPGSA,A,3,14,30,07,01,17,20,02,19,22,,,,1.61,1.01,1.26*0F
23:28:05.436 << $GPGSV,4,1,15,14,80,025,34,17,70,270,28,22,66,321,32,30,47,192,22*70
23:28:05.437 << $GPGSV,4,2,15,01,44,066,40,19,35,248,24,02,26,046,20,07,16,165,23*7D
23:28:05.912 << $GPGSV,4,3,15,20,10,267,17,06,08,196,,03,07,112,,24,06,323,*78
23:28:05.913 << $GPGSV,4,4,15,15,03,295,,08,02,066,,43,,,*79
23:28:05.914 << $GPRMC,042805.000,A,4153.0184,N,08748.2082,W,0.15,240.36,230107,,,A*72
23:28:06.404 << $GPGGA,042806.000,4153.0183,N,08748.2081,W,1,9,1.01,213.1,M,-34.0,M,,*65
23:28:06.407 << $GPGSA,A,3,14,30,07,01,17,20,02,19,22,,,,1.61,1.01,1.26*0F
23:28:06.409 << $GPGSV,4,1,15,14,80,025,34,17,70,270,28,22,66,321,32,30,47,192,22*70
23:28:06.410 << $GPGSV,4,2,15,01,44,066,40,19,35,248,24,02,26,046,20,07,16,165,23*7D
23:28:06.410 << $GPGSV,4,3,15,20,10,267,17,06,08,196,,03,07,112,,24,06,323,*78
23:28:06.411 << $GPGSV,4,4,15,15,03,295,,08,02,066,,43,,,*79
23:28:06.412 << $GPRMC,042806.000,A,4153.0183,N,08748.2081,W,0.16,240.36,230107,,,A*76
23:28:07.384 << $GPGGA,042807.000,4153.0183,N,08748.2081,W,1,9,1.01,213.0,M,-34.0,M,,*65
23:28:07.387 << $GPGSA,A,3,14,30,07,01,17,20,02,19,22,,,,1.61,1.01,1.26*0F
23:28:07.389 << $GPGSV,4,1,15,14,80,025,34,17,70,270,28,22,66,321,32,30,46,192,22*71
23:28:07.390 << $GPGSV,4,2,15,01,44,066,40,19,35,248,24,02,26,046,20,07,16,165,23*7D
23:28:07.391 << $GPGSV,4,3,15,20,10,267,17,06,08,196,,03,07,112,,24,06,323,*78
23:28:07.392 << $GPGSV,4,4,15,15,03,295,,08,02,066,,43,,,*79
23:28:07.394 << $GPRMC,042807.000,A,4153.0183,N,08748.2081,W,0.21,240.36,230107,,,A*73
23:28:08.368 << $GPGGA,042808.000,4153.0182,N,08748.2081,W,1,9,1.01,212.9,M,-34.0,M,,*63
23:28:08.844 << $GPGSA,A,3,14,30,07,01,17,20,02,19,22,,,,1.61,1.01,1.26*0F
23:28:08.846 << $GPGSV,4,1,15,14,80,025,34,17,70,270,28,22,66,321,32,30,46,192,22*71
23:28:08.847 << $GPGSV,4,2,15,01,44,066,40,19,35,248,24,02,26,046,20,07,16,165,23*7D
23:28:08.848 << $GPGSV,4,3,15,20,10,267,17,06,08,196,,03,07,112,,24,06,323,*78
23:28:08.848 << $GPGSV,4,4,15,15,03,295,,08,02,066,,43,,,*79
23:28:08.849 << $GPRMC,042808.000,A,4153.0182,N,08748.2081,W,0.14,240.36,230107,,,A*7B
23:28:09.828 << $GPGGA,042809.000,4153.0182,N,08748.2080,W,1,8,1.12,212.8,M,-34.0,M,,*61
23:28:09.830 << $GPGSA,A,3,14,07,01,17,20,02,19,22,,,,,1.73,1.12,1.32*08
23:28:09.832 << $GPGSV,4,1,15,14,80,025,34,17,70,270,28,22,66,321,32,30,46,192,21*72
23:28:09.833 << $GPGSV,4,2,15,01,44,066,40,19,35,248,24,02,26,046,20,07,16,165,23*7D
23:28:09.834 << $GPGSV,4,3,15,20,10,267,18,06,08,196,,03,07,112,,24,06,323,*77
23:28:09.835 << $GPGSV,4,4,15,15,03,295,,08,02,066,,43,,,*79
23:28:09.836 << $GPRMC,042809.000,A,4153.0182,N,08748.2080,W,0.15,240.36,230107,,,A*7A
23:28:10.812 << $GPGGA,042810.000,4153.0181,N,08748.2080,W,1,9,1.01,212.8,M,-34.0,M,,*69
23:28:10.818 << $GPGSA,A,3,14,30,07,01,17,20,02,19,22,,,,1.61,1.01,1.26*0F
23:28:10.820 << $GPGSV,4,1,15,14,80,025,34,17,70,270,28,22,66,321,32,30,46,192,21*72
23:28:10.821 << $GPGSV,4,2,15,01,44,066,40,19,35,248,24,02,26,046,20,07,16,165,23*7D
23:28:10.821 << $GPGSV,4,3,15,20,10,267,18,06,08,196,,03,07,112,,24,06,323,*77
23:28:11.279 << $GPGSV,4,4,15,15,03,295,,08,02,066,,43,,,*79
23:28:11.280 << $GPRMC,042810.000,A,4153.0181,N,08748.2080,W,0.27,240.36,230107,,,A*70
23:28:11.762 << $GPGGA,042811.000,4153.0181,N,08748.2080,W,1,9,1.01,212.7,M,-34.0,M,,*67
23:28:11.765 << $GPGSA,A,3,14,30,07,01,17,20,02,19,22,,,,1.61,1.01,1.26*0F
23:28:11.768 << $GPGSV,4,1,15,14,80,025,34,17,70,270,28,22,66,321,32,30,46,192,21*72
23:28:11.769 << $GPGSV,4,2,15,01,44,066,40,19,35,248,24,02,26,046,20,07,16,165,23*7D
23:28:12.257 << $GPGSV,4,3,15,20,10,267,18,06,08,196,,03,07,112,,24,06,323,*77
23:28:12.258 << $GPGSV,4,4,15,15,03,295,,08,02,066,,45,,,*7F
23:28:12.260 << $GPRMC,042811.000,A,4153.0181,N,08748.2080,W,0.31,234.38,230107,,,A*7B
23:28:12.742 << $GPGGA,042812.000,4153.0180,N,08748.2081,W,1,8,1.12,212.6,M,-34.0,M,,*66
23:28:12.745 << $GPGSA,A,3,14,07,01,17,20,02,19,22,,,,,1.73,1.12,1.32*08
23:28:12.746 << $GPGSV,4,1,15,14,80,025,34,17,70,270,28,22,66,321,32,30,46,192,20*73
23:28:12.748 << $GPGSV,4,2,15,01,44,066,40,19,35,248,24,02,26,046,20,07,16,165,23*7D
23:28:12.748 << $GPGSV,4,3,15,20,10,267,18,06,08,196,,03,07,111,,24,06,323,*74
23:28:12.749 << $GPGSV,4,4,15,15,03,295,,08,02,066,,45,,,*7F
23:28:12.750 << $GPRMC,042812.000,A,4153.0180,N,08748.2081,W,0.20,229.20,230107,,,A*7D
23:28:13.729 << $GPGGA,042813.000,4153.0179,N,08748.2081,W,1,9,1.01,212.6,M,-34.0,M,,*62
23:28:13.733 << $GPGSA,A,3,14,30,07,01,17,20,02,19,22,,,,1.61,1.01,1.26*0F
23:28:13.735 << $GPGSV,4,1,15,14,80,025,34,17,70,270,28,22,66,321,31,30,46,192,20*70
23:28:13.736 << $GPGSV,4,2,15,01,44,066,40,19,35,248,24,02,26,046,19,07,16,165,23*77
23:28:13.737 << $GPGSV,4,3,15,20,10,267,18,06,08,196,,03,07,111,,24,06,323,*74
23:28:13.737 << $GPGSV,4,4,15,15,03,295,,08,02,066,,45,,,*7F
23:28:13.738 << $GPRMC,042813.000,A,4153.0179,N,08748.2081,W,0.23,225.17,230107,,,A*71
23:28:14.713 << $GPGGA,042814.000,4153.0179,N,08748.2081,W,1,9,1.01,212.6,M,-34.0,M,,*65
23:28:14.717 << $GPGSA,A,3,14,30,07,01,17,20,02,19,22,,,,1.61,1.01,1.26*0F
23:28:14.719 << $GPGSV,4,1,15,14,80,025,34,17,70,270,28,22,66,321,31,30,46,192,20*70
23:28:14.720 << $GPGSV,4,2,15,01,44,066,40,19,35,248,24,02,26,046,19,07,16,165,23*77
23:28:14.720 << $GPGSV,4,3,15,20,10,267,18,06,08,196,,03,07,111,,24,06,323,*74
23:28:14.721 << $GPGSV,4,4,15,15,03,295,,08,02,066,,45,,,*7F
23:28:14.722 << $GPRMC,042814.000,A,4153.0179,N,08748.2081,W,0.26,221.60,230107,,,A*77
23:28:15.704 << $GPGGA,042815.000,4153.0178,N,08748.2081,W,1,8,1.12,212.6,M,-34.0,M,,*66
23:28:15.708 << $GPGSA,A,3,14,07,01,17,20,02,19,22,,,,,1.73,1.12,1.32*08
23:28:15.710 << $GPGSV,4,1,15,14,80,025,34,17,70,270,28,22,66,321,31,30,46,192,20*70
23:28:15.711 << $GPGSV,4,2,15,01,44,066,40,19,35,248,24,02,26,046,19,07,16,165,23*77
23:28:15.712 << $GPGSV,4,3,15,20,10,267,18,06,08,196,,03,07,111,,24,06,323,*74
23:28:15.713 << $GPGSV,4,4,15,15,03,295,,08,02,066,,45,,,*7F
23:28:16.149 << $GPRMC,042815.000,A,4153.0178,N,08748.2081,W,0.23,185.98,230107,,,A*78
23:28:16.641 << $GPGGA,042816.000,4153.0177,N,08748.2081,W,1,9,1.01,212.5,M,-34.0,M,,*6A
23:28:16.644 << $GPGSA,A,3,14,30,07,01,17,20,02,19,22,,,,1.61,1.01,1.26*0F
23:28:16.646 << $GPGSV,4,1,15,14,80,025,34,17,70,270,28,22,66,321,31,30,46,192,20*70
23:28:16.648 << $GPGSV,4,2,15,01,44,066,40,19,35,248,23,02,26,046,19,07,16,165,23*70
23:28:16.649 << $GPGSV,4,3,15,20,10,267,18,06,08,196,,03,07,111,,24,06,323,*74
23:28:16.650 << $GPGSV,4,4,15,15,03,295,,08,02,066,,45,,,*7F
23:28:16.651 << $GPRMC,042816.000,A,4153.0177,N,08748.2081,W,0.25,187.20,230107,,,A*73
23:28:17.632 << $GPGGA,042817.000,4153.0176,N,08748.2081,W,1,9,1.01,212.6,M,-34.0,M,,*69
23:28:17.636 << $GPGSA,A,3,14,30,07,01,17,20,02,19,22,,,,1.61,1.01,1.26*0F
23:28:17.638 << $GPGSV,4,1,15,14,80,025,35,17,70,270,28,22,66,321,31,30,46,192,20*71
23:28:17.639 << $GPGSV,4,2,15,01,44,066,40,19,35,248,22,02,26,046,19,07,16,165,23*71
23:28:17.641 << $GPGSV,4,3,15,20,10,267,18,06,08,196,,03,07,111,,24,06,323,*74
23:28:17.642 << $GPGSV,4,4,15,15,03,295,,08,01,066,,47,,,*7E
23:28:17.643 << $GPRMC,042817.000,A,4153.0176,N,08748.2081,W,0.27,187.83,230107,,,A*78
23:28:18.622 << $GPGGA,042818.000,4153.0176,N,08748.2081,W,1,8,1.12,212.6,M,-34.0,M,,*65
23:28:18.626 << $GPGSA,A,3,14,07,01,17,20,02,19,22,,,,,1.73,1.12,1.32*08
23:28:18.628 << $GPGSV,4,1,15,14,80,025,35,17,70,270,27,22,66,321,32,30,46,192,20*7D
23:28:18.629 << $GPGSV,4,2,15,01,44,066,40,19,35,248,22,02,26,046,18,07,16,165,23*70
23:28:18.630 << $GPGSV,4,3,15,20,10,267,18,06,08,196,,03,07,111,,24,06,323,*74
23:28:18.631 << $GPGSV,4,4,15,15,03,295,,08,01,066,,47,,,*7E
23:28:18.632 << $GPRMC,042818.000,A,4153.0176,N,08748.2081,W,0.27,181.96,230107,,,A*75
23:28:19.562 << $GPGGA,042819.000,4153.0175,N,08748.2081,W,1,9,1.01,212.6,M,-34.0,M,,*64
23:28:19.566 << $GPGSA,A,3,14,30,07,01,17,20,02,19,22,,,,1.61,1.01,1.26*0F
23:28:19.568 << $GPGSV,4,1,15,14,80,025,35,17,70,270,28,22,66,321,31,30,46,192,21*70
23:28:19.569 << $GPGSV,4,2,15,01,44,066,40,19,35,248,21,02,26,046,18,07,16,165,22*72
23:28:19.626 << $GPGSV,4,3,15,20,10,267,18,06,08,196,,03,07,111,,24,06,323,*74
23:28:19.627 << $GPGSV,4,4,15,15,03,295,,08,01,066,,47,,,*7E
23:28:19.628 << $GPRMC,042819.000,A,4153.0175,N,08748.2081,W,0.34,177.41,230107,,,A*76
23:28:20.542 << $GPGGA,042820.000,4153.0174,N,08748.2081,W,1,8,1.24,212.7,M,-34.0,M,,*68
23:28:20.545 << $GPGSA,A,3,14,30,07,01,17,20,19,22,,,,,1.97,1.24,1.53*01
23:28:20.547 << $GPGSV,4,1,15,14,80,025,34,17,70,270,27,22,66,321,31,30,46,192,22*7D
23:28:20.548 << $GPGSV,4,2,15,01,44,066,40,19,35,248,21,02,26,046,18,07,16,165,22*72
23:28:20.549 << $GPGSV,4,3,15,20,10,267,18,06,08,196,,03,07,111,,24,06,323,*74
23:28:20.550 << $GPGSV,4,4,15,15,03,295,,08,01,066,,47,,,*7E
23:28:21.030 << $GPRMC,042820.000,A,4153.0174,N,08748.2081,W,0.34,176.38,230107,,,A*72
23:28:21.515 << $GPGGA,042821.000,4153.0173,N,08748.2081,W,1,8,1.24,212.7,M,-34.0,M,,*6E
23:28:21.519 << $GPGSA,A,3,14,30,07,01,17,20,19,22,,,,,1.97,1.24,1.53*01
23:28:21.520 << $GPGSV,4,1,15,14,80,025,34,17,70,270,27,22,66,321,31,30,46,192,22*7D
23:28:21.521 << $GPGSV,4,2,15,01,44,066,40,19,35,248,22,02,26,046,17,07,16,165,22*7E
23:28:21.522 << $GPGSV,4,3,15,20,10,267,18,06,08,196,,03,07,111,,24,06,323,*74
23:28:21.523 << $GPGSV,4,4,15,15,03,295,,08,01,066,,47,,,*7E
23:28:21.524 << $GPRMC,042821.000,A,4153.0173,N,08748.2081,W,0.42,177.33,230107,,,A*7F
23:28:22.508 << $GPGGA,042822.000,4153.0172,N,08748.2081,W,1,9,1.01,212.7,M,-34.0,M,,*6A
23:28:22.512 << $GPGSA,A,3,14,30,07,01,17,20,02,19,22,,,,1.61,1.01,1.26*0F
23:28:22.514 << $GPGSV,4,1,15,14,80,025,33,17,70,270,28,22,66,321,32,30,46,192,21*75
23:28:22.515 << $GPGSV,4,2,15,01,44,066,39,19,35,248,24,02,26,046,17,07,16,165,22*76
23:28:22.516 << $GPGSV,4,3,15,20,10,267,19,06,08,196,,03,07,111,,24,06,323,*75
23:28:22.516 << $GPGSV,4,4,15,15,03,295,,08,01,066,,47,,,*7E
23:28:22.518 << $GPRMC,042822.000,A,4153.0172,N,08748.2081,W,0.51,175.77,230107,,,A*7D
23:28:23.493 << $GPGGA,042823.000,4153.0170,N,08748.2080,W,1,8,1.14,212.8,M,-34.0,M,,*62
23:28:23.497 << $GPGSA,A,3,14,30,07,01,17,20,19,22,,,,,1.41,1.14,0.84*02
23:28:23.499 << $GPGSV,4,1,15,14,80,026,33,17,70,270,27,22,66,321,33,30,46,192,21*78
23:28:23.500 << $GPGSV,4,2,15,01,44,066,39,19,35,248,25,02,26,046,17,07,16,165,22*77
23:28:23.501 << $GPGSV,4,3,15,20,10,267,19,06,08,196,,03,07,111,,24,06,323,*75
23:28:23.501 << $GPGSV,4,4,15,15,03,295,,08,01,066,,47,,,*7E
23:28:23.503 << $GPRMC,042823.000,A,4153.0170,N,08748.2080,W,0.46,176.34,230107,,,A*7D
23:28:24.480 << $GPGGA,042824.000,4153.0169,N,08748.2080,W,1,9,1.01,212.9,M,-34.0,M,,*69
23:28:24.484 << $GPGSA,A,3,14,30,07,01,17,20,02,19,22,,,,1.61,1.01,1.26*0F
23:28:24.486 << $GPGSV,4,1,15,14,80,026,32,17,70,270,26,22,66,321,33,30,46,192,21*78
23:28:24.487 << $GPGSV,4,2,15,01,44,066,39,19,35,248,25,02,26,046,17,07,16,165,22*77
23:28:24.488 << $GPGSV,4,3,15,20,10,267,20,06,08,196,,03,07,111,,24,06,323,*7F
23:28:24.488 << $GPGSV,4,4,15,15,02,295,,08,01,066,,49,,,*71
23:28:24.489 << $GPRMC,042824.000,A,4153.0169,N,08748.2080,W,0.40,176.44,230107,,,A*73
23:28:25.414 << $GPGGA,042825.000,4153.0168,N,08748.2080,W,1,9,1.01,212.9,M,-34.0,M,,*69
23:28:25.416 << $GPGSA,A,3,14,30,07,01,17,20,02,19,22,,,,1.61,1.01,1.26*0F
23:28:25.418 << $GPGSV,4,1,15,14,80,026,31,17,70,270,26,22,66,321,33,30,46,192,21*7B
23:28:25.419 << $GPGSV,4,2,15,01,44,066,39,19,35,248,24,02,26,046,17,07,16,165,21*75
23:28:25.420 << $GPGSV,4,3,15,20,10,267,20,06,08,196,,03,07,111,,24,06,323,*7F
23:28:25.421 << $GPGSV,4,4,15,15,02,295,,08,01,066,,49,,,*71
23:28:25.894 << $GPRMC,042825.000,A,4153.0168,N,08748.2080,W,0.39,178.20,230107,,,A*71
23:28:26.388 << $GPGGA,042826.000,4153.0167,N,08748.2080,W,1,9,1.01,213.0,M,-34.0,M,,*6D
23:28:26.392 << $GPGSA,A,3,14,30,07,01,17,20,02,19,22,,,,1.61,1.01,1.26*0F
23:28:26.394 << $GPGSV,4,1,15,14,80,026,31,17,70,271,26,22,66,321,33,30,46,192,22*79
23:28:26.395 << $GPGSV,4,2,15,01,44,066,39,19,35,248,24,02,26,046,17,07,16,165,22*76
23:28:26.395 << $GPGSV,4,3,15,20,10,267,20,06,08,196,,03,07,111,,24,06,323,*7F
23:28:26.396 << $GPGSV,4,4,15,15,02,295,,08,01,066,,49,,,*71
23:28:26.397 << $GPRMC,042826.000,A,4153.0167,N,08748.2080,W,0.36,179.66,230107,,,A*71
23:28:27.380 << $GPGGA,042827.000,4153.0166,N,08748.2080,W,1,8,1.24,213.1,M,-34.0,M,,*6A
23:28:27.384 << $GPGSA,A,3,14,30,07,01,17,20,19,22,,,,,1.97,1.24,1.53*01
23:28:27.386 << $GPGSV,4,1,15,14,80,026,31,17,70,271,26,22,66,321,33,30,46,192,23*78
23:28:27.387 << $GPGSV,4,2,15,01,44,066,39,19,35,248,24,02,26,046,17,07,16,165,22*76
23:28:27.854 << $GPGSV,4,3,15,20,10,267,20,06,08,196,,03,07,111,,24,06,323,*7F
23:28:27.855 << $GPGSV,4,4,15,15,02,295,,08,01,066,,49,,,*71
23:28:27.856 << $GPRMC,042827.000,A,4153.0166,N,08748.2080,W,0.38,179.86,230107,,,A*71
23:28:28.838 << $GPGGA,042828.000,4153.0165,N,08748.2080,W,1,8,1.24,213.1,M,-34.0,M,,*66
23:28:28.842 << $GPGSA,A,3,14,30,07,01,17,20,19,22,,,,,1.97,1.24,1.53*01
23:28:28.844 << $GPGSV,4,1,15,14,80,026,32,17,70,271,27,22,66,321,33,30,46,192,24*7D
23:28:28.845 << $GPGSV,4,2,15,01,44,066,40,19,35,248,24,02,26,046,17,07,16,165,22*78
23:28:28.846 << $GPGSV,4,3,15,20,10,267,20,06,08,196,,03,07,111,,24,06,323,*7F
23:28:28.847 << $GPGSV,4,4,15,15,02,295,,08,01,066,,49,,,*71
23:28:28.849 << $GPRMC,042828.000,A,4153.0165,N,08748.2080,W,0.34,176.92,230107,,,A*7B
23:28:29.843 << $GPGGA,042829.000,4153.0164,N,08748.2080,W,1,8,1.24,213.2,M,-34.0,M,,*65
23:28:29.847 << $GPGSA,A,3,14,30,07,01,17,20,19,22,,,,,1.97,1.24,1.53*01
23:28:29.849 << $GPGSV,4,1,15,14,80,026,32,17,70,271,27,22,66,321,33,30,46,192,24*7D
23:28:29.849 << $GPGSV,4,2,15,01,44,066,40,19,35,248,24,02,26,046,16,07,16,165,22*79
23:28:29.850 << $GPGSV,4,3,15,20,10,267,20,06,08,196,,03,07,111,,24,06,323,*7F
23:28:29.851 << $GPGSV,4,4,15,15,02,295,,08,01,066,,49,,,*71
23:28:29.852 << $GPRMC,042829.000,A,4153.0164,N,08748.2080,W,0.42,173.72,230107,,,A*71
23:28:30.779 << $GPGGA,042830.000,4153.0163,N,08748.2079,W,1,8,1.24,213.3,M,-34.0,M,,*6D
23:28:30.782 << $GPGSA,A,3,14,30,07,01,17,20,19,22,,,,,1.97,1.24,1.53*01
23:28:30.784 << $GPGSV,4,1,15,14,80,026,32,17,70,271,28,22,66,321,33,30,46,192,24*72
23:28:30.785 << $GPGSV,4,2,15,01,44,066,40,19,35,248,24,02,26,046,16,07,16,165,22*79
23:28:30.786 << $GPGSV,4,3,15,20,10,267,20,06,08,196,,03,07,111,,24,06,323,*7F
23:28:30.787 << $GPGSV,4,4,15,15,02,295,,08,01,066,,49,,,*71
23:28:30.788 << $GPRMC,042830.000,A,4153.0163,N,08748.2079,W,0.49,170.27,230107,,,A*70
23:28:31.769 << $GPGGA,042831.000,4153.0161,N,08748.2079,W,1,9,1.01,213.4,M,-34.0,M,,*6F
23:28:31.773 << $GPGSA,A,3,14,30,07,01,17,20,02,19,22,,,,1.61,1.01,1.25*0C
23:28:31.775 << $GPGSV,4,1,15,14,80,026,32,17,70,271,28,22,66,321,31,30,46,192,25*71
23:28:31.776 << $GPGSV,4,2,15,01,44,066,39,19,35,248,23,02,26,046,16,07,16,165,21*73
23:28:31.777 << $GPGSV,4,3,15,20,10,267,20,06,08,196,,03,07,111,,24,06,323,*7F
23:28:32.243 << $GPGSV,4,4,15,15,02,295,,08,01,066,,37,,,*78
23:28:32.246 << $GPRMC,042831.000,A,4153.0161,N,08748.2079,W,0.52,169.53,230107,,,A*72
23:28:32.726 << $GPGGA,042832.000,4153.0160,N,08748.2078,W,1,9,1.01,213.6,M,-34.0,M,,*6E
23:28:32.729 << $GPGSA,A,3,14,30,07,01,17,20,02,19,22,,,,1.61,1.01,1.25*0C
23:28:32.732 << $GPGSV,4,1,15,14,80,026,32,17,70,271,27,22,66,321,31,30,46,192,25*7E
23:28:32.733 << $GPGSV,4,2,15,01,44,066,39,19,35,248,24,02,26,046,16,07,16,165,20*75
23:28:33.214 << $GPGSV,4,3,15,20,10,267,21,06,08,196,,03,07,111,,24,06,323,*7E
23:28:33.215 << $GPGSV,4,4,15,15,02,295,,08,01,066,,37,,,*78
23:28:33.217 << $GPRMC,042832.000,A,4153.0160,N,08748.2078,W,0.56,168.50,230107,,,A*77
23:28:33.703 << $GPGGA,042833.000,4153.0158,N,08748.2078,W,1,8,1.24,213.7,M,-34.0,M,,*63
23:28:33.707 << $GPGSA,A,3,14,30,07,01,17,20,19,22,,,,,1.97,1.24,1.53*01
23:28:33.709 << $GPGSV,4,1,15,14,80,026,32,17,70,271,27,22,66,321,31,30,46,192,25*7E
23:28:34.191 << $GPGSV,4,2,15,01,44,066,39,19,35,248,24,02,26,046,16,07,16,165,21*74
23:28:34.192 << $GPGSV,4,3,15,20,10,267,21,06,08,196,,03,07,111,,24,06,323,*7E
23:28:34.193 << $GPGSV,4,4,15,15,02,295,,08,01,066,,37,,,*78
23:28:34.194 << $GPRMC,042833.000,A,4153.0158,N,08748.2078,W,0.58,168.93,230107,,,A*7C
23:28:34.680 << $GPGGA,042834.000,4153.0157,N,08748.2077,W,1,8,1.24,213.8,M,-34.0,M,,*6B
23:28:34.683 << $GPGSA,A,3,14,30,07,01,17,20,19,22,,,,,1.97,1.24,1.53*01
23:28:34.684 << $GPGSV,4,1,15,14,80,026,33,17,70,271,26,22,66,321,32,30,46,192,25*7D
23:28:34.685 << $GPGSV,4,2,15,01,44,066,39,19,35,248,24,02,26,046,16,07,16,165,22*77
23:28:34.686 << $GPGSV,4,3,15,20,10,267,22,06,08,196,,03,07,111,,24,06,323,*7D
23:28:34.687 << $GPGSV,4,4,15,15,02,295,,08,01,066,,37,,,*78
23:28:34.688 << $GPRMC,042834.000,A,4153.0157,N,08748.2077,W,0.62,171.89,230107,,,A*71
23:28:35.676 << $GPGGA,042835.000,4153.0169,N,08748.2078,W,1,8,1.24,215.0,M,-34.0,M,,*66
23:28:35.680 << $GPGSA,A,3,14,30,07,01,17,20,19,22,,,,,1.97,1.24,1.53*01
23:28:35.682 << $GPGSV,4,1,15,14,80,026,34,17,70,271,26,22,66,321,33,30,46,192,26*78
23:28:35.683 << $GPGSV,4,2,15,01,44,066,39,19,35,248,25,02,26,046,16,07,16,165,21*75
23:28:35.683 << $GPGSV,4,3,15,20,10,267,22,06,08,196,,03,07,111,,24,06,323,*7D
23:28:35.684 << $GPGSV,4,4,15,15,02,295,,08,01,066,,37,,,*78
23:28:35.685 << $GPRMC,042835.000,A,4153.0169,N,08748.2078,W,0.65,175.32,230107,,,A*71
23:28:36.671 << $GPGGA,042836.000,4153.0177,N,08748.2069,W,1,8,1.24,216.0,M,-34.0,M,,*69
23:28:36.674 << $GPGSA,A,3,14,30,07,01,17,20,19,22,,,,,1.97,1.24,1.53*01
23:28:36.676 << $GPGSV,4,1,15,14,80,026,34,17,70,271,26,22,66,321,33,30,46,192,25*7B
23:28:36.677 << $GPGSV,4,2,15,01,44,066,39,19,35,248,24,02,26,046,16,07,16,165,21*74
23:28:36.678 << $GPGSV,4,3,15,20,10,267,22,06,08,196,,03,07,111,,24,06,323,*7D
23:28:37.112 << $GPGSV,4,4,15,15,02,295,,08,01,066,,37,,,*78
23:28:37.114 << $GPRMC,042836.000,A,4153.0177,N,08748.2069,W,0.69,177.00,230107,,,A*72
23:28:37.604 << $GPGGA,042837.000,4153.0181,N,08748.2064,W,1,8,1.12,216.4,M,-34.0,M,,*6D
23:28:37.607 << $GPGSA,A,3,14,07,01,17,20,02,19,22,,,,,1.72,1.12,1.31*0A
23:28:37.609 << $GPGSV,4,1,15,14,80,026,34,17,70,271,26,22,66,321,33,30,46,192,23*7D
23:28:37.610 << $GPGSV,4,2,15,01,44,066,39,19,35,248,24,02,26,046,17,07,16,165,22*76
23:28:37.610 << $GPGSV,4,3,15,20,10,267,22,06,08,196,,03,07,111,,24,06,323,*7D
23:28:37.611 << $GPGSV,4,4,15,15,02,295,,08,01,066,,39,,,*76
23:28:37.612 << $GPRMC,042837.000,A,4153.0181,N,08748.2064,W,0.73,171.95,230107,,,A*76
23:28:38.594 << $GPGGA,042838.000,4153.0182,N,08748.2067,W,1,9,1.01,217.0,M,-34.0,M,,*64
23:28:38.597 << $GPGSA,A,3,14,30,07,01,17,20,02,19,22,,,,1.61,1.01,1.25*0C
23:28:38.599 << $GPGSV,4,1,15,14,80,026,34,17,70,271,27,22,66,321,34,30,46,192,25*7D
23:28:38.601 << $GPGSV,4,2,15,01,44,066,39,19,35,248,25,02,26,046,18,07,16,165,22*78
23:28:38.602 << $GPGSV,4,3,15,20,10,267,22,06,08,196,,03,07,111,,24,06,323,*7D
23:28:38.602 << $GPGSV,4,4,15,15,02,295,,08,01,066,,39,,,*76
23:28:38.604 << $GPRMC,042838.000,A,4153.0182,N,08748.2067,W,0.75,168.97,230107,,,A*75
23:28:39.582 << $GPGGA,042839.000,4153.0186,N,08748.2073,W,1,9,1.01,217.4,M,-34.0,M,,*60
23:28:39.588 << $GPGSA,A,3,14,30,07,01,17,20,02,19,22,,,,1.61,1.01,1.25*0C
23:28:39.589 << $GPGSV,4,1,15,14,80,026,34,17,70,271,27,22,66,321,34,30,46,192,25*7D
23:28:39.591 << $GPGSV,4,2,15,01,44,066,39,19,35,248,25,02,26,046,19,07,16,165,22*79
23:28:40.038 << $GPGSV,4,3,15,20,10,267,22,06,08,196,,03,07,111,,24,06,323,*7D
23:28:40.040 << $GPGSV,4,4,15,15,02,295,,08,01,066,,39,,,*76
23:28:40.043 << $GPRMC,042839.000,A,4153.0186,N,08748.2073,W,0.72,168.38,230107,,,A*77
23:28:40.532 << $GPGGA,042840.000,4153.0183,N,08748.2071,W,1,9,1.01,217.6,M,-34.0,M,,*6B
23:28:40.535 << $GPGSA,A,3,14,30,07,01,17,20,02,19,22,,,,1.61,1.01,1.25*0C
23:28:40.537 << $GPGSV,4,1,15,14,80,026,34,17,70,271,27,22,66,321,33,30,46,192,25*7A
23:28:40.538 << $GPGSV,4,2,15,01,44,066,39,19,35,248,25,02,26,046,19,07,16,165,22*79
23:28:40.539 << $GPGSV,4,3,15,20,10,267,22,06,08,196,,03,07,111,,24,06,323,*7D
23:28:40.540 << $GPGSV,4,4,15,15,02,295,,08,01,066,,39,,,*76
23:28:40.541 << $GPRMC,042840.000,A,4153.0183,N,08748.2071,W,0.74,166.83,230107,,,A*76
23:28:41.521 << $GPGGA,042841.000,4153.0181,N,08748.2070,W,1,9,1.01,217.9,M,-34.0,M,,*66
23:28:41.525 << $GPGSA,A,3,14,30,07,01,17,20,02,19,22,,,,1.61,1.01,1.25*0C
23:28:41.526 << $GPGSV,4,1,15,14,80,026,34,17,70,271,27,22,66,321,33,30,46,192,24*7B
23:28:41.527 << $GPGSV,4,2,15,01,44,066,38,19,35,248,24,02,26,046,19,07,16,165,23*78
23:28:41.528 << $GPGSV,4,3,15,20,10,267,22,06,08,196,,03,07,111,,24,06,323,*7D
23:28:41.529 << $GPGSV,4,4,15,15,02,295,,08,01,066,,39,,,*76
23:28:41.984 << $GPRMC,042841.000,A,4153.0181,N,08748.2070,W,0.72,166.50,230107,,,A*7C
23:28:42.483 << $GPGGA,042842.000,4153.0178,N,08748.2072,W,1,9,1.01,218.5,M,-34.0,M,,*62
23:28:42.487 << $GPGSA,A,3,14,30,07,01,17,20,02,19,22,,,,1.61,1.01,1.25*0C
23:28:42.488 << $GPGSV,4,1,15,14,80,026,34,17,70,271,27,22,66,321,33,30,46,192,23*7C
23:28:42.488 << $GPGSV,4,2,15,01,44,066,37,19,35,248,23,02,26,046,18,07,16,165,23*71
23:28:42.967 << $GPGSV,4,3,15,20,10,267,22,06,08,196,,03,07,111,,24,06,323,*7D
23:28:42.968 << $GPGSV,4,4,15,15,02,295,,08,01,066,,39,,,*76
23:28:42.970 << $GPRMC,042842.000,A,4153.0178,N,08748.2072,W,0.69,166.89,230107,,,A*75
23:28:43.448 << $GPGGA,042843.000,4153.0177,N,08748.2072,W,1,8,1.24,218.5,M,-34.0,M,,*6A
23:28:43.449 << $GPGSA,A,3,14,30,07,01,17,20,19,22,,,,,1.96,1.24,1.53*00
23:28:43.450 << $GPGSV,4,1,15,14,80,026,34,17,70,271,27,22,66,321,33,30,46,192,22*7D
23:28:43.450 << $GPGSV,4,2,15,01,44,066,38,19,35,248,22,02,26,046,17,07,16,165,23*70
23:28:43.504 << $GPGSV,4,3,15,20,10,267,22,06,08,196,,03,07,111,,24,06,323,*7D
23:28:43.504 << $GPGSV,4,4,15,15,02,295,,08,01,066,,50,,,*79
23:28:43.506 << $GPRMC,042843.000,A,4153.0177,N,08748.2072,W,0.68,168.86,230107,,,A*7B
23:28:44.477 << $GPGGA,042844.000,4153.0179,N,08748.2073,W,1,8,1.12,218.9,M,-34.0,M,,*6B
23:28:44.480 << $GPGSA,A,3,14,07,01,17,20,02,19,22,,,,,1.72,1.12,1.31*0A
23:28:44.485 << $GPGSV,4,1,15,14,80,026,34,17,70,271,27,22,66,321,33,30,46,192,21*7E
23:28:44.485 << $GPGSV,4,2,15,01,44,066,38,19,35,248,20,02,26,046,17,07,16,165,23*72
23:28:44.488 << $GPGSV,4,3,15,20,10,267,22,06,08,196,,03,07,111,,24,06,323,*7D
23:28:44.489 << $GPGSV,4,4,15,15,02,295,,08,01,066,,50,,,*79
23:28:44.490 << $GPRMC,042844.000,A,4153.0179,N,08748.2073,W,0.66,168.93,230107,,,A*79
23:28:45.891 << $GPGGA,042845.000,4153.0179,N,08748.2075,W,1,8,1.03,219.8,M,-34.0,M,,*6C
23:28:45.894 << $GPGSA,A,3,14,30,07,01,17,20,02,22,,,,,1.30,1.03,0.78*0B
23:28:45.896 << $GPGSV,4,1,15,14,80,026,35,17,70,271,27,22,66,321,33,30,46,192,21*7F
23:28:45.897 << $GPGSV,4,2,15,01,44,066,38,19,35,248,19,02,26,046,17,07,16,165,23*78
23:28:45.897 << $GPGSV,4,3,15,20,10,267,22,06,08,196,,03,07,111,,24,06,323,*7D
23:28:45.898 << $GPGSV,4,4,15,15,02,295,,08,01,066,,50,,,*79
23:28:45.900 << $GPRMC,042845.000,A,4153.0179,N,08748.2075,W,0.64,170.37,230107,,,A*7B
23:28:46.375 << $GPGGA,042846.000,4153.0179,N,08748.2076,W,1,9,1.01,220.0,M,-34.0,M,,*6D
23:28:46.379 << $GPGSA,A,3,14,30,07,01,17,20,02,19,22,,,,1.61,1.01,1.25*0C
23:28:46.381 << $GPGSV,4,1,15,14,80,026,35,17,70,271,27,22,66,321,32,30,46,192,22*7D
23:28:46.382 << $GPGSV,4,2,15,01,44,066,38,19,35,248,26,02,26,046,17,07,16,165,22*75
23:28:46.382 << $GPGSV,4,3,15,20,10,267,22,06,08,196,,03,07,111,,24,06,323,*7D
23:28:46.383 << $GPGSV,4,4,15,15,02,295,,08,01,066,,50,,,*79
23:28:46.859 << $GPRMC,042846.000,A,4153.0179,N,08748.2076,W,0.62,170.98,230107,,,A*78
23:28:47.848 << $GPGGA,042847.000,4153.0179,N,08748.2077,W,1,8,1.24,220.4,M,-34.0,M,,*6F
23:28:47.851 << $GPGSA,A,3,14,30,07,01,17,20,19,22,,,,,1.96,1.24,1.52*01
23:28:47.853 << $GPGSV,4,1,15,14,80,026,35,17,70,271,27,22,66,321,31,30,46,192,22*7E
23:28:47.854 << $GPGSV,4,2,15,01,44,066,38,19,35,248,26,02,26,046,17,07,16,165,21*76
23:28:47.855 << $GPGSV,4,3,15,20,10,267,21,06,08,196,,03,07,111,,24,06,323,*7E
23:28:47.856 << $GPGSV,4,4,15,15,02,295,,08,01,066,,50,,,*79
23:28:47.857 << $GPRMC,042847.000,A,4153.0179,N,08748.2077,W,0.59,173.04,230107,,,A*76
23:28:48.834 << $GPGGA,042848.000,4153.0177,N,08748.2085,W,1,8,1.24,221.3,M,-34.0,M,,*65
23:28:48.838 << $GPGSA,A,3,14,30,07,01,17,20,19,22,,,,,1.96,1.24,1.52*01
23:28:48.840 << $GPGSV,4,1,15,14,80,026,35,17,70,271,26,22,66,321,31,30,46,192,23*7E
23:28:48.841 << $GPGSV,4,2,15,01,44,066,38,19,35,248,26,02,26,046,17,07,15,165,21*75
23:28:48.841 << $GPGSV,4,3,15,20,10,267,21,06,08,196,,03,07,111,,24,06,323,*7E
23:28:49.298 << $GPGSV,4,4,15,15,02,295,,08,01,066,,50,,,*79
23:28:49.301 << $GPRMC,042848.000,A,4153.0177,N,08748.2085,W,0.56,176.11,230107,,,A*74
23:28:49.790 << $GPGGA,042849.000,4153.0177,N,08748.2089,W,1,9,1.01,221.4,M,-34.0,M,,*69
23:28:49.793 << $GPGSA,A,3,14,30,07,01,17,20,02,19,22,,,,1.61,1.01,1.25*0C
23:28:49.795 << $GPGSV,4,1,15,14,80,026,35,17,70,271,25,22,66,321,31,30,46,192,24*7A
23:28:49.796 << $GPGSV,4,2,15,01,44,066,38,19,35,248,26,02,26,046,17,07,15,165,21*75
23:28:49.797 << $GPGSV,4,3,15,20,10,267,21,06,08,196,,03,07,111,,24,06,323,*7E
23:28:49.798 << $GPGSV,4,4,15,15,02,295,,08,01,066,,42,,,*7A
23:28:49.799 << $GPRMC,042849.000,A,4153.0177,N,08748.2089,W,0.52,178.86,230107,,,A*7D
23:28:50.784 << $GPGGA,042850.000,4153.0176,N,08748.2089,W,1,8,1.24,221.5,M,-34.0,M,,*67
23:28:50.787 << $GPGSA,A,3,14,30,07,01,17,20,19,22,,,,,1.96,1.24,1.52*01
23:28:50.788 << $GPGSV,4,1,15,14,80,026,35,17,70,271,24,22,66,321,31,30,46,192,25*7A
23:28:50.789 << $GPGSV,4,2,15,01,44,066,38,19,35,248,26,02,26,046,16,07,15,165,21*74
23:28:50.790 << $GPGSV,4,3,15,20,10,267,21,06,08,196,,03,07,111,,24,06,323,*7E
23:28:50.791 << $GPGSV,4,4,15,15,02,295,,08,01,066,,42,,,*7A
23:28:50.793 << $GPRMC,042850.000,A,4153.0176,N,08748.2089,W,0.56,171.96,230107,,,A*78
23:28:51.768 << $GPGGA,042851.000,4153.0175,N,08748.2088,W,1,8,1.24,221.6,M,-34.0,M,,*67
23:28:51.771 << $GPGSA,A,3,14,30,07,01,17,20,19,22,,,,,1.96,1.24,1.52*01
23:28:51.773 << $GPGSV,4,1,15,14,80,026,35,17,70,271,24,22,66,321,31,30,46,192,26*79
23:28:51.774 << $GPGSV,4,2,15,01,44,066,38,19,35,248,26,02,26,046,16,07,15,165,21*74
23:28:51.775 << $GPGSV,4,3,15,20,10,267,20,06,08,196,,03,07,111,,24,06,323,*7F
23:28:51.776 << $GPGSV,4,4,15,15,02,295,,08,01,066,,42,,,*7A
23:28:51.777 << $GPRMC,042851.000,A,4153.0175,N,08748.2088,W,0.59,167.84,230107,,,A*70
23:28:52.758 << $GPGGA,042852.000,4153.0173,N,08748.2088,W,1,8,1.24,221.9,M,-34.0,M,,*6D
23:28:52.761 << $GPGSA,A,3,14,30,07,01,17,20,19,22,,,,,1.96,1.24,1.52*01
23:28:52.764 << $GPGSV,4,1,15,14,80,026,35,17,70,271,24,22,66,321,31,30,46,192,26*79
23:28:52.765 << $GPGSV,4,2,15,01,44,066,38,19,35,248,26,02,26,046,15,07,15,165,21*77
23:28:52.765 << $GPGSV,4,3,15,20,10,267,20,06,08,196,,03,07,111,,24,06,323,*7F
23:28:52.766 << $GPGSV,4,4,15,15,02,295,,08,01,066,,42,,,*7A
23:28:52.767 << $GPRMC,042852.000,A,4153.0173,N,08748.2088,W,0.56,164.89,230107,,,A*74
23:28:53.693 << $GPGGA,042853.000,4153.0172,N,08748.2089,W,1,8,1.24,222.1,M,-34.0,M,,*67
23:28:53.696 << $GPGSA,A,3,14,30,07,01,17,20,19,22,,,,,1.96,1.24,1.52*01
23:28:53.697 << $GPGSV,4,1,15,14,80,026,35,17,70,271,24,22,66,321,31,30,46,192,26*79
23:28:53.698 << $GPGSV,4,2,15,01,44,066,38,19,35,248,26,02,26,046,15,07,15,165,21*77
23:28:53.699 << $GPGSV,4,3,15,20,10,267,20,06,08,196,,03,07,111,,24,06,323,*7F
23:28:54.178 << $GPGSV,4,4,15,15,02,295,,08,01,066,,42,,,*7A
23:28:54.180 << $GPRMC,042853.000,A,4153.0172,N,08748.2089,W,0.52,161.52,230107,,,A*72
23:28:54.660 << $GPGGA,042854.000,4153.0173,N,08748.2088,W,1,8,1.24,222.0,M,-34.0,M,,*61
23:28:54.664 << $GPGSA,A,3,14,30,07,01,17,20,19,22,,,,,1.96,1.24,1.52*01
23:28:54.666 << $GPGSV,4,1,15,14,80,026,35,17,70,271,24,22,66,321,31,30,46,192,26*79
23:28:54.667 << $GPGSV,4,2,15,01,44,066,38,19,35,248,26,02,26,046,15,07,15,165,21*77
23:28:54.720 << $GPGSV,4,3,15,20,10,267,21,06,08,196,,03,07,111,,24,06,323,*7E
23:28:54.721 << $GPGSV,4,4,15,15,02,295,,08,01,066,,42,,,*7A
23:28:54.723 << $GPRMC,042854.000,A,4153.0173,N,08748.2088,W,0.48,158.98,230107,,,A*72
